Epoch,Train_Loss,Val_Loss,Time,recon,ssim,edge,wav,base,illum,col,oe,total
2132,0.01688456396261851,0.09182200133800507,95.55239129066467,0.009371245391666888,0.019500050279829238,0.0039000369406615694,0.013807329920430978,0.009983103983104228,0.00827366322485937,0.031478633044494525,6.36194033754636e-05,0.01688456396261851
2133,0.016809655084378188,0.0913623920083046,95.1434645652771,0.009335186127573251,0.01932887660132514,0.003892734913776318,0.013782396498653624,0.00996705090213153,0.008243636462009615,0.031218923976023993,6.293960895144816e-05,0.016809655084378188
2134,0.01671784588860141,0.09206708028912544,95.25186085700989,0.009249979572163688,0.019424772527482776,0.0038928809053161077,0.013707023879720105,0.00986732761686047,0.008241009573555655,0.031478277415864994,6.325219203738186e-05,0.01671784588860141
2135,0.016770968317157693,0.09181734278798104,95.28852581977844,0.009313107021152973,0.019292630619472926,0.0038882951283206544,0.013741734565960036,0.009924044933997922,0.008269823541243872,0.031159296445548535,6.323726394821705e-05,0.016770968317157693
2136,0.016650425737930668,0.09194299668073654,95.20676469802856,0.009209940325882699,0.019289332760704887,0.0038840507389977575,0.013658089877830612,0.009849627709223164,0.008249790561902854,0.03148471605446604,6.325132793762913e-05,0.016650425737930668
2137,0.0165549092201723,0.09245687529444695,95.20909118652344,0.009159105813337697,0.01921145545111762,0.003882373618996806,0.013593068872061041,0.00977290001180437,0.00825369308806128,0.030850526541471482,6.348856684025369e-05,0.0165549092201723
2138,0.0166134296109279,0.09148720815777779,95.19134545326233,0.009195476217816273,0.01924324803882175,0.003880708622228768,0.013643696086688174,0.009818932850741677,0.008256043756587637,0.03105214984466632,6.220538440143426e-05,0.0166134296109279
2139,0.016649201243287986,0.09243562906980514,95.21718621253967,0.009214139048837952,0.019316316975487604,0.0038889278228291207,0.01365709190774295,0.009832944768584437,0.008227687096223235,0.031258523219989405,6.265568997108062e-05,0.016649201243287986
2140,0.016624770793649886,0.0912848874926567,95.23750925064087,0.009201491243309445,0.019293113549550375,0.0038821493156461252,0.013639823504620128,0.009830201897356245,0.008227047576672501,0.03095919904609521,6.309092384633569e-05,0.016624770793649886
2141,0.016645964288877116,0.09172788947820663,95.16251158714294,0.00922390379011631,0.019310191737280952,0.0038832400175225403,0.01365902633095781,0.009844185567150514,0.008241092464369205,0.030494952793750498,6.240740169073117e-05,0.016645964288877116
2142,0.016716579848693475,0.09200892359018326,95.19679617881775,0.009277556809700197,0.019272799491882323,0.0038839870334292453,0.013706759508285258,0.009894242787526713,0.008254283590035306,0.03087736415366332,6.243924697188892e-05,0.016716579848693475
2143,0.01685415661997265,0.09273985207080841,95.16219520568848,0.009362164702680377,0.019420112503899467,0.0038940834554119243,0.013783215064969328,0.009980854735606247,0.008260932012150685,0.031196788578397697,6.322315341257538e-05,0.01685415661997265
2144,0.017009456927577656,0.09140260607004165,95.26452136039734,0.009457441276560227,0.01959292385313246,0.003902426662130488,0.013893153222484722,0.010055915564298629,0.008260121759441163,0.0316940851840708,6.290009038259035e-05,0.017009456927577656
2145,0.016729236071308454,0.09179493054747581,95.1015899181366,0.009271043135474126,0.019372986952463787,0.003888917235761053,0.01372167886959182,0.009889156603150897,0.0082394962447385,0.031122328254083793,6.269867285300298e-05,0.016729236071308454
2146,0.01666815514779753,0.09228357672691345,95.29496431350708,0.00922170492510001,0.01937383598751492,0.0038863868871703744,0.013681311319685644,0.00983762713563111,0.008257023317532407,0.03114158026046223,6.315585703879022e-05,0.01666815514779753
2147,0.01663746373107036,0.09215444967150688,95.37606930732727,0.009221222928414742,0.019243603547414143,0.0038827843389784298,0.013650108695858055,0.0098412671395474,0.008260448666082488,0.03069175691654285,6.27697703988872e-05,0.01663746373107036
2148,0.016492894089056385,0.09386261865496635,95.17701172828674,0.009117970895022153,0.01914126131269667,0.003879475783970621,0.013559054289427068,0.009742288668122557,0.00823629971800579,0.03085216290007035,6.307956825183838e-05,0.016492894089056385
2149,0.01660865995205111,0.09156594008207321,95.31355381011963,0.009200401643498076,0.01927784177992079,0.0038770030511336194,0.01364162029698491,0.009819944320867458,0.008204902834776375,0.030519848784638776,6.241472291122818e-05,0.01660865995205111
2150,0.016597725628978675,0.09114758461713791,95.24961352348328,0.009185561208675305,0.01921034018198649,0.0038748762658279805,0.013632042352110147,0.009819758459925651,0.008247505662341913,0.031096101742651726,6.31941206783103e-05,0.016597725628978675
2151,0.016619478145407304,0.09245471224188805,95.16576480865479,0.009201650921669271,0.01916508674621582,0.003877041293308139,0.013655839090545973,0.00983790470701125,0.008224818343296646,0.03152740830762519,6.304476730256346e-05,0.016619478145407304
2152,0.016930934997896354,0.0921072980761528,95.22399044036865,0.00942695619745387,0.0193726470735338,0.003889251724920339,0.013860386442393064,0.010021104791926014,0.008272033337917593,0.031408756292528574,6.294400929810706e-05,0.016930934997896354
2153,0.016706581943564947,0.09165603831410409,95.25083374977112,0.009266727101057769,0.019344956080118814,0.0038840271977500784,0.013699624244537618,0.009875586248106426,0.008203298826184537,0.03079652681118912,6.283468716867209e-05,0.016706581943564947
2154,0.016714272714323467,0.09357689827680588,95.1397500038147,0.009251407436612579,0.019386470582750108,0.003889516684640613,0.013710129182371827,0.009870439854760965,0.008242443607499202,0.03147466943495803,6.315403099588618e-05,0.016714272714323467
2155,0.01667673371732235,0.09257805779576302,95.16908931732178,0.009214783875892559,0.01936610804663764,0.0038844087802701525,0.013678015304936304,0.00984563585370779,0.008223801580154233,0.032045264701462454,6.352967187826211e-05,0.01667673371732235
2156,0.01652693921079238,0.09264912113547324,95.28861212730408,0.009140139288372463,0.01923361725277371,0.0038779141133030255,0.01357704516293274,0.009757133070379495,0.00822546112868521,0.030580104676385722,6.32444983291099e-05,0.01652693921079238
2157,0.016603279805017843,0.09207955285906792,95.2328553199768,0.009192696520023877,0.01920627196629842,0.0038784898915845485,0.01364266601908538,0.009824233154455821,0.008239776415543423,0.030982040005425614,6.351326793549105e-05,0.016603279805017843
2158,0.016596908180250062,0.09241697743535042,95.20942044258118,0.009203104329191976,0.019155243502722845,0.003880034060631361,0.013639589241809314,0.009829212168438567,0.008233715455151266,0.03050885670300987,6.31536599119779e-05,0.016596908180250062
2159,0.016652376531726784,0.0931376002728939,95.21716547012329,0.00922602362309893,0.019242180188496907,0.0038813763199788,0.013670437861647872,0.009843775841097037,0.008218297380954026,0.03127362609323528,6.30595492890181e-05,0.016652376531726784
2160,0.0166776724325286,0.09267179295420647,95.31989908218384,0.009232707265764474,0.01925719764497545,0.0038809115356869166,0.013667621900224023,0.00985056929083334,0.008220112073338694,0.032028687670826915,6.334010257055588e-05,0.0166776724325286
2161,0.016582093872129916,0.09266085535287857,95.26849889755249,0.009169349144730303,0.019253075652652316,0.003875449790308873,0.01362629413811697,0.00978230209607217,0.008233633240063985,0.03125646480255657,6.269866649939341e-05,0.016582093872129916
2162,0.01667633422960838,0.09080267772078514,95.21766328811646,0.00924496050303181,0.01927768283420139,0.0038820412993017172,0.013671810751159986,0.009868696493407091,0.008175183050334454,0.03117420219712787,6.362924397737125e-05,0.01667633422960838
2163,0.016718257690469425,0.09276767894625663,95.28905487060547,0.00925288582427634,0.019375406636132134,0.0038849978821559085,0.013696441325462527,0.009858641837620074,0.008233824375395974,0.03190172721942266,6.26804227461264e-05,0.016718257690469425
2164,0.016723806692494285,0.09268145486712456,95.17185521125793,0.009266658158351978,0.0193675250477261,0.0038826276641339063,0.013714985843333933,0.009884551268898778,0.00821923534075419,0.031280280984938146,6.347225816379402e-05,0.016723806692494285
2165,0.016463699353237948,0.09225208714604377,95.24830079078674,0.009095960379474693,0.019159420861138237,0.003872604346834123,0.01352164228964183,0.009725248921248647,0.008190316162589523,0.03087815273139212,6.259525458584017e-05,0.016463699353237948
2166,0.016563353261186017,0.09121037125587464,95.20383667945862,0.009171470062186321,0.019202120304107666,0.003874766678135428,0.013605112847354677,0.009800420788427194,0.008195873237111502,0.03065162146670951,6.313334965890741e-05,0.016563353261186017
2167,0.016689477612574895,0.09324872761964798,95.1369879245758,0.009252696885830827,0.01928162177403768,0.0038795060167709987,0.013686406544099252,0.009856576470451222,0.008219648324367073,0.03130698196589947,6.228390198439608e-05,0.016689477612574895
2168,0.01664876952767372,0.0922302520275116,95.319739818573,0.009215752273384068,0.019208260112338595,0.0038750694340301886,0.013656823583361176,0.009832809631609254,0.008237823697013988,0.03196296292460627,6.318007870515175e-05,0.01664876952767372
2169,0.016669686598082382,0.0918719682097435,95.17136406898499,0.009228520500991079,0.019335597356160483,0.0038866278591255347,0.013688304987218645,0.009826643224805594,0.008203339336646928,0.03146075947624114,6.196379528949099e-05,0.016669686598082382
2170,0.01663873162948423,0.09204997703433036,95.27288579940796,0.009219382835759057,0.01924149407280816,0.0038796515493757194,0.01363954062677092,0.009836596293995777,0.008219037427463466,0.031125241331756114,6.317395289395467e-05,0.01663873162948423
2171,0.01653200703776545,0.09327461943030357,95.24846887588501,0.009152329429570172,0.019144293467203775,0.0038753538175175586,0.013598997058967749,0.009770813015186125,0.008216006985555092,0.030713783252156443,6.272838331442839e-05,0.01653200703776545
2172,0.01672897544172075,0.09205891504883766,95.231605052948,0.009275687694963482,0.01927473783493042,0.0038820652632663645,0.013727434360318714,0.009885275442567136,0.008246652879234817,0.03161815725680855,6.285658830892752e-05,0.01672897544172075
2173,0.01673436135467556,0.09226799860596657,95.29843378067017,0.009276302078117927,0.019317729473114012,0.0038768254567144644,0.013715651205016508,0.009871121471126874,0.00822115263177289,0.031837835179434885,6.331629823355358e-05,0.01673436135467556
2174,0.016623378019366,0.09129557073116303,95.33389019966125,0.009207115452736616,0.0192052337858412,0.003875783133423991,0.013647282566461298,0.009824851823763714,0.00822436311489178,0.031317702204816875,6.321778730327626e-05,0.016623378019366
2175,0.016644204200969803,0.09267111718654633,95.27562141418457,0.009241498452093867,0.01914134343465169,0.003875977169825799,0.013665825045771069,0.009857626184821128,0.00819996091744138,0.03081439880033334,6.292372222302549e-05,0.016644204200969803
2176,0.016520816758275034,0.09362748697400093,95.27691531181335,0.009141871235850784,0.01911941104465061,0.003871612364633216,0.013579310994181368,0.009768200200051069,0.008231445639911626,0.03091632741606898,6.260478650056534e-05,0.016520816758275034
2177,0.01645887674142917,0.09085610002279282,95.19972634315491,0.009102364410128858,0.019138949712117513,0.0038722992015795574,0.013532589392529593,0.009720869043634997,0.008225909533600013,0.03032841507345438,6.327980794986211e-05,0.01645887674142917
2178,0.01649748921394348,0.09157297000288964,95.23549747467041,0.009118490237742662,0.019167938232421876,0.0038682103115651343,0.013562750497625934,0.00975733151452409,0.008211049727267689,0.0308199120975203,6.291093635735163e-05,0.01649748921394348
2179,0.016623861889044442,0.09230139762163163,95.25150108337402,0.00921128657542997,0.019238958888583714,0.003878487498602933,0.013644692984720071,0.009820261684556802,0.008176261650191414,0.031122731742345623,6.237265694342871e-05,0.016623861889044442
2180,0.016632755738165642,0.09175501555204392,95.11534023284912,0.00921245077624917,0.01919935120476617,0.0038749110543479523,0.013652510452601645,0.009825158920139075,0.008160859629925755,0.03179620582196448,6.312142224003262e-05,0.016632755738165642
2181,0.01644891636239158,0.09296239107847214,95.14373707771301,0.00909067434983121,0.019149781597985163,0.003871964565478265,0.01350750847409169,0.00972774762660265,0.008177788282434146,0.030558410754634273,6.349561785972371e-05,0.01644891636239158
2182,0.01646926979223887,0.0916108712553978,95.21568369865417,0.00910763963436087,0.01913923846350776,0.003866805669127239,0.013538843322959212,0.009719836213108566,0.008181428135269219,0.030759336720738144,6.284499355883415e-05,0.01646926979223887
2183,0.016668984091116324,0.091200343221426,95.25053238868713,0.009253382947709825,0.019200349383884006,0.003873596599118577,0.013679901415275203,0.009860648326575756,0.008202036877887117,0.030927828811109066,6.275413270422704e-05,0.016668984091116324
2184,0.016828782111406326,0.0930504347383976,95.26836800575256,0.009346377793699503,0.019387454191843668,0.0038880129396501517,0.013788677934143278,0.009963850474192036,0.008184780571609736,0.03143061253759596,6.264656390881226e-05,0.016828782111406326
2185,0.016808234117925168,0.09206753432750701,95.30627536773682,0.0093394543375406,0.01939289278454251,0.003883603224530816,0.013781936537060472,0.009937133482760853,0.008226169269118044,0.0308480648489462,6.291645158049795e-05,0.016808234117925168
2186,0.01668714438875516,0.09319769620895385,95.25444412231445,0.009257674117883046,0.01923732386695014,0.0038811960376592147,0.013682420793920756,0.009868137759880886,0.00820731484848592,0.031218580628434817,6.338663221236452e-05,0.01668714438875516
2187,0.016584348392983277,0.09352309331297874,95.25340938568115,0.009185505453497172,0.019183011849721272,0.0038737556007173326,0.01361527698735396,0.00979005449761947,0.008198566693398688,0.031197909145719474,6.266784900911186e-05,0.016584348392983277
2188,0.016519659405781165,0.09211953565478324,95.20251727104187,0.009150746692385938,0.01907140678829617,0.0038692101965554886,0.013578491989109251,0.00976792517842518,0.008187180249434378,0.03096362172729439,6.299230174442351e-05,0.016519659405781165
2189,0.016458273207147916,0.09310331836342811,95.28383159637451,0.009092152708520491,0.01917913277943929,0.003870952904431356,0.013538198746326897,0.0097113292126192,0.008203467035459147,0.030673743502961266,6.28942046626039e-05,0.016458273207147916
2190,0.016467000341249836,0.09231050163507462,95.24370455741882,0.00909308401453826,0.01920858489142524,0.0038678982998761866,0.013535207439627913,0.009708255059603188,0.008193743983283638,0.030931825654374228,6.300737191527992e-05,0.016467000341249836
2191,0.016439864333305094,0.09218532964587212,95.24550175666809,0.009083868819806312,0.019122571415371364,0.0038640866273393234,0.013505544832183256,0.009718795633978313,0.0081969336192641,0.030690641678455803,6.35144305925116e-05,0.016439864333305094
2192,0.01659928336325619,0.09251968711614608,95.26025795936584,0.009196434877812862,0.019179663393232557,0.003871218449850049,0.01361738835564918,0.00981032931142383,0.008229916224049198,0.03109282135549519,6.313109420785976e-05,0.01659928336325619
2193,0.01680170306728946,0.0917241756618023,95.29127025604248,0.009325858139329487,0.01942536513010661,0.003888407424092293,0.013769845573438539,0.009939141486667925,0.008167237842248546,0.031209631235235267,6.321596881188422e-05,0.01680170306728946
2194,0.017053789815141097,0.09205665722489358,95.36488127708435,0.009521816828184657,0.01944011476304796,0.003900045917576386,0.01396322518794073,0.010103876019517581,0.008224785519349907,0.03122547228510181,6.28028692129787e-05,0.017053789815141097
2195,0.016523538529872893,0.09134899750351906,95.33797121047974,0.009156955354329612,0.01910422960917155,0.0038681013111232054,0.013584077523814308,0.009791313221471178,0.008180728850679265,0.030373141852517924,6.336628104391037e-05,0.016523538529872893
2196,0.01643214566840066,0.09200104594230651,95.23992371559143,0.00908146743145254,0.01910731554031372,0.0038621326794640886,0.013518259287294415,0.009707691371440888,0.008183232742465204,0.030659230339030424,6.320453532983074e-05,0.01643214566840066
2197,0.016410881293316682,0.09274735435843467,95.24887299537659,0.00906524335551593,0.019117108980814614,0.0038677998782239028,0.013486094427191548,0.00968802254440056,0.008164480796290768,0.030719970394339827,6.315630714725432e-05,0.016410881293316682
2198,0.01653004556480381,0.09336171224713326,95.28210306167603,0.009147618781361316,0.019182125197516546,0.0038707313262340095,0.013575799647304748,0.009755655852042966,0.008161099548969004,0.031042764290339416,6.32958556023924e-05,0.01653004556480381
2199,0.016566966627207066,0.09228593453764916,95.18194818496704,0.00918471009367042,0.019101545015970865,0.003866486088372767,0.013626029745986064,0.009798576583464941,0.008215197666237751,0.030802694778475498,6.330748673721902e-05,0.016566966627207066
2200,0.016600698977708817,0.09200262948870659,95.2758686542511,0.009203146563635932,0.019134371545579697,0.0038666646177363062,0.013642515792614884,0.009811656510250436,0.008172809763087166,0.0312937866937783,6.303653594043674e-05,0.016600698977708817
2201,0.016558427098724578,0.09252750560641289,95.26272869110107,0.00916789621528652,0.019149322774675157,0.0038695716588861414,0.013606574322200483,0.009769617552972502,0.008178548807692197,0.031364508006307815,6.303228168439054e-05,0.016558427098724578
2202,0.01655403335061338,0.09259965732693672,95.34111618995667,0.00917021494358778,0.019114599492814806,0.00386954382320659,0.013600935640020503,0.009796063185979923,0.008151641719871098,0.031155195486628345,6.284711611366826e-05,0.01655403335061338
2203,0.016638531751102872,0.09170996785163879,95.26218724250793,0.009231026963227326,0.01918999407026503,0.0038750396167031593,0.013661668499310812,0.009847140366004573,0.008198901063038243,0.030817386325862672,6.323585345306526e-05,0.016638531751102872
2204,0.01635954952902264,0.09263434737920762,95.19650602340698,0.009027652194102604,0.019113554954528808,0.00386060519143939,0.013455991792596048,0.00963970740015308,0.00816954813276728,0.03066103283729818,6.285001335622079e-05,0.01635954952902264
2205,0.016440249402076005,0.09264871880412101,95.22463154792786,0.009070307306117482,0.019154334598117405,0.003864357200347715,0.013536168535550435,0.009689110792759392,0.008141912319180038,0.03154377008477847,6.299418027443455e-05,0.016440249402076005
2206,0.016343813964890107,0.09235394388437271,95.1865177154541,0.009018999859690666,0.019034672843085396,0.003857755484059453,0.013456420749425888,0.009651069233400955,0.008152418694355422,0.03085874393168423,6.294040700075874e-05,0.016343813964890107
2207,0.016326668597757818,0.09197350591421127,95.25053644180298,0.009020150252100494,0.01898253467347887,0.0038599379246847497,0.01344800732202,0.00964170279395249,0.008169910406900776,0.030386652242806223,6.340774171293776e-05,0.016326668597757818
2208,0.016607908921109305,0.09128998070955277,95.28281831741333,0.009214169391327433,0.019110107156965466,0.003866388053736753,0.01363491475996044,0.009825380510754055,0.008172143124457862,0.031181822675797673,6.269171079310353e-05,0.016607908921109305
2209,0.01661248746017615,0.09227510303258896,95.24556136131287,0.009216776421914498,0.019197533395555286,0.0038688054375557437,0.013641392060865959,0.009820572210268842,0.008171772489117251,0.030642079412937163,6.315338563915812e-05,0.01661248746017615
2210,0.016737214939461814,0.09178747892379761,95.07969188690186,0.009287233263668086,0.01928293890423245,0.0038720052611703674,0.013733523858504163,0.00989982276947962,0.008186120229462782,0.031488944794982675,6.255789279363297e-05,0.016737214939461814
2211,0.016546227803660763,0.09188462108373642,95.31153655052185,0.009152200422767136,0.01917843845155504,0.003867904923649298,0.013600909612658951,0.009774249562372763,0.008162950885792573,0.03136391857845916,6.292480085562602e-05,0.016546227803660763
2212,0.016734200033048787,0.09173389598727226,95.31060886383057,0.009285769750260645,0.019306284851498073,0.0038744803512882854,0.013732264507561922,0.009884522886325915,0.008151725872109333,0.031525202633606066,6.357526630697268e-05,0.016734200033048787
2213,0.01648773058835003,0.09166212156414985,95.32007598876953,0.00912209127512243,0.019067052205403646,0.0038631279083589714,0.013563351875378027,0.009739229755683077,0.008190970558466184,0.03118051026430395,6.231073392986749e-05,0.01648773058835003
2214,0.016498005129396916,0.09155923247337341,95.23478174209595,0.009139854754838679,0.019094507959153916,0.003859050986357033,0.013565271658202012,0.009759982015109725,0.008154923426401284,0.03053891658369038,6.312577420514584e-05,0.016498005129396916
2215,0.01666098151769903,0.09140833348035812,95.19899296760559,0.009231891131235494,0.01922835456000434,0.003876777805077533,0.013656389369732803,0.00983867769440015,0.008172693854818742,0.03181543503784471,6.273908856960652e-05,0.01666098151769903
2216,0.01640202479230033,0.09310262784361839,95.1786904335022,0.009073855872783396,0.01896899355782403,0.0038603440418632493,0.013501176583684153,0.009699121492190493,0.008155917005820407,0.030838875987877448,6.333676601645127e-05,0.01640202479230033
2217,0.016342763259179063,0.09216798439621926,95.2669370174408,0.009023328160660135,0.019073336654239232,0.0038647069388793574,0.01346485376978914,0.009627660767485698,0.008161561816102928,0.03044759386115604,6.0196214859773695e-05,0.016342763259179063
2218,0.01638986377666394,0.09226870983839035,95.305419921875,0.009065498943544097,0.018958483272128634,0.0038550000441157153,0.013503433759841654,0.009683023544235362,0.00816717147309747,0.030848093397087523,6.271889059216088e-05,0.01638986377666394
2219,0.016556808770530753,0.0922722925245762,95.23923850059509,0.00917536463174555,0.019185386233859594,0.003872251919367247,0.013603703224410613,0.009798568367130226,0.00811497019810809,0.030609331323454777,6.2947687894987e-05,0.016556808770530753
2220,0.01625767047620482,0.09193611860275269,95.24828577041626,0.00896335487978326,0.01898334158791436,0.0038549028399089973,0.013390859940813647,0.009596601463854312,0.00815476387532221,0.030523388729327253,6.311592463868168e-05,0.01625767047620482
2221,0.016492825494044357,0.09131387829780578,95.2697901725769,0.009129903533806404,0.01906648317972819,0.003860809142804808,0.013565017332633336,0.009739310720728504,0.008184647543562783,0.03107245296239853,6.245190803008584e-05,0.016492825494044357
2222,0.016538992395831478,0.09274108827114105,95.25986671447754,0.009152933739953571,0.019201660421159533,0.003873550881528192,0.013595621987349458,0.009756976316372554,0.00814642474676172,0.03103738268630372,6.252690308258479e-05,0.016538992395831478
2223,0.01643364105373621,0.09291860029101372,95.26717400550842,0.009080608704437812,0.019122373792860244,0.003861009908012218,0.013523543334255615,0.009698953351212873,0.008184993251537284,0.030725953202280734,6.32908207686632e-05,0.01643364105373621
2224,0.01643143395582835,0.09239891812205314,95.34036302566528,0.009089703754418426,0.019040891064537897,0.0038622836127049395,0.013505434232453505,0.009698065798729658,0.008149170256737205,0.030993528643416035,6.30299756547201e-05,0.01643143395582835
2225,0.01649815647966332,0.09193732216954231,95.12685084342957,0.009153577720539437,0.018979567421807182,0.0038591138397653896,0.013580591881440746,0.00976140914277898,0.008127674714972576,0.03075584635966354,6.279517984893346e-05,0.01649815647966332
2226,0.016465117670595646,0.09255555048584937,95.28162789344788,0.009121816514266861,0.018992406527201335,0.00385652267632799,0.013562620164205631,0.00974645499760906,0.008153755933874183,0.03071890362848838,6.349198581875252e-05,0.016465117670595646
2227,0.01669308519611756,0.09398353815078736,95.18224167823792,0.0092773734488421,0.01911148813035753,0.003865975764993992,0.013713916196591324,0.009889968263192309,0.008150997027340862,0.03139329914417532,6.369757660854224e-05,0.01669308519611756
2228,0.0163185206345386,0.09273979634046554,95.01956820487976,0.009010070483717653,0.019035427040523953,0.003852651338610384,0.013447498410112328,0.009651213967137867,0.008150312316914399,0.03009010532663928,6.337727786871029e-05,0.0163185206345386
2229,0.016433964541388884,0.09392296880483628,95.28905987739563,0.009096095539215539,0.01899315383699205,0.0038594273270832168,0.013527113693869776,0.009709131446563535,0.008195730046265655,0.030782034045292273,6.299474085895953e-05,0.016433964541388884
2230,0.016646927446126936,0.09201959699392319,95.21870970726013,0.009237650639067093,0.019141145812140572,0.003861955385137763,0.013659902637203535,0.00983073030701942,0.008150621242821217,0.03166944244669544,6.30302676735697e-05,0.016646927446126936
2231,0.0165089981796013,0.09332421362400055,95.24890398979187,0.009143378767702314,0.019101325141059028,0.0038607850070628857,0.013569795211984051,0.009746772582746215,0.008153798987882006,0.030975417151219316,6.309490379695464e-05,0.0165089981796013
2232,0.016518809460103513,0.0941507038474083,95.2881395816803,0.009169372709261046,0.01901463482115004,0.0038586966776185568,0.013605713931222757,0.009785372436874443,0.008156731757852767,0.030280131022963258,6.338012001634752e-05,0.016518809460103513
2233,0.016850857854717308,0.09297634765505791,95.30691146850586,0.009379327104737361,0.01918763346142239,0.00387325301559435,0.013807601701054308,0.009978083943327267,0.008146234405123525,0.03235867675807741,6.257963563990406e-05,0.016850857854717308
2234,0.016434340485268168,0.09222035765647889,95.30194783210754,0.009103192368315326,0.018973148663838705,0.0038580368500616817,0.01353068220325642,0.009720949836903149,0.008128777872771024,0.030735206661952865,6.231270624813438e-05,0.016434340485268168
2235,0.016418458012243113,0.09227861225605011,95.21666145324707,0.009086168667094574,0.019002057711283365,0.0038555618023706807,0.01351663428462214,0.009690473067263762,0.008146325195622113,0.030872004667503967,6.31039752741458e-05,0.016418458012243113
2236,0.01632745595028003,0.09433231905102729,95.22314310073853,0.009031112756994036,0.01889735089408027,0.0038506125337961646,0.01344955706761943,0.009651988924791416,0.00812959772017267,0.030592571414179273,6.283033227216746e-05,0.01632745595028003
2237,0.016364695185588467,0.09492135867476463,95.34555411338806,0.00904672880553537,0.018970688449011907,0.003851147477204601,0.013464800868597296,0.009663324457489781,0.008148816634590427,0.0308711605767409,6.281869988168153e-05,0.016364695185588467
2238,0.0163858332278,0.09394264221191406,95.28520131111145,0.009078339183082183,0.018879232671525744,0.0038510752241644594,0.01349786590370867,0.009706332718746529,0.008105827699311905,0.03064316338342097,6.29977588788064e-05,0.0163858332278
2239,0.016411468730204635,0.09279225051403045,95.25498342514038,0.009098360567457145,0.018947606086730958,0.003856169609352946,0.01353510577024685,0.009709051373518176,0.008131353122492632,0.03012021372715632,6.27416013473376e-05,0.016411468730204635
2240,0.016529219672083855,0.09224164471030236,95.33179330825806,0.009174607425100274,0.01901085297266642,0.0038585322448569867,0.013608008745229907,0.009774124725825256,0.008158090869999595,0.030665621902379724,6.322267818236588e-05,0.016529219672083855
2241,0.016520529443191156,0.0926921708881855,95.10773706436157,0.009161832690652873,0.01902982552846273,0.003862516539067858,0.013577740542176697,0.009781149983819988,0.008120354242208931,0.030919516016211776,6.291744293498091e-05,0.016520529443191156
2242,0.01637759799344672,0.09201758727431297,95.19241261482239,0.00905809144799908,0.018981925116644965,0.003855010121543374,0.01347945161163807,0.00967372649245792,0.008109360586644875,0.03084961763686604,6.245219328680681e-05,0.01637759799344672
2243,0.016330802693135207,0.09133251413702964,95.1932623386383,0.009011320995373858,0.019044118192460803,0.0038524640346359875,0.013454426682243744,0.009623100846591922,0.008130578925419185,0.030909398429923587,6.321735182803323e-05,0.016330802693135207
2244,0.016588819647828736,0.09146658927202225,95.34611773490906,0.009213554840534925,0.018987882402208115,0.003858967652130458,0.013645866945799855,0.00980953094859918,0.008130476580311855,0.03147451853172647,6.299510117023665e-05,0.016588819647828736
2245,0.016548760736154185,0.09307728722691536,95.2186529636383,0.009178748437099987,0.019110166231791178,0.003858329745837384,0.013606048822402954,0.00979388281909956,0.008107580884049337,0.030703401358591186,6.35976043530917e-05,0.016548760736154185
2246,0.016452504636512863,0.09211441785097123,95.29969143867493,0.009101865134305423,0.019006687800089517,0.0038536158731828133,0.013535488351351686,0.009711327190614408,0.008122528484091163,0.031570908551414804,6.304304231760069e-05,0.016452504636512863
2247,0.016185582967268096,0.09261397033929825,95.21989607810974,0.008932548012170527,0.01886324061287774,0.0038431910125331747,0.013345473079631727,0.00956303995102644,0.008111494754751524,0.030079472514076364,6.343063154755019e-05,0.016185582967268096
2248,0.01632996773554219,0.09235737219452858,95.29834198951721,0.009027741193357442,0.018960402806599934,0.0038497222468463913,0.013442817059242064,0.009657076978021198,0.008119146966685852,0.03043383082581891,6.30734967973407e-05,0.01632996773554219
2249,0.016545371073815558,0.09052731692790986,95.3479356765747,0.009182777899420924,0.019076806704203288,0.0038608770072460176,0.013610587360130415,0.009785745311528444,0.00810829176257054,0.030636948632697263,6.298490307584596e-05,0.016545371073815558
2250,0.01633484106924799,0.09096566304564475,95.13243436813354,0.009043323590109746,0.018888538943396673,0.003848829476369752,0.013471889206104808,0.009659722165928947,0.008114345497969125,0.0303160624164674,6.305231384617274e-05,0.01633484106924799
2251,0.016429749499592517,0.09273410245776176,95.06771111488342,0.009108352574209373,0.01891246212853326,0.0038532394688162537,0.013538270605107148,0.009716763920668099,0.008133656409465605,0.030706293936818837,6.327260070346736e-05,0.016429749499592517
2252,0.016461554674638643,0.0932928517460823,95.25527262687683,0.00911577099106378,0.019010118378533256,0.0038518273168139986,0.013542928136885166,0.009725221167835925,0.008169952146708966,0.030948574704428515,6.283643848057353e-05,0.016461554674638643
2253,0.01634915165603161,0.09194707095623017,95.06215190887451,0.009047403085148996,0.018924446635776096,0.0038486022766058645,0.013476823659406768,0.00968117287589444,0.008075781857801808,0.030478722465535006,6.340969049519332e-05,0.01634915165603161
2254,0.016382071549693743,0.09257057160139084,95.23974633216858,0.009059635162767437,0.01901372750600179,0.0038545523475234707,0.013484980271508296,0.009668885405278868,0.008123797080996963,0.030727303073638017,6.244592600299686e-05,0.016382071549693743
2255,0.016476898247169122,0.09217909455299378,95.34961771965027,0.009135269114954605,0.01901643541124132,0.0038583210079620282,0.013573312860810094,0.009741598883022866,0.008112183931387133,0.030622956144313016,6.291084559344363e-05,0.016476898247169122
2256,0.01650861750046412,0.09251810312271118,95.26179218292236,0.009155842614256674,0.019012852244906956,0.0038597011245373224,0.013590827762252755,0.009763560860107342,0.008130910779452986,0.030838915242089166,6.324528991978834e-05,0.01650861750046412
2257,0.016459617565075555,0.09112704128026962,95.2075731754303,0.009126190977791946,0.01900398545795017,0.0038527759599188962,0.013544849252535237,0.00974951913787259,0.008106051842785544,0.030379144091986946,6.311855106029421e-05,0.016459617565075555
2258,0.016489702268607086,0.09218097388744355,95.33786535263062,0.009139168177627855,0.019013671610090467,0.003854236136087113,0.013569853198197153,0.009762581880721781,0.008151046827228533,0.030747677512052988,6.295793694557473e-05,0.016489702268607086
2259,0.01645136512402031,0.09193115323781967,95.19257378578186,0.009111116379499436,0.018984967867533366,0.0038524212507117126,0.01352270241205891,0.009726077833523352,0.008120609492891364,0.03112831055911051,6.35640980511967e-05,0.01645136512402031
2260,0.016559760686424042,0.0916948601603508,95.32725739479065,0.00919387257968386,0.019027427832285563,0.003855108555095891,0.01361719690470232,0.009805353958573607,0.008141571800741884,0.030830601060556042,6.341358386733652e-05,0.016559760686424042
2261,0.01653481249180105,0.09252585649490357,95.39206027984619,0.00917366903482212,0.019031264781951905,0.0038582756846315333,0.01359258220013645,0.00978456176403496,0.008114021576734052,0.030973360534343453,6.320592279934089e-05,0.01653481249180105
2262,0.016482897442248134,0.09228401631116867,95.30746269226074,0.009132351771824889,0.019037560356987848,0.0038561604280645647,0.013540175873786212,0.009742203174779812,0.008125375576524272,0.030989338325129616,6.31987542093763e-05,0.016482897442248134
2263,0.016451802609695327,0.09367339491844177,95.13950634002686,0.009119379760490523,0.01895916779836019,0.003851505010906193,0.013557053220768769,0.009720018812351757,0.008158964889330997,0.030702691988812553,6.33156568226746e-05,0.016451802609695327
2264,0.016502045434382228,0.09218277379870415,95.17184901237488,0.009157246057358053,0.018938546710544162,0.0038525401081682905,0.013566212738967603,0.009765663699557383,0.008103608464201292,0.03120186017205318,6.346774239498625e-05,0.016502045434382228
2265,0.01639793020983537,0.09059719145298004,95.18109083175659,0.009081766615725226,0.01894624180263943,0.0038506847045694788,0.013504854337208801,0.009693247050874763,0.008137207405848636,0.030552439846926266,6.298671403764426e-05,0.01639793020983537
2266,0.01696835056361225,0.0923992595076561,95.26986002922058,0.009450694401231077,0.019333959685431588,0.0038724181645860274,0.013902648287928766,0.010038652933306164,0.008199428912873069,0.03237030442390177,6.383122246029574e-05,0.01696835056361225
2267,0.01679846244553725,0.09184729039669037,95.26527094841003,0.009340322797911034,0.019344588915507,0.0038800837482429215,0.013766080803341336,0.009934345256123278,0.008125611502263281,0.031181121584441928,6.202474603677881e-05,0.01679846244553725
2268,0.016693945965833134,0.09121782049536704,95.25915718078613,0.009284589841134018,0.01908116340637207,0.0038667982081986136,0.013709416689558161,0.009893293738779094,0.008115290003932185,0.03142955247312784,6.152879955417331e-05,0.016693945965833134
2269,0.016315361575947866,0.09235775277018547,95.3085081577301,0.009030735707945294,0.0188650197452969,0.0038480374056638943,0.013449415299627517,0.009649765383866098,0.008104033757829004,0.030380429824193318,6.334192373227015e-05,0.016315361575947866
2270,0.016307934386034808,0.09140251561999321,95.26464676856995,0.009019047878682613,0.018875628577338325,0.0038460488394937583,0.013444653784649239,0.009621852913664446,0.008127226570828093,0.030724279201693006,6.331265820230038e-05,0.016307934386034808
2271,0.016180274184379312,0.09245089322328567,95.1751925945282,0.008936950167020162,0.018786692884233264,0.0038373724878248243,0.01335280782646603,0.00956044687372115,0.008106356118288305,0.03019987516105175,6.314468803790558e-05,0.016180274184379312
2272,0.01617391351610422,0.09195100784301757,95.23735880851746,0.008934493859608967,0.018813862535688612,0.003842973117199209,0.013357127995954619,0.009555356026523644,0.008108891570526692,0.029810673598614005,6.253444601201838e-05,0.01617391351610422
2273,0.016174474958744314,0.09224927246570587,95.30133032798767,0.008932991209957334,0.018854598999023437,0.0038401592093416387,0.013346947708891497,0.009538308425496023,0.008105059957338704,0.029842045907345082,6.227525936803918e-05,0.016174474958744314
2274,0.016355429701507093,0.0918033704161644,95.25097393989563,0.009046387958029907,0.0189047106107076,0.0038496164454975062,0.013479413537101612,0.009657234508130285,0.008109025634411309,0.031085111842387252,6.30061360264891e-05,0.016355429701507093
2275,0.016243331014282172,0.09221698358654976,95.36827611923218,0.008977409087949329,0.01884358485539754,0.0038398761209100483,0.013391551880372896,0.009594963234331873,0.008106905844890409,0.03039449712882439,6.311013453695446e-05,0.016243331014282172
2276,0.016352689555949634,0.09209427371621132,95.24999928474426,0.009035735931247473,0.018959686756134034,0.003845998332835734,0.01346581931743357,0.009630760235918892,0.008133451036281056,0.03129913274612692,6.242820015462255e-05,0.016352689555949634
2277,0.016253134782115618,0.09248247534036637,95.2773084640503,0.008978062526633341,0.01889196793238322,0.003841827757553094,0.01340304956254032,0.009592920131981373,0.008082376147309939,0.030556593164801596,6.356808932812739e-05,0.016253134782115618
2278,0.016268047785593404,0.09287810921669007,95.30149054527283,0.009000685101168023,0.01882629500495063,0.0038381914002820847,0.013415573257952928,0.009621347397979763,0.008111819026784765,0.03022103411042028,6.272856508761353e-05,0.016268047785593404
2279,0.01638756794648038,0.09180066466331482,95.31112170219421,0.009065245783163442,0.018973656760321724,0.0038465985712698766,0.013487997340659301,0.009674384745044841,0.00812134155175752,0.030984379653301503,6.321540227386575e-05,0.01638756794648038
2280,0.016299777494536507,0.09035784438252449,95.29057478904724,0.009019981533702877,0.01887162023120456,0.0038435914170824818,0.013435697948767079,0.009626042439291875,0.00808822706134783,0.030456032051394383,6.301834642278613e-05,0.016299777494536507
2281,0.016275466626716986,0.09135845318436622,95.15263843536377,0.008999511404997773,0.01889018482632107,0.003845104559117721,0.013418705148829355,0.009600507548699776,0.008119133906438947,0.030320738707151677,6.288228196945214e-05,0.016275466626716986
2282,0.016290462451676528,0.09115956902503967,95.11760783195496,0.009013134619841974,0.018837739096747505,0.0038402657345351244,0.013434664213822948,0.00963246661134892,0.008081179060455825,0.030563079503675303,6.313238318906795e-05,0.016290462451676528
2283,0.016553848998414146,0.09134184047579766,95.33604836463928,0.009200850563744704,0.01896005286110772,0.003851295075275832,0.013631675646950801,0.00980191066240271,0.00809947682544589,0.030845964948336285,6.319442878748305e-05,0.016553848998414146
2284,0.016431921650138168,0.09019725024700165,95.20520877838135,0.009117343400915464,0.018850261635250515,0.0038427697116923,0.013530049286782742,0.009737955619477564,0.00810429530735645,0.030796563625335692,6.305458614125176e-05,0.016431921650138168
2285,0.01638691297835774,0.09230913519859314,95.24581933021545,0.009082407566408317,0.018935902648501927,0.003845950587031742,0.01351172083367904,0.009677524254139926,0.00809864464836816,0.030343168187472555,6.249926085983404e-05,0.01638691297835774
2286,0.016379985875553556,0.09296625658869744,95.24630856513977,0.009083386218796174,0.018879100746578642,0.003842058122261531,0.01350781320490771,0.00969457614959942,0.00810650807701879,0.030196923998494943,6.321839096328416e-05,0.016379985875553556
2287,0.01631883659710487,0.09170198544859887,95.2718768119812,0.009039264385484988,0.01880858580271403,0.0038383823819458486,0.013441400176121129,0.009649931974709034,0.008092266174240244,0.03065278921276331,6.297282073767797e-05,0.01631883659710487
2288,0.016240662100414437,0.09110188081860543,95.25903391838074,0.00896959706933962,0.01883917146258884,0.003844345219226347,0.013395074831528795,0.009591068401932716,0.008058920849321617,0.03089049687816037,6.286184183181042e-05,0.016240662100414437
2289,0.016412419411871167,0.09125241190195084,95.31855249404907,0.009095042124390601,0.01892824782265557,0.0038483257891817227,0.013519427027139399,0.009701862219307158,0.008089775972896151,0.030799450700481734,6.26013514485635e-05,0.016412419411871167
2290,0.0165796434879303,0.090475195646286,95.27393221855164,0.009212673569305076,0.019013894663916692,0.0038520357778502835,0.013646255185206731,0.009813160916997327,0.00810090222913358,0.030962422179679077,6.306737346653633e-05,0.0165796434879303
2291,0.016633822462624973,0.09135271921753883,95.24132966995239,0.00924641359804405,0.019035535123613147,0.003853505946074923,0.013659031701584657,0.009835315872397688,0.008137202456386553,0.031400773645275167,6.257474962025198e-05,0.016633822462624973
2292,0.01649831715143389,0.09086552798748017,95.28980231285095,0.009159297835495737,0.018956789970397948,0.0038507596346446207,0.013573983266121812,0.009757967291192876,0.008102875407785178,0.03083007146500879,6.192203852787736e-05,0.01649831715143389
2293,0.016289799561103185,0.0928186109662056,95.27278208732605,0.00901366432921754,0.018867803944481745,0.0038430891434351605,0.013422424731155236,0.009608272752828068,0.008090775788037314,0.03052354990401202,6.285226198554268e-05,0.016289799561103185
2294,0.0163007349272569,0.09054731354117393,95.26978468894958,0.009026689167237945,0.018773117860158284,0.0038375855351073873,0.013429930876526568,0.009630788223197063,0.008124445308413771,0.030753092113882302,6.291443909810191e-05,0.0163007349272569
2295,0.016347147987948524,0.09145205572247506,95.12154841423035,0.009060934390872718,0.018831316894955104,0.0038400108113677963,0.013480296306726005,0.009670208651158545,0.008073781637681856,0.030525838310519856,6.30810145531624e-05,0.016347147987948524
2296,0.016447522280116877,0.09309462144970894,95.30156111717224,0.009120250373250907,0.01895208438237508,0.0038475034261743228,0.013534121262944407,0.009727980815288093,0.008124143707876404,0.03065968770947721,6.328702252462589e-05,0.016447522280116877
2297,0.016557265151706007,0.09216567099094392,95.16763305664062,0.009190508450071017,0.01905207183625963,0.0038508874509069653,0.01360933112187518,0.00977696285272638,0.008101454735216167,0.031175962115327516,6.268497158984587e-05,0.016557265151706007
2298,0.01641179326093859,0.09404210969805718,95.17901968955994,0.009102336749848393,0.018874758349524606,0.0038513207166559166,0.013546799396475157,0.009691708143800498,0.008069649926490254,0.030869719669636753,6.24706230877471e-05,0.01641179326093859
2299,0.016249848148889013,0.09209266394376754,95.26116585731506,0.008993714035799107,0.018783323764801026,0.0038316001184284685,0.013402144807494349,0.009609167503399981,0.008085941786153449,0.03027721796184778,6.306342261776225e-05,0.016249848148889013
2300,0.016258566801746685,0.09208258286118508,95.23024582862854,0.008993643168359995,0.01878889322280884,0.0038355701634039483,0.013413883271730608,0.009597113711966409,0.008076490519775284,0.030776767234007518,6.231947293945951e-05,0.016258566801746685
2301,0.01648715130570862,0.09258597359061241,95.24186277389526,0.009167093210336236,0.018846232096354165,0.003843528324117263,0.01354903494939208,0.009761097576055262,0.00811875565805369,0.030733915232121944,6.256930853330752e-05,0.01648715130570862
2302,0.01639925720791022,0.09218211859464645,95.30753254890442,0.009106557853519916,0.018825935787624783,0.0038440518593415617,0.013501656897779967,0.009715076045443614,0.008087077007318536,0.03029314747080207,6.294094915380318e-05,0.01639925720791022
2303,0.01621770232501957,0.09238303706049919,95.2951180934906,0.008970124332441223,0.018782794210645888,0.003832427107522057,0.013372934711062245,0.00958547626932462,0.008083977506806454,0.030212997727923924,6.294125093064176e-05,0.01621770232501957
2304,0.016185352984401914,0.09248808592557907,95.26866936683655,0.008929965518828895,0.01881403260760837,0.0038338353898790148,0.01334338563804825,0.009547323116825686,0.00809036147263315,0.030839986155430477,6.26728336366157e-05,0.016185352984401914
2305,0.01621395006775856,0.0921439990401268,95.18521046638489,0.00896763324116667,0.018821781476338704,0.0038355881844957668,0.01336667193306817,0.009567450961718956,0.008078475660747953,0.030076768149932227,6.327710457684038e-05,0.01621395006775856
2306,0.016376806394093568,0.09142430081963539,95.11056995391846,0.009076214770062102,0.018858386940426297,0.0038385318400752213,0.013496621756090059,0.009689301322731707,0.008058437367694245,0.030850314216481316,6.357559312321984e-05,0.016376806394093568
2307,0.016117666355437703,0.0916185051202774,95.24813032150269,0.008886511609372165,0.018731149302588568,0.0038284220401611593,0.013291630885667271,0.00951106192337142,0.008094281372096803,0.030817293897271156,6.300218912318516e-05,0.016117666355437703
2308,0.01630151958929168,0.09154925748705864,95.29849815368652,0.009028706589920653,0.01881103542115953,0.0038371477555483578,0.013438338281379806,0.00964989076471991,0.008052953779697418,0.03046936231975754,6.314330189858373e-05,0.01630151958929168
2309,0.016180167959796057,0.092294861972332,95.19246554374695,0.008945219628512859,0.01871534612443712,0.003829030767083168,0.013352555146233904,0.009561398085206747,0.008084443389541573,0.030416349025650158,6.282317026978257e-05,0.016180167959796057
2310,0.01614517150239812,0.092385064214468,95.20032739639282,0.008925415062242084,0.018661878373887802,0.0038273194080425633,0.01332901699261533,0.009541887823078368,0.008069803456051482,0.03040985667043262,6.284152208015925e-05,0.01614517150239812
2311,0.01644311280714141,0.09325515270233155,95.25403261184692,0.00912169052908818,0.018887730174594455,0.003840426695533097,0.01352909195340342,0.00971466068799297,0.008071676796923081,0.03123050016247564,6.378037971568378e-05,0.01644311280714141
2312,0.016429609941939514,0.09163503065705299,95.28829169273376,0.009109049871977833,0.01891469399134318,0.003843255306387113,0.013519934602081776,0.009721965992616283,0.008052075351071027,0.031020384973122015,6.313341017867439e-05,0.016429609941939514
2313,0.01644947298285034,0.09102001368999481,95.28864574432373,0.009126272360897726,0.01890139553281996,0.003844741589596702,0.013546291210999092,0.009734039997888936,0.008117786606566774,0.03075930941849947,6.337261273217564e-05,0.01644947298285034
2314,0.016547902905278737,0.0912032724916935,95.2567389011383,0.009187782886955473,0.018994000752766926,0.003846324584964249,0.013601635259886584,0.009790720610568921,0.008056195500410266,0.0313652106664247,6.289184618706164e-05,0.016547902905278737
2315,0.016335646013418834,0.0903034420311451,95.24960803985596,0.009048476291613447,0.01884201579623752,0.003835780279090007,0.013466206209527121,0.009656864849643575,0.00808149060751829,0.03066290058195591,6.315495255557772e-05,0.016335646013418834
2316,0.016166387701200113,0.09209620282053947,95.18726301193237,0.008938207117219765,0.018727446132236057,0.0038335296392647757,0.013352690219051309,0.009558276480270756,0.008031407123845485,0.030218492481443617,6.341182407987212e-05,0.016166387701200113
2317,0.01598714482039213,0.09218117579817772,95.19141411781311,0.00881095034794675,0.01863903416527642,0.003824634007178247,0.013215896801816092,0.009426647788948483,0.008082958132856422,0.029961781046456762,6.341352712154228e-05,0.01598714482039213
2318,0.016267399531271723,0.09261527627706528,95.27134418487549,0.00899940586545401,0.01879338582356771,0.0038336022974302373,0.013415028047230508,0.009610443311846918,0.008068991323105163,0.030793240579466027,6.306285976936326e-05,0.016267399531271723
2319,0.01637422829038567,0.09241212308406829,95.26330637931824,0.009078321868760718,0.018858131302727593,0.003840608235138158,0.013491369038820266,0.009686648754609955,0.008041840958305532,0.030726799882120556,6.337813561551029e-05,0.01637422829038567
2320,0.01614043073107799,0.09161778777837754,95.25798726081848,0.008929251262711154,0.01867152690887451,0.003824492711573839,0.013323509869062238,0.00955501422079073,0.008071683926714791,0.029798675280892188,6.338613591698245e-05,0.01614043073107799
2321,0.01630695133573479,0.09184937164187432,95.21686267852783,0.009033438596460554,0.018824782106611464,0.0038321732895241845,0.013428748632884688,0.009635437228199508,0.008063202690747048,0.03055566993024614,6.297660866685546e-05,0.01630695133573479
2322,0.01630936700022883,0.0917508326470852,95.26972126960754,0.009043868223412169,0.018747218714820015,0.0038345838198438286,0.013448396544489595,0.009657083058522807,0.008062669516851504,0.030437480525838004,6.352422894881077e-05,0.01630936700022883
2323,0.016199674266907903,0.09286482810974121,95.19167590141296,0.008959567188802692,0.018712792661454942,0.0038281186178533567,0.013374617186685403,0.009587658722367552,0.008039913057453102,0.03052311739573876,6.257528167149455e-05,0.016199674266907903
2324,0.0163355755723185,0.09291902139782905,95.3161883354187,0.009050796787357993,0.01879797591103448,0.00383558195653475,0.013456653549025456,0.00965623876079917,0.008039414313518338,0.031086693898671202,6.361252179752895e-05,0.0163355755723185
2325,0.016477293599810865,0.09117799043655396,95.27259469032288,0.009154282127403551,0.018867309358384873,0.003844194694215225,0.013578935255193048,0.009755080207768413,0.008073583996544282,0.030843217890295718,6.233806678077356e-05,0.016477293599810865
2326,0.016337924483749603,0.0922105586528778,95.2721700668335,0.009055939223617315,0.018808356391059027,0.003831836629865898,0.013448500198622544,0.009676103838202027,0.008038759157061577,0.030715104426360794,6.363316462576386e-05,0.016337924483749603
2327,0.016139500704076555,0.09080980688333512,95.21535301208496,0.008914742473926809,0.018737905025482178,0.0038305155177497203,0.013314327142304844,0.009534422301997742,0.008030006030781401,0.03037402782589197,6.349371489008604e-05,0.016139500704076555
2328,0.0160453213006258,0.09231601595878601,95.21415710449219,0.008851734244575103,0.018631062507629394,0.003823566798948579,0.01324595745652914,0.009470185813390547,0.008050055358972814,0.030470158159732818,6.279655472250549e-05,0.0160453213006258
2329,0.016117275709079372,0.0916500836610794,95.29539275169373,0.008897962934441037,0.018734839757283527,0.0038299631223910383,0.013306043886890015,0.009513639397919178,0.008052350129518243,0.03027785097973214,6.322767640262504e-05,0.016117275709079372
2330,0.01617217216640711,0.09320691823959351,95.24536228179932,0.008927921160227722,0.018833113776312933,0.003828626522380445,0.013340927548706532,0.009532492502282063,0.008024253884537352,0.030575218747059506,6.35219324636734e-05,0.01617217216640711
2331,0.016485249698162077,0.09239829152822494,95.28334259986877,0.00913836511886782,0.01905233038796319,0.00384367850712604,0.013555417247116565,0.009730228115287093,0.008069005633393923,0.031011240560975338,6.267181900255991e-05,0.016485249698162077
2332,0.01677380167361763,0.09003679022192955,95.15063834190369,0.009350383209271564,0.019082592593299016,0.003853321247216728,0.01375202353629801,0.00994120260907544,0.00809438052897652,0.03158874751379093,6.35723082431541e-05,0.01677380167361763
2333,0.017278941232297156,0.09164565026760102,95.15305256843567,0.009658525979353322,0.019582156870100235,0.0038990059764020973,0.01403011292633083,0.010233198300831848,0.008117320806615883,0.03345459361043241,6.151965079357339e-05,0.017278941232297156
2334,0.01656105029500193,0.09165868863463401,95.20673608779907,0.009202749075161085,0.018997996383243138,0.003846460423535771,0.01360609659097261,0.009815289102908638,0.008089630616207917,0.030846477997385793,6.32916577899007e-05,0.01656105029500193
2335,0.016070459716849856,0.09333737716078758,95.31390810012817,0.008867144818521208,0.018707297643025717,0.0038267982963265646,0.013282492390523355,0.009480431611753172,0.008053904754213161,0.03011267825133271,6.286582419297323e-05,0.016070459716849856
2336,0.01605519428435299,0.09161218583583831,95.22493243217468,0.008858539513829682,0.01869165129131741,0.003824427943262789,0.013260188615984388,0.00946008947160509,0.008067406335224708,0.03014157195885976,6.287403406507981e-05,0.01605519428435299
2337,0.016269877755807505,0.09294138386845589,95.27641034126282,0.00900226988726192,0.01881846163007948,0.0038358295129405128,0.013407563571300771,0.009602740686386824,0.008055208773455686,0.030742423898643918,6.287962562151644e-05,0.016269877755807505
2338,0.016466634923385248,0.0925965927541256,95.29262924194336,0.00913450208803018,0.018941193951500786,0.0038427780428901314,0.013558003182212511,0.009732183774726259,0.008090901652144062,0.030991476443078782,6.361449120643748e-05,0.016466634923385248
2339,0.016125015392899514,0.09141267091035843,95.27710270881653,0.008914946315603123,0.018690974712371827,0.0038271716418158677,0.013326751037190358,0.009526779661989873,0.008004819268567694,0.030127873178571463,6.252580583471298e-05,0.016125015392899514
2340,0.016183012165129185,0.09330001935362815,95.24435806274414,0.00895400575051705,0.018714711401197646,0.0038276616944414046,0.013359237164258957,0.009556457449992497,0.008061504173609945,0.030241936585969395,6.271866951748035e-05,0.016183012165129185
2341,0.016384367065297233,0.09135981410741806,95.19296383857727,0.009085902726898592,0.01885965347290039,0.003838412827398214,0.013487680784116189,0.009694791208538745,0.008036016581787004,0.030805490646097396,6.318321034230726e-05,0.016384367065297233
2342,0.01647002706097232,0.09150857582688332,95.23761916160583,0.009150237410018842,0.01886071840922038,0.0038478338040618433,0.013561852706803216,0.009738096131218805,0.008074040677812365,0.03095835285468234,6.324117121997751e-05,0.01647002706097232
2343,0.016179513438708253,0.09230596259236336,95.07654547691345,0.008951390000681082,0.01867981539832221,0.0038255091425445343,0.013360752256380188,0.009567482564598322,0.008066506503770748,0.03032826241105795,6.33128451523943e-05,0.016179513438708253
2344,0.01605836157169607,0.09142200902104378,95.27724194526672,0.008862255811691285,0.018655449549357096,0.0038237962897660002,0.013258943655010727,0.009477254222664568,0.008037772267642948,0.03033891250482864,6.320919956121015e-05,0.01605836157169607
2345,0.016143442876636983,0.0924107575416565,95.24302220344543,0.008921779512117306,0.018674867418077258,0.003821586774558657,0.013316318185793029,0.009537114803161885,0.008079595843123065,0.030481002471513217,6.377158124191991e-05,0.016143442876636983
2346,0.01606772215002113,0.0923648302257061,95.21473288536072,0.008882503784779045,0.018573031160566543,0.0038197033893730904,0.013290621298882697,0.009498080795423853,0.008035005148914125,0.030099344027953015,6.254046494244313e-05,0.01606772215002113
2347,0.01615621085796091,0.09274869114160537,95.17928385734558,0.008929642585830556,0.018659497631920707,0.0038208708172250126,0.013340263946188822,0.00953585754873024,0.008055719306899441,0.03085575758996937,6.347616510920813e-05,0.01615621085796091
2348,0.015956604758070574,0.09119107231497764,95.26720070838928,0.008784323897626664,0.0186284245385064,0.0038194646743229693,0.01318632600001163,0.009411258656117652,0.008014152908904684,0.03040623272458712,6.293493315063755e-05,0.015956604758070574
2349,0.016139312775598633,0.09168003901839256,95.2607307434082,0.008921427724675999,0.01870188342200385,0.0038202684258835185,0.0133349233534601,0.009519077452520529,0.008054309284521473,0.030300411668916543,6.267832580309434e-05,0.016139312775598633
2350,0.01617231198069122,0.09268820986151695,95.2916796207428,0.0089398226638635,0.018710541195339627,0.003822653187542326,0.013339491169899702,0.009552997489356332,0.008060008742743069,0.03057930158244239,6.298360379269575e-05,0.01617231198069122
2351,0.016183009780943395,0.09196350783109665,95.2926778793335,0.008951147153145737,0.018756032519870333,0.003827034157907797,0.013372022832433383,0.00955786678319176,0.008071358164565431,0.029971462602002754,6.329516683753884e-05,0.016183009780943395
2352,0.016148014544612833,0.09281659960746765,95.19074034690857,0.00892256658938196,0.018658786879645454,0.003819353234850698,0.013334338331802024,0.009538057289189763,0.007998658586293459,0.03103869630230798,6.37098918468837e-05,0.016148014544612833
2353,0.016235679197642537,0.09282699555158615,95.22641968727112,0.008987686244977845,0.018698162767622206,0.0038273578468296264,0.013414878526495562,0.009598372353033888,0.008042966396444374,0.030748581668982904,6.26916491897806e-05,0.016235679197642537
2354,0.016380508591731388,0.09259218648076058,95.19368481636047,0.009093114050726096,0.018799884849124485,0.0038319136378251843,0.013528061173856258,0.009687886004232697,0.008054381390619609,0.030550377058486143,6.360598725153623e-05,0.016380508591731388
2355,0.016262061273058254,0.09303706422448159,95.16281580924988,0.009009134740465217,0.01871639887491862,0.0038271484912062686,0.01343393676603834,0.009622905581361718,0.008034530859440565,0.03057090527895424,6.32694129053451e-05,0.016262061273058254
2356,0.016170558151271608,0.092275480479002,95.17549324035645,0.008945007533248927,0.01867190652423435,0.0038228949268038076,0.01334346985651387,0.009561971928924322,0.008053145753219724,0.030443233392304845,6.31511537067158e-05,0.016170558151271608
2357,0.016005792804062367,0.09103818893432618,95.21134519577026,0.008837269681195418,0.018604854742685955,0.0038163175030301016,0.013234829364551438,0.009459346536960867,0.00802601573574874,0.02968052548252874,6.316069033562361e-05,0.016005792804062367
2358,0.016049885923663774,0.09198595866560937,95.08006572723389,0.008860995401110914,0.018658020231458877,0.0038182570547279386,0.013277726630783743,0.009469991427742772,0.008059571116334862,0.029883098440865674,6.305378230572669e-05,0.016049885923663774
2359,0.01622442511220773,0.09167766705155372,95.27882862091064,0.008991518302096262,0.018674075073666044,0.0038208856423281963,0.01339641494055589,0.00959705975320604,0.008025791229059298,0.03034644063976076,6.34113049778446e-05,0.01622442511220773
2360,0.01643018061088191,0.09182958126068115,95.23306345939636,0.009125111088570621,0.018778372340732152,0.0038311499408963654,0.013536181338131427,0.009720483921054337,0.00803794289421704,0.031305010327034526,6.293161478589431e-05,0.01643018061088191
2361,0.016177895954913563,0.09222779154777527,95.21332740783691,0.008947535388999514,0.01872697697745429,0.0038257813365716073,0.013349807879163159,0.009552658910138739,0.008004890075988239,0.030524913937681253,6.190296837676733e-05,0.016177895954913563
2362,0.01603251931567987,0.0930575880408287,95.14878749847412,0.008849110926191011,0.018638148307800292,0.0038159102506728636,0.013249138711641233,0.009468329815814892,0.00803440596908331,0.029995484211378626,6.31271507953309e-05,0.01603251931567987
2363,0.016246715461214385,0.0915071700513363,95.22181010246277,0.009009466266466511,0.018652890523274738,0.003823837767769065,0.013432968503071203,0.00960699619518386,0.008009878943363826,0.030533275529742242,6.310297687614744e-05,0.016246715461214385
2364,0.016208418566319677,0.09049492791295051,95.30441522598267,0.008989570798973242,0.018630664083692763,0.0038211252592090105,0.013397025426642763,0.0095993697270751,0.008010734183092913,0.030003419373598364,6.286459658137271e-05,0.016208418566319677
2365,0.01615945936077171,0.09169043272733689,95.15995669364929,0.008942543959452046,0.01871462000740899,0.0038230691632876795,0.013352771235836877,0.009540054676019483,0.008032943730552992,0.029953514412045478,6.305193675321637e-05,0.01615945936077171
2366,0.016050349238018194,0.0912041962146759,95.10601258277893,0.008857657766590516,0.018672240840064153,0.0038213735637772413,0.01324773881584406,0.009469620883464813,0.008012986002076004,0.030268752516971694,6.294343443929565e-05,0.016050349238018194
2367,0.016138388411038453,0.09090890198945999,95.24419832229614,0.008927887013802926,0.01868990421295166,0.003818384433268673,0.013329211042986976,0.009535319877581465,0.008021084136433071,0.030018850908511214,6.318979725236317e-05,0.016138388411038453
2368,0.016267939665251308,0.09236267045140266,95.19135594367981,0.009008680114315616,0.018770855002933077,0.0038263752818521526,0.013418917676640881,0.009604135940058364,0.008029960157970587,0.03074707608256075,6.33630062969696e-05,0.016267939665251308
2369,0.01626056387192673,0.09199063062667846,95.1115026473999,0.00901348546354307,0.018706720670064292,0.003827632179794212,0.013408665603233708,0.009609741564426157,0.007999445548694995,0.030723449314634006,6.224631761823792e-05,0.01626056387192673
2370,0.01632898076540894,0.09321830183267593,95.34143829345703,0.009066412393003702,0.018697145779927572,0.0038282370939850805,0.013475524928006861,0.00966687970691257,0.008018161014964184,0.030653938388244973,6.350627795118018e-05,0.01632898076540894
2371,0.016316046118736268,0.09141809299588204,95.21767497062683,0.009047481210695372,0.01879152668846978,0.0038290309621435074,0.01345142398857408,0.009634974725130531,0.008054707617395454,0.03051386202375094,6.216515069275551e-05,0.016316046118736268
2372,0.01635082422859139,0.09343617752194405,95.17192840576172,0.009086872775935464,0.018646250036027698,0.0038275549866052137,0.013483611231462822,0.009681561291217803,0.008025134440718425,0.03089984924842914,6.272351342140325e-05,0.01635082422859139
2373,0.01612365808751848,0.09301505669951439,95.27001166343689,0.008921491803808345,0.018640493816799587,0.0038209616548071303,0.013320178286068969,0.009521233474628793,0.0079668267029855,0.030360386562016277,6.292510588483286e-05,0.01612365808751848
2374,0.016112200576398106,0.09136908248066902,95.25964903831482,0.008914162994672854,0.01861194239722358,0.0038107467085743943,0.01330591627707084,0.009535513607164224,0.007986910180706117,0.03022742102957434,6.315663092332594e-05,0.016112200576398106
2375,0.01631183968236049,0.09127786815166473,95.32760071754456,0.009051010515540837,0.018735038704342313,0.0038253199697161713,0.013449931035025252,0.00964425381893913,0.008031325743844112,0.0305664364910788,6.272544366871735e-05,0.01631183968236049
2376,0.01632248661584324,0.09152607381343841,95.2798445224762,0.009056212519192034,0.01876669036017524,0.003825985122885969,0.013456172700971365,0.009655531243317658,0.008005306164009704,0.03056577069891824,6.312947513433476e-05,0.01632248661584324
2377,0.016529515861637062,0.09506501197814941,95.29957723617554,0.009184534208228191,0.01890072955025567,0.003840173893194232,0.013602083420587911,0.009765626730190383,0.00800980000756681,0.03175779655575752,6.315038271906776e-05,0.016529515861637062
2378,0.01637190035233895,0.09283578991889954,95.32313323020935,0.009101643825156821,0.018722049130333793,0.003829959936750432,0.013491954503373968,0.009693819156123532,0.008029296579253343,0.030467652070025605,6.341707588388898e-05,0.01637190035233895
2379,0.01626524947169754,0.09317135006189346,95.12955498695374,0.00901959543633792,0.018752276102701824,0.0038275452532495063,0.013413628267331256,0.009607696003384061,0.008024352588173416,0.03021139027343856,6.298165637610333e-05,0.01626524947169754
2380,0.015919986483123566,0.09178663969039917,95.19826197624207,0.00877243852449788,0.018532515896691217,0.003808700787420902,0.013164146635681391,0.009381751931375927,0.008020586216201385,0.03027390090541707,6.282850843765194e-05,0.015919986483123566
2381,0.015837938264012336,0.0926256687939167,95.30639600753784,0.008723090853956011,0.018468535476260716,0.0038050413995774257,0.013126488721205129,0.009341521265192164,0.008020740658458736,0.029679947797622945,6.33396771923521e-05,0.015837938264012336
2382,0.015982162286010054,0.091932133436203,95.18573641777039,0.008822983492993645,0.018495731618669298,0.0038091859112804136,0.013225538585748937,0.009431907042033142,0.008010699711740017,0.030422484142084916,6.296089530790836e-05,0.015982162286010054
2383,0.01627082867340909,0.09150273889303208,95.17776894569397,0.009016883284267451,0.018661769760979545,0.003819168825737304,0.013406879990879032,0.009614945693562428,0.008037135228514672,0.03122878786590364,6.353789492656661e-05,0.01627082867340909
2384,0.016139582540425988,0.09253399178385735,95.23565435409546,0.008938286360353232,0.018586286438835992,0.003817264398870369,0.013344207091463937,0.009548595255861679,0.007980716098099947,0.030307462385131254,6.277496235466905e-05,0.016139582540425988
2385,0.016161240703529783,0.09226981103420258,95.0692195892334,0.008957324628200796,0.01862107064988878,0.0038175518195041353,0.013350593532539076,0.009560927976336744,0.007997353536387284,0.02996126218388478,6.311955921319168e-05,0.016161240703529783
2386,0.01619268659088347,0.0922890454530716,95.23310947418213,0.008961336370557547,0.018688880337609185,0.0038186189656456314,0.01335688820729653,0.009568290180630153,0.00804113852688008,0.03054777565929625,6.315109889099273e-05,0.01619268659088347
2387,0.01608341775006718,0.09277404993772506,95.22747135162354,0.008891971817033158,0.018628411557939317,0.0038114737760689523,0.013312099814001057,0.009488251211328638,0.008036395011262762,0.030022633261978626,6.280509045524241e-05,0.01608341775006718
2388,0.01598665584706598,0.09237483188509941,95.30127120018005,0.008826156304114395,0.01854242934121026,0.0038105706327284375,0.013228635798311896,0.009438241502890984,0.008009496273265944,0.030063840568893486,6.308753931751454e-05,0.01598665584706598
2389,0.016137226716511778,0.09363550961017608,95.30797076225281,0.00894098144231571,0.018586436642540827,0.003816546405044695,0.013332516683472528,0.009540804287211763,0.007998420898285176,0.030109438680940206,6.277356027298768e-05,0.016137226716511778
2390,0.01635360300127003,0.09235086008906364,95.3330295085907,0.009087957100321849,0.018668903244866267,0.003826902808311085,0.013494502757158544,0.009674238101061848,0.008001354712372025,0.03094092638542255,6.305353062540715e-05,0.01635360300127003
2391,0.016311586163938047,0.09389730334281922,95.25767469406128,0.009057038147002459,0.01870144049326579,0.0038230126961651774,0.013454022761434316,0.009654738538795048,0.007981346762842602,0.03058857742076119,6.325482792383221e-05,0.016311586163938047
2392,0.01629946957445807,0.0912186449766159,95.26682615280151,0.009035776189217965,0.018752589490678574,0.0038261228489379086,0.013427699233094852,0.009629880189895629,0.008038807253663738,0.030778559516701432,6.310991077700439e-05,0.01629946957445807
2393,0.016289043041567006,0.09309499278664589,95.31363034248352,0.009045232555104626,0.01869780010647244,0.003824074235227373,0.01343501544247071,0.009652490533060498,0.007995401869217555,0.030118810989790492,6.289331185265349e-05,0.016289043041567006
2394,0.016149882078170776,0.0942651954293251,95.267254114151,0.008939933783064286,0.018617669741312664,0.003814315217443638,0.013350843547119035,0.00953874666036831,0.008033365207827754,0.030373243043820063,6.310846728314662e-05,0.016149882078170776
2395,0.01604695774614811,0.09264036536216735,95.31217765808105,0.008861237011022038,0.018616250885857475,0.003811698398656315,0.013259084740032753,0.009469873329831494,0.008012919026530452,0.03031665913760662,6.30117469613525e-05,0.01604695774614811
2396,0.016161161650800043,0.09343902379274369,95.27313470840454,0.008949670992377732,0.01862455235587226,0.0038153080771573715,0.013349167710791032,0.009547512361572849,0.007971884291619062,0.03056145427127679,6.266047454157647e-05,0.016161161650800043
2397,0.0162779271374974,0.09312645107507705,95.3287901878357,0.009023607197321124,0.01867202891243829,0.003816282985628479,0.013433447680953475,0.009600999361524979,0.008010640527225202,0.0313172205309901,6.300127892688264e-05,0.0162779271374974
2398,0.016218344991405804,0.0912725207209587,95.52446556091309,0.009001736843751537,0.018566476768917508,0.00381525294855237,0.013387475696702799,0.009589856254557768,0.008028714143567615,0.030449033118784427,6.26864347106309e-05,0.016218344991405804
2399,0.016278118627766767,0.09174819707870484,95.44943642616272,0.009035717068860928,0.01865476608276367,0.003822082272834248,0.013423668183386327,0.00962559991205732,0.008008019982112778,0.030640070243842073,6.259219794520574e-05,0.016278118627766767
2400,0.01596603231297599,0.092476986348629,95.27401113510132,0.008819208608733283,0.018522188398573135,0.003806839383000301,0.01320519504447778,0.009417765171577533,0.008015562310400936,0.02981533471494913,6.331288981011676e-05,0.01596603231297599
2401,0.016001531295478343,0.09235454589128494,95.38553261756897,0.008844365094684892,0.018474031819237603,0.0038077531040956575,0.013242214411083196,0.009456622414290905,0.007956134016729063,0.03039244743064046,6.324620861078027e-05,0.016001531295478343
2402,0.01621058636241489,0.09337207198143005,95.55213046073914,0.008952657799753877,0.018906140327453615,0.0038187724269098705,0.013401429400675827,0.009588159453123808,0.008062173173659377,0.02978566733499368,6.354341774147325e-05,0.01621058636241489
2403,0.01623718843691879,0.09216283664107322,95.3651430606842,0.008977786817898353,0.01880247116088867,0.0038275383630146584,0.013417315799742938,0.009578598330004347,0.00807406395363311,0.030600171093311576,6.203974223634784e-05,0.01623718843691879
2404,0.016132473792466854,0.09224419742822647,116.65840888023376,0.008930840274939934,0.01859831280178494,0.0038165922017974986,0.013338193075938358,0.009533585088534488,0.007971622096374632,0.030446255964537462,6.296116340049846e-05,0.016132473792466854
2405,0.016255327947437764,0.09186308294534683,98.5490174293518,0.009023187533020973,0.01859890090094672,0.0038136916059172818,0.013417408298701049,0.009605609729058212,0.00799471425306466,0.03084471076519953,6.346902566717796e-05,0.016255327947437764
2406,0.016313202708131736,0.09246399998664856,96.24624300003052,0.009065969497379329,0.01862823247909546,0.0038183497772034673,0.013473898911227782,0.00965084159746766,0.007977987391253312,0.03075680300179455,6.255170240495526e-05,0.016313202708131736
2407,0.016191005781292914,0.09263141021132469,96.78633856773376,0.008981571847365963,0.01859032842848036,0.003820203433537649,0.013375512034528785,0.009561303893311156,0.00802258437499404,0.030257573963867294,6.144007310560677e-05,0.016191005781292914
2408,0.01607655110872454,0.09255377158522606,96.32903575897217,0.008905705358419154,0.018513775136735706,0.003808546736319032,0.013307420977701743,0.009511824914564688,0.007956429508825143,0.02996259890910652,6.271426417534876e-05,0.01607655110872454
2409,0.01605773922883802,0.09297104105353356,96.55596852302551,0.008877386490090025,0.018545730378892688,0.0038080885452735757,0.013281399367584122,0.009482981477760607,0.007998171307974391,0.030424841791391374,6.299204824434036e-05,0.01605773922883802
2410,0.01613729534049829,0.09195059970021248,96.49301648139954,0.00894745855902632,0.018534967369503445,0.0038121448726289803,0.013327460123433008,0.009549471967750125,0.007952233453591665,0.030304274960524506,6.290901703408736e-05,0.01613729534049829
2411,0.01612870933694972,0.0923713555932045,96.20187282562256,0.008935497496277095,0.018575533231099447,0.003812092439168029,0.013325400050315591,0.009544611196551058,0.007953118103452854,0.030221740626212624,6.388003019939643e-05,0.01612870933694972
2412,0.016097146943211557,0.09210288435220719,96.35035991668701,0.00890574205873741,0.018598485787709555,0.0038142130782620773,0.013305281144049433,0.009502590991970566,0.007986233956697914,0.03032265569600794,6.288628319526405e-05,0.016097146943211557
2413,0.01625876575294468,0.09338977053761482,96.51079797744751,0.009030969407823351,0.01861310535007053,0.003815130712981853,0.013412061950398816,0.009613975601063834,0.007991593560824791,0.030467877118951745,6.288322645070633e-05,0.01625876575294468
2414,0.01615441089702977,0.0918081684410572,96.42061758041382,0.008956564290242063,0.01855111148622301,0.0038157513385845554,0.01333427002446519,0.009567724656727578,0.007959937918931246,0.03033367381327682,6.372573301938584e-05,0.01615441089702977
2415,0.016061135277979904,0.09073188915848732,96.37689971923828,0.008883230675839715,0.018524058924780953,0.003809421758891808,0.013288800213485956,0.009489672281261947,0.007977974091966947,0.030445751854115063,6.332546121386981e-05,0.016061135277979904
2416,0.01601129920118385,0.09234275981783867,96.48355436325073,0.008848721844454606,0.018526419268714057,0.0038014874933287503,0.013252577945176099,0.00945036607897944,0.007994089217649566,0.030154990288946363,6.335635450601747e-05,0.01601129920118385
2417,0.016068806387484074,0.09216322466731071,96.39865446090698,0.008885867016183005,0.01853374030854967,0.0038094446347612474,0.013285613175895479,0.009494228731426928,0.008011182594216532,0.030459259616004097,6.315256711044665e-05,0.016068806387484074
2418,0.01605414112822877,0.09292847722768784,96.45823669433594,0.008889706896411049,0.018484905030992295,0.0038086449266928764,0.013286486686103873,0.009484899842904673,0.007978119148562352,0.030124530895716616,6.270528749417951e-05,0.01605414112822877
2419,0.016173648606571885,0.09261267095804214,96.5174081325531,0.008959323244376314,0.01860784477657742,0.0038107803696766497,0.013350667580962181,0.009552154534806808,0.007963981518728866,0.030818544456528294,6.35780156040116e-05,0.016173648606571885
2420,0.016009538198510805,0.09082205563783646,96.57232785224915,0.008864693455398082,0.018441424899631076,0.0038025590296213827,0.013268302331368128,0.009472913690325286,0.00795875316278802,0.029756333130515285,6.291724393239267e-05,0.016009538198510805
2421,0.01599229022860527,0.091534935683012,96.50233006477356,0.008844381877117688,0.018438034057617188,0.0038013857152933875,0.01323318467165033,0.009451479657242695,0.007992702006465858,0.030156695486770736,6.331896489961587e-05,0.01599229022860527
2422,0.015990124330338504,0.09177982315421104,96.49682855606079,0.008838190628836552,0.01849925571017795,0.003803931442089379,0.013226523684958616,0.009440496646695667,0.007957527209073305,0.0301695531896419,6.344226415088707e-05,0.015990124330338504
2423,0.016083219320409826,0.09085044085979462,96.52498078346252,0.008903207174605793,0.018498640325334336,0.003805742755325304,0.01329902220931318,0.009508819048189454,0.007981882552719779,0.030503113323615657,6.303561035563929e-05,0.016083219320409826
2424,0.01607084408816364,0.0931022271513939,96.43791460990906,0.008886285312473773,0.018561881913079156,0.0038106758163000145,0.013289639109538662,0.00949603831809428,0.007978494614362716,0.030422618904461463,6.320051490205438e-05,0.01607084408816364
2425,0.01608683111353053,0.09290103226900101,96.4940333366394,0.008915877650595374,0.018490259647369386,0.0038097416919966537,0.013329089728908406,0.00951385184087687,0.00795078532356355,0.030057245989640553,6.220202330264139e-05,0.01608683111353053
2426,0.015958471674886014,0.09227989345788956,96.35145258903503,0.008827491050793066,0.018404454920026993,0.0038012862417639956,0.013225872963666917,0.009435414406988356,0.007967187175527215,0.029854667451646593,6.270114110977134e-05,0.015958471674886014
2427,0.016196737202505272,0.09223548159003257,96.26367425918579,0.008985091853472921,0.01860910892486572,0.003816979153909617,0.013385230168286298,0.009567513240294324,0.007998310807678434,0.030231137002507846,6.213495271190874e-05,0.016196737202505272
2428,0.01637698015405072,0.09268181741237641,96.6212911605835,0.009111664953331152,0.018676745626661512,0.003822493025412162,0.013502238624625736,0.009684678448571099,0.007989057966818413,0.030790689980818166,6.254650265323865e-05,0.01637698015405072
2429,0.016203330635196633,0.09218032300472259,96.14944648742676,0.00899047303530905,0.018574271202087402,0.003810835257689986,0.013384705616368188,0.009580880033059253,0.007942362945112916,0.030660069216456677,6.322347954346065e-05,0.016203330635196633
2430,0.01615862726751301,0.09176184952259064,96.349524974823,0.00895502173445291,0.018601009051005046,0.003810960747198098,0.013354602348473337,0.009538185532308287,0.007984321696890725,0.03037640401058727,6.268528852854042e-05,0.01615862726751301
2431,0.016122340651022065,0.09218272045254708,96.43961548805237,0.008938484127736753,0.0184671147664388,0.0038031134112841555,0.013315640009111828,0.009542270718763271,0.007962364364001486,0.03061523906265696,6.343055761294952e-05,0.016122340651022065
2432,0.016132261690994104,0.09167803123593331,96.45528244972229,0.008953044400033024,0.018455723921457928,0.0038040012990434966,0.01332958085876372,0.009553479910310771,0.007972669058168928,0.030257703525324663,6.28503905713905e-05,0.016132261690994104
2433,0.01595019665857156,0.09114556282758712,96.29439425468445,0.008821041956543922,0.018397776815626356,0.003794262977834377,0.013219143653081524,0.009426265936344862,0.00793784932543834,0.030066637620329857,6.29605489565124e-05,0.01595019665857156
2434,0.015977148595783447,0.09252135261893273,96.39558696746826,0.008836301225754949,0.018377078109317355,0.0037968028404025567,0.013220752134091324,0.009438472282555368,0.007973505082643694,0.030528969938556354,6.310123686762697e-05,0.015977148595783447
2435,0.01606530037191179,0.09301483169198037,96.40178966522217,0.008904034766472049,0.018451588683658177,0.0038035264181801014,0.01329411961345209,0.009503705774744351,0.007942277584224939,0.03015340165131622,6.299886871792085e-05,0.01606530037191179
2436,0.016200938444170688,0.09234272986650467,96.37058806419373,0.008978499356243345,0.018598532411787244,0.003805859813777109,0.013363560253961218,0.009553249099602302,0.007988045211467478,0.031147634507053427,6.351806644394979e-05,0.016200938444170688
2437,0.016096295230090617,0.09349311351776123,96.62611031532288,0.008908307935214705,0.01857973602082994,0.003808176506621142,0.013296508139206303,0.009500387348234654,0.007970795672800806,0.030426448819537957,6.272817293394597e-05,0.016096295230090617
2438,0.015965702736543283,0.09265668004751205,96.33227133750916,0.008833148173160024,0.018406808111402724,0.003799027024457852,0.013222344246589475,0.009435267825093534,0.00794790599702133,0.03001382886742552,6.317827255688574e-05,0.015965702736543283
2439,0.015970832717915377,0.09287543058395385,96.47002696990967,0.0088268394747542,0.018497682942284478,0.0038032121744213834,0.013231687719623247,0.009429754142959913,0.007950497353449463,0.029901468650334412,6.251181364127057e-05,0.015970832717915377
2440,0.01596853480984767,0.09229555889964104,96.33024191856384,0.008823032426751322,0.018476881715986465,0.0038024777153299913,0.013228813393248452,0.009441099899510542,0.007976247804860274,0.02992934009888106,6.346318546743884e-05,0.01596853480984767
2441,0.015943448721534675,0.09185188248753548,96.34005308151245,0.008802330711235602,0.018409810066223144,0.003797507010296815,0.013202640660521056,0.009404303174879816,0.007940502163643639,0.030841391988926464,6.312823275917386e-05,0.015943448721534675
2442,0.015972308003240163,0.09287477254867554,96.35411381721497,0.008826313111931085,0.01848249355951945,0.0038004252190391224,0.013206490319636133,0.009431052799854013,0.007938578757974837,0.030257655969924396,6.304971546444764e-05,0.015972308003240163
2443,0.01597143029173215,0.09258475542068481,96.26193857192993,0.00883042660024431,0.018415100044674344,0.003796088497878777,0.013211279509382116,0.009441613507353596,0.00794103928324249,0.030389576632943418,6.343770865527176e-05,0.01597143029173215
2444,0.01615211935920848,0.09248090505599976,96.16630983352661,0.008959642325838407,0.018519802623324925,0.0038051505205738876,0.013342570083008872,0.009538632329139445,0.0079814752129217,0.030498614228434032,6.267098429311267e-05,0.01615211935920848
2445,0.016269444740480848,0.09188543051481247,96.36815810203552,0.009012772120121453,0.018718629413180882,0.0038160163733280367,0.013434791639447212,0.009587927133672767,0.007966680123160283,0.031387508507404065,6.240061002297755e-05,0.016269444740480848
2446,0.016057067695591183,0.0920302213728428,96.36354851722717,0.008883701850556666,0.018524296018812392,0.003801473451053931,0.013284072774565883,0.009474862174441417,0.007956251727624071,0.030490788428319825,6.335541323768407e-05,0.016057067695591183
2447,0.016083880389730135,0.09258227303624153,96.4776566028595,0.008925499791900316,0.018432227770487468,0.0038022638153698708,0.013303623178766833,0.009516682566867935,0.00797423257595963,0.02986201042102443,6.279630997401873e-05,0.016083880389730135
2448,0.016060501345329815,0.09308867022395134,96.38141322135925,0.008894203311453262,0.01845885806613498,0.0038024708157819178,0.013277088219506874,0.009490202586683961,0.007952308704455693,0.030515995394024584,6.335140921325749e-05,0.016060501345329815
2449,0.01601198902146684,0.09363306730985642,96.60850977897644,0.008861569845014149,0.018481276565127904,0.003803538786661294,0.013266699144409762,0.009473610034005509,0.007960595265030861,0.029725460426674948,6.358568177978048e-05,0.01601198902146684
2450,0.015936047699716356,0.09303292736411095,96.34740471839905,0.008813962843269109,0.01838078286912706,0.0037942701174567143,0.013196622075306044,0.009426748158617153,0.007920668846410182,0.029994245941440265,6.360442845382508e-05,0.015936047699716356
2451,0.015977312409215502,0.09108595609664917,96.47113084793091,0.008845363335890902,0.018424260351392958,0.0037938922555703254,0.013225922137498855,0.009450750868353579,0.00793202866282728,0.0297597170372804,6.347596753348246e-05,0.015977312409215502
2452,0.015896422469781506,0.09277448624372482,96.48455619812012,0.008783528910328945,0.018357208834754096,0.003793634461859862,0.013171593971136543,0.009397360529336665,0.007935841037995285,0.03004687353554699,6.261140318754441e-05,0.015896422469781506
2453,0.0161493631079793,0.09170981243252754,96.36431312561035,0.00895607511823376,0.0185153161154853,0.003803627239022818,0.01338067208106319,0.009541031006309722,0.007958911965704626,0.03048994219551484,6.37483757670042e-05,0.0161493631079793
2454,0.016129388813343314,0.09247686177492141,96.16829657554626,0.008943732366379764,0.01849542008505927,0.0038026449099803966,0.013334577961100472,0.009535735150178274,0.007991168015739984,0.030368478434781233,6.34767633207092e-05,0.016129388813343314
2455,0.016065321953760252,0.09151348307728767,96.40861105918884,0.008899685028526519,0.01848629872004191,0.003801183314062655,0.013286996173361936,0.009499387031214104,0.00793563713837001,0.030215553322599994,6.337534687677109e-05,0.016065321953760252
2456,0.015900554673539267,0.09279320642352104,96.42797589302063,0.00879256963936819,0.018336890008714465,0.003791057750996616,0.013161725546750757,0.009397104519108931,0.007933632758342557,0.030010897339218193,6.310263068775788e-05,0.015900554673539267
2457,0.016032603507240614,0.09324989795684814,96.64843535423279,0.008879758742534452,0.01843596617380778,0.003798199532450073,0.013249910223401254,0.009481619693752791,0.007927353547679053,0.030319931829969088,6.361707814761136e-05,0.016032603507240614
2458,0.01605706938025024,0.09343158259987831,96.42185974121094,0.00890825818810198,0.018419213824801974,0.0038010655679843494,0.013291266713705327,0.009505666924847497,0.00794008057564497,0.029780196423331896,6.307692162114502e-05,0.01605706938025024
2459,0.01619416907015774,0.09308003902435302,96.26544499397278,0.00898885432837738,0.018559103012084962,0.003804444545466039,0.013378275910185443,0.009565989511708419,0.007936849558932913,0.030609533356295692,6.283856928342225e-05,0.01619416907015774
2460,0.016114457303451166,0.09412541761994361,96.35748982429504,0.008941770036601357,0.018464072015550403,0.0038013630650109713,0.013329175497508712,0.009525551731801696,0.00794145891442895,0.03028073655648364,6.323778260259082e-05,0.016114457303451166
2461,0.01606011846413215,0.09206029117107391,96.21316337585449,0.008895416553649638,0.01851943016052246,0.0038008926374216876,0.013293725467390485,0.009491126862251096,0.007912510035352574,0.030069066948360867,6.370917062642749e-05,0.01606011846413215
2462,0.01607844131688277,0.09233780264854431,96.24207043647766,0.008913894246021906,0.018434138827853733,0.003800231076570021,0.013301876818554268,0.009506226991199785,0.00792861822164721,0.030455041871302657,6.287746616351736e-05,0.01607844131688277
2463,0.015877684077454938,0.09147305086255074,96.08687901496887,0.008783123979551924,0.018302228185865615,0.0037921322644170787,0.013162424405001932,0.009393122276912132,0.007923310043083297,0.02967523592627711,6.312620370490802e-05,0.015877684077454938
2464,0.01578962275965346,0.09197231024503708,96.45420050621033,0.00870888818676273,0.018340924845801458,0.0037898948426461883,0.013095414243224595,0.009320852948973576,0.007914189309295681,0.029726404522856076,6.341514182677896e-05,0.01578962275965346
2465,0.016013370909624628,0.09310770630836487,96.45366477966309,0.008875308605945773,0.01835323651631673,0.0037887425762083795,0.013256321723262469,0.009478064386381043,0.007922005338801278,0.030256536818212932,6.299489683879894e-05,0.016013370909624628
2466,0.01603343355572886,0.09208655640482903,96.65468454360962,0.008876330887691842,0.018428166442447238,0.0037998221162706615,0.013260836034185356,0.009476442109379504,0.007884814061431421,0.030765689892901314,6.322241516512703e-05,0.01603343355572886
2467,0.01610757503244612,0.09312434852123261,96.39714360237122,0.008934053807622857,0.01853081014421251,0.003806907975425323,0.013320521174205674,0.009506679051038292,0.007950635535849465,0.02999505927786231,6.24725392864415e-05,0.01610757503244612
2468,0.016117327565120326,0.09259818017482757,96.34451198577881,0.008942980327539974,0.01851091676288181,0.003799873841409054,0.013328459022773636,0.009535574430806769,0.007942992864797513,0.029912535945574442,6.343005921539518e-05,0.016117327565120326
2469,0.016070946459141044,0.09264916941523552,96.38825821876526,0.00891568174171779,0.018392648696899414,0.003796739749506944,0.01329992717752854,0.009520701308631235,0.007896149942858352,0.03030357249495056,6.325071785139376e-05,0.016070946459141044
2470,0.01602264707701074,0.09144362896680831,96.14067673683167,0.008869099705997441,0.018478870921664767,0.003793072917809089,0.013273943403942718,0.009475575470262104,0.00791501267088784,0.030059633354345958,6.387678510817649e-05,0.01602264707701074
2471,0.015894220090574687,0.09252915233373642,96.22310543060303,0.008776266897718111,0.018444849120246038,0.00379548168172025,0.013165526038242711,0.009366748670323027,0.007955638631764385,0.029888826741112602,6.320990954293393e-05,0.015894220090574687
2472,0.015879566168619526,0.092874336540699,96.45532631874084,0.008760290361113018,0.018440627257029215,0.0037938150794555744,0.013153291777190235,0.00936859508148498,0.00794689164393478,0.03005595533384217,6.380244967080746e-05,0.015879566168619526
2473,0.01574363999068737,0.09217401906847954,96.49485993385315,0.00867276331823733,0.01832599401473999,0.0037850721216657096,0.013073229235079553,0.009270620137039158,0.007922479727615913,0.029915470327768062,6.337441935501589e-05,0.01574363999068737
2474,0.015954848962525525,0.092972611784935,96.32654023170471,0.00882079114102655,0.01843281666437785,0.0037907328399726086,0.013216836725672086,0.009425018603603045,0.007913504488145312,0.03017665942096048,6.344851538254185e-05,0.015954848962525525
2475,0.0160170764889982,0.09278870925307274,96.41262984275818,0.008868734702053998,0.01841414319144355,0.0037931526043555805,0.013258460406214,0.009471327739043368,0.007892796126090817,0.030477960685061083,6.373704333662762e-05,0.0160170764889982
2476,0.01607831112212605,0.09287942990660668,96.42294263839722,0.008908439359317222,0.018457683192359076,0.0037954388041463163,0.01328445200290945,0.00949925508350134,0.007910579283618265,0.0307680839796861,6.320969587515417e-05,0.01607831112212605
2477,0.016036790559689203,0.09327904239296914,96.199392080307,0.008892565785596768,0.01842697090572781,0.0037977273027516075,0.013272949852463273,0.009495595190674066,0.007920288582228952,0.029754022388822503,6.342816665410725e-05,0.016036790559689203
2478,0.016089166377981502,0.09132692769169808,96.56871390342712,0.008918518697222074,0.01839474254184299,0.0037947067830504644,0.013297528082297908,0.0095217407349911,0.00793550163300501,0.030903770352403322,6.349945978930312e-05,0.016089166377981502
2479,0.01589600501788987,0.09231348097324371,96.45279288291931,0.008796735120316347,0.018330207135942248,0.0037866246927943494,0.013175501016279062,0.009389036264684465,0.007911395753423372,0.029750744841165012,6.337858168755083e-05,0.01589600501788987
2480,0.015977905752758186,0.09312119513750076,96.37145280838013,0.008845793126771848,0.018403811984592015,0.0037967862913178075,0.013244661192099253,0.00944232996346222,0.007935844941271676,0.02990822003326482,6.306043416590345e-05,0.015977905752758186
2481,0.01586765921778149,0.09257606238126755,96.28603649139404,0.008777761328965426,0.01830637004640367,0.0037883103706149593,0.01314884793634216,0.009381555391268597,0.007907005140764846,0.029656076427135202,6.259816569614416e-05,0.01586765921778149
2482,0.01610944275226858,0.09288512632250785,96.45265460014343,0.008946921879218684,0.018368087344699437,0.003796628509234223,0.013333935795558824,0.009537105187773705,0.007915188300733764,0.03047463684032361,6.325304015934168e-05,0.01610944275226858
2483,0.01600709522349967,0.09264778017997742,96.26563787460327,0.008866793045567142,0.018406808111402724,0.0037911465784741774,0.013241752054956224,0.009467317364695998,0.007930005263123248,0.030094302754021352,6.334698916883023e-05,0.01600709522349967
2484,0.015956659925480683,0.09300056099891663,96.57641959190369,0.00882763916419612,0.018395999007754855,0.003792736996482644,0.013217305054681168,0.009421843271702528,0.00792200988986426,0.030191874450279606,6.326784831243752e-05,0.015956659925480683
2485,0.015810166142053075,0.0932651861011982,96.51771473884583,0.00873188487564524,0.018283625973595515,0.0037856317709924446,0.013113799144824346,0.009325169805023405,0.007919396700130569,0.02990673713386059,6.313797241205461e-05,0.015810166142053075
2486,0.015950884136060873,0.09247576162219047,96.53945207595825,0.00883115941244695,0.018326884375678167,0.0037902073406924806,0.013212150010383792,0.009432825255725119,0.007899433427179853,0.03025310511390368,6.27855389679313e-05,0.015950884136060873
2487,0.015896945686803925,0.09307643860578536,96.40669417381287,0.008783273380249739,0.018454288641611735,0.0037954018130484553,0.013166603609505627,0.009364543286048703,0.00790203073165483,0.02983645799259345,6.301865683038008e-05,0.015896945686803925
2488,0.01601815437277158,0.09269781664013862,96.39450025558472,0.008885797465013133,0.01835347572962443,0.0037957628298964765,0.013262011797891722,0.009480434509201182,0.007882413388126426,0.030063662773205175,6.331945670063751e-05,0.01601815437277158
2489,0.015828075926336976,0.09265071168541908,96.42290425300598,0.00874573964625597,0.01827164438035753,0.003785404617794686,0.013112473930749628,0.009347130122284095,0.007910204763627715,0.030022355247702862,6.319525596794742e-05,0.015828075926336976
2490,0.01596895461695062,0.09170745402574539,96.35036492347717,0.008848924270520607,0.01836211257510715,0.0037944122983349696,0.013236437682062388,0.00944751615739531,0.007900910855581363,0.02974342339568668,6.331787668786701e-05,0.01596895461695062
2491,0.01580958544380135,0.09221075788140297,96.45949387550354,0.00872702905908227,0.018313941690656872,0.0037861717476819954,0.013124785733719667,0.009325864886244139,0.007883273251354694,0.029985207530359426,6.347052115330598e-05,0.01580958544380135
2492,0.015796795901325014,0.09260442435741424,96.52036666870117,0.00873118687214123,0.01824781126446194,0.0037823519260726042,0.013099076056645976,0.009331426098942757,0.007914728843089608,0.02956495715926091,6.3087075923502e-05,0.015796795901325014
2493,0.015902862093514866,0.09291549816727639,96.39116978645325,0.008794412374910382,0.018296133677164712,0.003782589604250259,0.013182982686493133,0.009406640970458588,0.007894431478861305,0.030337078608572484,6.373973848206384e-05,0.015902862093514866
2494,0.01607947499387794,0.0913547621667385,96.4454653263092,0.008929930492821666,0.0183348109987047,0.0037912679442928896,0.013307983014318679,0.009515752115597327,0.007891179293187129,0.030502282832231786,6.305227367058643e-05,0.01607947499387794
2495,0.01623002903535962,0.09183036372065544,96.49722194671631,0.009036975726485253,0.018458429972330728,0.0038034615070662563,0.01340709573071864,0.009608011117411984,0.007871691435575486,0.030479357298463582,6.233643037186691e-05,0.01623002903535962
2496,0.016263015295068423,0.09174751177430153,96.5069830417633,0.009041830708997117,0.018570870293511284,0.003806426333160036,0.013433906363530292,0.009632761892345217,0.00790840866872006,0.030533088424967395,6.332970624350726e-05,0.016263015295068423
2497,0.016433621669809023,0.09214081898331643,96.31849265098572,0.009157567924509447,0.018694688744015163,0.0038194043261723385,0.013547372114327218,0.009743900532937713,0.007921642263730367,0.030697369521690738,6.314420349456876e-05,0.016433621669809023
2498,0.016258839228087,0.0930160105228424,96.31339955329895,0.009041511921419037,0.018538391060299343,0.003808526304653949,0.013414494424230523,0.009628092313392294,0.007913097414291567,0.03068408142361376,6.349056120454814e-05,0.016258839228087
2499,0.015898334139751065,0.09178218930959701,96.46330523490906,0.008794949301001099,0.018337378236982557,0.0037908905951513183,0.013187702608605226,0.00939336418070727,0.007880408672822846,0.029923906011713877,6.336896795788662e-05,0.015898334139751065
2500,0.016223608565827212,0.09172232121229172,96.30523824691772,0.00901507794443104,0.01851194832060072,0.0038065317852629555,0.013402498103678226,0.009601709697809484,0.007930432257966863,0.030690474692318174,6.258659159635095e-05,0.016223608565827212
2501,0.015950335218674606,0.09280378565192222,96.35481643676758,0.008838285981780953,0.018342419730292426,0.0037864623953484827,0.013221032727095816,0.00944206714630127,0.007891448674102625,0.02966613947103421,6.283807891609033e-05,0.015950335218674606
2502,0.015822812103562886,0.09168501451611519,96.1421582698822,0.00874816003979908,0.018265549606747096,0.0037842261656704877,0.013123662260671456,0.00933949875127938,0.007910540006640885,0.029717253040936257,6.272606872361703e-05,0.015822812103562886
2503,0.0158465419544114,0.09048299431800842,96.22816801071167,0.008765213808251751,0.018246526188320584,0.0037805774207744333,0.01311684245036708,0.009375941683020857,0.007892397076098455,0.02993786777059237,6.354921909938384e-05,0.0158465419544114
2504,0.015806247981058227,0.09122966453433037,96.53359961509705,0.008742243500633372,0.01821561680899726,0.0037777525579763783,0.01312159362145596,0.009339273162186145,0.007872512791719702,0.02973782764747739,6.345620321927352e-05,0.015806247981058227
2505,0.015789027259581617,0.09119329288601875,96.39682531356812,0.008734469181961484,0.018236385981241863,0.003781941755571299,0.013104152369002501,0.009345226517568032,0.007883397514621417,0.029066237095329496,6.290729862225279e-05,0.015789027259581617
2506,0.015961281555808254,0.09176701143383979,96.51151657104492,0.00882934098649356,0.01838073280122545,0.0037853634817939666,0.013224420932432016,0.009411784331831667,0.007896910115248627,0.03064317478487889,6.355870812414979e-05,0.015961281555808254
2507,0.01588923902147346,0.09167723536491394,96.43542194366455,0.008780388169818455,0.018427384429507785,0.00378599617888944,0.013187072386758194,0.009370671225090822,0.007895914751829372,0.02970214089171754,6.273324480997329e-05,0.01588923902147346
2508,0.015863219334019556,0.09134786859154702,96.42393732070923,0.008761874294529359,0.018316091961330837,0.0037838426620389024,0.013160090539604425,0.009356408651090331,0.007914843089464638,0.0303417158830497,6.282107036310109e-05,0.015863219334019556
2509,0.016068177281154526,0.09077692866325378,96.64934659004211,0.008923497398694356,0.018336137135823567,0.003791166917524404,0.013298263645006551,0.009507197599030204,0.007894260266588795,0.03036161209560103,6.272544475212133e-05,0.016068177281154526
2510,0.01595220364630222,0.09160170346498489,96.29208254814148,0.008834110794381962,0.0183455400996738,0.003793043698080712,0.013205688061813513,0.009411983340978623,0.007899511584805117,0.030258656090332403,6.238008729890298e-05,0.01595220364630222
2511,0.01603505141619179,0.09225330621004105,96.3679130077362,0.008906528057737484,0.018316962454054092,0.0037878354359418154,0.013296828178895844,0.009500132687389851,0.007847953012420071,0.02996704391307301,6.37267702301219e-05,0.01603505141619179
2512,0.01617417169527875,0.09229522854089738,96.49770879745483,0.008971323983536826,0.01848446051279704,0.0037958280152330798,0.013371465286860864,0.009557814366287656,0.007893426501088673,0.031349934968683456,6.342858857067313e-05,0.01617417169527875
2513,0.015760976260321007,0.09241635665297508,96.35404658317566,0.008707761257472966,0.0182305203543769,0.003780567895414101,0.013085324397931496,0.009308387426038582,0.007919217480553522,0.029346895356559093,6.298444259217304e-05,0.015760976260321007
2514,0.01579060197290447,0.09185897618532181,96.56818699836731,0.008730536734478342,0.01818962017695109,0.0037779973100663887,0.01310211850123273,0.009332827108187808,0.007887852822119991,0.029816273964113658,6.336790047377465e-05,0.01579060197290447
2515,0.016003152521120178,0.09291403353214264,96.37006330490112,0.008869601361867454,0.018367937405904134,0.003790853918116126,0.013258729750911394,0.009437270203812255,0.00789177644583914,0.030434897912459243,6.25262405724906e-05,0.016003152521120178
2516,0.01622591954966386,0.09246620655059815,96.45586133003235,0.009011113738848104,0.018553922441270618,0.0037965772797664008,0.013383819758892058,0.009579498337374794,0.007862603614727655,0.031281983082493144,6.354506883901144e-05,0.01622591954966386
2517,0.015962443293796647,0.09272904664278031,96.34620809555054,0.00883752778586414,0.018359897401597765,0.003785221045319405,0.013216962961273062,0.00943078786548641,0.007891293979353375,0.030311207266317475,6.274412346242128e-05,0.015962443293796647
2518,0.015841702210406462,0.09321696117520333,96.62110543251038,0.008767350241541863,0.018212620152367485,0.003777709603309631,0.013152276863240534,0.009366710097011594,0.007889405778712697,0.029812959144926734,6.374897016148869e-05,0.015841702210406462
2519,0.015939562320709227,0.0913880656659603,96.19237208366394,0.008823885158118274,0.018394015630086264,0.003784488307622572,0.01321642097706596,0.009418367586202092,0.007850345923668808,0.029885201905336646,6.313613449129383e-05,0.015939562320709227
2520,0.016000908000601662,0.09247428327798843,96.39821362495422,0.008881761634515392,0.018334840933481852,0.0037873699619538253,0.013260169120298492,0.009473460300101174,0.0078833767813113,0.029637020907054345,6.35469486322036e-05,0.016000908000601662
2521,0.015998458378016948,0.09293924897909164,96.5725998878479,0.008872231249180105,0.018296590116288928,0.003782942734865679,0.013236897664351596,0.009455877157549064,0.007899408804045783,0.0304941083656417,6.292796690802208e-05,0.015998458378016948
2522,0.01592739433877998,0.09258762210607528,96.50353074073792,0.008821639542778334,0.018268430497911242,0.0037824992830347683,0.013202298045572308,0.009421555168098873,0.007849809543954001,0.030362716499302122,6.313422255977406e-05,0.01592739433877998
2523,0.015981120562387836,0.09244971334934235,96.29110455513,0.008859791159629822,0.018335167831844752,0.0037900800413141647,0.013253098335117102,0.009432058369533883,0.00791117639384336,0.030068878009915354,6.190210695498325e-05,0.015981120562387836
2524,0.015902832067675062,0.0939401014149189,96.39479613304138,0.008808234725147485,0.018253133561876085,0.0037775695520556635,0.013195814720044533,0.009400477767404583,0.007880579808519946,0.03004556675752004,6.302498826154116e-05,0.015902832067675062
2525,0.015839474437137444,0.09335274338722228,96.43969869613647,0.008756306276967128,0.01827203591664632,0.0037801475383134353,0.013137969246341122,0.00936236828772558,0.007880504662171006,0.02993851268870963,6.334944303634534e-05,0.015839474437137444
2526,0.01571618877351284,0.09153964638710022,96.37483644485474,0.008675259124073718,0.01816952069600423,0.0037760851113125683,0.013057852873785629,0.00928702758004268,0.007851853952225712,0.029794024601578713,6.347154291731124e-05,0.01571618877351284
2527,0.015819396467672452,0.09167475804686546,96.38187575340271,0.008744224659684632,0.01824114508099026,0.003779249146787657,0.013127687455465397,0.009342012591660023,0.007893210928887128,0.02996657267626789,6.315014036393525e-05,0.015819396467672452
2528,0.0157944890898135,0.09096304386854172,96.42515230178833,0.008722056974139478,0.01827444659339057,0.003776548372892042,0.013113890352348487,0.009310397888637252,0.00788035217155185,0.030009835879835817,6.220074415437852e-05,0.0157944890898135
2529,0.015978620594574347,0.09159767553210259,96.38466763496399,0.008858664130998983,0.018318639596303303,0.003786204836020867,0.01323858810795678,0.009455566027512153,0.007871671085142426,0.030114144889844787,6.333958230180138e-05,0.015978620594574347
2530,0.01596691803385814,0.09176018863916396,96.55867314338684,0.008860992880331145,0.018286991914113364,0.0037793959221906134,0.013224052329444224,0.009451615793837442,0.007884776931669977,0.02971224434259865,6.321472581829665e-05,0.01596691803385814
2531,0.015885347856415644,0.09310522735118866,96.35645151138306,0.008794598469717635,0.018257256084018285,0.0037809284760927163,0.013173885051574971,0.009388965444846286,0.007862029729617966,0.030090744367076292,6.332982170117438e-05,0.015885347856415644
2532,0.015809164891640345,0.09325037077069283,96.52091693878174,0.00873989561572671,0.01824422942267524,0.003776887801165382,0.013119813048591217,0.009335867955038945,0.007867235802114009,0.029851069611807664,6.316671141617133e-05,0.015809164891640345
2533,0.016015038647585446,0.09165610253810882,96.4753110408783,0.008893891376339728,0.018272282017601862,0.003780695284302864,0.013260493918011585,0.009453112495442232,0.007906221766024828,0.03033375764886538,6.353308742473492e-05,0.016015038647585446
2534,0.016137957610189914,0.0916476309299469,96.5831868648529,0.00895642640069127,0.018479141924116347,0.0037879594508558514,0.013346001114696264,0.009532947573396894,0.007880820044212871,0.030744470486210453,6.373427646132986e-05,0.016137957610189914
2535,0.015891309020419915,0.09197991415858268,96.49271082878113,0.008799521513283252,0.018309196101294622,0.0037818307895213367,0.013186195923222436,0.009385453381886085,0.007875434207833475,0.029683655082351632,6.222415422065234e-05,0.015891309020419915
2536,0.015880761676364475,0.09221648082137107,96.52949976921082,0.008794043682929542,0.01825455904006958,0.0037770642950716946,0.013175266134656138,0.00939448778414064,0.007853266574028465,0.02989336919453409,6.3335184911583e-05,0.015880761676364475
2537,0.015890639987256792,0.09194024682044982,96.4720573425293,0.008799868389550183,0.01826416465971205,0.0037765299518489177,0.013173292529665762,0.009388584881607029,0.007853620169270369,0.030090821815861597,6.33860329502214e-05,0.015890639987256792
2538,0.015961930913229783,0.09204852357506751,96.43450856208801,0.008846870267556773,0.01832121875551012,0.003784525938746002,0.01321494027144379,0.009436747926390833,0.007847689803068837,0.030233044396671984,6.305122139817993e-05,0.015961930913229783
2539,0.015861888258821434,0.09217193812131881,96.45556879043579,0.008777501436157359,0.018285010920630562,0.003781749551805357,0.013159327146907648,0.009370227706515126,0.007856105307324066,0.029831579447620445,6.358396487106196e-05,0.015861888258821434
2540,0.015973679199814798,0.09277587875723839,96.22999715805054,0.008861796487536695,0.01826867898305257,0.0037799705347667137,0.013233187368346585,0.00944602833646867,0.0078488348910792,0.03030934849133094,6.279068695666522e-05,0.015973679199814798
2541,0.016108600497245787,0.0932312124967575,96.13858938217163,0.008960688648124536,0.01831354988945855,0.0037879027001973655,0.01334775192456113,0.009523401320394543,0.007905341999398338,0.03029647512154447,6.270056057035036e-05,0.016108600497245787
2542,0.015911699661778078,0.09293264240026473,96.67416381835938,0.008821559633231826,0.018237248261769614,0.0037796718834175002,0.013209602396107382,0.009421158933805095,0.00784902061542703,0.029800726278788513,6.330643331204379e-05,0.015911699661778078
2543,0.015802383745710056,0.09296140730381013,96.71445655822754,0.008737082938767142,0.018184867435031466,0.0037720061983499264,0.013118575850708617,0.009342661324060626,0.007871178612112999,0.030031143787006536,6.34795300059654e-05,0.015802383745710056
2544,0.016061562713649537,0.0933745776116848,96.39076113700867,0.008916955940011476,0.0184370666080051,0.00378706944330285,0.013288537748157978,0.009473087868342797,0.007876113810473017,0.03006396612773339,6.24217046094423e-05,0.016061562713649537
2545,0.01656749671532048,0.09329926133155823,96.62011194229126,0.009253891987933053,0.0187179610464308,0.00382471666774816,0.013635401682307324,0.009827742750446001,0.007883834576027262,0.03134783374766509,6.305197336227289e-05,0.01656749671532048
2546,0.015991754395266376,0.09184165507555007,96.52036261558533,0.008880408687724007,0.018268426259358723,0.0037870228321601946,0.013256686859660678,0.009477780871093274,0.007861682006882297,0.029803658007747598,6.317985108552194e-05,0.015991754395266376
2547,0.015736337378621103,0.09115324795246124,96.44197368621826,0.008699783047454225,0.018160509533352322,0.0037740319568870797,0.01306949401067363,0.00930170679051015,0.007865505824900336,0.029400217342707848,6.304864552686911e-05,0.015736337378621103
2548,0.016204913064009615,0.09337760299444199,96.6398823261261,0.009021669363396035,0.018327604399787055,0.0037960383725456066,0.01338655614397592,0.009609039409293068,0.00787924169252316,0.031029764629072615,6.340562843412556e-05,0.016204913064009615
2549,0.01670484838800298,0.09335394993424416,96.58165955543518,0.009348696739309364,0.018754277229309082,0.003823276405326194,0.013711472464104493,0.00991592011310988,0.007909913188260462,0.03191602491256264,6.30838521253215e-05,0.01670484838800298
2550,0.016539973848395877,0.0928658077120781,96.47950458526611,0.009248440785126554,0.018652218712700737,0.0038144092318705388,0.013621967726697524,0.009819540706359677,0.00788811629017194,0.03088147271010611,6.355692601064117e-05,0.016539973848395877
2551,0.01582523173549109,0.09293005123734474,96.59920406341553,0.00875970967941814,0.018222043514251707,0.0037804269019721284,0.013127343938168553,0.009366223637221588,0.007843413609597418,0.029582663335733943,6.355418494234439e-05,0.01582523173549109
2552,0.015532417396704357,0.09171720668673515,96.33979392051697,0.008555826919360294,0.018071957959069147,0.003765909059180154,0.01293037055267228,0.009165688809007406,0.007824811734673049,0.029165549418992465,6.37846556059982e-05,0.015532417396704357
2553,0.015625421764949958,0.0931409764289856,96.49239373207092,0.008608646384543842,0.01812187009387546,0.0037623811073394286,0.01298592374763555,0.00921467494012581,0.007853905198474726,0.029981212003363504,6.301933066827621e-05,0.015625421764949958
2554,0.015657031676835485,0.09128060102462769,96.41267991065979,0.008634031528813972,0.018170171313815646,0.0037674194724402494,0.01299882627195782,0.009215739176919063,0.00787147576506767,0.02978495178744197,6.3232812115896e-05,0.015657031676835485
2555,0.01573304057535198,0.09216084256768227,96.50209498405457,0.008693308668831985,0.018167490164438884,0.0037662359715128937,0.013075246899906133,0.009286773538009987,0.00783740618576606,0.029764894069068962,6.31627466369701e-05,0.01573304057535198
2556,0.01567872238655885,0.09243494719266891,96.31183242797852,0.008658390223152108,0.018107057412465412,0.0037667879539852343,0.013043489077438911,0.009267048144506084,0.007808016024322973,0.0296883647226625,6.366450716203392e-05,0.01567872238655885
2557,0.015745971778200734,0.09175787627696991,96.47497701644897,0.008703892913957437,0.018143097294701472,0.0037654206156730653,0.013077066234416432,0.009303216329879231,0.007829830470598407,0.029925572565860217,6.36773217512617e-05,0.015745971778200734
2558,0.015839823455446295,0.09328158915042878,96.39391160011292,0.008771359467258056,0.01818910704718696,0.0037734059342700572,0.013139471833904584,0.009373684159169594,0.007855379782203171,0.029823522294561068,6.322289926341146e-05,0.015839823455446295
2559,0.015779173154797817,0.09137693852186203,96.38578820228577,0.008725061437322034,0.018192746374342178,0.0037703636666345927,0.013102864916953776,0.009319052433388101,0.007844270613665383,0.029823144767433404,6.372527377037961e-05,0.015779173154797817
2560,0.015799147602584628,0.09388003841042519,96.40644311904907,0.008735721935000685,0.018207826349470352,0.003769958860033916,0.013116281345072719,0.009327575473321808,0.007804395862751537,0.03019754291822513,6.335348674792524e-05,0.015799147602584628
2561,0.015962140001356602,0.09150252610445023,96.36500334739685,0.008861017560379372,0.018217030631171333,0.0037766058266990713,0.013225815743207931,0.009444354774637355,0.007815861464995476,0.030345160112612776,6.291213856671776e-05,0.015962140001356602
2562,0.0157385953143239,0.09266114786267281,96.31736826896667,0.008703457708987925,0.018150122430589465,0.0037671716500901516,0.01307709910803371,0.009300441001024512,0.007843407039634055,0.029494722013672193,6.37378572906676e-05,0.0157385953143239
2563,0.015858798006342517,0.09168533086776734,96.27624011039734,0.008770550201750464,0.018326266606648763,0.00377657954632822,0.013139539495524433,0.009352463877035512,0.00782312298917936,0.030117156826373604,6.298787637447253e-05,0.015858798006342517
2564,0.01600881752454572,0.0924924536049366,96.4037275314331,0.008891128185722562,0.01832384771770901,0.003783310802342991,0.013247387485785616,0.009458365850150585,0.007855604228874047,0.029970064076284567,6.328260566392648e-05,0.01600881752454572
2565,0.015889493003487586,0.09114787966012955,96.3046624660492,0.008815930067665047,0.018191728591918945,0.0037770538911637334,0.013180687502026557,0.009404949965990252,0.007857973705977201,0.02956176725526651,6.32688936613156e-05,0.015889493003487586
2566,0.015921015900870163,0.09247200265526771,96.16651058197021,0.008839191873040464,0.018144124348958332,0.003775485429084963,0.013226481794069211,0.009426690611160464,0.007833444558911853,0.03003331721242931,6.324430295124491e-05,0.015921015900870163
2567,0.01596574636383189,0.09286287575960159,96.37535333633423,0.008858248243729274,0.018276375399695503,0.0037776437551817962,0.013235206535706917,0.00943651525510682,0.007865394873337614,0.030058662415378624,6.350458355591905e-05,0.01596574636383189
2568,0.015890219406121307,0.09251297667622566,96.29209017753601,0.008801974298225509,0.01826333098941379,0.0037768713286560444,0.013182475676553116,0.009395585298124287,0.007870922268678745,0.029793901099926894,6.349718737387396e-05,0.015890219406121307
2569,0.015605467210213343,0.0932974462211132,96.52647376060486,0.008618875928223134,0.0180298466152615,0.003763418718655076,0.012984872034026517,0.009229146453241507,0.00784794840340813,0.029042601310130624,6.363533525161972e-05,0.015605467210213343
2570,0.015520585647059812,0.09214682295918465,96.27235221862793,0.008556779382957352,0.017999413278367786,0.0037574838298476405,0.01291368876894315,0.009168707359996107,0.00781541254164444,0.029166013081040647,6.301314997256243e-05,0.015520585647059812
2571,0.015676635172632007,0.09283167243003845,96.32063388824463,0.008656451660725805,0.01811263534757826,0.0037644570600241425,0.01303091938710875,0.009259480962322817,0.00785340316593647,0.02958934826983346,6.363062676067935e-05,0.015676635172632007
2572,0.01574374187323782,0.09163451448082924,96.38086009025574,0.00870966954363717,0.018099743525187173,0.003763652257621288,0.013071749113086197,0.009308648719969724,0.007823126713434854,0.02984868598067098,6.345286877780786e-05,0.01574374187323782
2573,0.01598486691713333,0.09264801859855652,96.42569780349731,0.008871720820251438,0.018257085217369927,0.0037764618980387844,0.01325926644106706,0.00945538943219516,0.007831241043491496,0.030340384896844624,6.340401664134335e-05,0.01598486691713333
2574,0.015868577303157914,0.09316178664565086,96.39079356193542,0.00879454277869728,0.018189539909362794,0.003770448361109528,0.013175750515527196,0.009389547244128254,0.007827081777569321,0.029915484746711123,6.352767776680147e-05,0.015868577303157914
2575,0.016000140172739822,0.09295078560709953,96.4003233909607,0.008880818103336626,0.018278218375311957,0.0037809460242796277,0.013280922219985062,0.009480242420815759,0.007833343810505338,0.03013588082873159,6.346871160986744e-05,0.016000140172739822
2576,0.015874412088758415,0.0923078091442585,96.42755913734436,0.00880015358949701,0.018224718040890164,0.0037742916598088212,0.013183725991596779,0.009397405822657877,0.007803503939261039,0.0296369717311528,6.371644825252234e-05,0.015874412088758415
2577,0.015849947987331286,0.0916751703619957,96.57524585723877,0.00878129441705015,0.01817239099078708,0.003769256972397367,0.013139078770246771,0.009377322983410624,0.00781724052503705,0.030086428899731902,6.33169996760093e-05,0.015849947987331286
2578,0.01598001333988375,0.09212455749511719,96.24706602096558,0.008879006989300251,0.01823581165737576,0.003776818191529148,0.013237483222037555,0.009453152695463764,0.007839724292150803,0.029967871813310516,6.291731452184892e-05,0.01598001333988375
2579,0.01588257120301326,0.09440711006522179,96.52199602127075,0.008815629327048859,0.018130373424953883,0.003769741551950574,0.013164567090570926,0.00941091960709956,0.00781115412298176,0.029901066161692143,6.35901474336246e-05,0.01588257120301326
2580,0.015863700811233786,0.09280206486582757,96.4066412448883,0.008789658995552195,0.018250103526645238,0.0037745546435730324,0.013171886522322894,0.0093701859894726,0.007848212934202618,0.029576046624117426,6.324600388193108e-05,0.015863700811233786
2581,0.015768244386547142,0.09306755259633065,96.32371234893799,0.008716955267720752,0.01823815001381768,0.0037688640753428143,0.013093589167628024,0.009316106115778287,0.007822547471150756,0.02949900405274497,6.311298365845788e-05,0.015768244386547142
2582,0.0156762588603629,0.09110831454396248,96.54008460044861,0.008662943773799472,0.018069796297285293,0.0037624027931855786,0.013032380984061294,0.009262777535865704,0.007847483036004835,0.029557406817459397,6.32813719490836e-05,0.0156762588603629
2583,0.015806711713473,0.09271203815937042,96.41183090209961,0.00876710361490647,0.018105040656195746,0.00376825330261555,0.013134159406440126,0.009354049141208331,0.0078056996543374325,0.029440007073183855,6.406240125657961e-05,0.015806711713473
2584,0.015729152456753784,0.09179170742630959,96.69344997406006,0.008700687463084857,0.01809908972846137,0.003765695281326771,0.013063212608297665,0.00929995765288671,0.007816438915001021,0.02971600629389286,6.329921366896782e-05,0.015729152456753784
2585,0.015577335614297125,0.09292282596230507,96.35406160354614,0.008578975548346838,0.01809652911292182,0.0037625887607120804,0.012961115092039108,0.009178397055301402,0.007793663900552524,0.02995296069731315,6.302603257737498e-05,0.015577335614297125
2586,0.01575168776429362,0.09159513503313065,96.38084101676941,0.008703285389476352,0.018194791740841335,0.003766121598891914,0.01308440036036902,0.009295003443128533,0.007803594544529915,0.03001009383549293,6.353197744000659e-05,0.01575168776429362
2587,0.015762475517888865,0.09177374884486199,96.41560959815979,0.008724913069357475,0.018103224436442057,0.0037633968455096085,0.01309032912676533,0.009316036326603758,0.007833107087968125,0.029809650368988513,6.336244667323854e-05,0.015762475517888865
2588,0.01572664686789115,0.0927926853299141,96.19311213493347,0.00869569139348136,0.01808051771587796,0.0037623469857499003,0.013061461160994239,0.009284480129265122,0.007818103066335121,0.030143100826276675,6.373395185401501e-05,0.01572664686789115
2589,0.01563202643353078,0.09191452041268348,96.30402994155884,0.008634953943805562,0.018082923359341092,0.003761105362015466,0.013002033008055554,0.00923476449938284,0.007800262034353283,0.02924061293817229,6.299690847348296e-05,0.01563202643353078
2590,0.015824250102870994,0.09238822728395463,96.4060378074646,0.00877729238735305,0.018088185257381862,0.0037634850510706503,0.013139692900909317,0.009362483539928993,0.007827289012364215,0.02975346794972817,6.310318503442621e-05,0.015824250102870994
2591,0.015869840354555183,0.09282310470938683,96.36093759536743,0.008809650517586205,0.018095885382758248,0.003764841630537477,0.013180657025012706,0.009404346715244982,0.0077980525667468705,0.02988830167800188,6.328165096224185e-05,0.015869840354555183
2592,0.015803790241479872,0.09085620000958443,96.47764682769775,0.008759132574001948,0.01815508762995402,0.0037635690139399634,0.013129481720841593,0.009345832549863391,0.00782313978092538,0.029360206007129616,6.356526970422906e-05,0.015803790241479872
2593,0.01572827324685123,0.09355381861329079,96.37591338157654,0.008694212020685276,0.018146643903520374,0.0037635919182664817,0.013069765522248216,0.009276612992915842,0.0078111473295009795,0.029872991676545807,6.294462052227661e-05,0.01572827324685123
2594,0.01588609795603487,0.09242058992385864,96.5982813835144,0.008810392067664199,0.018183136251237658,0.0037704687089555795,0.013190149385482073,0.009384998165898852,0.007819234133801527,0.030066656544804574,6.285187455761034e-05,0.01588609795603487
2595,0.015733976024720403,0.09154251664876938,96.32461619377136,0.008694183722966247,0.01816836913426717,0.0037656307365331386,0.013066965469883549,0.009286616034805774,0.0077836102826727765,0.030012752984960873,6.310520000792191e-05,0.015733976024720403
2596,0.015688936052223046,0.09189154669642448,96.5591390132904,0.008686834095666805,0.018017868995666503,0.0037592500551707213,0.013051908299740818,0.009286324681921138,0.007816027760919598,0.02920622020132012,6.348624873863587e-05,0.015688936052223046
2597,0.01575779958317677,0.09220471560955047,96.45463395118713,0.008717479625095923,0.01814269092347887,0.003760947151006096,0.013082905359980133,0.00930451235630446,0.007811190175513427,0.02989024385395977,6.338419801535069e-05,0.01575779958317677
2598,0.015771021871931024,0.09164846584200859,96.4777684211731,0.008724021058943536,0.01817910697725084,0.0037645172058708137,0.013086033188220528,0.009315776282714473,0.0078093729354441165,0.02982439341644446,6.333198303954586e-05,0.015771021871931024
2599,0.015749419989685216,0.09132416054606438,96.3294129371643,0.008723725548221005,0.018072814146677652,0.0037603161432262925,0.013089772197935317,0.00930009429446525,0.00782920021770729,0.029629470378988318,6.304241475318248e-05,0.015749419989685216
2600,0.015807240456342696,0.09155285075306892,96.46685457229614,0.00876280127093196,0.01807635121875339,0.0037639326472870176,0.013134823257310522,0.009355846804877123,0.007774929865780804,0.030010298867192534,6.34266630637449e-05,0.015807240456342696
2601,0.015796513516041968,0.09054303914308548,96.31905198097229,0.008746156688365671,0.018131229877471924,0.003765690934119953,0.01312650319809715,0.009332052359564438,0.007798211893273724,0.030068463252650366,6.308587974201727e-05,0.015796513516041968
2602,0.015822357576754358,0.09062920331954956,96.42975401878357,0.008777251179433532,0.01811765432357788,0.003768753185868263,0.013139820833586984,0.009356446860151158,0.007802452556788921,0.029585981948508158,6.297781900444635e-05,0.015822357576754358
2603,0.015833220208684603,0.09261468976736069,96.37767195701599,0.008785917109085453,0.018110737535688613,0.003765604361477825,0.013143123152355354,0.009368584756222036,0.007782716082615985,0.029699789273242155,6.323702065478819e-05,0.015833220208684603
2604,0.01566917112718026,0.09199186399579048,96.41890788078308,0.008676371638559633,0.017981093724568686,0.003758624075498018,0.01302993863200148,0.009264237768948079,0.007803089111629459,0.029379021918608084,6.339478041248803e-05,0.01566917112718026
2605,0.015849549377130137,0.09470495432615281,96.39410424232483,0.008786826357245446,0.01820127248764038,0.0037677319161593913,0.013147876395119561,0.009364633351150486,0.007826579755379095,0.029631354291405943,6.351797456438311e-05,0.015849549377130137
2606,0.015886378271712197,0.09069904580712318,96.4385757446289,0.008818875416699384,0.018140146997239856,0.003767473288397822,0.013188861567113134,0.009393240935686562,0.007799436398264434,0.02998837916387452,6.275995469454503e-05,0.015886378271712197
2607,0.015781452221175035,0.09301032572984695,96.36771988868713,0.00874638765429457,0.018072027100457085,0.0037626260332763195,0.013109449359277884,0.009321352477288908,0.007829946594105826,0.029804021335310404,6.26656368940025e-05,0.015781452221175035
2608,0.015665059975451895,0.0910002338886261,96.39080286026001,0.008669736027303669,0.018012690014309354,0.0037582508091711336,0.013037928816758923,0.009264428369286988,0.007760693714436558,0.029404750648472044,6.374314622449775e-05,0.015665059975451895
2609,0.015527406421800454,0.09356129184365272,96.29008746147156,0.008568640084316332,0.01794113079706828,0.0037483618925842972,0.012930133630418115,0.00917134419290556,0.007758836450262202,0.029507924156884354,6.336306563971069e-05,0.015527406421800454
2610,0.0156703620031476,0.09156808525323867,96.33922147750854,0.008656166098597977,0.018084332942962647,0.003755155063958632,0.013029774979998668,0.009253547048817078,0.007797083389014006,0.02981476443509261,6.349592494534484e-05,0.0156703620031476
2611,0.01589770120879014,0.0912035122513771,96.29176378250122,0.00882761487737298,0.01812137497795953,0.0037643373850733044,0.013180506966180271,0.009393282323661777,0.007820855780608125,0.030213464889675377,6.283063464435498e-05,0.01589770120879014
2612,0.015957914346622096,0.08998422294855118,96.37890410423279,0.008865345310833718,0.018229084809621175,0.0037745405107529628,0.013224164651085933,0.009435868714418677,0.007808646338267459,0.02995246252251996,6.312189423237487e-05,0.015957914346622096
2613,0.015740062068733903,0.09261551305651665,96.4086685180664,0.008713619065367514,0.01807130283779568,0.0037596406425452894,0.013077548959602912,0.009296100661158562,0.007821682840585709,0.029798728653954134,6.321707506809086e-05,0.015740062068733903
2614,0.015767407570448186,0.09051424890756607,96.55723571777344,0.008733042124658823,0.01810830275217692,0.00376314685266051,0.013088831435889006,0.009313713007917007,0.007798196809987227,0.02978146668109629,6.284051213141437e-05,0.015767407570448186
2615,0.01574040852073166,0.09169544085860253,96.35098624229431,0.008710697171174817,0.018097321722242567,0.0037564613023358916,0.013088278940154446,0.009300395341383086,0.007788109642763933,0.02982330404015051,6.337302980771003e-05,0.01574040852073166
2616,0.015532827277978261,0.0910978902876377,96.4380943775177,0.008567052686380016,0.018016973866356745,0.003755748217097587,0.012934227970739206,0.00916815347969532,0.007801530332201057,0.029115717568331295,6.354070581159652e-05,0.015532827277978261
2617,0.01571542960074213,0.09312796592712402,96.56724715232849,0.008687097020447255,0.018111575974358453,0.0037540166369742817,0.01304169781299101,0.00926353600083126,0.007775097058879005,0.030260496919767725,6.345520964562941e-05,0.01571542960074213
2618,0.015811958519948852,0.09139966130256653,96.24880480766296,0.008770827785548236,0.01804311222500271,0.0037604117398667668,0.013115875675446457,0.00935525869536731,0.007789490872787104,0.03012663148343563,6.295005350268291e-05,0.015811958519948852
2619,0.015767309040659004,0.09204888314008713,96.46203780174255,0.008742755624569125,0.018033374945322672,0.0037597356188214487,0.013127191484802299,0.00933336810933219,0.007779333453832402,0.029586740040944682,6.300080586967935e-05,0.015767309040659004
2620,0.015712519958615303,0.09231423661112785,96.19262385368347,0.008707729070964787,0.017960211171044245,0.003753921986143622,0.013069198884897762,0.009302731201880509,0.007765792502711217,0.029754108621014488,6.352876123664764e-05,0.015712519958615303
2621,0.015788696718712646,0.09217890247702598,96.40083479881287,0.008760559552659591,0.01799709743923611,0.0037560346593252486,0.013112296567608912,0.009337302015887367,0.007765603649119536,0.03012205407437351,6.372631032193333e-05,0.015788696718712646
2622,0.01568225657360421,0.09299386039376259,96.55041193962097,0.00868183912916316,0.018000500202178957,0.0037535062240850593,0.013031415591637294,0.009253512209074364,0.00779047892946336,0.02977910884966453,6.308863851396988e-05,0.01568225657360421
2623,0.015900284271273348,0.09129207164049148,96.3267343044281,0.008827885205133093,0.018147428035736084,0.003759032075500323,0.013219394232663844,0.009400711856368515,0.007767987752126323,0.03012814192722241,6.374819738953855e-05,0.015900284271273348
2624,0.015679603148665695,0.09303682804107666,96.57442092895508,0.008658473926285902,0.018090450233883327,0.0037533051127360928,0.01303382455681761,0.009249818356086811,0.007805122925589482,0.03010919951316383,6.32875484493272e-05,0.015679603148665695
2625,0.01573130514886644,0.09315853402018547,96.30225419998169,0.008705638071729077,0.018112982908884686,0.0037617614829084938,0.013077324833720922,0.009290524483140971,0.00778064568216602,0.02966310358295838,6.268797870356045e-05,0.01573130514886644
2626,0.01576122410181496,0.09174919858574868,96.4676513671875,0.008739115597887172,0.018040372000800237,0.0037596598164074953,0.013107859074241585,0.009326800052076579,0.007808392020977206,0.029438810882469017,6.334263724730881e-05,0.01576122410181496
2627,0.015640605750183265,0.09356454655528068,96.46789073944092,0.008650478805518813,0.018020317554473878,0.00375228144435419,0.013004749113072952,0.009245758066988654,0.007772811802311076,0.02937379480443067,6.328358755789212e-05,0.015640605750183265
2628,0.015612280526094967,0.09225479274988174,96.48910093307495,0.008631786925511227,0.017951790491739908,0.003749451320618391,0.012993031632569102,0.009244238481753403,0.007795425689675742,0.02938456676279505,6.368372370550743e-05,0.015612280526094967
2629,0.015839616743226845,0.09365613907575607,96.43793201446533,0.008794030985898442,0.018076644208696153,0.003759830074591769,0.013147804002381034,0.009366240186823738,0.007776125638435285,0.02991506969763173,6.337600692330309e-05,0.015839616743226845
2630,0.01576792885859807,0.09241039499640465,96.46274137496948,0.008741429292907317,0.01810001320309109,0.0037581361245570912,0.013095674531327353,0.009324382320046424,0.007741700909617875,0.02955467916197247,6.307505749273585e-05,0.01576792885859807
2631,0.015784019289745224,0.09065469607710838,96.36936211585999,0.008750270747890075,0.018063870271046955,0.0037610977189615367,0.013106812847157319,0.009333285451349285,0.007782267135464483,0.029885328792863423,6.230158850486352e-05,0.015784019289745224
2632,0.015625302029980553,0.09293878063559532,96.34528613090515,0.00864092982477612,0.017996803919474284,0.0037533997790887954,0.013015343232287301,0.009221651131908098,0.007760147493746546,0.029509554815789065,6.210583083363493e-05,0.015625302029980553
2633,0.015666338685486052,0.0927449981868267,96.47481083869934,0.008676226720627811,0.017954551643795436,0.0037491473296864166,0.013023317946741978,0.009265482924464677,0.007782607492473391,0.02956343225720856,6.325033657128012e-05,0.015666338685486052
2634,0.015716092189153034,0.09261833280324935,96.37047743797302,0.00871101423477133,0.018022316296895345,0.0037545520439743996,0.013053577529887358,0.009287390940719181,0.0077740992026196585,0.029484329794843993,6.238940980070298e-05,0.015716092189153034
2635,0.015598167818453577,0.09299111858010292,96.39254212379456,0.008609395308627022,0.018003740310668946,0.003750259641350971,0.012974349392784966,0.009208470688511928,0.007781279237113066,0.02989584853665696,6.371008820123178e-05,0.015598167818453577
2636,0.015534404292702675,0.09238540306687355,96.59174394607544,0.008583102987872229,0.017883279853396945,0.0037458192836493254,0.01294180668476555,0.009189989500575596,0.007750285843180285,0.0293759075510833,6.34959509411163e-05,0.015534404292702675
2637,0.015560439932677481,0.0937187947332859,96.57781529426575,0.008591964023394717,0.017944833172692194,0.0037487851435111627,0.012955490897099176,0.009181074444204568,0.007763299629506138,0.0297479475206799,6.345623606769872e-05,0.015560439932677481
2638,0.015638361825711197,0.09346708953380585,96.48038053512573,0.00865238575057851,0.017936372492048474,0.0037471290708829957,0.01301937982853916,0.009250502615339226,0.0077706208928591675,0.02971142590045929,6.346066080776641e-05,0.015638361825711197
2639,0.015538034480479029,0.0923238891363144,96.66592955589294,0.00858362506247229,0.017910664876302083,0.0037459400518693856,0.0129410512600508,0.009185329772945908,0.007754658684134484,0.029357584656940567,6.381093474583648e-05,0.015538034480479029
2640,0.015606130204266972,0.09309314593672752,96.51929140090942,0.008625738370335765,0.017960914770762126,0.003749324885300464,0.01297362613802155,0.009212741448233525,0.0077688213148050835,0.029810510977274843,6.340038521711536e-05,0.015606130204266972
2641,0.015890764995581574,0.09287044078111649,96.35852432250977,0.00882511181756854,0.018026028209262423,0.0037577967666503455,0.013181890214069023,0.009397305943485763,0.007786420438852575,0.03081529102805588,6.272386693611212e-05,0.015890764995581574
2642,0.015844907412926355,0.09276171892881394,96.46545457839966,0.008791110935724444,0.018108702765570747,0.0037561795146514973,0.013160297396696276,0.009372239924139446,0.007753022578027513,0.03007650904978315,6.382812573590968e-05,0.015844907412926355
2643,0.015770122748282222,0.09348808616399765,96.38083720207214,0.00873213526689344,0.0181143143441942,0.0037549423416041667,0.01309402477203144,0.009308515718827645,0.007769863645856579,0.03008235846956571,6.319202296703944e-05,0.015770122748282222
2644,0.015630210811893145,0.09294191002845764,96.592946767807,0.008645469504925939,0.0179725538359748,0.0037519952323701645,0.013009682208713558,0.009233300615515973,0.007763084766144554,0.029607482271062004,6.273646752005233e-05,0.015630210811893145
2645,0.01565783923905757,0.0937975013256073,96.58104729652405,0.008667623924298418,0.01800937467151218,0.0037527412719403704,0.013015962998486227,0.009249088855253326,0.007777394024241302,0.029362629507150916,6.330036625639776e-05,0.01565783923905757
2646,0.015842127924164135,0.09262164056301117,96.49913811683655,0.008810833061320914,0.018015104399787055,0.003756809234101739,0.01316065091225836,0.009384605632060105,0.007768350411206484,0.02946578155375189,6.318333253763815e-05,0.015842127924164135
2647,0.015672111324965952,0.09267032027244568,96.47863340377808,0.008686131170640389,0.01793471998638577,0.003750635522107283,0.013046583303560814,0.009278752689974176,0.007731188839922349,0.029481826478408444,6.31485727259889e-05,0.015672111324965952
2648,0.015888151861727238,0.09169390574097633,96.5036768913269,0.008825391011519565,0.01808344867494371,0.003759126695804298,0.013188266439570322,0.00939198641727368,0.00777184597733948,0.030322084551056228,6.393330430363954e-05,0.015888151861727238
2649,0.01567193664196465,0.09318586170673371,96.63797068595886,0.008684114147391585,0.017953487502204046,0.003751415368169546,0.013035830787072579,0.009267948445760541,0.0077545680467867185,0.029489133254521422,6.242770774155205e-05,0.01567193664196465
2650,0.015547256672547922,0.09225366950035095,96.59630680084229,0.00859997736910979,0.01790388610627916,0.0037434651516377927,0.01295047923301657,0.009193166384680403,0.007747943223350578,0.028969164385149876,6.326483138446784e-05,0.015547256672547922
2651,0.01579756610095501,0.0918276433646679,96.68720245361328,0.00876956900374757,0.018016555574205187,0.003751281828412579,0.013109907263682948,0.009342898411883249,0.00776916328093244,0.029920582146280343,6.325306715097333e-05,0.01579756610095501
2652,0.01564583693527513,0.09188587978482246,96.21491527557373,0.008658961115611924,0.017962724102867974,0.0037464221344432895,0.013011415213760402,0.009255402500016822,0.0077656607805854745,0.02956310396600101,6.373811495386603e-05,0.01564583693527513
2653,0.015485524030195342,0.09248686596751213,96.60503196716309,0.008546038476957216,0.017869683371649847,0.003740198302289678,0.012901338667919239,0.00915580983998047,0.007760045891627669,0.029365905469490423,6.323003538574944e-05,0.015485524030195342
2654,0.015624776631593704,0.09278342083096504,96.66756439208984,0.008648175826917091,0.017950414816538494,0.0037502400437369942,0.013004190317458577,0.009229648494058185,0.007769069218387207,0.029404983953055408,6.363705469709657e-05,0.015624776631593704
2655,0.01576577893147866,0.0932921476662159,96.39790940284729,0.008750697227401866,0.018010466893513998,0.003757684510718617,0.013105857500599491,0.009323068608840307,0.007764850467857388,0.029536240104999806,6.3220812292373e-05,0.01576577893147866
2656,0.015818154571784867,0.0932370038330555,96.65418243408203,0.008778917714953422,0.018055029445224337,0.003761358827145563,0.013141993011037509,0.009365419809603029,0.007739630047645833,0.029933464825153352,6.313708363940605e-05,0.015818154571784867
2657,0.01578886729147699,0.09222757607698441,96.50580072402954,0.008760037782291572,0.01799136267768012,0.0037483428397940264,0.01311769474297762,0.009346882947203186,0.007739364854577515,0.030206560604274273,6.353481289781687e-05,0.01578886729147699
2658,0.01621793479141262,0.09321704119443894,96.34890341758728,0.00904636781455742,0.01830653667449951,0.0037843565973970624,0.01342729405603475,0.009598915270633168,0.00781674207912551,0.030821406953036784,6.343749429801365e-05,0.01621793479141262
2659,0.0163387048492829,0.09177412435412408,96.31372833251953,0.00912449901095695,0.018457042906019423,0.0037892216578539876,0.013466081782761548,0.009676833788139952,0.007804175741556618,0.030928452644083233,6.318677749492154e-05,0.0163387048492829
2660,0.015736234167383775,0.09223997697234154,96.6177806854248,0.008713471370024813,0.0179925979508294,0.0037500285440021093,0.013073797830277019,0.009303994569927454,0.007770683589494891,0.0303691338457995,6.314658834327642e-05,0.015736234167383775
2661,0.015362073178920481,0.09098159924149513,96.4292221069336,0.008459073923942115,0.017817576726277668,0.0037333892549698553,0.012806709203869105,0.009063766681485706,0.007758773470090495,0.02925311691231198,6.38989114357792e-05,0.015362073178920481
2662,0.01525140806618664,0.09162113189697266,96.63697910308838,0.008385774112410016,0.017763745254940455,0.003732490521959133,0.012735269456687901,0.008996292344397968,0.007720479764458206,0.028904685313916868,6.355201253694215e-05,0.01525140806618664
2663,0.015502911611563629,0.09180696785449982,96.6224627494812,0.008566122199926111,0.017863265143500433,0.0037404774238045018,0.012917266755054394,0.009151514607171217,0.007765007989688052,0.029237969981299506,6.314017704879641e-05,0.015502911611563629
2664,0.015650124852028158,0.09279153138399124,96.36436748504639,0.008661765325814485,0.017981949912177192,0.0037445693825268085,0.013005514753361543,0.009231741825739543,0.007763138717661301,0.02976817972958088,6.343097522053162e-05,0.015650124852028158
2665,0.015608691854609384,0.09213053449988365,96.46736097335815,0.00863416598074966,0.01798273113038805,0.0037475311807874177,0.01299250028613541,0.009231653896470864,0.007722241880579127,0.02927979070072373,6.33623053052664e-05,0.015608691854609384
2666,0.015554933105078009,0.09193595126271248,96.40680456161499,0.00860129191643662,0.01794294966591729,0.0037462220578971836,0.012962990897811121,0.009189408669869104,0.0077324725521935355,0.02903680386642615,6.326711422594815e-05,0.015554933105078009
2667,0.01543601850254668,0.09215384408831596,96.43680477142334,0.008514157045218679,0.017876842816670735,0.003738456011439363,0.01287606331002381,0.009109019121776024,0.007747335537440247,0.02905501176085737,6.362233416205577e-05,0.01543601850254668
2668,0.01553839060995314,0.0919822858273983,96.56161904335022,0.008586927797231409,0.017916817135281034,0.0037452152314492396,0.012949510467135245,0.009171704610602724,0.0077134967657426995,0.029433176430563132,6.344087756588124e-05,0.01553839060995314
2669,0.015987069097658,0.09216799527406692,96.4243175983429,0.008899879126499097,0.01812023639678955,0.003762767044827342,0.013287024967786339,0.009464756382836236,0.007798416485182113,0.03002989726761977,6.316703701714173e-05,0.015987069097658
2670,0.015940331295132636,0.09195711404085159,96.31302952766418,0.008875582377529806,0.018018873267703586,0.003759168605837557,0.013227901690536075,0.00944301142046849,0.0077664328066425195,0.030258984834783606,6.306727552921782e-05,0.015940331295132636
2671,0.015735164913866256,0.09280312702059745,96.62796974182129,0.008725258780436384,0.017979482809702556,0.003749878695234656,0.013066761564049456,0.009310487245933877,0.007764557602090968,0.0298124731083711,6.373286380615085e-05,0.015735164913866256
2672,0.015513601191341876,0.09304207772016525,96.49457836151123,0.008576787463906738,0.017883270316653783,0.003742358861491084,0.012910308314280378,0.009165968611422512,0.007716276748105884,0.029162323222392136,6.38140218248711e-05,0.015513601191341876
2673,0.015538728261987367,0.09255577459931373,96.38213157653809,0.008590912276671992,0.01784385840098063,0.00373645324466957,0.012946656040019459,0.00916792738561829,0.007757994926845034,0.029691259331173368,6.316489713548318e-05,0.015538728261987367
2674,0.015542212983386384,0.09329260006546974,96.33151745796204,0.008589750511778725,0.017873721387651233,0.0037417208786225983,0.01293957957997918,0.009174412987712356,0.007733325676785575,0.02974860373056597,6.311267042008239e-05,0.015542212983386384
2675,0.01574378148549133,0.09318875253200531,96.43209886550903,0.008719598853753672,0.01804825756284926,0.0037478163874604636,0.013107923972937795,0.009285844396799803,0.00775035903064741,0.0301542978733778,6.355759372490777e-05,0.01574378148549133
2676,0.015583359483215544,0.09242642760276794,96.3142101764679,0.008624776477615038,0.01789329687754313,0.0037431422978018722,0.012980152540322807,0.009221367285483414,0.007725289948284626,0.02930437049104108,6.35081051191122e-05,0.015583359483215544
2677,0.015723072782986694,0.09196621373295784,96.66232562065125,0.008710497203800413,0.018009145259857178,0.0037490806557858984,0.013077786006033421,0.009281094411595,0.007743623746145103,0.030059345434937212,6.310376019003724e-05,0.015723072782986694
2678,0.015810236715608172,0.09396673500537872,96.3892126083374,0.008764758521897925,0.018093247148725723,0.0037522920578097305,0.013141878667391008,0.009337149901936452,0.007701824171882536,0.030415964884062608,6.310339052611703e-05,0.015810236715608172
2679,0.01554472229960892,0.09269925221800804,96.47301387786865,0.00860413977669345,0.017851323551601832,0.003742578365426097,0.012950895426587925,0.009192384731852346,0.007701189141306612,0.029223798939751255,6.353772851641774e-05,0.01554472229960892
2680,0.015496921659343773,0.09162574201822281,96.57649827003479,0.008563324438614978,0.017862558894687228,0.0037418801885926063,0.012910365482999219,0.009150618848701319,0.007741885205937757,0.02920903366472986,6.34805977944492e-05,0.015496921659343773
2681,0.015571085740294721,0.0922856166958809,96.4805691242218,0.008619440500107076,0.017933545642428928,0.0037411710169787207,0.012964388912336694,0.009188063037064341,0.007719572232001357,0.029080119286146427,6.229076006127974e-05,0.015571085740294721
2682,0.015600534168382486,0.09128653392195701,96.33534383773804,0.008653262201696633,0.017834813594818116,0.003737886631343928,0.013008018818994363,0.009237248707148763,0.007681822173504366,0.0290942118027144,6.343526055785907e-05,0.015600534168382486
2683,0.01635776394357284,0.09205341845750808,96.63021278381348,0.009157481363250149,0.01836128208372328,0.0037812158066986338,0.013502753944032723,0.00970888118363089,0.007772901480396588,0.030628544634415045,6.29896296904854e-05,0.01635776394357284
2684,0.01607515493200885,0.092516121417284,96.66239929199219,0.008961602782623635,0.018200881481170654,0.0037671109133710465,0.013319194623165661,0.00952202544444137,0.007744348583122095,0.030247235807279747,6.310914911435046e-05,0.01607515493200885
2685,0.0156373787464367,0.09170671552419662,96.57679891586304,0.008659110843307442,0.01794160313076443,0.0037485348655738764,0.013008561713827981,0.00923908252062069,0.007717284912036525,0.029654291549490557,6.306020606201754e-05,0.0156373787464367
2686,0.01537366651205553,0.09177828356623649,96.63190412521362,0.008468458052310678,0.017823398113250732,0.003731711443203191,0.012810893493394057,0.009069984333796634,0.007695568602325188,0.029498208210700087,6.35155121408262e-05,0.01537366651205553
2687,0.015336655407316154,0.09154588237404823,96.6237359046936,0.008454296334336201,0.017720235188802082,0.003730163310861422,0.012787995338439941,0.009056217509011427,0.007706874567601416,0.02931774463504553,6.27641163353903e-05,0.015336655407316154
2688,0.015375516381528643,0.09215527117252349,96.62551808357239,0.008480974866284265,0.017787468433380128,0.0037288267015376025,0.012834683869861894,0.009078967589884997,0.007713037818256351,0.028986734958986442,6.339607914911837e-05,0.015375516381528643
2689,0.015560607231325574,0.09160025134682655,96.39011764526367,0.008613304133630461,0.01785313129425049,0.003739411189324326,0.01297039553316103,0.009197014228751263,0.00770258212255107,0.029424149476819567,6.388306963756622e-05,0.015560607231325574
2690,0.015514845823248228,0.09218516558408738,96.55871653556824,0.008582169067942434,0.01786347336239285,0.003737407072654201,0.012931358114712767,0.009163721808128886,0.007704172883596685,0.029103315522273382,6.322007050398229e-05,0.015514845823248228
2691,0.015565967398385207,0.09117923125624657,96.60489654541016,0.008619801066815853,0.017881243228912352,0.0037428270901242893,0.012972095422446728,0.009189074678967396,0.007718126523411936,0.029158958776129618,6.265864263209803e-05,0.015565967398385207
2692,0.015635492814083895,0.09235648959875106,96.49873280525208,0.008659615659465393,0.017904430230458578,0.0037424633491577376,0.013017925936728715,0.009240542312877046,0.007726473464734025,0.02973968810091416,6.351866052676138e-05,0.015635492814083895
2693,0.015602468951708741,0.09172284096479416,96.47035217285156,0.008631987350268497,0.01789852698644002,0.0037402581651177673,0.012994891254024372,0.009213919836199945,0.007712115933083826,0.029935578939815362,6.334244110444982e-05,0.015602468951708741
2694,0.015498036924335691,0.09279596999287605,96.5064389705658,0.00856540458690789,0.0178462815284729,0.0037348182204489907,0.01290218818725811,0.009156404065175188,0.007698591664019558,0.029448682326409552,6.323029460873326e-05,0.015498036924335691
2695,0.015674385654015674,0.09243756130337716,96.61259531974792,0.008695616068111525,0.01794750213623047,0.0037472210276044077,0.013036918288303747,0.009257238676978483,0.007702380838907427,0.02940329287615087,6.256083170365103e-05,0.015674385654015674
2696,0.015635385927226807,0.0927453038096428,96.51206183433533,0.008659090805384849,0.017932270103030733,0.003740840888996091,0.013007176893038883,0.009242917170955075,0.007685961509123445,0.029737181344793903,6.344778358608335e-05,0.015635385927226807
2697,0.015666835784084267,0.09242419451475144,96.50517082214355,0.008682414556129111,0.017901020579867893,0.0037426264056315025,0.01304398505224122,0.009270694967773226,0.0077015106048848895,0.029886175220211347,6.346381939020941e-05,0.015666835784084267
2698,0.015614244817859597,0.09270662486553193,96.50600457191467,0.008642045489201944,0.01789927774005466,0.003739766420589553,0.012994804136041137,0.009226682121968931,0.00770187640355693,0.029930608106984034,6.36215589235345e-05,0.015614244817859597
2699,0.01557543118794759,0.09263096809387207,96.29634118080139,0.0086234751302335,0.01786111964119805,0.0037394240845201746,0.012977176416251394,0.009214600417762994,0.007719773967853851,0.029325614621241888,6.2849927030868e-05,0.01557543118794759
2700,0.01558892395761278,0.09192541897296906,96.43928360939026,0.008628964001933734,0.017934300634596084,0.003738230756070051,0.013001125012007024,0.009212281583911843,0.007679868660246333,0.029266600385308265,6.354727329694517e-05,0.01558892395761278
2701,0.01567055396735668,0.092139113843441,96.45564246177673,0.008686173282977607,0.017921389473809137,0.0037412813129938313,0.013059258005685276,0.009255490959104565,0.007704771276977327,0.029812561211486656,6.364069276420044e-05,0.01567055396735668
2702,0.01567028573403756,0.09200383424758911,96.39511823654175,0.008687820428361496,0.01792747894922892,0.0037417771682764093,0.013034502309229638,0.009261806346476078,0.0077130000624391765,0.029672818577124012,6.367471859896205e-05,0.01567028573403756
2703,0.01551230263378885,0.09175663933157921,96.27902150154114,0.008590907756653096,0.017782336076100667,0.0037337436413185463,0.012933679628703329,0.009171486683189869,0.007728112559351656,0.028974089105096128,6.347275903806349e-05,0.01551230263378885
2704,0.015484760204950968,0.09225978791713714,96.48147892951965,0.008567817142854135,0.017791733741760254,0.003731528444008695,0.01290111826111873,0.009153105780068371,0.007677318294429117,0.029204311488817136,6.241992683758468e-05,0.015484760204950968
2705,0.01545416749185986,0.0916942921280861,96.52554512023926,0.008535188529640437,0.017836910353766548,0.0037344438903447654,0.012894289688103728,0.009121393211599854,0.0077229468896985055,0.029121468129257363,6.332650519962296e-05,0.01545416749185986
2706,0.015468165357079771,0.09151920929551124,96.63873076438904,0.008546441714796755,0.01784551673465305,0.0037300186950920355,0.012892547249794006,0.009132690849817462,0.0076811780821945935,0.029265948463645247,6.398766827965967e-05,0.015468165357079771
2707,0.015604961986343065,0.09294147700071335,96.56188607215881,0.00863202561934789,0.017925198872884116,0.003740480845897562,0.012989724218431446,0.009204278402030468,0.007700115852057934,0.030022769077784485,6.342182046662654e-05,0.015604961986343065
2708,0.015604930263426568,0.09269544467329979,96.28223848342896,0.008637745872967773,0.01795446104473538,0.003740572430089944,0.013006110131326649,0.009212392647233274,0.007701335930162006,0.029363751986788377,6.37412704301394e-05,0.015604930263426568
2709,0.015587909503115548,0.09204672664403915,96.48775219917297,0.008626317208011946,0.017924542162153455,0.003741767574619088,0.012974239161445035,0.009217346360286077,0.007663507748188244,0.029534945169256793,6.34670636639751e-05,0.015587909503115548
2710,0.015578932952549723,0.09201890096068382,96.69780540466309,0.008626513870226012,0.017853643894195557,0.0037369131421049434,0.012980019152164459,0.009223819540606604,0.007689370759245422,0.029428990632295607,6.319659738117088e-05,0.015578932952549723
2711,0.015472024120390416,0.0920879627764225,96.42682409286499,0.008554557143814034,0.017770153681437174,0.003730742945853207,0.012902612516449558,0.009140736123339998,0.0077138853538781405,0.029365397116376295,6.316638305829908e-05,0.015472024120390416
2712,0.01573195026566585,0.09184899806976318,96.45431208610535,0.008740772019243902,0.017885189586215548,0.00374055411407931,0.013081705599195427,0.00931080159627729,0.007712186928838492,0.02975351158943441,6.299494267461014e-05,0.01573195026566585
2713,0.015661654592388205,0.09219301879405975,96.4101083278656,0.008679908528510067,0.017873576482137044,0.0037392588554778033,0.013033211299528679,0.00926697745712267,0.007688673231750726,0.030098286834028033,6.345923146697944e-05,0.015661654592388205
2714,0.01563320892966456,0.09229037776589394,96.28343176841736,0.008664326322161488,0.01790959808561537,0.003737988354017337,0.012989078561464945,0.009241452579283053,0.007738708617786566,0.029419807001120513,6.338422117374244e-05,0.01563320892966456
2715,0.015498773414227698,0.09145392045378685,96.42868876457214,0.008576311740196414,0.017797980573442247,0.0037331512741123635,0.012904336539407571,0.009158360420001878,0.007694650942252742,0.029294186602864,6.321211781362813e-05,0.015498773414227698
2716,0.015425614019234975,0.09196142360568046,96.46639943122864,0.008525210890091128,0.017742543750339086,0.003728135521006253,0.01286554475211435,0.009115596188025342,0.007674599701745642,0.029282610917256938,6.318463584450897e-05,0.015425614019234975
2717,0.015543807297945023,0.09233691200613975,96.39507699012756,0.008609654547439682,0.017797947724660236,0.003732061149655945,0.012964029523233573,0.009199006311181519,0.007691319874591297,0.02924953783965773,6.375292725851504e-05,0.015543807297945023
2718,0.015658387252026135,0.09213221043348313,96.41614007949829,0.008688431843701336,0.01784966548283895,0.0037366465634355943,0.013032688626812564,0.009256852178110017,0.007700042563180129,0.0297522570958568,6.392559080987878e-05,0.015658387252026135
2719,0.01577331348425812,0.09177987381815911,96.54825520515442,0.008772281569739183,0.017915533648596868,0.003742692115613156,0.0131192965971099,0.009340235564029879,0.007698199568937222,0.029624203809847434,6.3636532261092e-05,0.01577331348425812
2720,0.01566830153266589,0.09225315853953361,96.41319108009338,0.008698931044588486,0.017837895022498235,0.003740630893347164,0.013044467775358094,0.009264740025003751,0.007707937084552315,0.02964444496979316,6.253863490858041e-05,0.01566830153266589
2721,0.015624413308170106,0.09226852118968963,96.35538506507874,0.008681692067119811,0.0177524020936754,0.003734201279261874,0.013013674691319466,0.009261918214874135,0.007708714586786098,0.0291170799276895,6.344538583078929e-05,0.015624413308170106
2722,0.015696788165304395,0.09119740262627601,96.31923747062683,0.008719204045418236,0.017857118712531195,0.003735551738904582,0.013059414060165486,0.009287129539168543,0.007721943490000235,0.0295833254357179,6.377121497570847e-05,0.015696788165304395
2723,0.015521495052509838,0.09238695189356803,96.38149976730347,0.008594240415841342,0.017802095413208006,0.0037335439559279216,0.012948336847540405,0.00917355440557003,0.007670914068197211,0.029268820997741488,6.356521995600575e-05,0.015521495052509838
2724,0.015475511931710774,0.09237016841769219,96.45986485481262,0.008566517099324199,0.017759821944766576,0.0037284053236039147,0.01289596057186524,0.00914103984625803,0.007695826877736383,0.0291207950313886,6.343693900791752e-05,0.015475511931710774
2725,0.015554824413524734,0.09186281979084016,96.2469892501831,0.008603771242002647,0.017762728797064888,0.0037293480362536177,0.012952772130568823,0.009196638040658501,0.007651411063141293,0.030593826526568994,6.375367472171971e-05,0.015554824413524734
2726,0.015591956136955156,0.09254862457513809,96.27093052864075,0.008645769928892454,0.017793195777469212,0.003731667430450519,0.013009929919822348,0.00921239747148421,0.007684950961007012,0.02959626589384344,6.2810668898076e-05,0.015591956136955156
2727,0.01568302379300197,0.09257160037755967,96.40322494506836,0.008697783657246166,0.017896428638034395,0.003737980199770795,0.013062736685905192,0.00927131917534603,0.007677833376866248,0.029986591099037063,6.35457464825922e-05,0.01568302379300197
2728,0.015453216466638777,0.09178621023893356,96.43768739700317,0.008538293790900046,0.017817987071143255,0.0037285183742642404,0.012887987012250557,0.009107395122862525,0.00770342130627897,0.02931881272337503,6.308003894971314e-05,0.015453216466638777
2729,0.01538506269454956,0.09155565798282624,96.33963465690613,0.008489765947063764,0.017792697747548422,0.003722375657202469,0.012837788104597065,0.00908021335179607,0.007690237487355868,0.02906741024305423,6.40244645604879e-05,0.01538506269454956
2730,0.01562077757385042,0.09100371226668358,96.4898829460144,0.00865978740569618,0.017819945282406276,0.003731313155343135,0.013003003398577372,0.009230233848922782,0.007685500209530195,0.029983676527109412,6.320979263229277e-05,0.01562077757385042
2731,0.01547910127374861,0.0923368364572525,96.58092737197876,0.008556655481871631,0.01779320134056939,0.003730143066495657,0.012912165404607852,0.009142526735862097,0.0076988051014228,0.029447126256095038,6.327993376228531e-05,0.01547910127374861
2732,0.015522868471841018,0.091373191177845,96.41343712806702,0.008596754022356537,0.017756522231631808,0.0037291280299218163,0.012951186371760235,0.009173861009379228,0.007681401047027773,0.029508166342145866,6.371349390599295e-05,0.015522868471841018
2733,0.01568425786991914,0.09266562223434448,96.62604403495789,0.008708938157392872,0.01789104143778483,0.0037383926411469776,0.013042704792072375,0.009270059259401428,0.0076962187161876095,0.02954931636237436,6.318514212170594e-05,0.01568425786991914
2734,0.01547244756999943,0.09157652586698532,96.60456657409668,0.008560980132056608,0.01777945280075073,0.003723251811332173,0.012906810813066032,0.009138433933258057,0.007663490291063984,0.02922208088967535,6.34395860532935e-05,0.01547244756999943
2735,0.015391793768439029,0.09140817701816559,96.3381462097168,0.008503436454468303,0.01771709680557251,0.003723605352246927,0.012841980469723542,0.009092526990506384,0.0076790447119209505,0.0291894517507818,6.359907446611363e-05,0.015391793768439029
2736,0.015436154475642574,0.0925799110531807,96.47650957107544,0.008534059019552337,0.017748187647925483,0.003726608270468811,0.012870502571264902,0.009117845961203177,0.007685223632595605,0.029243727467126317,6.350111400995493e-05,0.015436154475642574
2737,0.015488743579222097,0.09221555396914483,96.36184120178223,0.008580275550484658,0.01773870627085368,0.003727665862792896,0.012915884372260836,0.009169961559689707,0.007650428468154537,0.029067444838583468,6.325308018940885e-05,0.015488743579222097
2738,0.015603052679863241,0.09164861112833023,96.57728290557861,0.008652662862506178,0.01780108239915636,0.0037356979405093523,0.013007158181733555,0.009236029324432213,0.007667017307960325,0.029583446340014537,6.336811214415168e-05,0.015603052679863241
2739,0.015546037091149224,0.09272242709994316,96.53923439979553,0.008614404025591082,0.017752441300286186,0.0037303107754430836,0.012955395817342731,0.009184146008143823,0.007701080968189571,0.029613516351415053,6.336435736885606e-05,0.015546037091149224
2740,0.015509127953814136,0.09144842684268951,96.60813236236572,0.00859665823686454,0.017708763546413847,0.0037292921579339436,0.012942825512339672,0.009183480987946193,0.007656285118104683,0.0292215242361029,6.350111233988543e-05,0.015509127953814136
2741,0.015610678005549643,0.09185199066996574,96.56253218650818,0.008653160853104459,0.017835597727033827,0.0037315753707662224,0.012980157157613172,0.009218021809226937,0.007678731576436096,0.029932248702065813,6.381951658871306e-05,0.015610678005549643
2742,0.015527172080344624,0.09198149845004082,96.61983442306519,0.008601969455679257,0.01769627332687378,0.003724832741750611,0.012937346452640162,0.009199327896866533,0.007683755206978983,0.0297166826037897,6.325988019598741e-05,0.015527172080344624
2743,0.01538526139739487,0.09284981265664101,96.5120804309845,0.008507868434405989,0.017696386178334553,0.0037219500784865683,0.012847832215742932,0.009092681316865815,0.007650100342515442,0.028891481508811316,6.369004008848557e-05,0.01538526139739487
2744,0.015490943665305774,0.09294420599937439,96.37099051475525,0.008568742949929502,0.017763067881266276,0.003726896432021426,0.012910238156716028,0.009150167165531053,0.0076772373593929745,0.02968650391118394,6.341148265185047e-05,0.015490943665305774
2745,0.015503515791561869,0.09190610975027085,96.57175159454346,0.008578402681483162,0.017782446808285182,0.003726387172937393,0.012925844060050116,0.009152244621266922,0.00767695469988717,0.029606322070790662,6.27414743839968e-05,0.015503515791561869
2746,0.015623077282475101,0.09312389597296715,96.59396433830261,0.008675787448883057,0.017770363754696317,0.0037285443912777635,0.013026923154377276,0.009248659747342269,0.00768273708721002,0.02940858336372508,6.315822748212617e-05,0.015623077282475101
2747,0.015524955869962772,0.09208317190408706,96.47571611404419,0.008594177545358737,0.017819936805301244,0.0037291253813438946,0.012933702278468344,0.00916776621921195,0.007652063397690654,0.029514008329974282,6.368088144934762e-05,0.015524955869962772
2748,0.015584131591022015,0.0920047940313816,96.6775975227356,0.008633342679176065,0.017838461399078367,0.003729239422827959,0.012981782307227453,0.00920610359766417,0.007664855234324932,0.0297485480705897,6.350246116436568e-05,0.015584131591022015
2749,0.015469882061911954,0.0919689528644085,96.37898778915405,0.00854962437517113,0.017800658808814155,0.0037252464197162125,0.012902051115201579,0.009124944032066398,0.007672703560027811,0.02961475805689891,6.321758784584594e-05,0.015469882061911954
2750,0.015617974951035446,0.09405168995261193,96.30754590034485,0.008665273317860232,0.017818276352352565,0.003730348143726587,0.012999904623462094,0.009236878876884779,0.00766240136904849,0.029622533640099896,6.318135467940541e-05,0.015617974951035446
2751,0.015624917228188779,0.09234472781419754,96.7009003162384,0.008666804602576626,0.017830836243099637,0.0037346605863422156,0.013024389029790957,0.009232481300002999,0.007687848118237323,0.02963225833243794,6.336868292169445e-05,0.015624917228188779
2752,0.015453494017322858,0.09268196448683738,96.4028730392456,0.008555415945334568,0.017713241312238906,0.003721248963330355,0.012890776331639953,0.009135288318826092,0.007639038289586703,0.029247686138583553,6.328142289100293e-05,0.015453494017322858
2753,0.015565571751859453,0.0920613993704319,96.23606896400452,0.008636641287141375,0.017725129922231037,0.003726052213460207,0.012988222220705616,0.009213345375739866,0.0076526643263383045,0.02946424936254819,6.332811966882228e-05,0.015565571751859453
2754,0.015412266134387917,0.09092247858643532,96.65483546257019,0.008520781728956435,0.017712868319617377,0.0037209820405890545,0.012855638056579563,0.0091213585022423,0.00765881415663494,0.029121980199383366,6.375409235756833e-05,0.015412266134387917
2755,0.01531478455497159,0.09256041407585144,96.15738368034363,0.008453932419005368,0.017681691116756864,0.0037185216415673494,0.012787140601625046,0.009039518812464344,0.007645291882670588,0.028977110750145384,6.318744386175486e-05,0.01531478455497159
2756,0.015484019927680493,0.09178842812776565,96.50619649887085,0.008564197336220079,0.01773154921001858,0.0037218631928165754,0.012904915724777513,0.009137112287183603,0.0076800490750206845,0.029957165490421985,6.340491857296311e-05,0.015484019927680493
2757,0.015377584443324143,0.09200714603066444,96.31927728652954,0.008501728793813123,0.017737989955478244,0.0037224278381715217,0.012828906449592775,0.009087608601484033,0.007633502059098747,0.028694718099302716,6.268737406377135e-05,0.015377584443324143
2758,0.015517430098520385,0.09156549841165543,96.22172951698303,0.008598114521139198,0.017757184505462646,0.0037242557874156367,0.01293120452720258,0.00917096619390779,0.007637797641671366,0.02945890408837133,6.334638820027137e-05,0.015517430098520385
2759,0.015436849285744958,0.09126288041472436,96.51313328742981,0.008541537543965711,0.01773778412077162,0.003723739576008585,0.0128877086751163,0.009132097297244601,0.007653147896958722,0.028906798464142614,6.331494593278345e-05,0.015436849285744958
2760,0.01537987353073226,0.09165226519107819,96.08891177177429,0.008500508781936434,0.017690371407402886,0.0037211375730112194,0.01282576709571812,0.009079646128747199,0.007641048009196918,0.029292096077568,6.357784262319255e-05,0.01537987353073226
2761,0.015506272137992912,0.09196004778146744,96.51442885398865,0.008592022800197203,0.017709802521599663,0.0037244173910261857,0.012919583219206995,0.009165069351179733,0.007666238769888878,0.029552163494129976,6.351085495141086e-05,0.015506272137992912
2762,0.015541512444615364,0.0916449835896492,96.42356395721436,0.008615601923730638,0.017826704714033338,0.003732601555271281,0.012937150353358852,0.009200755475709836,0.007649090927508142,0.028879602779116897,6.322546925875367e-05,0.015541512444615364
2763,0.01557480729288525,0.09096576362848281,96.5337884426117,0.008624457336134381,0.017840880817837187,0.00372891949955374,0.012976561931686269,0.009199116205175717,0.007670057502885659,0.0297793292792307,6.324838410465519e-05,0.01557480729288525
2764,0.01556253252343999,0.09197795748710633,95.85576796531677,0.008608346090962489,0.017811039288838704,0.0037297164534942973,0.01297705591759748,0.009183708373457193,0.007655497938394547,0.030403133601778085,6.361437833409885e-05,0.01556253252343999
2765,0.01553790273765723,0.09163053929805756,96.21604657173157,0.008616990666422578,0.01774190452363756,0.00372417830189483,0.012964689897166358,0.009189378528131379,0.007647326977716552,0.029297499261382552,6.304798787116144e-05,0.01553790273765723
2766,0.015599622726440429,0.09283801168203354,95.75456523895264,0.008664560493909651,0.017736990981631808,0.003733240507232646,0.013011117051872943,0.009231620906955666,0.007630109945312142,0.02947997627572881,6.296936258213432e-05,0.015599622726440429
2767,0.015454482055372662,0.09235949113965035,95.86680746078491,0.008552191658980317,0.017777795791625976,0.003723011135848032,0.012893299298981826,0.009113361152509849,0.007666817398534881,0.029067992069241072,6.289934706329387e-05,0.015454482055372662
2768,0.015457949071294731,0.0930485825240612,96.21044540405273,0.008559627127316264,0.01770933681064182,0.003720906309576498,0.012895172070711851,0.009143999233427975,0.007646397826158338,0.02915578165402015,6.349700458814469e-05,0.015457949071294731
2769,0.01546006647662984,0.0932208663225174,95.65110945701599,0.008552490392078956,0.017788520124223498,0.0037246392703511647,0.01288995154822866,0.009126462907426887,0.007645923677417967,0.029213487174775864,6.337884221909778e-05,0.01546006647662984
2770,0.015595739024380844,0.09251737087965012,95.82524466514587,0.008654564761867127,0.017793858846028646,0.0037278518908553655,0.012998222750094202,0.009221755874653657,0.00765407166754206,0.02942667247934474,6.347026314098533e-05,0.015595739024380844
2771,0.015456043411460188,0.0914030510187149,96.00938320159912,0.008559305121501286,0.017737483183542888,0.0037237193818307583,0.01289520250633359,0.009140227012750175,0.00763726198217935,0.02893286243495014,6.300384546863016e-05,0.015456043411460188
2772,0.015381261685656176,0.0927247667312622,95.9332320690155,0.00850883376888103,0.017625589105818008,0.0037167374205051198,0.012836505042182075,0.009088671372996435,0.007667297899930013,0.029203674329651725,6.406091670305012e-05,0.015381261685656176
2773,0.01558582206774089,0.09118495032191276,95.98584198951721,0.008654090751790338,0.017724515597025554,0.003721469219567047,0.012994096943487724,0.009222874484128422,0.007615466796689564,0.029650397188961505,6.325583083259466e-05,0.01558582206774089
2774,0.015339328812228308,0.0926988536119461,95.88628649711609,0.00847300665660037,0.017625945144229466,0.003714618312401904,0.012805935218930245,0.009061736783219709,0.007653744059304396,0.02934724703224169,6.327116214436046e-05,0.015339328812228308
2775,0.015335698243644502,0.09190930306911468,95.85296607017517,0.008467109776619408,0.01765452120039198,0.0037183253844786024,0.012808201389594211,0.009051548068722088,0.007633092192312081,0.02941230061567492,6.34893387191719e-05,0.015335698243644502
2776,0.015402009464386437,0.09253356888890267,95.85953307151794,0.008524228079865376,0.01767503473493788,0.003718556611177822,0.012857381693190999,0.009109718876166475,0.007662455139474736,0.02882162335432238,6.351756352643969e-05,0.015402009464386437
2777,0.015521321867903073,0.09192176669836044,96.21923875808716,0.008597068231966761,0.017718608379364013,0.003720131950556404,0.012930566122134527,0.00916803799983528,0.007659257606913646,0.029951562833868794,6.308992524983144e-05,0.015521321867903073
2778,0.015570195602873961,0.09142026543617249,95.91692662239075,0.008634676442792017,0.017769373257954916,0.0037213204925258953,0.012975895398606857,0.009193678214732144,0.007663189632197221,0.029677574568324618,6.331991206665652e-05,0.015570195602873961
2779,0.01534976179815001,0.09232584550976754,95.86353945732117,0.008491900523917543,0.017635738319820828,0.003714441221414341,0.012817650006877051,0.009075547351191442,0.007638264155636231,0.028728047274053096,6.349414050973224e-05,0.01534976179815001
2780,0.015446333833452728,0.09290942192077636,96.03359127044678,0.008546363616155253,0.017679697937435575,0.0037160450571941004,0.012892650187843377,0.009123643595311377,0.007630533567733235,0.029749727679623496,6.353242296890629e-05,0.015446333833452728
2781,0.015353139970037672,0.09220888823270798,95.86110019683838,0.00849501353998979,0.017611694600847033,0.0037120090435362523,0.01282391326295005,0.009085448891338374,0.007625933089810941,0.028852908201515676,6.36114986939952e-05,0.015353139970037672
2782,0.015495424142314328,0.09147746279835701,95.89594078063965,0.008587058987468482,0.01773129489686754,0.003724019870472451,0.012919000807321734,0.009152020449853606,0.00764597841228048,0.029312282264646557,6.218899752051341e-05,0.015495424142314328
2783,0.015436001763575607,0.09271371021866798,96.01003789901733,0.008544013852046596,0.01767213609483507,0.0037186693762325577,0.012877669539302588,0.009127951690720188,0.007665776800778177,0.029276614201565583,6.355823542580513e-05,0.015436001763575607
2784,0.01544986648692025,0.0912810169160366,95.86178159713745,0.008555577291796604,0.0176836093266805,0.0037217850243258807,0.012896893020305368,0.009137320982085334,0.007629207066363759,0.02927342966405882,6.376315792681769e-05,0.01544986648692025
2785,0.015461126421060827,0.09209406778216361,96.08333802223206,0.008565664972282118,0.017667815155453154,0.0037176493322476746,0.012896710574213002,0.009137615395916832,0.007632244632889827,0.02944676296164592,6.318866915208135e-05,0.015461126421060827
2786,0.015227477974775765,0.09212744519114495,95.87926435470581,0.008404245374517309,0.01756660461425781,0.003710248320777383,0.012732484303414822,0.008990030323879586,0.007620195282830132,0.02879353171421422,6.384702597186573e-05,0.015227477974775765
2787,0.015409520533349779,0.092205141633749,95.78884315490723,0.008529570506264766,0.01762676609887017,0.0037130756919375725,0.012864887964808279,0.00910714159409205,0.007634335199577941,0.029414426017966535,6.265780057054465e-05,0.015409520533349779
2788,0.01538506036831273,0.09427437499165535,96.12466168403625,0.008512623713662227,0.01763009018368191,0.0037166525770185722,0.01283831739384267,0.00909681119852596,0.007633334107490049,0.029218085623449748,6.344108341642773e-05,0.01538506036831273
2789,0.015362899493840006,0.09234347313642502,95.97466325759888,0.008496598632385333,0.017599050733778213,0.003715042186797493,0.012840749753846062,0.009079972387601932,0.0076388520995775856,0.029284821612139543,6.320317202216252e-05,0.015362899493840006
2790,0.015311993426746792,0.09309670865535737,95.77683734893799,0.008461648345821434,0.017603209813435872,0.0037131512232331768,0.012791738913704952,0.009050822206255462,0.007631146961616145,0.028978720174895393,6.362535419520575e-05,0.015311993426746792
2791,0.015247590322461393,0.09241678312420845,96.10801243782043,0.008421511118196778,0.01754487461513943,0.003708383440453973,0.01274940157102214,0.009021181484891309,0.007613748498260975,0.0287501461038159,6.37558310056521e-05,0.015247590322461393
2792,0.015446230698790815,0.09241468623280526,95.84814786911011,0.00855846187306775,0.017620251443650987,0.0037128264410421254,0.012899597535530726,0.009142506880064806,0.007654291456565261,0.02928209372278717,6.353734743931996e-05,0.015446230698790815
2793,0.015469900961551401,0.09297927752137185,95.73749876022339,0.008568688529647059,0.017655772103203668,0.003713403418660164,0.012892903478609191,0.00914864929392934,0.007633103161222405,0.029736434142622684,6.373884997148908e-05,0.015469900961551401
2794,0.015634701552076472,0.09239423796534538,96.17955660820007,0.008679542243480682,0.017794362439049614,0.0037266163046782218,0.013010256013108625,0.009243615764296716,0.0076326810237434175,0.02994410638593965,6.338121359893496e-05,0.015634701552076472
2795,0.015476499125361443,0.09140853330492973,95.76234841346741,0.008572844912608464,0.01768785874048869,0.003718581266908182,0.012905288247598541,0.009148057428085141,0.007622513357135985,0.029603868395917946,6.333134110721833e-05,0.015476499125361443
2796,0.015339597877528933,0.09234927088022232,95.90877056121826,0.008470701308300098,0.01762423276901245,0.0037097782936568063,0.012798140197992325,0.00904844158846471,0.007624238781217072,0.029782691341307427,6.401855853817176e-05,0.015339597877528933
2797,0.015368010807368491,0.09128627613186836,95.99432516098022,0.008493695942064127,0.01761722061369154,0.0037133276622949374,0.01284219294372532,0.009068741278929843,0.0076537639316585325,0.029600461795926094,6.312802020153817e-05,0.015368010807368491
2798,0.015377002242538663,0.09228340819478036,95.63173794746399,0.00850454281601641,0.01768855015436808,0.0037147624692362214,0.012837615600890584,0.009068629812035295,0.007615041664491097,0.02914345492919286,6.312303696930915e-05,0.015377002242538663
2799,0.015349111523893144,0.0928874234855175,95.97469735145569,0.00848669380777412,0.017642807695600723,0.0037116225363893643,0.012825277097937134,0.009062270240651236,0.007628342421311472,0.029051821447081037,6.353245522093845e-05,0.015349111523893144
2800,0.015432388683160147,0.09351857110857964,95.9161365032196,0.008541926733321614,0.017700350284576415,0.003720017499807808,0.012882242902285523,0.009116166337496704,0.00761637928792172,0.029282562136650085,6.34194778420749e-05,0.015432388683160147
2801,0.015491552787522475,0.09257079511880875,95.7803544998169,0.008581180535256862,0.017758412096235486,0.003718814501642353,0.012897673644539382,0.009154940905670325,0.007646190375089646,0.0292771649091608,6.291467996296996e-05,0.015491552787522475
2802,0.01551871639986833,0.09132882609963416,96.01880431175232,0.008603074838303857,0.01770096116595798,0.0037200391768581337,0.012933568979303043,0.009170220368024376,0.007646142542362213,0.02967192709032032,6.357761529277657e-05,0.01551871639986833
2803,0.015574567626333899,0.09358689993619919,95.95762419700623,0.008653241569797198,0.017697456147935657,0.003722053731067313,0.012985025344209538,0.00923366186933385,0.0076146514175666705,0.029263131444652875,6.357333887634079e-05,0.015574567626333899
2804,0.015373902060091496,0.09277297288179398,95.70948767662048,0.008513031589488188,0.0175885009765625,0.0037136161875807577,0.01283231479426225,0.00908785810487138,0.007622883102546135,0.029114505996306737,6.36884655645531e-05,0.015373902060091496
2805,0.015309234323600929,0.09149697601795197,95.93056297302246,0.008458940424025058,0.01760090086195204,0.003709709756593737,0.01279246491069595,0.009042760969863997,0.00759535685285098,0.029223093553963634,6.335566130852201e-05,0.015309234323600929
2806,0.015550053301784727,0.09308997347950936,95.96143746376038,0.008629938374376958,0.017742150889502633,0.0037204747590132885,0.012972296660559044,0.009195436210268073,0.007640716779149241,0.029200483423968155,6.304808151056286e-05,0.015550053301784727
2807,0.01565780248079035,0.09298016026616096,95.79177570343018,0.00870079103236397,0.017799650298224556,0.0037259044425768987,0.01302368607165085,0.009249679779426919,0.00763512388492624,0.029874796896345087,6.32057504017267e-05,0.01565780248079035
2808,0.015512444782588217,0.09366190910339356,95.52025747299194,0.008616989983452691,0.017653672960069443,0.003718993816938665,0.012941337260935042,0.00918285124624769,0.007611467089090083,0.029001314213706386,6.331878984219151e-05,0.015512444782588217
2809,0.015372823600967726,0.09252037540078163,95.64048528671265,0.008512153594444195,0.017592615286509197,0.003711971973793374,0.012841436182045274,0.009091296017997795,0.00762592463961078,0.028994971327483653,6.313593188488811e-05,0.015372823600967726
2810,0.01531757325761848,0.09205956280231475,95.60892963409424,0.00845985331469112,0.017659934626685247,0.0037080607790913847,0.012786798922138081,0.009048461920271316,0.007604594826698303,0.029084306752516165,6.366389659490977e-05,0.01531757325761848
2811,0.015538580322431193,0.09273252546787263,95.68130087852478,0.008615314836303394,0.017732498115963405,0.003717164914123714,0.012939728303915925,0.009195665820605225,0.007628973291979896,0.029613287407490942,6.37380649023574e-05,0.015538580322431193
2812,0.015482434506217639,0.09316401422023773,95.41318106651306,0.008577191219147708,0.017696588039398192,0.0037161338536275757,0.012908547795895073,0.009145453462584151,0.007617598548531532,0.02965675663203001,6.307686256599955e-05,0.015482434506217639
2813,0.015484577496018675,0.09249976769089699,95.47321152687073,0.008576158684574895,0.01772412379582723,0.0037187539449789458,0.012924092734853426,0.009149386959357395,0.007614038311358955,0.029514989165796174,6.3481602548953e-05,0.015484577496018675
2814,0.01552614484810167,0.09382029011845588,95.65146994590759,0.008609904386103153,0.017724629508124458,0.003713390236823923,0.012952844390852584,0.009174206426574124,0.007624574361575974,0.029510411355230543,6.334456654701966e-05,0.01552614484810167
2815,0.015340168939696417,0.09238830119371415,96.15813541412354,0.008484146315604449,0.017603471279144287,0.003706009595447944,0.012823516043523947,0.009062754300733408,0.007622006026407083,0.02906863446450896,6.360861657103417e-05,0.015340168939696417
2816,0.015321406991117531,0.09268352523446083,96.49104595184326,0.008483948897984293,0.01751893785264757,0.0037049981661968763,0.012802819822811418,0.00906355513466729,0.007617914851547943,0.028868305716249678,6.316332960474982e-05,0.015321406991117531
2817,0.015201661930316024,0.09381805986166,96.2279725074768,0.00839539407648974,0.017458095020718045,0.00369694828780161,0.012708458393398259,0.008986741426504321,0.007592738494277,0.029031228286524612,6.374587805023818e-05,0.015201661930316024
2818,0.015196455243147082,0.0925840312242508,96.03493523597717,0.008385626770969894,0.017519930468665228,0.0037011220947735838,0.012722896362344424,0.008967366468989187,0.007619713188873397,0.028813579860660764,6.290596922778175e-05,0.015196455243147082
2819,0.015181204006075859,0.09287844195961953,96.08610558509827,0.008373279447356859,0.017503713766733806,0.0037002977221790288,0.012709407187584374,0.008955686131699218,0.007604836873296234,0.029021917461521097,6.374428425760056e-05,0.015181204006075859
2820,0.015270824937356844,0.09202195942401886,96.34769773483276,0.008433345618347327,0.01761176135804918,0.0037064993826465475,0.012773278034809562,0.009004896061701908,0.007644948472993241,0.028766014095809724,6.325084451214182e-05,0.015270824937356844
2821,0.01529686307741536,0.09197433799505234,96.10827946662903,0.008468403263638418,0.017499270174238416,0.0037023117020726203,0.012799716914693515,0.009054499498258034,0.007610292244288656,0.028705844380375413,6.362250768518151e-05,0.01529686307741536
2822,0.0155747116688225,0.09202939629554749,96.39540600776672,0.008664931313445172,0.017629247506459556,0.003717140294611454,0.01299637387196223,0.00923365565844708,0.0076215252093970775,0.029136946495208475,6.342843599866967e-05,0.0155747116688225
2823,0.015473476027448972,0.09159481897950172,96.20314502716064,0.00857245460152626,0.017689700656467015,0.0037125320877465936,0.012903941478580237,0.009148284434858295,0.007598221982932753,0.029573833963109388,6.329192696155259e-05,0.015473476027448972
2824,0.01544612229284313,0.09196114271879197,96.28634738922119,0.008564404425107771,0.017561123900943332,0.0037088658096682695,0.012891723323199484,0.009136808560126358,0.007613334547107419,0.029685176528162428,6.36150633666451e-05,0.01544612229284313
2825,0.015410313753204213,0.09238199651241302,96.31951761245728,0.008534089724222819,0.017662878301408554,0.0037092959570388,0.012873452508615123,0.009100096757627196,0.007604292260689868,0.029122976519995264,6.290063888920925e-05,0.015410313753204213
2826,0.015382118589348263,0.09123613864183426,96.17883396148682,0.008509652726352214,0.01760066588719686,0.003707868231770893,0.012851996117581924,0.00909116797356142,0.007597012558124131,0.029609094210382964,6.363689851513736e-05,0.015382118589348263
2827,0.015212523167332013,0.09364910677075386,96.26127982139587,0.008402934612499344,0.01754014836417304,0.003701368546527293,0.012721293792128562,0.008984455178595252,0.0075966400673819915,0.028526884383625453,6.344851825761882e-05,0.015212523167332013
2828,0.015404945949299469,0.09221703827381134,96.20170450210571,0.008535216148528788,0.01754975398381551,0.003704665226654874,0.012856685417807764,0.009113510393848022,0.007609069689901339,0.02957195471558306,6.317640815963286e-05,0.015404945949299469
2829,0.015367928966879845,0.09218181744217872,96.1317937374115,0.008514066487550735,0.01754736238055759,0.003706316462097069,0.012840058828393619,0.009076827894896269,0.007599910631154974,0.029262263841099208,6.337182402507185e-05,0.015367928966879845
2830,0.015355249730249246,0.09213328957557679,96.35183215141296,0.008506025394631756,0.017567677762773303,0.0037050385892184244,0.012834049072116613,0.009075366896059778,0.007601206354382965,0.028914534540639983,6.361459139550934e-05,0.015355249730249246
2831,0.015207528517478043,0.09212220057845116,96.13673734664917,0.008393411855730745,0.01756123039457533,0.003699866214560138,0.012710919247733222,0.00898215446414219,0.007563643037445015,0.028795396582119995,6.350257417542101e-05,0.015207528517478043
2832,0.01545861054625776,0.09284483894705772,96.39548707008362,0.008580649126734998,0.01760983493593004,0.0037099773172910014,0.012906917184591294,0.009138479116890166,0.007576444395300415,0.029199473187327386,6.330400598551635e-05,0.01545861054625776
2833,0.016211648227439986,0.09043630108237266,96.15087461471558,0.009103809599247243,0.017959582805633544,0.0037433747729907433,0.013410979941901234,0.009663052583734195,0.007638451262480683,0.030476640727784898,6.346390604751543e-05,0.016211648227439986
2834,0.016159405782818794,0.0911509770154953,96.1676516532898,0.009050430231210257,0.018001631100972495,0.003747498233699136,0.0133656746832033,0.009621782106243901,0.007625840482198529,0.030851905041684707,6.401468287230551e-05,0.016159405782818794
2835,0.016193812228739262,0.09162278592586517,96.3016426563263,0.009054024503048923,0.018197225994533963,0.003753514325039254,0.013383365977141593,0.009612723108794954,0.007691305237304834,0.030668616708781984,6.372557336677668e-05,0.016193812228739262
2836,0.015986384140948454,0.09187706783413888,96.11599898338318,0.0089081460941169,0.018129008611043294,0.0037474108720198275,0.013257795423269271,0.009473518319427967,0.007631014827638865,0.030253698929316467,6.336415799088021e-05,0.015986384140948454
2837,0.01563400995814138,0.09111818343400956,96.35223269462585,0.008697345314754381,0.01775352133644952,0.0037241348075783914,0.013029679887824589,0.009257560927006933,0.007601413696797357,0.029239775964783297,6.344032757125559e-05,0.01563400995814138
2838,0.015219439702729385,0.09142945379018784,95.90873670578003,0.008416540688938564,0.01744356181886461,0.0036994147119629715,0.01272583795297477,0.008999988718165292,0.007655782327055931,0.02851152967661619,6.360079414196723e-05,0.015219439702729385
2839,0.015149050789574781,0.09212491780519486,96.10172939300537,0.008368567052400775,0.01738280587726169,0.0036952365008700227,0.012676642549534638,0.00896205713144607,0.00757597361277375,0.028752243597474362,6.353470607031793e-05,0.015149050789574781
2840,0.015127263147797849,0.09215225204825402,95.75292778015137,0.00833679735660553,0.017492459879981145,0.0036979082433713805,0.012650498027602831,0.008919466599408123,0.0075830924241907065,0.028924200708667438,6.368777356101418e-05,0.015127263147797849
2841,0.015181887956957022,0.09213225707411767,96.32295775413513,0.008379631684058243,0.017477300431993272,0.0036980738040680687,0.012709503525661098,0.008956967786782318,0.007598381508141756,0.02895519345584843,6.291474501982148e-05,0.015181887956957022
2842,0.015240349347392717,0.09124734610319138,95.76065754890442,0.008412664963139428,0.017506545119815402,0.0036987126509969433,0.012757266706062687,0.009000219454367955,0.007608233125259479,0.029342241167194312,6.38238069442565e-05,0.015240349347392717
2843,0.015488955167432625,0.09151169627904893,96.19402313232422,0.008600064375334315,0.017623739507463244,0.0037101598115017015,0.012939998515778118,0.009163314828442203,0.007580791691111193,0.029243147613273728,6.327546056828244e-05,0.015488955167432625
2844,0.015750747840437625,0.09194362908601761,95.79218769073486,0.008776851983533965,0.017747478485107424,0.003726311049734553,0.013108729235827923,0.009339590159555277,0.007570867559148205,0.030127159094230995,6.295334648126212e-05,0.015750747840437625
2845,0.015622004154655669,0.09253456309437752,96.0312910079956,0.008694306585109897,0.017695212894015842,0.003726734433633586,0.01300392458629277,0.009270155570573277,0.007547440262925293,0.029415072668343784,6.37077874975489e-05,0.015622004154655669
2846,0.015461461941401163,0.09165800496935844,95.91581869125366,0.008575947255724007,0.017653074264526367,0.003716997798635728,0.012905921838763688,0.009142157859686348,0.007573228567424747,0.029215393219557073,6.321283108988101e-05,0.015461461941401163
2847,0.015654509659442636,0.09327946707606316,95.98819875717163,0.008693762715491984,0.017826191584269204,0.0037223340426054265,0.01301724169196354,0.00927156845935517,0.007619641752292712,0.029739998020231723,6.371565677571627e-05,0.015654509659442636
2848,0.015331857281012667,0.09131749257445336,95.96150159835815,0.008492440407474836,0.017566951910654705,0.003708299027962817,0.012803486680818928,0.00907139902934432,0.007585473669071992,0.02864631580809752,6.361681081382168e-05,0.015331857281012667
2849,0.015147781475550598,0.09216773211956024,95.99138379096985,0.008368078886220853,0.017395210266113282,0.0036964224584193693,0.012689568955037329,0.008944731894880533,0.0075967166179584135,0.02865580756217241,6.34556050913441e-05,0.015147781475550598
2850,0.015315368028564586,0.092277120500803,96.09599709510803,0.008484205156564712,0.017438739670647515,0.0036997728913815485,0.012805302294178141,0.009070154707878829,0.007572745695296261,0.02927254009577963,6.37607760755923e-05,0.015315368028564586
2851,0.015207597091794013,0.09185967385768891,95.87829542160034,0.008401133449127277,0.017479050159454345,0.0037009309578893913,0.012730449264248211,0.008981735023359458,0.007590432783795727,0.02884545452478859,6.330304738469048e-05,0.015207597091794013
2852,0.015186753215061294,0.09172551110386848,96.13712978363037,0.008375848521374993,0.01752419948577881,0.0036995843870358336,0.012714069765061141,0.008951773773878813,0.007603586694846551,0.029044809088938767,6.320667226327131e-05,0.015186753215061294
2853,0.015246906094253063,0.09215424314141274,95.95608615875244,0.008428599521931675,0.0175039890077379,0.003698105171529783,0.012755749923073583,0.009009803744653861,0.00758714808565047,0.028888667109939786,6.370010593510105e-05,0.015246906094253063
2854,0.015298111972709498,0.09266556486487389,96.24549126625061,0.008452013801369403,0.017610929807027182,0.003702236735779378,0.0127843009473549,0.009032202164332072,0.007570171059212751,0.029195697740134266,6.345536718280679e-05,0.015298111972709498
2855,0.015409131695826849,0.09238150700926781,96.07964897155762,0.008540100966476732,0.017586287127600776,0.0037085616309195757,0.012857990256614155,0.009105238792383008,0.007593424026336935,0.029392983093857766,6.389745462840521e-05,0.015409131695826849
2856,0.015363674641897281,0.09117038488388061,96.0344820022583,0.008513188428348965,0.017497501108381483,0.003704787868902915,0.012837071582261059,0.009081452166040739,0.007607926782220602,0.029405003492203024,6.312035789358264e-05,0.015363674641897281
2857,0.01542616852455669,0.09195740386843682,96.15430855751038,0.008560117454164557,0.01755837387508816,0.0037034369560165537,0.012890463912238677,0.009131333759675423,0.0075464421427912185,0.02926359511911869,6.319069306697776e-05,0.01542616852455669
2858,0.01532321027169625,0.0920705658197403,95.97115874290466,0.008489153616958194,0.017517234484354657,0.0037015630677342416,0.01281102046991388,0.009069177082015408,0.0075778665165934294,0.02879052425424258,6.363968402183672e-05,0.01532321027169625
2859,0.015276244324114587,0.09127778649330139,95.98778009414673,0.008444071217543548,0.017526303662194147,0.0037028414611187245,0.012759614487489064,0.009011873996092214,0.007597511919836203,0.029325270429253578,6.351407653704023e-05,0.015276244324114587
2860,0.015205016438331869,0.09203721880912781,96.0885579586029,0.008418223692311181,0.01740251964992947,0.0036946977364520233,0.012734102091441551,0.008995778902123372,0.0075709941538257735,0.02837428508533372,6.306671521732217e-05,0.015205016438331869
2861,0.01516590344823069,0.09264298781752586,96.06605005264282,0.008375061858031484,0.01744373162587484,0.003694653742843204,0.01269884871939818,0.008952335723572307,0.007563793382917842,0.02887178564030263,6.348617081020673e-05,0.01516590344823069
2862,0.015318577947715918,0.09198172584176063,96.0045382976532,0.008476393094493283,0.01751505798763699,0.0037017881808181605,0.012808195327719053,0.009063365159349308,0.007612733838872777,0.02914269855659869,6.354408198186532e-05,0.015318577947715918
2863,0.01533654446196225,0.09355466216802596,96.06741142272949,0.008490958621518479,0.01754221200942993,0.0037014777508253853,0.012821339333636893,0.009055826794356108,0.007585820240072079,0.029240590244945554,6.301143001434658e-05,0.01533654446196225
2864,0.015480734271307786,0.09045768484473228,95.86357641220093,0.008594006562812461,0.017650819619496664,0.0037075398003475536,0.012931306780212455,0.009156603947695758,0.007592161507863138,0.02899484103752507,6.326392442277198e-05,0.015480734271307786
2865,0.015426264359719223,0.0920769502222538,96.16945624351501,0.008543520948539178,0.017642177740732828,0.0037092302346395122,0.012880840903768937,0.009112048780338632,0.007567178559386068,0.02960351348751121,6.336376369918914e-05,0.015426264359719223
2866,0.015371006656852034,0.09308465048670769,95.86800837516785,0.0085071504716244,0.017588855160607233,0.0037036671981008516,0.012851004757814937,0.009076740038063792,0.007579141118460231,0.0294974207960897,6.363514250160228e-05,0.015371006656852034
2867,0.015432781986892224,0.09152879118919373,96.12366509437561,0.008567546475678683,0.01752900176578098,0.003702799512280358,0.012895304535826047,0.00914662911453181,0.007547070278475682,0.029269563137657113,6.382017643797471e-05,0.015432781986892224
2868,0.015413443648980724,0.09316473707556724,95.96213817596436,0.008547073519892163,0.017583846516079374,0.003707274452576207,0.012874172185030248,0.009111035892532931,0.007590460982173681,0.02917101252824068,6.313156816544404e-05,0.015413443648980724
2869,0.015366766055425009,0.09234931126236916,96.2006573677063,0.008520941307975186,0.017484964264763727,0.0037030183756724,0.012844927373031775,0.009088374173475636,0.007592649554005928,0.029230908892220922,6.299233913968768e-05,0.015366766055425009
2870,0.015342524246209197,0.0930520087480545,96.07597303390503,0.008514227231757508,0.017451018492380777,0.0036993914382118316,0.012830680631515053,0.009082123082545069,0.007579034227463934,0.028792349509894847,6.258872406471729e-05,0.015342524246209197
2871,0.015343425969282787,0.09241916835308076,96.08807468414307,0.008516164602090915,0.017472108999888103,0.0036997102614906097,0.012835947577324178,0.009080772859354814,0.0075772819585270355,0.028580676058514252,6.330406063353975e-05,0.015343425969282787
2872,0.015252558386160268,0.09293372243642807,95.95340347290039,0.00844519414835506,0.01744248151779175,0.0036976819661342433,0.012753872784475486,0.009022132512181997,0.007565820119861099,0.028773557659652498,6.348053666037659e-05,0.015252558386160268
2873,0.015244817439880636,0.09149493709206581,96.14708614349365,0.008437374604658949,0.01743097914589776,0.0036942921961761184,0.012746596125264962,0.009024599413904879,0.007577404315686888,0.02883052764253484,6.307898994535321e-05,0.015244817439880636
2874,0.015309332778884304,0.09226995185017586,95.86683392524719,0.008480451431953244,0.01746898571650187,0.003700271498722335,0.012803057815051741,0.009055442797640959,0.0075445296925803025,0.02919939645462566,6.361437797794535e-05,0.015309332778884304
2875,0.015084402056203948,0.09259675070643425,96.17562079429626,0.008317776475515631,0.017382125324673123,0.0036868962552398443,0.012639529048982594,0.008904525018814537,0.007558077823163735,0.028880572501156065,6.370029046179424e-05,0.015084402056203948
2876,0.015248313854551977,0.09210523962974548,95.96851921081543,0.008437272194359038,0.017423706319597033,0.003692261341234876,0.012754265610128641,0.009018207728448841,0.007578641299365295,0.02909804583630628,6.376941174757968e-05,0.015248313854551977
2877,0.015184427636365096,0.09287262201309204,96.14364528656006,0.00839751809835434,0.0173912869559394,0.0036924255308177735,0.01271574370149109,0.008983551832950777,0.00756985477068358,0.028669879945615928,6.393529095468075e-05,0.015184427636365096
2878,0.015329457579387558,0.09207928568124771,96.02413868904114,0.008502732666416301,0.017421153916252985,0.0036948043915132683,0.012814784629477395,0.009084760321097242,0.007549183513555262,0.02910514677978224,6.391241203876538e-05,0.015329457579387558
2879,0.015349614450501071,0.09220859840512276,96.11281847953796,0.008523628008034495,0.017409743467966716,0.0036909433169704346,0.01283879078924656,0.009095726439522372,0.007560750504748689,0.028911610970066653,6.368155255523157e-05,0.015349614450501071
2880,0.015371528429289658,0.0915967720746994,96.12094569206238,0.008518182488365306,0.01754442082511054,0.003703708340310388,0.012853354521923595,0.009087464341686832,0.0075649090607961015,0.029245422188606526,6.350136109728529e-05,0.015371528429289658
2881,0.015382609934442574,0.09268432304263115,96.14273381233215,0.008529809994830025,0.0175574353006151,0.003697957017252015,0.01284808927319116,0.00909507832593388,0.007563393625120322,0.029085629822479354,6.398733507921071e-05,0.015382609934442574
2882,0.015365276808540025,0.0925953060388565,95.86749315261841,0.008517643850710657,0.017537553310394288,0.0036978439991879795,0.012857654943234391,0.009072762427644597,0.007561176622079478,0.029170680133004983,6.351011297968827e-05,0.015365276808540025
2883,0.015311949648376968,0.09220568388700486,96.30710911750793,0.008477828204631806,0.017471546596950955,0.0036935326400109464,0.012801783262855478,0.009056343287229538,0.007582819019961688,0.029301837703420056,6.390411685548337e-05,0.015311949648376968
2884,0.015335233350180917,0.09330267250537873,95.95525932312012,0.00847689104369945,0.017564321094089085,0.0036988887335691186,0.01280891030198998,0.009041346965564622,0.007599622461323937,0.02985804655485683,6.367191635670998e-05,0.015335233350180917
2885,0.015252031427290704,0.09307327404618264,96.18065404891968,0.008438701070845126,0.017425863213009304,0.003693840455574294,0.012753934315923187,0.009018179571463001,0.00758076645537383,0.02918574376238717,6.31947253026826e-05,0.015252031427290704
2886,0.015344716558853786,0.0918236556649208,96.04571175575256,0.008497921344306734,0.01748351706398858,0.0036978362335099114,0.01283005495245258,0.00905842849984765,0.00757839990572797,0.029718897549642458,6.357124679955935e-05,0.015344716558853786
2887,0.015187680485347906,0.09167733624577522,96.16625761985779,0.008403898481693532,0.01739898098839654,0.0036922189339788423,0.012712149286849632,0.008976396727893087,0.007577184540116124,0.02851306946327289,6.36417422910698e-05,0.015187680485347906
2888,0.015213282383564446,0.09259499132633209,96.15748643875122,0.008416821774509219,0.017422704961564804,0.0036914171723441947,0.0127228175683154,0.00898626780965262,0.007575189129759868,0.028837835577627022,6.331109364455875e-05,0.015213282383564446
2889,0.015295595584644212,0.09137132853269576,96.11131691932678,0.00846481898178657,0.01752386728922526,0.00370031646038923,0.012791885394189092,0.009036051320532958,0.007552829545198215,0.029087942300571337,6.34335052256485e-05,0.015295595584644212
2890,0.01520951082309087,0.09177069753408432,96.00956225395203,0.008410494623498785,0.01745681020948622,0.003693355491074423,0.01272833619473709,0.008979842393762535,0.007537958998647001,0.02889607396804624,6.333137865651238e-05,0.01520951082309087
2891,0.015371649745437834,0.09223268583416938,96.22508764266968,0.008531877025961875,0.0174763290087382,0.0036964457316531075,0.012870625017417802,0.00910044726398256,0.0075728893486989865,0.028864632778697545,6.37796576433579e-05,0.015371649745437834
2892,0.015347264425622092,0.09181220069527626,95.70900082588196,0.008506048464526733,0.01752361430062188,0.0036990354034221835,0.012821764548619588,0.009062765720817777,0.007601317846112781,0.029034646852976746,6.292383286839195e-05,0.015347264425622092
2893,0.015302662269936668,0.0911375492811203,96.20823645591736,0.008481376692652703,0.01742789427439372,0.0036934431911342675,0.012796968451390663,0.009051569470514853,0.007575018232067426,0.02908612305091487,6.338984660740405e-05,0.015302662269936668
2894,0.015170032365454568,0.09277400299906731,95.68501567840576,0.00838471247918076,0.017436473104688856,0.003690626714895997,0.012700503162211841,0.008953973450180557,0.007530270276798142,0.02877144781458709,6.320043405471172e-05,0.015170032365454568
2895,0.015373202996949355,0.09207897320389748,96.32582259178162,0.008513273093849421,0.017585470146603055,0.0037009133600319423,0.012837495756232076,0.00908159801736474,0.00757118631982141,0.029370829889343846,6.328592844192195e-05,0.015373202996949355
2896,0.015097074955701829,0.09299693390727043,95.7081651687622,0.008334522274219328,0.017393566767374673,0.003687487707680298,0.012645919730679857,0.00892063935390777,0.007528984795014063,0.02851925600320101,6.378763814997986e-05,0.015097074955701829
2897,0.01525564859310786,0.09203215271234512,96.11086845397949,0.008449608054425982,0.017382007704840767,0.0036894610881184537,0.012752361957811646,0.009025138150900603,0.0075570303770816985,0.029192357775237824,6.400442656447877e-05,0.01525564859310786
2898,0.015402645903329055,0.09148251593112945,95.67945647239685,0.008556476516856088,0.01753243022494846,0.0036988306428409287,0.01288236263518532,0.009126531191998058,0.0075451195529765555,0.028561326869659953,6.31867006041552e-05,0.015402645903329055
2899,0.015545967684851753,0.09219977080821991,96.13500905036926,0.008645078649537431,0.017638601462046304,0.003707223539240658,0.012959134175131719,0.009187283940199348,0.007558945890309082,0.029510292890999053,6.284765749341325e-05,0.015545967684851753
2900,0.015358200338151719,0.09254487439990043,95.90025401115417,0.00850920924089021,0.017544924153221977,0.0036952602056165534,0.012834935415950086,0.009074642043560743,0.007559988826720251,0.029266581564313835,6.354654756147357e-05,0.015358200338151719
2901,0.01524904349197944,0.09295653074979782,96.32678246498108,0.008440750820769205,0.01737403392791748,0.0036894470955141714,0.012766082651085324,0.009012386314570903,0.007556576770212915,0.02943932443857193,6.38724365385378e-05,0.01524904349197944
2902,0.015192527137696744,0.09268552109599114,95.90180373191833,0.00840228730191787,0.017401777373419868,0.003686362945785125,0.012725864646749364,0.008978374761839708,0.007568288527222143,0.028790602646768092,6.35810883354932e-05,0.015192527137696744
2903,0.015179324851681789,0.09347333893179893,96.28758883476257,0.008392198350694444,0.01739491621653239,0.003687632394851082,0.012716556551555793,0.008965676366868945,0.0075730035702387495,0.02882845386241873,6.382727357712762e-05,0.015179324851681789
2904,0.015166338057153755,0.0920607279241085,95.89354801177979,0.00838435300729341,0.01736127747429742,0.003683230428335567,0.012688557733264234,0.008955934397462341,0.0075406692839331095,0.02917360246181488,6.347886975157892e-05,0.015166338057153755
2905,0.015266033557968007,0.09305542454123497,96.300861120224,0.00845918744802475,0.017383605904049342,0.003692316087997622,0.012778201881382201,0.00903209557549821,0.007532491046521398,0.029139182161953714,6.310433644519738e-05,0.015266033557968007
2906,0.015347633005844222,0.09263908684253692,95.71550440788269,0.00851546945878201,0.017433862421247694,0.0036906818497098154,0.012846541959378455,0.009079136239985625,0.00756054682450162,0.029175930962794357,6.370405154001446e-05,0.015347633005844222
2907,0.015288967370159097,0.0935600996017456,96.28860187530518,0.008471637606206867,0.0174353912141588,0.0036920321670671306,0.012793748409797748,0.009039025372929043,0.0075347538375192214,0.02913504496216774,6.333749113825486e-05,0.015288967370159097
2908,0.015403942043582598,0.09231803506612778,95.78555202484131,0.008561271097924974,0.01742112530602349,0.003697953096901377,0.012882113092475467,0.009112897616707616,0.007557506331553062,0.029310947749763727,6.364744147727574e-05,0.015403942043582598
2909,0.015307912660969628,0.09238452345132828,96.31683278083801,0.008484768962694539,0.017465810775756836,0.0036921443215881785,0.012807495904465517,0.0090524117089808,0.007554341347681151,0.02892992490902543,6.369362595563643e-05,0.015307912660969628
2910,0.015233384267323546,0.0915652933716774,95.73662662506104,0.008435836552331846,0.017448944780561658,0.0036928988294675945,0.012750224355194304,0.009008652178777589,0.007500406689941883,0.028657446776827175,6.31129848779984e-05,0.015233384267323546
2911,0.015088843370063438,0.0923309025168419,96.09635162353516,0.008322182717836565,0.017391218344370525,0.00368208741200053,0.012644881318426794,0.008902886422971884,0.007533770634068383,0.028918482330110337,6.344430837837386e-05,0.015088843370063438
2912,0.015223488389617868,0.09358623161911965,95.89566445350647,0.008412269987165927,0.017477414608001708,0.0036923730626909268,0.012725889210899672,0.008986326671308942,0.007528657888372739,0.029336194404297404,6.345816266949731e-05,0.015223488389617868
2913,0.01524715416961246,0.091472447514534,96.08728051185608,0.008440713983856969,0.01747622595893012,0.003690780973993242,0.012753677502688434,0.009009344840629234,0.0075365231931209566,0.0287374106173714,6.340087423413681e-05,0.01524715416961246
2914,0.015132432526184453,0.09217370197176933,95.85708785057068,0.008358542192727327,0.017405207686954076,0.0036860761336154407,0.01266328703198168,0.008928199698113733,0.007554880716941423,0.028753766413364145,6.368000142635487e-05,0.015132432526184453
2915,0.015194276749259895,0.09274621337652206,96.05079007148743,0.00841390067918433,0.017341740661197237,0.0036829845576236645,0.012728552342289024,0.00898997800010774,0.007536168009456661,0.028758000495533148,6.324820969995117e-05,0.015194276749259895
2916,0.015299798448880514,0.09399487555027009,96.00037956237793,0.00849195597279403,0.01736787398656209,0.0036888417767153847,0.012801351836986012,0.009050396179987324,0.007563122656817237,0.028917232321368322,6.374223230777965e-05,0.015299798448880514
2917,0.015317289667824904,0.09180698469281197,96.29841017723083,0.008494163319054577,0.017367512120140923,0.003691032212227583,0.012798642174651225,0.009054948333650828,0.007558447823135389,0.02966276810814937,6.356669832347468e-05,0.015317289667824904
2918,0.015188552733096812,0.09206962764263153,95.84293413162231,0.008389701762547096,0.017381999492645264,0.003680721049507459,0.01271262668694059,0.0089580315641231,0.007573895499938064,0.02961770159088903,6.327469854049441e-05,0.015188552733096812
2919,0.015094500966370106,0.09153580710291863,96.27840089797974,0.008338373419311311,0.01727227873272366,0.003677271900491582,0.012639553559323152,0.008912589055382543,0.007505921096437507,0.029331374478836856,6.388995602923941e-05,0.015094500966370106
2920,0.015214071799483564,0.09210478693246842,95.90938568115234,0.008423681555108892,0.0173445110850864,0.0036845644946313567,0.012743605451865328,0.00899180222923557,0.007550518959760666,0.029097840115427973,6.381791119256124e-05,0.015214071799483564
2921,0.015237801269524627,0.09281580343842506,96.16321110725403,0.008432917073369026,0.01741856919394599,0.0036907587309057514,0.012753568871153725,0.008995906449854374,0.007540061664250162,0.029212722430626552,6.346047786255188e-05,0.015237801269524627
2922,0.015248686749902037,0.09248667016625405,95.89592933654785,0.008445532795869641,0.017448285685645208,0.0036947718324760598,0.01276547104327215,0.009019996770140197,0.007531084765990575,0.028640725364287693,6.340162078818107e-05,0.015248686749902037
2923,0.015362935240070026,0.09118187978863716,96.20947742462158,0.008522452842444182,0.017508638964758978,0.0036946803155458634,0.012837101661910613,0.009065569763382277,0.0075392306533952555,0.029280506268971496,6.217802867000601e-05,0.015362935240070026
2924,0.015548729805482758,0.09181290432810783,95.85040044784546,0.008647733943329917,0.017579872873094347,0.0036958253264634147,0.01299045430496335,0.009198855029212104,0.007536021468953954,0.029834773817823994,6.391573036911192e-05,0.015548729805482758
2925,0.015223092718256845,0.0933215168118477,96.26367783546448,0.008428515400737524,0.017391762733459472,0.0036858364013541076,0.012739374165733655,0.008999551155914862,0.0075307036770714654,0.028968552897373837,6.33557823302016e-05,0.015223092718256845
2926,0.015366753766106234,0.09147516116499901,96.15692329406738,0.008525001431504885,0.017473471959431965,0.0036925915845980248,0.012843532549838225,0.009082223806116316,0.007543362372865279,0.02940350074734953,6.356314305792113e-05,0.015366753766106234
2927,0.015198771994974878,0.09115889444947242,96.14875483512878,0.008412044073144595,0.017378065586090088,0.00368516542431381,0.012723782989713881,0.008990112930122349,0.0075070618196494045,0.028931649790869818,6.364675157647356e-05,0.015198771994974878
2928,0.0152365664123661,0.09175301432609557,96.0401086807251,0.008439184232718415,0.01736718734105428,0.0036837649992149737,0.012756830795357625,0.009006998400307364,0.007515155738219619,0.029216034532421165,6.364693987404764e-05,0.0152365664123661
2929,0.015408923195468055,0.09210209116339683,95.94350910186768,0.008560674058066474,0.017477061218685575,0.003694178414944973,0.012883259064207474,0.009107416255606545,0.0075407120709617935,0.02929720263928175,6.360336664199748e-05,0.015408923195468055
2930,0.015315130655136374,0.09246666178107261,96.0925703048706,0.008495915846692192,0.01740858130984836,0.0036902684040574564,0.012811275534331798,0.009045631610271004,0.007547665515707598,0.02924693763256073,6.338420510489742e-05,0.015315130655136374
2931,0.01521629030091895,0.09225740671157837,95.85741400718689,0.008434812883949943,0.017360619174109564,0.003683137186906404,0.012743870185481178,0.009004675820469855,0.007563160088741117,0.028354660988681845,6.369366391998668e-05,0.01521629030091895
2932,0.015058813446925745,0.09210150614380837,96.32666063308716,0.008318862418333689,0.01725544664594862,0.003674710478840603,0.01262122920817799,0.00890616477984521,0.007547395558406909,0.028627154727776844,6.322726411047894e-05,0.015058813446925745
2933,0.01529501861996121,0.0913074803352356,96.00446128845215,0.00846503278447522,0.0174235463142395,0.003686450094295045,0.012795245045175156,0.009028825217650997,0.007542057127381365,0.029937461281402244,6.328934411893133e-05,0.01529501861996121
2934,0.015336291500263744,0.09168472900986671,96.20368695259094,0.008504087813198566,0.01743961705101861,0.003686078130784962,0.01281565128101243,0.009056509546935558,0.007517606666725542,0.029668003951923715,6.346006373605286e-05,0.015336291500263744
2935,0.01525046121329069,0.09174304097890854,95.86888694763184,0.00844280946171946,0.017493579387664795,0.0036893501179292797,0.012765115234586927,0.008998611716346609,0.007542338431295421,0.028709795909623304,6.327107295244142e-05,0.01525046121329069
2936,0.015294131081965234,0.09151015341281891,96.37265491485596,0.008481756376309527,0.01737402571572198,0.0036851467926883037,0.012796845222926801,0.009043088621563382,0.007507077668690019,0.029422246085272896,6.369841237977249e-05,0.015294131081965234
2937,0.015101069452034103,0.09173981562256812,95.82782125473022,0.00834400304282705,0.01731233729256524,0.0036788775487285523,0.01265062572227584,0.008916001725527976,0.007582536240418752,0.02868917804211378,6.349234920842643e-05,0.015101069452034103
2938,0.015074451954828368,0.0930853009223938,96.40864062309265,0.008335772901773453,0.017276240984598797,0.003677360179523627,0.012638003879951107,0.008911681996865406,0.007496685015244617,0.02848132323887613,6.36850097352711e-05,0.015074451954828368
2939,0.015415705458985435,0.09169811010360718,95.90275883674622,0.00855277180671692,0.017494515577952067,0.003694934151135385,0.012880551879190736,0.009112530404494869,0.0075126054945091406,0.029970564467625485,6.396619096626921e-05,0.015415705458985435
2940,0.015173061970207426,0.09298978298902512,96.3498146533966,0.00840140281452073,0.017359748681386313,0.003682801152786447,0.012717419885512855,0.008973219638897313,0.007512185871601105,0.02849560943328672,6.322815086793949e-05,0.015173061970207426
2941,0.015132900931768948,0.09187585428357124,96.00126266479492,0.008370292234337991,0.017323775556352405,0.0036807558923545813,0.012697157199598021,0.008953514761394924,0.007505698891149627,0.02862177725053496,6.375228504430039e-05,0.015132900931768948
2942,0.015223759955002202,0.09245254084467888,96.25317406654358,0.008435094836685392,0.017373545699649388,0.003685744349948234,0.012761842856804529,0.009005243703722954,0.007520306712637345,0.028704455267224045,6.360744271087842e-05,0.015223759955002202
2943,0.015297514618270927,0.09191687390208245,95.96935701370239,0.008482818810476198,0.017427323394351536,0.0036873313794947332,0.012791075799614192,0.00903612468805578,0.007516206974784534,0.029189581811014147,6.314955110761546e-05,0.015297514618270927
2944,0.01525105222231812,0.09167341828346252,96.06158590316772,0.008450245275679561,0.017322164111667208,0.00368222298204071,0.012761585635857449,0.009030384170926279,0.007538150529273683,0.029383822447723813,6.389371761522334e-05,0.01525105222231812
2945,0.015199328040083249,0.09229870349168777,96.02933955192566,0.008429506319678492,0.017265510559082032,0.0036812293648512827,0.012731145812819401,0.008992815137737328,0.00751306166458461,0.028860071239372096,6.325736035499944e-05,0.015199328040083249
2946,0.015256042534278499,0.09204836130142212,96.22534823417664,0.00844889615351955,0.017445028358035616,0.003686554371379316,0.012779722157865762,0.009002012614574697,0.007501699427763621,0.0291257050467862,6.340289857051436e-05,0.015256042534278499
2947,0.015234744337697824,0.09342869475483895,96.06734275817871,0.008431005022592015,0.017423821820153132,0.0036843549594697024,0.012747820822729005,0.00898482519098454,0.007524003265425563,0.02933015777832932,6.340388954964026e-05,0.015234744337697824
2948,0.015408369426925977,0.09309656739234924,95.90288782119751,0.0085697121028271,0.017412146992153592,0.003690445881543888,0.012884547201295693,0.009122536573559046,0.0074845878065874175,0.029381969732542833,6.354982950684965e-05,0.015408369426925977
2949,0.015391613038049803,0.09357479706406593,96.27915740013123,0.008545048617654377,0.017421575917137992,0.003689096801810794,0.012861451326558988,0.009109319496072,0.0075337388180196285,0.0297378865049945,6.363503351824167e-05,0.015391613038049803
2950,0.015219885611699686,0.09405359134078026,95.77441787719727,0.008432237570070559,0.017355786959330242,0.003683480728003714,0.012732248846441507,0.009003783102250761,0.00750512073851294,0.028986045360151265,6.388676577753611e-05,0.015219885611699686
2951,0.015953537312646707,0.09130762621760369,96.2453088760376,0.008924483702414566,0.017853107982211642,0.0037338226009160282,0.013216442832102378,0.009478892127258911,0.007577697101773487,0.03022247798119982,6.370573581972868e-05,0.015953537312646707
2952,0.015882767658266756,0.09039291381835937,96.04773545265198,0.008888128070781627,0.017809057500627307,0.003718662689336472,0.013170469902041886,0.009425999894738198,0.0075402380257017084,0.02973287839235531,6.335509643340842e-05,0.015882767658266756
2953,0.016106167828871143,0.09211353942751885,96.15705513954163,0.009010715161760647,0.018064526716868083,0.003748116631888681,0.01329845279869106,0.009549361672252416,0.0075612965070952975,0.03095413972520166,6.32701060211834e-05,0.016106167828871143
2954,0.015363874580297206,0.09226577907800675,96.14015603065491,0.008523179408576753,0.01754814412858751,0.0036992995120171046,0.01281718611303303,0.009085201587941912,0.007525586061593559,0.028920610149701435,6.341880359880432e-05,0.015363874580297206
2955,0.015127256823082766,0.09086930274963378,96.04005265235901,0.008362241058299939,0.017328977055019804,0.003683197000581357,0.01267355609478222,0.008933202949249082,0.007559963289855255,0.028777532848633,6.364913057862193e-05,0.015127256823082766
2956,0.015118065079053243,0.09183241680264473,96.32460284233093,0.008351740561839608,0.017343968020545112,0.0036778453996198046,0.012665370220525397,0.008914589366565149,0.007563554507990678,0.028948508894277945,6.349990275928135e-05,0.015118065079053243
2957,0.01499043950604068,0.09129568785429001,96.02899146080017,0.00826993835469087,0.01725492901272244,0.0036693711061444546,0.012587438037412035,0.008851540330797434,0.007548636531250344,0.028347996193915606,6.392372968769895e-05,0.01499043950604068
2958,0.014916245407528348,0.09157397866249084,96.21332120895386,0.008216678611934185,0.01717847294277615,0.003668234951587187,0.01252702141387595,0.008796090705113278,0.007523465618077252,0.028774545163744027,6.359252378906098e-05,0.014916245407528348
2959,0.01502279996044106,0.09233074232935906,96.13573932647705,0.008298466896845234,0.017246477603912354,0.0036707439615080756,0.012616472923093373,0.008864967253886991,0.0075062487253712284,0.028519308954063387,6.26825751164538e-05,0.01502279996044106
2960,0.015187963590853745,0.09225292682647705,96.0410406589508,0.008418163284659386,0.017260031435224744,0.003674705797392461,0.012720560628092951,0.008986512008640502,0.007523532799548573,0.028979908087187343,6.321224417847462e-05,0.015187963590853745
2961,0.015222751804523997,0.09225936487317085,96.23006844520569,0.00843774291790194,0.01727750195397271,0.003675887705758214,0.012762182977878385,0.009002592652622196,0.007512763817277219,0.029321924957136314,6.364365826053586e-05,0.015222751804523997
2962,0.015147641354964839,0.09328913882374763,96.14982056617737,0.008384843168573247,0.017302298810746936,0.0036764443050035173,0.0126921757352021,0.008956496473401784,0.007512831765537461,0.02876484566471643,6.342670872088421e-05,0.015147641354964839
2963,0.015023361949457062,0.09149198725819588,96.0777051448822,0.00829865467424194,0.017224859396616617,0.0036709919897839425,0.012585546688901054,0.00886877796302239,0.007515879039549166,0.02874605598549048,6.380337720387855e-05,0.015023361949457062
2964,0.015085803717374802,0.09157163769006729,96.29027771949768,0.008338768242133988,0.01729623211754693,0.0036782929994579818,0.012650109595722622,0.008907685708254575,0.00750848960959249,0.028691327422857283,6.342460638325578e-05,0.015085803717374802
2965,0.015320091591113144,0.09234421536326408,96.081538438797,0.008501062455276648,0.017429378827412922,0.0036859062391643724,0.01282119155757957,0.009063611183729437,0.007488241744124227,0.029110914112793075,6.318824434004e-05,0.015320091591113144
2966,0.015191078405413363,0.09232226520776748,96.25115418434143,0.00841347181548675,0.01737105051676432,0.0036818307648516365,0.012720509548154142,0.008972386419773102,0.007494581441084544,0.028776946771476002,6.33869707345664e-05,0.015191078405413363
2967,0.015216052101718055,0.09236621424555778,96.03269696235657,0.008430303865008884,0.017274101575215656,0.003678078128852778,0.012731813525574075,0.008995717337561979,0.007506018078161611,0.02959597638911671,6.396207046428428e-05,0.015216052101718055
2968,0.01523837068842517,0.09109610900282859,96.07984137535095,0.00845128683373332,0.01730409754647149,0.0036784494714811444,0.012749338276270363,0.009013583033035198,0.007512647257082992,0.02916185392273797,6.341295225161679e-05,0.01523837068842517
2969,0.015073550310399798,0.09252983406186104,96.2070381641388,0.008332423669182592,0.017251564396752253,0.0036718316324469116,0.01263791611418128,0.008905629824019141,0.007497254171305232,0.028861182737681602,6.371779798819767e-05,0.015073550310399798
2970,0.015171222815083133,0.0917646199464798,96.24237728118896,0.008399411421269178,0.017298596964942084,0.0036729211939705744,0.012709743639247284,0.00897002158065637,0.007488716145356496,0.02914298064592812,6.34986851185132e-05,0.015171222815083133
2971,0.015171708203852177,0.09089389950037002,96.1044807434082,0.008398360901822647,0.017301037576463486,0.0036754401566253766,0.012715647055043114,0.008963083376487097,0.007498158306504289,0.0292031621788111,6.352960496917445e-05,0.015171708203852177
2972,0.015145387136273914,0.09104814916849137,96.243483543396,0.008387866338921917,0.017238252957661945,0.0036751023053915965,0.012693768588619099,0.008957435445239147,0.00748293682311972,0.02908838812675741,6.364500959016874e-05,0.015145387136273914
2973,0.015060050706896517,0.0924610161781311,96.05424761772156,0.008327065710392264,0.01721918026606242,0.003671865324075851,0.01262378326513701,0.00889970225799415,0.0075209426176216865,0.028718026876449584,6.356176952522219e-05,0.015060050706896517
2974,0.015192900471803215,0.09238087713718414,96.13037371635437,0.008423861946082778,0.017330984009636775,0.00368068123391519,0.012722659477343162,0.00898397216366397,0.007484085833032926,0.028569297997487916,6.367854653433985e-05,0.015192900471803215
2975,0.01521383698615763,0.09270633056759835,96.15793967247009,0.008425409617937274,0.017401222652859157,0.003678521698133813,0.01273385567797555,0.008983944683439202,0.007514254727090399,0.028852098097817764,6.380978890541814e-05,0.01521383698615763
2976,0.01508992732812961,0.09137903481721878,96.26268148422241,0.008333402265691094,0.017341867287953696,0.0036719535591287745,0.012644336000084877,0.008899937419013845,0.0074914696129659815,0.029007899415575796,6.373232969830648e-05,0.01508992732812961
2977,0.01501005020406511,0.09154814198613166,96.11612677574158,0.008283672583185964,0.01731301811006334,0.0036744458109347357,0.012599793624960713,0.008862223867326975,0.00747454147785902,0.028333798255771397,6.350227825786684e-05,0.01501005020406511
2978,0.015135798988242945,0.09184138953685761,96.06393527984619,0.008385622226115731,0.017258824242485895,0.003676284697527687,0.012696359604597092,0.008962888030542267,0.007476239576935768,0.028525770505269367,6.379312171997892e-05,0.015135798988242945
2979,0.015166215350230534,0.0918055658042431,96.2342324256897,0.00840794789708323,0.017279931439293756,0.003674390171137121,0.01270693168664972,0.008973749816003773,0.0074864385918610625,0.028585506040189,6.283921037905711e-05,0.015166215350230534
2980,0.015182979305585225,0.09196005508303642,96.13292336463928,0.00841994458809495,0.017281404071384007,0.0036738700962935886,0.012725596889439555,0.00898627919041448,0.00749254138312406,0.028589238627917235,6.389875791421041e-05,0.015182979305585225
2981,0.015133087978594834,0.092647754997015,96.17804598808289,0.008377594504919317,0.01729686074786716,0.003674855889338586,0.01267919593801101,0.008948690609799491,0.007464834787986345,0.02876627888530493,6.354590288796974e-05,0.015133087978594834
2982,0.01509921724597613,0.09168526887893677,96.13379263877869,0.008352470346209076,0.017232058048248292,0.003673198031158083,0.012668780812786684,0.008922441403071085,0.007507998040980763,0.028950506686750387,6.375194495774395e-05,0.01509921724597613
2983,0.01496223741521438,0.09358448728919029,96.30133485794067,0.008261545114219188,0.01713971243964301,0.00366362144290987,0.012560813159992298,0.008839445687416528,0.007497655500968297,0.028667438642846214,6.388951004736625e-05,0.01496223741521438
2984,0.015016486706833044,0.09208625823259353,96.08846306800842,0.008294612885349327,0.01720625612470839,0.003669927889067266,0.012598788316051166,0.00886726229555077,0.007494663853819172,0.02879368185169167,6.366138897930066e-05,0.015016486706833044
2985,0.01511318544132842,0.0923987703025341,96.0907232761383,0.008372145860145489,0.017237372928195528,0.003668601734356748,0.012666989411744807,0.008938763327896594,0.007495970242760248,0.02852906891455253,6.328116926443133e-05,0.01511318544132842
2986,0.015199126290778318,0.0919549871981144,96.07750749588013,0.008430604493866364,0.01725703822241889,0.0036742114498176507,0.012721140055606763,0.008989681013756329,0.0074810590615703,0.02907521367073059,6.38937958988903e-05,0.015199126290778318
2987,0.015341890123155382,0.09091355115175247,96.27124428749084,0.008520089305109448,0.0173996106783549,0.00368148747107221,0.012833205718133185,0.00908165505569842,0.007490216346664561,0.029247059259149763,6.388391901595021e-05,0.015341890123155382
2988,0.01511374056753185,0.09231468930840492,95.99787330627441,0.008367029026978546,0.017225796116722956,0.003672479519413577,0.012669493926482069,0.008943317830562592,0.007491213902831077,0.028852953327198824,6.387738844384533e-05,0.01511374056753185
2989,0.015061150590578715,0.09199192002415657,96.24020862579346,0.008338516528407733,0.01718192391925388,0.003668655020495256,0.0126386600608627,0.008900459027952619,0.007496246811416414,0.028519797114034493,6.323919792701341e-05,0.015061150590578715
2990,0.015083385979135831,0.09228812068700791,96.0992660522461,0.008350801699691348,0.01718641757965088,0.0036678745587252906,0.012660519755962822,0.00891825317301684,0.007471339758485556,0.028819636479020118,6.357561335044515e-05,0.015083385979135831
2991,0.015192245514028603,0.08986948981881142,96.24827146530151,0.008425405398011208,0.017259531286027696,0.0036722148049415813,0.012725908327847719,0.008983370492027866,0.007509423848241568,0.02890808699445592,6.373250918522268e-05,0.015192245514028603
2992,0.015102050391336282,0.09286693379282951,96.19815278053284,0.00835796322259638,0.017246275213029648,0.003670800979145699,0.012662670434349113,0.008935439278268151,0.007458489704877138,0.02880966084284915,6.31902253996941e-05,0.015102050391336282
2993,0.015107653823991617,0.09138629257678986,96.052250623703,0.008362582228663895,0.017253668043348526,0.0036742429621517657,0.012675585962004132,0.008938619126048352,0.0074638119691775905,0.028689793853296175,6.377445912664448e-05,0.015107653823991617
2994,0.015118433402644264,0.09219380915164947,96.05699396133423,0.00838282103339831,0.01717187934451633,0.003666609580007692,0.012672838545921775,0.008953177235606643,0.007475320862399207,0.02866870266281896,6.376457505003448e-05,0.015118433402644264
2995,0.015217665284872055,0.09226824536919594,96.18070363998413,0.00843965948248903,0.017301195197635226,0.003676546003876461,0.012746315590209431,0.00899338903112544,0.007476349911755986,0.029093547438581783,6.371947125911709e-05,0.015217665284872055
2996,0.015233547029395899,0.09215750023722649,96.0414080619812,0.008460903494722314,0.017274752457936606,0.003676583162612385,0.01275001705520683,0.009016449929525454,0.007488104249868128,0.028731352653768326,6.347598959930274e-05,0.015233547029395899
2997,0.015211291164159774,0.0925531792640686,96.43783044815063,0.008438932384467787,0.017281695736779106,0.003677162092903422,0.012755885051770343,0.009004320885158247,0.007478230595588684,0.028801113503674668,6.30599341007433e-05,0.015211291164159774
2998,0.014927726607355807,0.0929505042731762,96.1234540939331,0.008240888967282242,0.017123654948340523,0.0036607606258864203,0.012542298992888796,0.008818865846842527,0.0074709744720409315,0.028488950141602094,6.37213010973091e-05,0.014927726607355807
2999,0.014988088061412176,0.09099423229694366,96.18923950195312,0.00828622318390343,0.01715214040544298,0.003663510691581501,0.01257416638235251,0.008860417089114586,0.007470381516549322,0.028479364783399633,6.337753399605282e-05,0.014988088061412176
3000,0.015112803433504369,0.09208474695682525,96.051189661026,0.008379576413167847,0.017169818613264297,0.00366820994971527,0.012674114784846703,0.008948120385822322,0.0074665869834522405,0.028641318840285142,6.37119405715541e-05,0.015112803433504369
