Epoch,Train_Loss,Val_Loss,Time,recon,ssim,edge,wav,base,illum,col,oe,total
2345,0.02731120401657507,0.10889658983796835,88.13410067558289,0.012155187846787397,0.06030877545231678,0.005358183510280902,0.018664330389106372,0.013024785147491292,0.003513887734534066,0.07312237407218238,1.2800115627628912e-05,0.02731120401657507
2346,0.027507466951110324,0.10923958104103804,87.39836502075195,0.01226180165502258,0.06062056344063556,0.005390538227148965,0.018798369143280338,0.013122584541007632,0.0035522129400022574,0.0735182203657803,1.2561029223853032e-05,0.027507466951110324
2347,0.027583884273762585,0.10735233500599861,87.44241166114807,0.012294700582985018,0.060734665784679474,0.005394515308520955,0.018828357615676083,0.013156163384069185,0.0035744382328063737,0.07428367991672187,1.2787660756897727e-05,0.027583884273762585
2348,0.027820121573253732,0.10872199572622776,87.44772911071777,0.012479348955523283,0.060752475359400766,0.0053836552762105815,0.01898745379456487,0.01333057706351163,0.003555765568248195,0.07445093422944916,1.2658900705117139e-05,0.027820121573253732
2349,0.027463308611854177,0.10682380758225918,87.45660734176636,0.01223569499237127,0.06063440637510331,0.005368915008625291,0.01874734042212367,0.013119239382995446,0.00349107106429998,0.0730479397795728,1.271247237185326e-05,0.027463308611854177
2350,0.027465452913378107,0.10731409583240747,87.44574975967407,0.012225416866818169,0.060643927484262186,0.005368775067866215,0.018728022570492792,0.013072942513361817,0.0035214300093729597,0.07401691155782977,1.2486717999207526e-05,0.027465452913378107
2351,0.02733812676589997,0.10884623788297176,87.48543977737427,0.012167712860572779,0.06037359599207268,0.005365155730778199,0.018680312869245888,0.013046513739057252,0.003488848092736768,0.07315742520645993,1.3217939569244605e-05,0.02733812676589997
2352,0.02746577394484985,0.10807317402213812,87.46934628486633,0.012237347044111764,0.060572896824508414,0.005393797623329475,0.018791585366745463,0.01311537161561065,0.0034874717258374954,0.0733641557181712,1.2044870486905451e-05,0.02746577394484985
2353,0.027126686540661287,0.10916097462177277,87.4781084060669,0.012025813144616416,0.06022737016443346,0.00535692001280726,0.018522451685161374,0.01292339349012883,0.0034875341540309373,0.07266550309589652,1.3392481405432472e-05,0.027126686540661287
2354,0.027553486698841462,0.10640137922018766,87.52892398834229,0.012313828452444468,0.060530300511688485,0.005383983057862545,0.01884751275303911,0.013174549600139994,0.0035245779159356703,0.07330558787970269,1.2470864449976391e-05,0.027553486698841462
2355,0.027512348340976923,0.10804541688412428,87.48143243789673,0.012284753985367105,0.06044334222058781,0.005363564497455344,0.01880484218632833,0.013143047415575043,0.0035396549864061422,0.0738310419389459,1.2457264558446515e-05,0.027512348340976923
2356,0.0275480060028981,0.10797966457903385,87.4595558643341,0.012251901325815525,0.06091062065030708,0.005412352717954849,0.01883738301694393,0.013139694371856138,0.003522413165392507,0.07360229795401702,1.251192441047724e-05,0.0275480060028981
2357,0.027474198154494412,0.10623525641858578,87.43872475624084,0.012211407343933329,0.060824899888429484,0.005383049889818811,0.01876451229279647,0.01309638395600143,0.0034798484039874596,0.0735475979745388,1.2550839853248433e-05,0.027474198154494412
2358,0.027566243329497635,0.10746341291815042,87.43656420707703,0.012315220298764647,0.060513097243230854,0.005367290161809594,0.018830815971386236,0.013179605101525296,0.003549345400657688,0.0739613819226134,1.318791418949926e-05,0.027566243329497635
2359,0.02745455934009591,0.10704273171722889,87.40709686279297,0.012245051952109474,0.06039687453723345,0.005356481621331978,0.018743493853778135,0.013132159170679381,0.0034985317043257787,0.07381092332547805,1.395802492443017e-05,0.02745455934009591
2360,0.027490330875286313,0.1091227950528264,87.48433136940002,0.012222326364459806,0.06075296392206286,0.005382141924738029,0.018759085613562435,0.01310995941004548,0.0035026854688500163,0.0741449027459641,1.212604392373527e-05,0.027490330875286313
2361,0.02742513326439457,0.10806047637015581,87.48130917549133,0.012217181379769425,0.06050965727352705,0.005380231020666781,0.018745251977052846,0.013086168603116616,0.0035469753564656026,0.07308762045729844,1.272789289313938e-05,0.02742513326439457
2362,0.027799421829766916,0.10716509073972702,87.49963903427124,0.012440940304124942,0.06090849686841496,0.005399581321637283,0.0189712745381794,0.013288186801994433,0.003549275643070091,0.07464099328842808,1.267256056773522e-05,0.027799421829766916
2363,0.027432638464770356,0.1083989292383194,87.47812128067017,0.012204336884171992,0.060687428615132315,0.005398585720628989,0.01874682679772377,0.01309508379151831,0.0035089082523539175,0.07278280583072881,1.2614430673876388e-05,0.027432638464770356
2364,0.027111201058523576,0.10932616982609034,87.45786547660828,0.011997776915181856,0.060339728828336374,0.005359017458118376,0.018498258367486177,0.012898480450948243,0.0034830862385236095,0.07280912454865995,1.276365055684632e-05,0.027111201058523576
2365,0.02724816097465695,0.10675575584173203,87.48817253112793,0.012089044046511904,0.06049817116534124,0.005372035233151229,0.01861132147767749,0.012976980027666346,0.003501770316554447,0.07256108549896811,1.2421766064411525e-05,0.02724816097465695
2366,0.027202254649801333,0.10758435446768999,87.45168924331665,0.012062704908188249,0.060347724644864195,0.005358729530583884,0.01855980003344231,0.012957924809001509,0.003488886734035599,0.07319230363383646,1.2833539279457957e-05,0.027202254649801333
2367,0.027250094094970187,0.10824471805244684,87.43515133857727,0.012115158041420042,0.0602515061370662,0.005353785459654497,0.018620832914822413,0.012986414768107113,0.0035537133226171136,0.07290745839537656,1.2467533138876807e-05,0.027250094094970187
2368,0.02772025927351635,0.10802631173282862,87.45356345176697,0.012361259432509542,0.061145828884156025,0.005390741509293802,0.018946378652128528,0.013247153309525037,0.003496524544822083,0.07362988133166658,1.2760054985676853e-05,0.02772025927351635
2369,0.02777751683272788,0.10924780461937189,87.38243341445923,0.012394622861422965,0.06116390716834146,0.005399947701648,0.01900150613920366,0.013239998278803513,0.0035743774601914844,0.07420561905400674,1.274702178451647e-05,0.02777751683272788
2370,0.02811381364332848,0.10842592548578978,87.47926807403564,0.012672036962553125,0.06106040663406497,0.005407989330467631,0.01923244628200277,0.01348331243899025,0.0035887582487136613,0.07449190007125744,1.1930904783130636e-05,0.02811381364332848
2371,0.028273486455932993,0.10833120532333851,87.45466160774231,0.012813924918653534,0.060943716373599945,0.005396695672076379,0.01934870103465729,0.013597601238393882,0.003587126256669032,0.07468308632063572,1.2079456946227663e-05,0.028273486455932993
2372,0.027883624940438837,0.10767339915037155,87.4156436920166,0.012563777961539195,0.06045516250563449,0.005372500396333635,0.019071978799326986,0.013409828007618179,0.0035086028701549424,0.07472036479682219,1.278859484768099e-05,0.027883624940438837
2373,0.027918328729565026,0.10757807362824678,87.4601674079895,0.012562759441980084,0.06081113903248896,0.0053998812284992365,0.0190772112214663,0.013398680118385886,0.003560908680751187,0.07364964576773957,1.2551977061301619e-05,0.027918328729565026
2374,0.02758433656064702,0.10633135214447975,87.49080920219421,0.012324024846807856,0.06061087573160891,0.00537757427798065,0.018842507146115673,0.013203863367499387,0.0035313108809994624,0.07345001312491835,1.233250071109386e-05,0.02758433656064702
2375,0.027244040589840687,0.10861003771424294,87.51287531852722,0.01208847350456187,0.060362629714559336,0.005377571344696229,0.018615779008899557,0.012986097293982252,0.003492757304930357,0.0733132620998582,1.2634884717689347e-05,0.027244040589840687
2376,0.02709765275787623,0.10873208567500114,87.44849705696106,0.012023237583487004,0.06008552674387322,0.005348812679943369,0.018530484846197678,0.012926999418461909,0.0034973713222005575,0.0723195065606813,1.2688826851979144e-05,0.02709765275787623
2377,0.027277060524850596,0.10722163785248995,87.40390872955322,0.012141673642470211,0.06007728127182507,0.005335064698392373,0.01862200599957685,0.013000717233927523,0.0035565956715173774,0.0741242376751587,1.2523722500887269e-05,0.027277060524850596
2378,0.027236706302424925,0.10919975582510233,87.49024367332458,0.012097075283832725,0.06021485856321991,0.005348638257347658,0.018605107586586574,0.012985221507241492,0.0035061674387209486,0.07369480675971898,1.2762506505972361e-05,0.027236706302424925
2379,0.0270742335830067,0.10620875470340252,87.46122980117798,0.012005434909713317,0.06009014903521929,0.0053429450538223155,0.018512718806989858,0.01289959228979271,0.0035086327096920645,0.0723186931038489,1.2825991672393343e-05,0.0270742335830067
2380,0.027204039308135627,0.1077665900811553,87.47993612289429,0.012090877736689614,0.06018030692319401,0.005368401332697297,0.018624867900412102,0.012985609731346857,0.0034791849931457737,0.07260605286745751,1.2787690357041557e-05,0.027204039308135627
2381,0.027282922208064893,0.10820370446890593,87.40535998344421,0.01213552515007189,0.06020933829370092,0.005364346493524117,0.018660072886125475,0.013009305344894528,0.0035866042522744077,0.07330301361250095,1.2297924962819363e-05,0.027282922208064893
2382,0.02753056520138119,0.10808423347771168,87.55361938476562,0.012311228749449135,0.06042437279810671,0.005390246954105306,0.018881259951740503,0.013172834661224337,0.003542108453627004,0.07288038188622134,1.2412681794970105e-05,0.02753056520138119
2383,0.027643842027202003,0.10803283378481865,87.51132440567017,0.012391501495645184,0.0604807798002587,0.0053630456439082005,0.018907454689262342,0.013246775933037528,0.0035178824327886105,0.0734286629060497,1.1579825137555539e-05,0.027643842027202003
2384,0.027768499599617035,0.10707606934010983,87.41512727737427,0.01244481713282036,0.06079393038984205,0.005381345395838506,0.018974080216139555,0.01329490613406066,0.0035356202288759782,0.07378180694506793,1.32080621722796e-05,0.027768499599617035
2385,0.02747572738616193,0.10759212076663971,87.4181981086731,0.012269279175270044,0.060379562319302166,0.0053638199871009,0.018775306809998928,0.013145800061584985,0.003508621343930603,0.0734666999368394,1.142285948820147e-05,0.02747572738616193
2386,0.027350136964413962,0.1081312745809555,87.46832823753357,0.012160270535921464,0.06043894027100235,0.005383032438971224,0.018685115707396973,0.013046448806025943,0.0034757114213998202,0.07362951942887462,1.2711914516660891e-05,0.027350136964413962
2387,0.027494874920268527,0.10881960950791836,87.4657735824585,0.012280092486867407,0.06037611062409448,0.005378880553313943,0.018818408266076298,0.013144597552380845,0.003552378902448433,0.07353570344323507,1.250008749192626e-05,0.027494874920268527
2388,0.027636925964692576,0.10757216904312372,87.46318817138672,0.012366955290685912,0.060660623624676564,0.0053771462188422926,0.018876970493707988,0.013220157787264859,0.0035198971106228036,0.07330548838086304,1.2882481903495285e-05,0.027636925964692576
2389,0.027426043815422255,0.10918228514492512,87.45298647880554,0.012240938502592875,0.06033692399009329,0.00535803180394053,0.018746865997243612,0.01310112719714153,0.0035488356857133084,0.07313301637158041,1.22944437494462e-05,0.027426043815422255
2390,0.026990259967011508,0.10634663701057434,87.43504881858826,0.011940094253017765,0.06003203792650191,0.005335421851057498,0.018424609676003456,0.012843745294958353,0.0034674268757893902,0.07291749376254003,1.2675581676272966e-05,0.026990259967011508
2391,0.027394683772056807,0.10860627982765436,87.42867374420166,0.012212595738256808,0.06034700938912689,0.0053714363316654185,0.018726232461631298,0.013081526353222425,0.003531566197930484,0.073220386200386,1.2739716556314368e-05,0.027394683772056807
2392,0.027160005445485233,0.10830661188811064,87.42416882514954,0.012071492257298993,0.06009228405405263,0.0053493335373608055,0.018582561053335667,0.01295335174034365,0.003522429323266642,0.07240045849294936,1.2516016137895877e-05,0.027160005445485233
2393,0.027257080403629872,0.107488464564085,87.4824059009552,0.012132178999666796,0.06015014599581234,0.0053449573709064575,0.01862678574550836,0.013010395240405054,0.0035507162626389963,0.0729360281505057,1.3164542919732786e-05,0.027257080403629872
2394,0.027637417244984478,0.10895106568932533,87.39836955070496,0.012375296498114457,0.06039135280202647,0.005368117825128138,0.018885386741307915,0.013209442096594417,0.003541037339152249,0.07494513165266788,1.0676585145274552e-05,0.027637417244984478
2395,0.02727450540319818,0.10743994545191526,87.39762020111084,0.012099214256970121,0.060496903345233104,0.005374947944503339,0.018624032030767592,0.01297740619171594,0.003522793224203538,0.07323316591562795,1.1712550195466388e-05,0.02727450540319818
2396,0.027194767594948165,0.10908288601785898,87.42307925224304,0.012076116376938145,0.06030559246657324,0.005364606034804563,0.018606439263361398,0.01296676325871319,0.003510183021120849,0.07208884447874105,1.2257681732067919e-05,0.027194767594948165
2397,0.027500305385863195,0.10807002894580364,87.43282628059387,0.012252456432238955,0.06065784810019321,0.005386666234460522,0.018808555781658066,0.013129835139166136,0.003520829416048087,0.07336984481662512,1.2336625662015795e-05,0.027500305385863195
2398,0.027298102766031125,0.10685920529067516,87.47499465942383,0.012155358313170612,0.06018649701212273,0.005354509013323266,0.018681366233246736,0.013026492731248746,0.003532310866666805,0.07322626863224585,1.2609308664677098e-05,0.027298102766031125
2399,0.027330293717076543,0.10723081883043051,87.43705916404724,0.0121979178845516,0.06012652203684948,0.005357478426570897,0.018702823516042508,0.013077532887825222,0.003490079102701828,0.07272296898128068,1.2521442871709561e-05,0.027330293717076543
2400,0.027321290682818068,0.10767175257205963,87.44440865516663,0.012160228572969065,0.06025918145648769,0.005372943782217068,0.01870059096788774,0.013033556324414542,0.0035138728868094136,0.07347727380692959,1.2351133850237545e-05,0.027321290682818068
2401,0.02718123923376447,0.11010514758527279,87.47677063941956,0.01204867033501629,0.06030720081485686,0.005378233390997668,0.018602681002717038,0.012930610255322984,0.0035236008669493994,0.07306110657385138,1.2999619855593586e-05,0.02718123923376447
2402,0.02722464547660507,0.10870054643601179,87.45737814903259,0.012097949436942085,0.060170479973808665,0.005360693281485898,0.018616225013173508,0.012981639129155483,0.0035186628982821692,0.07329217530786991,1.2693815344917133e-05,0.02722464547660507
2403,0.027163426132231463,0.10967105813324451,87.49011850357056,0.012052017340406042,0.06025615139085738,0.005350018771304215,0.018553589218769404,0.0129445871933684,0.0034843293375518844,0.07267046347260475,1.245292549151926e-05,0.027163426132231463
2404,0.02734096616995139,0.11030636355280876,87.42898440361023,0.012172085977327383,0.060422312040798,0.0053625719976748846,0.01868576148036318,0.01305363989114517,0.0035540222850643467,0.0723684082632182,1.2572770125580423e-05,0.02734096616995139
2405,0.02752154496055646,0.10725389420986176,87.40230131149292,0.012304645237802971,0.06034104452758539,0.005357003547480238,0.018810990136727445,0.013171194090706403,0.003530205379156243,0.07381155002923286,1.273558315015709e-05,0.02752154496055646
2406,0.027585502179553273,0.10874994657933712,87.44334626197815,0.012351398623441576,0.0604228958731792,0.005383968414341817,0.018908588269145273,0.01325061995169667,0.003528414570848595,0.07281294480332585,1.271858582539345e-05,0.027585502179553273
2407,0.02767349720062291,0.10716049838811159,87.48672032356262,0.012366720292045445,0.06084310422178175,0.0053817760332899745,0.01890610253865846,0.013217789594267235,0.003513425417801701,0.07369862612886507,1.2937972925045379e-05,0.02767349720062291
2408,0.027609227164114108,0.10915335454046726,87.48220586776733,0.012353780450390988,0.060438358392871795,0.005382808740250766,0.018885358038251518,0.013192961511553311,0.00357812040363301,0.07423782918113665,1.2496599821601897e-05,0.027609227164114108
2409,0.027275976037881414,0.10851053334772587,87.42630290985107,0.01212762992401592,0.06021750852709911,0.0053478880083096805,0.018631690357368988,0.013016185112541816,0.003501735016947887,0.07371442474913402,1.2541831002155144e-05,0.027275976037881414
2410,0.027311843560367335,0.10648825950920582,87.41603970527649,0.012159525096172193,0.06026952041954291,0.005359926953774373,0.01865830822069137,0.013040658468227894,0.0034910211917852647,0.07318437664357365,1.2839696603351366e-05,0.027311843560367335
2411,0.027216013123998878,0.10766466055065393,87.45121693611145,0.012100251696881701,0.060140200814262766,0.005355261451350983,0.018624649161747733,0.012990615361171668,0.0035036322536695077,0.07292291303699622,1.2425875971234407e-05,0.027216013123998878
2412,0.027094302866913257,0.10552615206688643,87.48040580749512,0.012037552656514234,0.05996020553541965,0.00533713458571583,0.018548318123841872,0.012900791130959988,0.0034821164292344426,0.0726577697749265,1.140463346507449e-05,0.027094302866913257
2413,0.027559963879404497,0.10782436188310385,87.45425128936768,0.012321092005147308,0.060438948576567605,0.0053774210448819595,0.018842424418716155,0.013164526454676858,0.00355348610471873,0.07397265903285292,1.268956887433213e-05,0.027559963879404497
2414,0.027717823819180983,0.10729814320802689,87.44997334480286,0.012423145592395888,0.060612455254695455,0.0053825483611616935,0.01895763675422698,0.01327980847143736,0.0035018573856729343,0.07404195547836726,1.2223559938271254e-05,0.027717823819180983
2415,0.02726355103439972,0.1085994178429246,87.46435880661011,0.012147214294212763,0.06009605282642802,0.005344881836447071,0.018654375008811227,0.0130355764394168,0.003509633009299086,0.0727160771178906,1.2689224981404676e-05,0.02726355103439972
2416,0.02753668206698093,0.10603555850684643,87.44450068473816,0.012321516359988295,0.06031692663177115,0.0053631094585890405,0.018841423590469066,0.013174876837884306,0.0035581131423747196,0.07361986274357701,1.3522678820862782e-05,0.02753668206698093
2417,0.027426767865287475,0.10755129810422659,87.45420098304749,0.01222753349966446,0.060372352111534994,0.005363022824596675,0.018748634899432053,0.01308734677579315,0.0035514080320622346,0.07368178534336754,1.216895056384805e-05,0.027426767865287475
2418,0.027320602236956846,0.10742866341024637,87.43965077400208,0.012183257829031496,0.060060316910509205,0.005348606798492494,0.018677688974764992,0.013043473405977253,0.0035295974402154077,0.07377307222331644,1.273491562783188e-05,0.027320602236956846
2419,0.02744615995554162,0.106938143260777,87.46798729896545,0.012262685522131745,0.06010362066206385,0.0053680435941386665,0.018771522228041144,0.013117990158803638,0.0035001399543243233,0.07470393102982494,1.1926451153186748e-05,0.02744615995554162
2420,0.027194314361473577,0.10635162238031626,87.42238092422485,0.012087966926151612,0.06005563990014498,0.005345013916309252,0.01857528659957843,0.01297661134988436,0.0034929408871217584,0.07349221745780746,1.2575162702208703e-05,0.027194314361473577
2421,0.02704209425166005,0.1092492314055562,87.46450352668762,0.012025802022182062,0.05969167879370392,0.005323318098519059,0.018510744082512427,0.012915334923834097,0.003480225881622707,0.07269510987107872,1.2760311530582674e-05,0.02704209425166005
2422,0.027266161562111535,0.1078557875007391,87.47895956039429,0.012162260012701154,0.059978972204395985,0.005344996595236122,0.018667603178774236,0.013052568740409906,0.003486949652738747,0.07284028038810023,1.2198864680828597e-05,0.027266161562111535
2423,0.027251875669252676,0.10656480863690376,87.46930265426636,0.012152580307704991,0.059966123006382925,0.0053376440019881136,0.018651900347322226,0.013042224082546156,0.0034724063875504817,0.07294858734077606,1.3348767174442829e-05,0.027251875669252676
2424,0.027258758860655496,0.1077039884403348,87.44480967521667,0.012153409177162608,0.0600118983964451,0.005347230826641937,0.018629832949000794,0.013013860867282406,0.0035494708753816906,0.07294791935347632,1.2841201398638433e-05,0.027258758860655496
2425,0.027330541418346226,0.10671884752810001,87.46752166748047,0.012215432535368399,0.059977395612685405,0.005343843543459279,0.01870289996083154,0.013085574743750154,0.0035236476391905035,0.0727971591757702,1.2498751807860349e-05,0.027330541418346226
2426,0.02733188519468073,0.10614749602973461,87.45554327964783,0.012173895487470216,0.06021704146119415,0.0053568084583022315,0.018707428784033316,0.013055880210499783,0.003517461608576237,0.07341510668152669,1.235174908323139e-05,0.02733188519468073
2427,0.027384949863323422,0.10810446925461292,87.45948028564453,0.012241019012375932,0.060085737314380584,0.005342842480473098,0.018737784388368248,0.013106721422833497,0.003540143464142304,0.07301112010952879,1.2697610732743446e-05,0.027384949863323422
2428,0.027284890611762883,0.10628656204789877,87.43666124343872,0.01213896913515007,0.06023147653360836,0.005357945937144219,0.01868217843050351,0.013035754138817553,0.0035165157150019145,0.07300646464172446,1.2697850051114692e-05,0.027284890611762883
2429,0.02714618654219342,0.10910548642277718,87.4724600315094,0.012077994075924402,0.05993997268989438,0.005342046398150384,0.01857897820195458,0.012955483888871357,0.003523551066955704,0.07253325416049997,1.2984456408415879e-05,0.02714618654219342
2430,0.02721368478702717,0.1072528287768364,87.43174505233765,0.012101817357002711,0.06014666303259428,0.005361422512787165,0.018603636974804712,0.012998391897035916,0.0034827794851048192,0.07275383971387246,1.2796084378191848e-05,0.02721368478702717
2431,0.027327663433112083,0.10677309148013592,87.46505212783813,0.012179865532356208,0.06021126567340288,0.005352890332702731,0.018680600548682154,0.013039544049161867,0.003533992770349332,0.07316309526623761,1.2522626036018574e-05,0.027327663433112083
2432,0.027343481214197933,0.10952373780310154,87.45908403396606,0.012204412241145724,0.06010067218639811,0.005345009984906579,0.018710464345993567,0.013057963888267757,0.0035107626310610747,0.07336501224485577,1.2611248363453923e-05,0.027343481214197933
2433,0.027496981167341353,0.10725104808807373,87.39440417289734,0.012318678955990271,0.06010131024923481,0.005345681445581503,0.01883588683959402,0.013167970153487852,0.0035680030266464244,0.07348943063531255,1.2754264274778044e-05,0.027496981167341353
2434,0.027334357108004758,0.10759702604264021,87.46657419204712,0.012188277909623796,0.06019313462444993,0.005357087708124128,0.018713921155841626,0.013066010045834252,0.0034799238000843735,0.07302092785229448,1.2610778884091434e-05,0.027334357108004758
2435,0.026902789219481048,0.10820141062140465,87.47070074081421,0.011896362188501193,0.0599413733990466,0.005329439279119499,0.01839470278593849,0.01279637999985306,0.003483611305977111,0.07195403014660859,1.2696614317975924e-05,0.026902789219481048
2436,0.027116726244204355,0.10765533614903688,87.4498381614685,0.011996751979420909,0.06025249498789428,0.005360187121025729,0.018523643984169256,0.012891706911327898,0.0035080493868664517,0.07365441841424489,1.2513990358825257e-05,0.027116726244204355
2437,0.026901571263299614,0.10694010090082884,87.41691875457764,0.011902396834348558,0.059759768794794554,0.005335337280097311,0.01840955648784999,0.012817703363042875,0.00347081728596393,0.07271693932411612,1.323589302367273e-05,0.026901571263299614
2438,0.026865798506702555,0.10952132474631071,87.461923122406,0.0118915273876647,0.05969207746083619,0.005315012550439502,0.018377545198089765,0.01278356092478164,0.0034918463349983583,0.07241589579059453,1.272007790908602e-05,0.026865798506702555
2439,0.02712900012914763,0.10740692541003227,87.44447588920593,0.012079988354359006,0.05977700137701191,0.005336444141709658,0.01856965179265034,0.012963565383259146,0.003494222541568709,0.07288458879243155,1.2404190885824009e-05,0.02712900012914763
2440,0.02732761323329855,0.10758961737155914,87.47546148300171,0.012192512610469197,0.060126447286762176,0.005356439753801974,0.018701132799147584,0.01306666607098257,0.00353097818509416,0.07281408759719524,1.275347730133475e-05,0.02732761323329855
2441,0.027382822676760253,0.10603088233619928,87.50005412101746,0.01219900736783738,0.060400627187040985,0.005369866650444684,0.018760662777807382,0.013080780234065701,0.00354289912168303,0.0727329485454276,1.2769897595056994e-05,0.027382822676760253
2442,0.02716289057594831,0.10873417370021343,87.4456615447998,0.0120920490504044,0.05994641731997005,0.005337377863203282,0.018585832690301,0.012973744834422088,0.0034795088586626484,0.07259554200668315,1.226793063465245e-05,0.02716289057594831
2443,0.02708281775112035,0.10775603167712688,87.43260717391968,0.01200845755529819,0.06008779220893735,0.005342378281056881,0.018488628797416317,0.012896297774353966,0.003544861298115527,0.07260044227491637,1.2468819573150478e-05,0.02708281775112035
2444,0.027608427387036262,0.1081626694649458,87.44143009185791,0.012412300127268325,0.06013949777259201,0.005340370007973836,0.01889203507911231,0.013230779360918725,0.0035765592531743842,0.07322065141357359,1.2746073258570157e-05,0.027608427387036262
2445,0.027554481900984147,0.10895062331110239,87.48023724555969,0.012381300467570296,0.05998931214457653,0.005345422331793386,0.018884199847024483,0.013216234102356629,0.0035529659209834015,0.07345859092644981,1.2140332819833817e-05,0.027554481900984147
2446,0.02788032954711406,0.10673044435679913,87.46602511405945,0.012571052770267745,0.06053320648240262,0.0053711413104300864,0.019092558272427222,0.013397109679511337,0.0035420620688008234,0.07352111316057014,1.2465003490004033e-05,0.02788032954711406
2447,0.027347202489122015,0.10628875438123941,87.42643904685974,0.01222598052690508,0.06000222241292234,0.00534914103603815,0.018740448726677014,0.013089354295039275,0.003524977837872432,0.07271054481751606,1.1548927524764303e-05,0.027347202489122015
2448,0.02735351462711076,0.11035124864429235,87.42189836502075,0.012152042865875314,0.06051223835007089,0.0053639300701925985,0.018681745838801393,0.013036862733300592,0.0035189597478105885,0.07364421226389584,1.260257945903994e-05,0.02735351462711076
2449,0.02728629736687805,0.107566031627357,87.47260642051697,0.012157184232148479,0.060078173875808716,0.00535144459944768,0.018677341751754284,0.013024970316557123,0.0035496767940472996,0.07332664019748812,1.2620336361589524e-05,0.02728629736687805
2450,0.02707553890029915,0.10714139603078365,87.47075867652893,0.012034232857957726,0.05979160549210721,0.005338811876679786,0.018536433760748535,0.012928197977178897,0.0035289681944080066,0.0727313160285598,1.2623024642602252e-05,0.02707553890029915
2451,0.027648913216029036,0.10649089608341455,87.41285109519958,0.01238181701571238,0.06060684606677196,0.0053832124781291015,0.018886796244588056,0.013225954113772413,0.0035445555103713737,0.07335420871977924,1.2513014761711178e-05,0.027648913216029036
2452,0.027599977833203605,0.10697802621871233,87.4005389213562,0.012344134605077446,0.0605139434337616,0.0053721472304161695,0.018847354794623423,0.013202828423837657,0.0035333809725268455,0.07395012243116489,1.1717961567647172e-05,0.027599977833203605
2453,0.027175036091052117,0.10819767694920301,87.46691966056824,0.012072570446390108,0.06007106577763792,0.005346533088547895,0.018559836011502098,0.012944253848590812,0.003539998723636763,0.07337622683434213,1.1689639027539964e-05,0.027175036091052117
2454,0.027371080744950496,0.10926994681358337,87.45945477485657,0.012240848931499192,0.05998865160785737,0.005338166796480168,0.018700830813985866,0.013084176492678826,0.0035551248125915156,0.0733797701961193,1.1834912873920538e-05,0.027371080744950496
2455,0.027160465015006848,0.10656425729393959,87.43944096565247,0.012101334611289814,0.05973214741613044,0.0053240859090946,0.018579068135653364,0.012971602823035638,0.0034931931514903657,0.07364377498504568,1.2700301084750876e-05,0.027160465015006848
2456,0.027256910796048212,0.10770619381219149,87.4561197757721,0.012151393581364975,0.060026922186867136,0.0053431700121183865,0.01868104734687043,0.013032816319924886,0.003502208042935636,0.07264851548205145,1.2595386131641724e-05,0.027256910796048212
2457,0.027138821322654116,0.10863016452640295,87.47619724273682,0.012049528312121258,0.0600817183979222,0.005338009666330868,0.01855370451192387,0.012943452521853272,0.003502424164163712,0.0728413254694372,1.270723023455412e-05,0.027138821322654116
2458,0.026938501714927253,0.10726787894964218,87.42576694488525,0.011948966203623863,0.05973620834897776,0.00532013166993551,0.018438386402596704,0.012845237846257256,0.003487970318347521,0.07199069492702113,1.2744287351174602e-05,0.026938501714927253
2459,0.026961287605713626,0.10831208899617195,87.43907332420349,0.011963589052043732,0.05975066540671176,0.0053192274721308806,0.018456035377610414,0.012843027153647825,0.0035092180936414077,0.07215953693099197,1.2090924744863817e-05,0.026961287605713626
2460,0.026841731864165087,0.11035953648388386,87.46334433555603,0.01187925752954649,0.0596859513736162,0.0053219481707229965,0.01836664435743797,0.012785688653344014,0.003509219052636477,0.07180752383819858,1.268305285600273e-05,0.026841731864165087
2461,0.027146544276935157,0.10765677876770496,87.44972133636475,0.012094539204673444,0.05986905977374218,0.005329789488851169,0.018580510044378825,0.012948165281263531,0.003501278093489284,0.07244280931829918,1.2416455557575335e-05,0.027146544276935157
2462,0.02723053309944321,0.10803852509707212,87.45830798149109,0.012136177209465474,0.05998198712458376,0.005348767327587502,0.01864028268600585,0.013006797213046277,0.003573802652860396,0.07255094663285819,1.1392012535947288e-05,0.02723053309944321
2463,0.027079056505663474,0.10648451372981071,87.55331563949585,0.012032115473182963,0.05987744204333571,0.005330134085837568,0.018522756052066068,0.01292179606580099,0.003475082129789669,0.07272524360689472,1.2651733291868861e-05,0.027079056505663474
2464,0.02737892048097536,0.10737580433487892,87.41260409355164,0.012255456970363367,0.05982450725602322,0.0053376436909111065,0.01877860269952016,0.013101969044044858,0.0035539513213376775,0.07378904897047849,1.2565244788551807e-05,0.02737892048097536
2465,0.027156915225577158,0.11001721024513245,87.38935542106628,0.012101840953052532,0.05985063607575464,0.005330054591348792,0.01859714529003765,0.012962769793315988,0.0035471767931413213,0.07233760595993428,1.2406916806858898e-05,0.027156915225577158
2466,0.02739124438252117,0.10676749516278505,87.43928217887878,0.012244185245763815,0.060057842829188364,0.005350371742559994,0.018751478181449604,0.013121122837860565,0.0035779621169642834,0.07300775721058493,1.289035780274629e-05,0.02739124438252117
2467,0.027216584345356364,0.10828350111842155,87.50428318977356,0.012149309144034738,0.059801525268398346,0.005338317850131358,0.018655140273517272,0.013003122611124008,0.0035526283260923427,0.07263808308138711,1.2249135020137839e-05,0.027216584345356364
2468,0.02719723427149116,0.10812288708984852,87.42676043510437,0.012109747958048934,0.0599356972780384,0.005332103962857338,0.018597550087104568,0.012997553699084969,0.003480916152914345,0.07323028200657153,1.3228663901435568e-05,0.02719723427149116
2469,0.027003085347594786,0.1081056771799922,87.44496750831604,0.011982483033579393,0.05968228861933849,0.005323552690660123,0.018455162888667623,0.012873037504490282,0.003485706571840727,0.0736038779962014,1.2664602229780734e-05,0.027003085347594786
2470,0.02706804894460518,0.10685039963573217,87.45965814590454,0.012040480383534412,0.05967813876808667,0.005334791746448542,0.018530676431465345,0.012902305171382232,0.003556798660715462,0.07307655087931723,1.1766272980743687e-05,0.02706804894460518
2471,0.027053926384351293,0.10638522915542126,87.51841163635254,0.012039155050440401,0.05968465765968698,0.005325559499963629,0.01852111785565732,0.012921135231363968,0.003504124737237809,0.07247098584155567,1.281770031654284e-05,0.027053926384351293
2472,0.027245887417773732,0.10716983769088984,87.50727391242981,0.012120644004679606,0.06021175179325166,0.005342968544907501,0.018641119639648766,0.01298399594780363,0.003538050667810269,0.07275392092214744,1.2073173034905588e-05,0.027245887417773732
2473,0.02712194569653175,0.10821881145238876,87.42003440856934,0.012066123228459085,0.059794965826097085,0.00532377937800999,0.018547692015522817,0.012948504442990314,0.003509900770264632,0.07329757716201368,1.2842355150996592e-05,0.02712194569653175
2474,0.027141610252075506,0.10640499647706747,87.43714952468872,0.012101701895904834,0.05971178412437439,0.005329069696733209,0.0185948178080506,0.012987880456093394,0.003517395004698793,0.07249964892742086,1.4087823369837989e-05,0.027141610252075506
2475,0.027204087263614427,0.10713873244822025,87.43894839286804,0.012085665299816698,0.06017355938426784,0.0053439349504798405,0.01859734237163526,0.012955142108754057,0.003560005142315306,0.07307216964784216,1.316205966921705e-05,0.027204087263614427
2476,0.02686480583897868,0.10808184370398521,87.41490650177002,0.011914661150334066,0.05950243160372875,0.005304544055300047,0.018389857183286888,0.012804334830553805,0.0035044750910572953,0.07235031129151094,1.326640054936988e-05,0.02686480583897868
2477,0.026973643737127545,0.10715651419013739,87.43634414672852,0.011960305449110075,0.05969116238297009,0.00531477900031099,0.01843422078756524,0.012847800784912265,0.0035116054608150707,0.07342851725330607,1.2812442718292833e-05,0.026973643737127545
2478,0.027170004414730383,0.10826760530471802,87.49964380264282,0.012092339844427636,0.05989273894028586,0.005351768819935864,0.018626823288495423,0.012954129135144538,0.0035104854499967007,0.07321178864260189,1.18618881732809e-05,0.027170004414730383
2479,0.027296380002479085,0.11011744756251574,87.44297480583191,0.012189655179218923,0.05984122489319473,0.005342392040966231,0.018694028288858834,0.013031630868428066,0.0035706053050921956,0.07379035066935372,1.1742895622333506e-05,0.027296380002479085
2480,0.027344571289102563,0.10707381274551153,87.47971391677856,0.01221459297860255,0.06005221409875838,0.005345664038628218,0.018737313726947445,0.013061052027967621,0.0035235939631391255,0.07308300149428551,1.193915834023616e-05,0.027344571289102563
2481,0.027300140988387046,0.1078756581991911,87.44526481628418,0.012198463238806266,0.05970953185050214,0.0053275494462215025,0.01868805611414499,0.013056406048966235,0.0035113300460192266,0.07457557854960199,1.2672181431100053e-05,0.027300140988387046
2482,0.027268822594988543,0.11004187446087599,87.44394397735596,0.01219601036034158,0.05965126733310887,0.0053211220980957765,0.018659788672430594,0.013061243659038036,0.0035174930741109687,0.07362534406549129,1.2741750238115797e-05,0.027268822594988543
2483,0.027758384062374224,0.10880342405289412,87.42590737342834,0.012521650794832433,0.06002419698433798,0.0053399578309388926,0.01901847983664665,0.013371913388493608,0.003515954486277626,0.07444217868271422,1.2458418001087357e-05,0.027758384062374224
2484,0.027454263927628758,0.10595959331840277,87.44288229942322,0.01228930873674203,0.060084043467631104,0.00535383324146454,0.018815929627381874,0.013131698219441488,0.0035237396244707777,0.07355143181735375,1.148881477318086e-05,0.027454263927628758
2485,0.027237987481668346,0.1076955571770668,87.46372079849243,0.012108073974425187,0.06023304433119102,0.005343049256986037,0.018615974907259473,0.012991169467568398,0.0035080686488310944,0.07297646469573994,1.1752595162564616e-05,0.027237987481668346
2486,0.026953163968979336,0.10763541236519814,87.4316074848175,0.01192678412666819,0.059923541839005515,0.00533161547653316,0.01842237939508479,0.012825487082305013,0.0035044992224267514,0.07259459494323027,1.2822598131842544e-05,0.026953163968979336
2487,0.026938951543730792,0.10804776567965746,87.44004797935486,0.0119408687011751,0.059733281858631825,0.005334988404370722,0.01843373497306812,0.0128383574144701,0.003477017987771418,0.0725331929985617,1.4510743693698975e-05,0.026938951543730792
2488,0.026965257803314043,0.10979645885527134,87.46765398979187,0.011986435452079187,0.0596258777086852,0.005325113560576908,0.018460740434524954,0.012867166630190904,0.0035048288094704266,0.07189435707252534,1.1841682988393213e-05,0.026965257803314043
2489,0.02697379477932805,0.10709808487445116,87.45965814590454,0.011984135092953678,0.059563382238638204,0.00532612977282251,0.018469707215907145,0.012869448912497914,0.0035010931515287546,0.07285824251651275,1.2702784401500174e-05,0.02697379477932805
2490,0.027003590689330805,0.10787812620401382,87.45415902137756,0.012011275107621169,0.059609974994034066,0.005334624644658971,0.01852513032919559,0.012890133334965002,0.0034791112068246624,0.07227967432165733,1.2832093316825882e-05,0.027003590689330805
2491,0.026886289649200243,0.10716436710208654,87.38561630249023,0.011925183717527838,0.0595437620506912,0.005309395997815567,0.018391440988930523,0.012819341723578142,0.003468078383641531,0.07256570288941996,1.2781906891205819e-05,0.026886289649200243
2492,0.027085641246350087,0.10815200861543417,87.45201086997986,0.012051595512350074,0.05971921516246483,0.005331050503434094,0.018539746520949193,0.012933576220005263,0.0035568238054707524,0.07275195978581905,1.3068414523937164e-05,0.027085641246350087
2493,0.027574218611126064,0.10807075072079897,87.39091920852661,0.012358380817487592,0.06029585199277909,0.005359395552182295,0.018884791213957988,0.013186096702320654,0.0035729895643584553,0.07347591828982361,1.297863781483784e-05,0.027574218611126064
2494,0.027476959617533644,0.1088158767670393,87.43672299385071,0.012316566319433881,0.05999385431164601,0.005354143883345924,0.018820746801793575,0.013175127920923664,0.003517131114065586,0.07357123219331757,1.2753812240636454e-05,0.027476959617533644
2495,0.027214934102824478,0.1099426094442606,87.44783616065979,0.012125905519198687,0.059953988575544515,0.005344194111979154,0.018609501581761192,0.012993891379933377,0.0034759709302366513,0.07314894660605026,1.25026435711343e-05,0.027214934102824478
2496,0.02700992699590374,0.10788081306964159,87.44829154014587,0.012002465036529743,0.05967032616255713,0.005337590345975439,0.018497997734573533,0.012882177473702391,0.003527502945364743,0.07257171127884114,1.2345126383258039e-05,0.02700992699590374
2497,0.02687273456974596,0.10786672029644251,87.42704725265503,0.011900250521320545,0.059560600851402905,0.005333018603688869,0.018413924970893097,0.01279988170402949,0.0035289143046104638,0.07281065872702443,1.262836131820698e-05,0.02687273456974596
2498,0.026841261332518743,0.1077483594417572,87.42771315574646,0.011911195252457114,0.05942215391846954,0.005303264704349711,0.018381370200974044,0.01279428736383065,0.0034990846522946336,0.07210791857577249,1.2731626537036166e-05,0.026841261332518743
2499,0.027069507762179024,0.10673520714044571,87.44773745536804,0.012013462864503752,0.05985843646721762,0.005330252755036364,0.01851748719383947,0.012888525246230305,0.0035544689429817017,0.07335909107913736,1.2285313079571354e-05,0.027069507762179024
2500,0.02722347025438899,0.10787544678896666,87.4576804637909,0.012103112109127592,0.06017235214592981,0.0053411141003588914,0.018640010090941777,0.012965379801929975,0.003536497618712973,0.07300663475313636,1.201728847716643e-05,0.02722347025438899
2501,0.02730844682845913,0.10735382791608572,87.44916582107544,0.0121385554828849,0.060403212660648783,0.005363802645034844,0.018688297028973944,0.013003251980990171,0.003541038940340036,0.07310513058891062,1.193589103767753e-05,0.02730844682845913
2502,0.0272048202602834,0.10757782869040966,87.3901481628418,0.012069475642390182,0.06029246283359215,0.0053610748222067215,0.018597244323216012,0.012946738273699264,0.0035389878340523506,0.07315259161176252,1.2323529899734367e-05,0.0272048202602834
2503,0.027307769680609467,0.106749776750803,87.47922801971436,0.012176323869097673,0.06011686217589456,0.0053413124587081496,0.018693911530016386,0.01303516987131023,0.0035395915371930747,0.0730504358767486,1.2753903723661617e-05,0.027307769680609467
2504,0.027246969752013683,0.10749787092208862,87.42204165458679,0.012116689922013243,0.060213345484655414,0.005355419268541527,0.018642576953365665,0.013000052834509826,0.0035376434183878,0.07279749865048245,1.2862022913503158e-05,0.027246969752013683
2505,0.027592400088906288,0.10618898645043373,87.439612865448,0.012340060519207208,0.06051849586064698,0.005360029195053655,0.018860703089930972,0.013173649973068082,0.0035323383721721467,0.07401308202047328,1.2858155981593689e-05,0.027592400088906288
2506,0.027238004260742275,0.10777132771909237,87.45990014076233,0.012179117184132338,0.05973238974321084,0.00532737489766823,0.018653380279963622,0.013046753226367176,0.0035571956617727143,0.07231682990906668,1.259903034741883e-05,0.027238004260742275
2507,0.027089830411628622,0.10687883850187063,87.45767259597778,0.012039324631303793,0.06000263182843318,0.005344343276266925,0.0185632150330138,0.012940943080809762,0.0034800978495785205,0.0715556610070291,1.2686082350730429e-05,0.027089830411628622
2508,0.026945106074458262,0.10838652960956097,87.44445991516113,0.01196301708257467,0.059615644275165,0.00532849392754438,0.01846557793008988,0.01286181365521472,0.003483748162684382,0.07224414523568798,1.2589470211814849e-05,0.026945106074458262
2509,0.026900497219357333,0.10803280770778656,87.42606854438782,0.011944109085397642,0.05937306216505707,0.005301791044776557,0.018425234257564194,0.012826964137006978,0.00348295157843987,0.07335822181928842,1.269159700712747e-05,0.026900497219357333
2510,0.026855814117999352,0.1059443112462759,87.4425401687622,0.011922240345051786,0.05940981771125168,0.005301067243009562,0.018381932170176116,0.012807844565478994,0.003517864905603108,0.07216869235099828,1.2119000711062226e-05,0.026855814117999352
2511,0.02696122374141314,0.10710951033979654,87.47934913635254,0.01194198402484543,0.05981279347763687,0.005333447010164745,0.018457122047843992,0.01284400384384589,0.0035273115833854823,0.07264861466027185,1.20040343046519e-05,0.02696122374141314
2512,0.02697522351976301,0.1072973245754838,87.41775178909302,0.012002826126322884,0.05949250840749897,0.005310042494083526,0.018497343778182736,0.012875071673302865,0.003500190271507399,0.07240355723216886,1.3058533380746096e-05,0.02697522351976301
2513,0.026951151533571423,0.1065218998119235,87.49281334877014,0.011969368778871463,0.05956255314780063,0.005316737752987958,0.018455937436064246,0.012848506822846219,0.0035195416793776827,0.07268468682944286,1.2919603027884583e-05,0.026951151533571423
2514,0.027116911577396704,0.10904342215508223,87.43297576904297,0.012080128518406485,0.059669374442491374,0.005313390215141241,0.01855879509058155,0.012959909159690142,0.0035206569992311176,0.07311223308387839,1.2413171149682594e-05,0.027116911577396704
2515,0.027028796430982528,0.1088133817538619,87.43949246406555,0.012052631601080542,0.05943247675895691,0.005310481416107324,0.018518296940649142,0.012938075515701145,0.003505987643844402,0.07230371699408918,1.3672258042221563e-05,0.027028796430982528
2516,0.027704992850662254,0.10851966496556997,87.43933200836182,0.01245497175507614,0.06037126359392385,0.005356830981804333,0.018945586386701612,0.013246847186848277,0.003544391468778008,0.07389073000579584,1.07552735649699e-05,0.027704992850662254
2517,0.027593558241964362,0.11056793946772814,87.4229507446289,0.012396442963451635,0.060016424440946736,0.005353431858610911,0.018868288231372345,0.013250709160185252,0.0035532298612362535,0.0741498490764958,1.1947180910936404e-05,0.027593558241964362
2518,0.02713312498736577,0.10656804591417313,87.45951962471008,0.012103400109183104,0.05961583970022983,0.005314432557855473,0.018565665075524908,0.012968617796775748,0.003545214254103723,0.07294543304282133,1.2438405817167812e-05,0.02713312498736577
2519,0.027210245221914328,0.10656472202390432,87.45996809005737,0.012150423559283868,0.05974002695474468,0.005318583746929271,0.018624627481779604,0.013008999573372182,0.0035535386958174776,0.07283518759564298,1.309147754422971e-05,0.027210245221914328
2520,0.02713448955814858,0.10995830316096544,87.41365146636963,0.012103970166387373,0.059735682655553346,0.005334656927963627,0.018602080330191575,0.01296662007168424,0.0035362179471240913,0.07194593751833575,1.2715637063392768e-05,0.02713448955814858
2521,0.027096876294397918,0.10908269602805376,87.43968510627747,0.01209175679832697,0.0594734070730991,0.005308771381902768,0.01854701666161418,0.012945487461678807,0.003519460488278724,0.07320655326618523,1.2287706665376204e-05,0.027096876294397918
2522,0.026990438979424415,0.11023487150669098,87.44088578224182,0.012008008234141792,0.059518245399975384,0.005314176694154129,0.01848686901760883,0.012884503428931118,0.0035232393315336743,0.07255739265228392,1.2736880604039127e-05,0.026990438979424415
2523,0.026993868872523308,0.108750244602561,87.44123649597168,0.01198812210016319,0.059693846546235635,0.005318093130777239,0.01847367495542667,0.012860407365760843,0.003498145326643755,0.07279083351070276,1.2140628329969677e-05,0.026993868872523308
2524,0.02695729943816779,0.10970833152532578,87.4737663269043,0.01199717700985245,0.05942132091913067,0.005309478307264994,0.018475017334777313,0.012850871317271815,0.0035347148344745155,0.07251866015254474,1.2417507847831633e-05,0.02695729943816779
2525,0.026939430533618223,0.10791751556098461,87.40376019477844,0.011977227610826004,0.0593975591854971,0.005311475742272422,0.018467847112810513,0.01286324422012587,0.0035539948997912224,0.07262375108042701,1.237381893853533e-05,0.026939430533618223
2526,0.026697496158360947,0.11018844041973352,87.45655632019043,0.011827369075512788,0.05920027025410386,0.005293495231689733,0.018285838566476205,0.012725887121632695,0.00350595098828561,0.07183807375306478,1.294495238963547e-05,0.026697496158360947
2527,0.02669324438835754,0.10803106892853975,87.46773719787598,0.011816218678579956,0.05921336177919732,0.005293487842179468,0.018283473533868302,0.01270464491328133,0.0034696358775139833,0.07245212175013101,1.264974965917202e-05,0.02669324438835754
2528,0.02682160950250557,0.10590401291847229,87.4592969417572,0.011906515081703175,0.05933999673264925,0.0053087347702382775,0.018389942887865128,0.012792568188160658,0.0035085488448575995,0.07190684128369464,1.281136377911485e-05,0.02682160950250557
2529,0.026783443010244212,0.10763947945088148,87.4961006641388,0.011881228471480187,0.05923384183742961,0.005290832971680726,0.018348086075704605,0.012776362160068066,0.0034784415372280924,0.07255374032576553,1.2700151318793386e-05,0.026783443010244212
2530,0.02704143111945176,0.11002127639949322,87.42114210128784,0.012050659288881256,0.05945074265120459,0.005312577962539479,0.018554740814400502,0.012936473053070854,0.003521543888367529,0.07270008406494974,1.3217322367455838e-05,0.02704143111945176
2531,0.02735766441729225,0.11052079685032368,87.41374158859253,0.01224896488482224,0.05997686552219703,0.005348998513149067,0.018775163149674895,0.013076267869318606,0.003565088084318721,0.07210591844603663,1.2738749841905624e-05,0.02735766441729225
2532,0.027122347501152364,0.10814644303172827,87.46689128875732,0.01212116511019527,0.059396594762802124,0.005302148153547381,0.018576793586377236,0.012986353384788896,0.0035427865633344065,0.07298111491149566,1.2619442450834765e-05,0.027122347501152364
2533,0.02719339691713208,0.10818371176719666,87.52108311653137,0.012153880258441949,0.05958548725628462,0.005333487730717562,0.018654602755349678,0.013024881375251247,0.003522380069089046,0.0727877544361304,1.2885513697061484e-05,0.02719339691713208
2534,0.027273546721114487,0.10862990655004978,87.44602799415588,0.012170309323023577,0.05994062540961093,0.005345346432820451,0.018701964661051503,0.013014994256320547,0.003528574717299799,0.07316610693443017,1.1157540861759095e-05,0.027273546721114487
2535,0.026897621799077166,0.10917519498616457,87.42733812332153,0.011953982913897175,0.0592838252177004,0.005310649349980178,0.01843892631777486,0.012808211048545896,0.003568225794044308,0.07316089129899858,1.0022383696997912e-05,0.026897621799077166
2536,0.026777511935864317,0.10754963476210833,87.39495205879211,0.011878761428515197,0.05932002966521216,0.005306655384569627,0.018343376262937902,0.012750383382510454,0.003506172949364256,0.07186260634697363,1.2039400488948194e-05,0.026777511935864317
2537,0.02701730360506011,0.1068851538002491,87.51841998100281,0.012024829366442854,0.05956239338781013,0.0053490240710833276,0.018534924926572157,0.012903772325056498,0.0035146420342527084,0.07229089346088347,1.2584319446223028e-05,0.02701730360506011
2538,0.02721537744290516,0.10729540325701237,87.43323421478271,0.012145575731382018,0.05975208810118378,0.005335915194381578,0.01866116873981034,0.012996254084234844,0.0034997658536876325,0.07339696482312484,1.2770233244212942e-05,0.02721537744290516
2539,0.02708267557938568,0.1075592739507556,87.44079852104187,0.012074981068001419,0.05952385263364823,0.005312587550581723,0.018568418507815383,0.012961227240682136,0.0034825588160454007,0.07285178292420555,1.2777544172479296e-05,0.02708267557938568
2540,0.026880675545114963,0.10954954940825701,87.43911910057068,0.011965014998510968,0.05919126799849213,0.00529137897289923,0.018441252356975295,0.01284719482980302,0.0034883300102025758,0.07242328090379473,1.298931124608267e-05,0.026880675545114963
2541,0.027242574428559325,0.10624908469617367,87.41542458534241,0.012118205290715226,0.06016606581015665,0.005352765985871436,0.01865440574245619,0.013002328406714026,0.003531372138360118,0.0728182280588834,1.2824233986209812e-05,0.027242574428559325
2542,0.02676648881713875,0.10702718794345856,87.42406249046326,0.011863622772431031,0.05927979652998877,0.005306625225367482,0.018360969877694963,0.012760043357972239,0.0035414461993047448,0.07206172532722598,1.2859396935732772e-05,0.02676648881713875
2543,0.026642507033758474,0.10879666265100241,87.43691515922546,0.01178882410749793,0.05917202156098163,0.005287597688739417,0.01826714222762184,0.01268098678165039,0.0034853588106477113,0.07184882738367944,1.2565210822902417e-05,0.026642507033758474
2544,0.02661710488991659,0.10704188607633114,87.39760446548462,0.011776027384168301,0.05911204707427103,0.0052891098531573765,0.018250853495031107,0.012676264113578641,0.003528462359338205,0.07160446802383197,1.2713255630150279e-05,0.02661710488991659
2545,0.027076289149337126,0.10762494709342718,87.43902802467346,0.01206287146607017,0.05963885246730242,0.005327289735089193,0.01858019068470744,0.012932541619864155,0.0035359387287915854,0.07226496973059705,1.2685106630747534e-05,0.027076289149337126
2546,0.02698701568192146,0.1074750516563654,87.43028163909912,0.01199996058416904,0.05957964453540864,0.005326653975749113,0.01851252706141257,0.012885130751023039,0.003502725491865126,0.07226999960534397,1.2914996035575994e-05,0.02698701568192146
2547,0.026860233411559315,0.10873523075133562,87.42969346046448,0.011932793386341607,0.059255713322123545,0.005294757694784613,0.018396902585127314,0.012805694061499394,0.0035143275458945846,0.07300919053129486,1.2400249893823145e-05,0.026860233411559315
2548,0.027061856931960972,0.1102758627384901,87.4055187702179,0.012057542884875028,0.05949964191092819,0.005324320130996773,0.018548952720937182,0.012931246737964818,0.003534326038789004,0.07300563683336386,1.2703539632122067e-05,0.027061856931960972
2549,0.027177402429038384,0.10633953381329775,87.43769860267639,0.012137394497690142,0.05969289873467117,0.005323350496330589,0.01863650092855096,0.012992090766974648,0.0035220112529445865,0.07243392978352113,1.2744692185388112e-05,0.027177402429038384
2550,0.027086689976639437,0.10945208184421062,87.4406259059906,0.012101298434751445,0.05943398055483083,0.005312216157078376,0.01855963741841375,0.012959802607227056,0.0035131386439239635,0.07233863033842845,1.2807934337554428e-05,0.027086689976639437
2551,0.026875111213350882,0.10875002201646566,87.4484920501709,0.011975345453705455,0.05916254197964903,0.005291187505955334,0.018420797337579432,0.012853628272557111,0.0035024974762355205,0.07180568890371283,1.2184758836181744e-05,0.026875111213350882
2552,0.02699227705903229,0.10818677302449942,87.44522285461426,0.012000621827013913,0.05958070911344935,0.0053171576764129225,0.01847002801073135,0.01287266349068797,0.0034845875438730247,0.0728832201604716,1.2476085381556584e-05,0.02699227705903229
2553,0.027121291740140954,0.1092103524133563,87.45690631866455,0.01205609309044285,0.059842696932495616,0.005366350340916485,0.018587531773831514,0.012933775042107359,0.0035455378848815063,0.07314745718460591,1.2666713054785473e-05,0.027121291740140954
2554,0.026882000450716644,0.1067561637610197,87.52440404891968,0.011919501466584987,0.05955997353694478,0.005333230137962421,0.018417533418377402,0.01280854748500908,0.0035084108860216666,0.07229640858522693,1.2791898354648114e-05,0.026882000450716644
2555,0.02673756699154123,0.10844842344522476,87.42588376998901,0.0118533803692057,0.05921604203396156,0.005299947302803764,0.018315063278022847,0.012740019296647096,0.0035153889101090245,0.07211076088066472,1.2723847768816331e-05,0.02673756699154123
2556,0.02672218703893853,0.1086297919973731,87.51014566421509,0.01182147656704803,0.05934256119806258,0.005312192690803013,0.0183259444463937,0.01270603539696971,0.003528407553485671,0.07220184667127542,1.2409966560000551e-05,0.02672218703893853
2557,0.0269532764452647,0.10789279732853174,87.40786361694336,0.011980636740011758,0.05944043739897306,0.005314838364491331,0.01847207058434848,0.012852289370398541,0.0035482777719630203,0.07293112950063631,1.2366754152299982e-05,0.0269532764452647
2558,0.026891681945836934,0.107376204803586,87.4493899345398,0.011976081244342152,0.05913836936481663,0.005300634695201745,0.018470220420448505,0.012844720198849186,0.0035195160260210272,0.07257846858902056,1.2109389917479581e-05,0.026891681945836934
2559,0.02692639653677823,0.10597396455705166,87.4595935344696,0.011970360351146245,0.05931371548136727,0.005305435052370561,0.01845121545503374,0.012857761485960151,0.0034967146596306415,0.07330960571216266,1.2799306057119693e-05,0.02692639653677823
2560,0.02674248466481928,0.1084433626383543,87.44686913490295,0.011874497261234239,0.05908414574920154,0.0052886392222717404,0.018350165459464808,0.012761613315917918,0.00349637394728994,0.07203799596086877,1.2778377490301488e-05,0.02674248466481928
2561,0.027164440464655885,0.10884611122310162,87.46031045913696,0.01215683733739081,0.05934401858048361,0.005315650344185042,0.018626994125117532,0.013032626246147956,0.0035134319590068744,0.07311637464483253,1.309735556519494e-05,0.027164440464655885
2562,0.027163053847482948,0.10700526088476181,87.4370014667511,0.012131217802248772,0.059493102499696075,0.005317689787947618,0.018587447802123964,0.013001160314459293,0.0035563939256730995,0.07350601075736225,1.2660520256323113e-05,0.027163053847482948
2563,0.0268959680908039,0.10938571020960808,87.42058992385864,0.011973897850171465,0.05925693082027748,0.00529311915676369,0.01844562939749878,0.01286666451754873,0.0034785692820508704,0.07207392230935272,1.2705263128819202e-05,0.0268959680908039
2564,0.026965107402352036,0.10785581637173891,87.3973913192749,0.012020472131791662,0.059295020631102265,0.005299205842168361,0.01850740122227151,0.01289759823655496,0.0034878869201285675,0.07230755595154449,1.2784978054313742e-05,0.026965107402352036
2565,0.02733824261632122,0.10859794728457928,87.47918796539307,0.01224529072947678,0.059687764918217895,0.005334760892571362,0.01878279610918682,0.013093673601196926,0.0035196332314402843,0.07349961702940894,1.2720799440923969e-05,0.02733824261632122
2566,0.027173370916823873,0.10710800066590309,87.48822903633118,0.01216292107996882,0.059395227764473583,0.005322882121230369,0.018656907740552894,0.01301650230421639,0.003544313055424966,0.07277503157736825,1.2249655089496916e-05,0.027173370916823873
2567,0.027161103093111125,0.10708475951105356,87.4509425163269,0.01215391993889066,0.0593909357414871,0.005317765713638825,0.01864711927311098,0.013014373461120441,0.0035659216609630795,0.07263068917405899,1.2239715380786724e-05,0.027161103093111125
2568,0.02672275540525796,0.10702497977763414,87.42639350891113,0.011851020187872355,0.05908939095794177,0.005284418054230389,0.01832060760925295,0.012725512359718808,0.0034921592937354915,0.0726929041480676,1.234885370718705e-05,0.02672275540525796
2569,0.026779508920478038,0.1069314144551754,87.47207260131836,0.01187728366768751,0.059161731454192616,0.005290350767967031,0.01833434922040486,0.01275328073085698,0.0035181972369948615,0.07322313798377748,1.2505943500715256e-05,0.026779508920478038
2570,0.026834229511193564,0.10733317490667105,87.41620683670044,0.011907713751110141,0.059299105014957366,0.005298903337908817,0.01836970914155245,0.012797549855513651,0.0035163811732419445,0.07280893581079655,1.28571132793123e-05,0.026834229511193564
2571,0.02674542982741946,0.10744069144129753,87.38818192481995,0.0118485681911106,0.0591939633986989,0.005300343939347468,0.01832124006888661,0.012751116913544839,0.003535493143421949,0.07269297848593016,1.2790908247309102e-05,0.02674542982741946
2572,0.02678885758228478,0.10846586991101503,87.42503499984741,0.011907838674292702,0.059101049528747306,0.005293997035163348,0.018378393350504948,0.01279059558587729,0.0035274235367561218,0.07202259423669244,1.251754595095626e-05,0.02678885758228478
2573,0.02676106379443749,0.10790344327688217,87.48470187187195,0.011858915814702383,0.05933876799755409,0.005295313778333366,0.01833014510816238,0.012766726517316992,0.003478350174101833,0.0719207093791395,1.2775627694358627e-05,0.02676106379443749
2574,0.026871523193892886,0.10804270673543215,87.44804525375366,0.011911078776064956,0.059552139923220775,0.005310581561910813,0.018426354890536577,0.012797954904495692,0.0035129343903791467,0.0723616602051942,1.2679919673891553e-05,0.026871523193892886
2575,0.02708228279027294,0.10701289586722851,87.45821166038513,0.01209224549076352,0.05940207643587081,0.005307116740398476,0.018578392163407606,0.012952121104434377,0.003546949924488903,0.07268952439371192,1.2768277426386487e-05,0.02708228279027294
2576,0.027068750612193444,0.10950963944196701,87.45411729812622,0.012075269571887176,0.059331710709900155,0.0053102147524993195,0.018544416966252638,0.012943770660118002,0.0035619693331145606,0.07354106569326803,1.2702402661145912e-05,0.027068750612193444
2577,0.026942902641584637,0.10910333227366209,87.45618629455566,0.011987463010047546,0.05934861400088326,0.005329923345478343,0.018497751392118754,0.012884158053297977,0.00351326728953415,0.07244048635551675,1.2816504546622344e-05,0.026942902641584637
2578,0.026861767910543035,0.10845640394836664,87.44110751152039,0.011946511653358818,0.059169607572868224,0.0053085716895484285,0.01843884962870449,0.012832785338224446,0.0035172751245898057,0.07256060073793423,1.2715188318288222e-05,0.026861767910543035
2579,0.02675360451895194,0.1097053000703454,87.44874119758606,0.011868632803136697,0.059099681064730784,0.005294982362996603,0.018324260928164252,0.01275945791486101,0.0035050998472410146,0.07284499982707814,1.2988228848019512e-05,0.02675360451895194
2580,0.02696101332358161,0.1092379055917263,87.48159313201904,0.01200428586758551,0.05938073113316395,0.005307149340505483,0.01849845837282597,0.012843727431886021,0.003547599037238931,0.07258666189173694,9.679359554854157e-06,0.02696101332358161
2581,0.026915634860147218,0.10831149388104677,87.44145822525024,0.011989185598022381,0.059219053534210704,0.0052924739277051365,0.018468173182584712,0.012834188581795478,0.0035152934514535742,0.07266749782090792,1.025053924848388e-05,0.026915634860147218
2582,0.0267833342134464,0.10598395671695471,87.47418069839478,0.011900037179746832,0.05916858940828042,0.0052957850771757665,0.01837514772186758,0.01279098498558656,0.0035037691886231426,0.07172939547749817,1.2090271407933587e-05,0.0267833342134464
2583,0.026667184112440855,0.10763943195343018,87.4731092453003,0.011832130813329924,0.058943967350193714,0.00527740818768984,0.01828266886353004,0.012708120872495605,0.0034879259478880977,0.0723093005477405,1.2960679939323354e-05,0.026667184112440855
2584,0.02705351540391318,0.10672377236187458,87.45814871788025,0.012046136030713554,0.05966771870362954,0.005316008498785315,0.018541319547679094,0.012905313778424361,0.0035231676273292205,0.07225385480789376,1.2178154885387379e-05,0.02705351540391318
2585,0.026946905771362,0.10770855285227299,87.49900770187378,0.01200320109816604,0.0592881299433161,0.005300785615261583,0.018475818585176936,0.012866107510311192,0.0034968415389722974,0.07271474418154017,1.164076042612158e-05,0.026946905771362
2586,0.02673406179872204,0.10802584700286388,87.42394518852234,0.011850091231773134,0.05921321276758538,0.005299627443119029,0.018337464608923822,0.012746913106654023,0.003505387001854108,0.07200328906478941,1.302887382473806e-05,0.02673406179872204
2587,0.02683239431715891,0.10759119596332312,87.45651483535767,0.01192812188757492,0.059160979556255655,0.005314480763340949,0.0184498087686227,0.012800695908973451,0.0035099535398032578,0.07236774186374711,1.2619924836618121e-05,0.02683239431715891
2588,0.026948394986693977,0.10685553029179573,87.3837320804596,0.012014289577415243,0.05911652084256782,0.005296025486266027,0.018475955627003653,0.01287589751977901,0.003588505287761571,0.0730681813123529,1.2567577352859667e-05,0.026948394986693977
2589,0.026802886483549584,0.10826830100268126,87.42290306091309,0.011929844334324608,0.05890386124126247,0.005276202707032322,0.01838325312147375,0.01281599409985127,0.0035188218548161086,0.07290786219241678,1.3044007703862673e-05,0.026802886483549584
2590,0.026947335912617016,0.10774853639304638,87.43395733833313,0.012044228357644599,0.05896275698161516,0.005276345368283877,0.018518660103016702,0.01290227934244837,0.0035377853725594086,0.07248896539028062,1.2560235301626233e-05,0.026947335912617016
2591,0.02695758207166781,0.1089021759107709,87.39766812324524,0.012034787907127718,0.059153417583371774,0.00529356336327972,0.01849589078519188,0.01289873608372739,0.0035493736037007363,0.07208051483650676,1.2428576224060902e-05,0.02695758207166781
2592,0.026965841757835913,0.10818901751190424,87.41483211517334,0.012009676851210047,0.059295568309846475,0.00530237304123088,0.018468863697203457,0.012877167962094555,0.0034890980392954024,0.07322601566365997,1.1993240974476244e-05,0.026965841757835913
2593,0.026996873502360016,0.10617618355900049,87.37715792655945,0.012025478509728049,0.05931557885936049,0.005314856032901978,0.01852325489744544,0.01289809894457948,0.0035400396035449792,0.07317538527374873,1.2399418992171473e-05,0.026996873502360016
2594,0.02677370441436279,0.10769846756011248,87.409494638443,0.011869567805198862,0.059248507022857666,0.005312782206542057,0.018371973889040164,0.012758395802534994,0.003527992156899122,0.0723709404224255,1.2591170127800602e-05,0.02677370441436279
2595,0.026903087639662086,0.10911521688103676,87.45819067955017,0.011981591811312026,0.059234986051184234,0.0053118966619071905,0.018480407402346858,0.012844736462642179,0.00352641448119014,0.07205171632717867,1.2539803397415926e-05,0.026903087639662086
2596,0.026962760576337088,0.10700858570635319,87.41874957084656,0.012040320688431135,0.05906175394527248,0.0052903372237122935,0.01851302034939166,0.012910965490383937,0.003507221885765979,0.07273596436640278,1.278473884501497e-05,0.026962760576337088
2597,0.027103569312784515,0.1069345735013485,87.41987490653992,0.01211841855595102,0.05914470113691737,0.005300710512111421,0.01859745713042431,0.012982345270145624,0.003547500023145045,0.07401083154817585,1.271473607998495e-05,0.027103569312784515
2598,0.026993332797142326,0.10753724910318851,87.42000579833984,0.012053425255857531,0.05908315396699749,0.005290905506060016,0.01850078140431252,0.012936168022026292,0.0035014134243924596,0.07326776270189735,1.2459374697040428e-05,0.026993332797142326
2599,0.026953170992067604,0.10600485652685165,87.42945218086243,0.01202371631764242,0.05915934775696426,0.005300453759073356,0.018474771152632158,0.01288256590392013,0.0035436749305637156,0.07262065942536612,1.2766643620282532e-05,0.026953170992067604
2600,0.026802032056157707,0.10952213034033775,87.42350387573242,0.01190349242848451,0.05919627136871463,0.005306209136014347,0.01837549121958799,0.012780347235928306,0.003505589717189919,0.07235543466493731,1.2368904508947926e-05,0.026802032056157707
2601,0.026695413011141488,0.10666379798203707,87.41413187980652,0.01186212005673862,0.05885330575411437,0.005280950305158975,0.01829437731352986,0.012748429826537117,0.003527524183527185,0.07228440684495402,1.2338133764666012e-05,0.026695413011141488
2602,0.02682365628234187,0.10834674909710884,87.46158242225647,0.011908952127684091,0.059304306741620676,0.005314156796676336,0.01841335981839993,0.012795321528845634,0.003514969003860091,0.07199474879097743,1.2454950014245407e-05,0.02682365628234187
2603,0.02687003971917219,0.10829792451113462,87.47119355201721,0.011967025483485128,0.05909495275528705,0.005299140113314278,0.01846093336333994,0.01283923020494766,0.003537733321551417,0.07229741023028971,1.2626950779442525e-05,0.02687003971917219
2604,0.026997792962022493,0.10737309791147709,87.41308808326721,0.012056831972765142,0.05922841146344044,0.005293952997728083,0.0185318551270566,0.012920790825222359,0.003537432122670236,0.07210861128128943,1.282237405123192e-05,0.026997792962022493
2605,0.02687053099946409,0.10677298717200756,87.46752667427063,0.01196864383203573,0.059131957957001983,0.005299189095538048,0.018453318396674804,0.012835180814393232,0.00353580734837556,0.07204196205148931,1.2809312721775e-05,0.02687053099946409
2606,0.027076498025142757,0.10848891269415617,87.47288393974304,0.01210603911857136,0.059349174870819345,0.0053083000811519196,0.018597566973051576,0.012967590677750404,0.003525193618442558,0.07196014962296506,1.2543099923296974e-05,0.027076498025142757
2607,0.02676014374697306,0.10985282436013222,87.43662905693054,0.011894068329549227,0.05894452968581778,0.005275509053016784,0.018349892872034528,0.012790071793266983,0.003523426209614597,0.07263057784284235,1.2864409783933061e-05,0.02676014374697306
2608,0.026742996495278157,0.1069417716935277,87.47217512130737,0.011904607920098256,0.05890728801977439,0.005279023860596487,0.01835447835323752,0.012774355793524473,0.0035462042089689097,0.07156454915272407,1.2724562626708815e-05,0.026742996495278157
2609,0.026809676046498487,0.10454596858471632,87.43227028846741,0.011939975578093627,0.0589013939998189,0.005284427249132365,0.018394600981693775,0.01281590028436946,0.003526285701034377,0.07266455339115174,1.2795508544911769e-05,0.026809676046498487
2610,0.02698476279734588,0.10519778914749622,87.43404603004456,0.012046043119836048,0.059187285235670746,0.005296423771708715,0.01851199913892101,0.012908467259563383,0.0035121731639488553,0.07260257834721295,1.2625353996213433e-05,0.02698476279734588
2611,0.027128504627368977,0.10324758570641279,87.4991044998169,0.01212824791761451,0.05937994845577928,0.005317014273729359,0.0186021516069037,0.012978861513013234,0.0035238610990879844,0.07307253596296565,1.0924067048869687e-05,0.027128504627368977
2612,0.02669891640238586,0.10702367592602968,87.44396209716797,0.011859292614838628,0.05900314059413848,0.005279098091585959,0.01832445994874493,0.012743472885035101,0.0035023598122547886,0.07151166534387186,1.2424425308075252e-05,0.02669891640238586
2613,0.026936115071055342,0.10755949188023806,87.42291188240051,0.011991532130136352,0.05937321019954369,0.00529859527815744,0.01848020671759961,0.012871676750603269,0.003501015356512832,0.0720355395288741,1.2724252671543457e-05,0.026936115071055342
2614,0.026753247547589364,0.10635301284492016,87.47783398628235,0.011891733011475107,0.05900196218099751,0.005287926848290763,0.018372625394983858,0.012779075201967211,0.0035307897430401844,0.07193037498070569,1.2778564074125357e-05,0.026753247547589364
2615,0.026841844027464996,0.10785855073481798,87.39437055587769,0.011940355809619193,0.05914052881178309,0.005304637660852588,0.01841544169077619,0.01282069319859147,0.003527656096400174,0.07227307310724845,1.2880316582256035e-05,0.026841844027464996
2616,0.026604231324840764,0.10945187788456678,87.43778872489929,0.011792730700346778,0.05887824296951294,0.005290374993804659,0.018260764118406127,0.012685521963800564,0.0034940113985269775,0.07188136330576705,1.3139783445162014e-05,0.026604231324840764
2617,0.02638901693776983,0.10754162538796663,87.42991518974304,0.01164909256774871,0.05875482324694024,0.005266357694187614,0.018108782144721416,0.01254677161818645,0.0035126387298137682,0.07120940613667251,1.266211993588025e-05,0.02638901693776983
2618,0.026545453114343472,0.10706669930368662,87.47145128250122,0.011757011960459049,0.058766991877165,0.0052698120860321844,0.018201932654578666,0.012637617074136362,0.0034972990817222437,0.07231559039505779,1.2792492650284723e-05,0.026545453114343472
2619,0.02668505524605757,0.10787496343255043,87.49305129051208,0.011839804854091317,0.059003061935549876,0.005298405089873637,0.018317871948429307,0.012713192790349732,0.0035292091865290996,0.07196785972194104,1.0839782374651595e-05,0.02668505524605757
2620,0.026518836800680786,0.10786883626133204,87.45216202735901,0.011741565280884016,0.058860189602023265,0.005273931402117625,0.0181916378759092,0.012632997882109686,0.0034903394913331407,0.07116338227432771,1.2087646278568337e-05,0.026518836800680786
2621,0.02662382747397804,0.10643251892179251,87.39110040664673,0.011823653858002336,0.05879003688937328,0.005271584967334495,0.018269118204041094,0.012694004625387367,0.0035021234614789854,0.07187323852396402,1.236193860453677e-05,0.02662382747397804
2622,0.026939805322250383,0.10754720028489828,87.41126608848572,0.012015043066997752,0.059141599252575734,0.005294023205709384,0.01849178740846329,0.012868911569907528,0.003541263393851638,0.07261332976402807,1.2794987237165366e-05,0.026939805322250383
2623,0.02688084666418736,0.10818225517868996,87.43084263801575,0.011971498538022403,0.05907134833883067,0.00529282240838301,0.018450780626630685,0.01286812719018733,0.003515875190267431,0.07264592608467477,1.2808820032728052e-05,0.02688084666418736
2624,0.02703921623589074,0.10571049898862839,87.44478845596313,0.012104828994660104,0.059103998004413044,0.005295115759687834,0.018570040696163158,0.012954110462890297,0.0035713580112568424,0.07208833222078984,1.3066141707102893e-05,0.02703921623589074
2625,0.027024155864339382,0.1090685622766614,87.4247887134552,0.012052470833429547,0.059269588990289654,0.0053131960878209745,0.018536871192274523,0.012921831074369247,0.0035448554200959988,0.0732276976474973,1.2838559019551201e-05,0.027024155864339382
2626,0.02707922964005685,0.10690450388938189,87.49779176712036,0.012064173810000791,0.0595729585553779,0.005336006830415887,0.01862938773864117,0.012935676153932438,0.0035472623087832184,0.07254611978643254,1.2183193762290931e-05,0.02707922964005685
2627,0.026820035330706933,0.10734263807535172,87.48207831382751,0.011921986746678099,0.05915007239482442,0.00529870379823031,0.01839846510775998,0.01279980791579993,0.003528051290157266,0.07231966821385212,1.2603974356327781e-05,0.026820035330706933
2628,0.027558310354342225,0.10968619771301746,87.45538234710693,0.012358839982418253,0.060092533221010304,0.00535056738709634,0.01886149411104986,0.013219227922744438,0.0035512188084988443,0.07405393280577464,1.206307615693936e-05,0.027558310354342225
2629,0.027514704380978326,0.107152309268713,87.39290761947632,0.012333826967286037,0.06015914629717342,0.005382282630784712,0.018856800298710338,0.013187304368151015,0.0035734165910264997,0.07279440716336497,1.2460472795017274e-05,0.027514704380978326
2630,0.030361543012569187,0.10133558046072721,87.46361756324768,0.014073650291586508,0.06325077033433758,0.005578444692397826,0.020526836374316546,0.014760130306431016,0.003588635974456785,0.08199828134880202,1.2516805904249285e-05,0.030361543012569187
2631,0.028385174231695346,0.10797673650085926,87.46505784988403,0.012766092466037781,0.061869060406919384,0.005494720926584646,0.0194229818880558,0.013574912876928927,0.0036277950542872067,0.07524089796132728,1.2370718457659365e-05,0.028385174231695346
2632,0.026795799782896628,0.10586574021726847,87.43710589408875,0.011847790765774543,0.05947155346635912,0.005319113906121767,0.018328185109268934,0.012749176487693043,0.0035553541774937854,0.07303374588917025,1.2666841061280705e-05,0.026795799782896628
2633,0.02667230714234661,0.1086180517449975,87.44590377807617,0.011813544603370007,0.059141570915941334,0.005293900400903992,0.018283431731225527,0.01269792447431532,0.0035539634791050168,0.0718060865784522,1.3329674561712492e-05,0.02667230714234661
2634,0.02669899675567619,0.10760020278394222,87.48037552833557,0.011840103736116749,0.05905704273552191,0.005298768851493836,0.018325165669876534,0.012740362756198546,0.003539896655072015,0.07189963014460489,1.2792380401510924e-05,0.02669899675567619
2635,0.026422577223084012,0.10685080755501986,87.432861328125,0.011675256854075878,0.058764426923189006,0.005273026471469002,0.018125851226390384,0.012577290299394335,0.0034990820329498925,0.0711712872869045,1.2623123820623467e-05,0.026422577223084012
2636,0.02645141222193593,0.10536815784871578,87.38594651222229,0.011692508177251601,0.05872087498180202,0.005262707239856608,0.01813102207436669,0.012592354571813198,0.0035152599715520855,0.07186679792453031,1.2773535252139135e-05,0.02645141222193593
2637,0.0264810625249978,0.10747215151786804,87.40872883796692,0.011716222291293203,0.05869703605526783,0.005269569579557684,0.01816220166253262,0.01261619318154503,0.0034957268365017583,0.07204023171521601,1.2862102341055182e-05,0.0264810625249978
2638,0.02652047052368766,0.10819745529443026,87.48092985153198,0.011738713445202982,0.05883939100093529,0.0052803987541739815,0.018193544247416687,0.012647089922464773,0.0035350150295121014,0.07119994615128294,1.266240418661613e-05,0.02652047052368766
2639,0.026350828185372176,0.10699645150452852,87.47942328453064,0.011616199628495779,0.05875440064023753,0.005262812864814015,0.018064234734009036,0.012530054847450286,0.003509474938284972,0.07131443258191718,1.3114246452787867e-05,0.026350828185372176
2640,0.026628976535113133,0.10620056092739105,87.46901512145996,0.011805417970372517,0.058900654315948486,0.005285178557358926,0.018272204400940996,0.012696209638455852,0.0035235510383289856,0.07205868949044923,1.2525672487501957e-05,0.026628976535113133
2641,0.026703845373675473,0.1083016125485301,87.41286706924438,0.011876269136784507,0.05873886483614562,0.0052641054775688,0.018334813660285512,0.012742003746575019,0.003526704042356034,0.07280450317336888,1.2868460263234866e-05,0.026703845373675473
2642,0.026901336020377815,0.10892115253955126,87.42510795593262,0.011945440937749675,0.05950939606447689,0.00531249085906893,0.01846143272018335,0.012839853290285244,0.0035409522099710514,0.07177862225741637,1.270319198828144e-05,0.026901336020377815
2643,0.026496659842182378,0.10723925568163395,87.41584205627441,0.011748615282083878,0.058619359966184274,0.005255922701851022,0.018176058154614247,0.012630715840267108,0.003524955243757758,0.07149959782321678,1.2778737604138235e-05,0.026496659842182378
2644,0.02663247432315447,0.10844798851758242,87.41370940208435,0.011791958954551669,0.05890857245101303,0.005277792579631825,0.01825453221920084,0.012689854308474259,0.003479234682449491,0.07317706837211965,1.259496583851856e-05,0.02663247432315447
2645,0.02672556098397882,0.108758594840765,87.45648264884949,0.01188347362302488,0.05891183311821985,0.005286923865405995,0.018410666105261105,0.012776863394824207,0.0035365310871637748,0.07148447299956298,1.2786509674673653e-05,0.02672556098397882
2646,0.02683882529801521,0.10616593435406685,87.43585062026978,0.011974682817693616,0.058814054141279125,0.005271771758581038,0.018441693353481958,0.012843273847257017,0.0035538130676465445,0.07250113913514575,1.2761257043057441e-05,0.02683882529801521
2647,0.026880521311989574,0.10671569965779781,87.40755891799927,0.011979525977531906,0.0591154049654476,0.005280546658886139,0.018446383333658098,0.012842014248742432,0.003542173479218036,0.07210217681942416,1.25951176403126e-05,0.026880521311989574
2648,0.02656942413600742,0.10609831567853689,87.48520565032959,0.01178316239145447,0.05875723918930429,0.005276013236324929,0.01824707555447201,0.012675530093981594,0.0035049568491484053,0.07167385399463724,1.2908496598041377e-05,0.02656942413600742
2649,0.026529715854491365,0.10748469363898039,87.44134783744812,0.011738477282409296,0.05886046417423936,0.005280677635665434,0.01822004387094105,0.012635598447723467,0.003498459113647276,0.07167044085007711,1.260355107190979e-05,0.026529715854491365
2650,0.026662076655469956,0.10723229125142097,87.41232442855835,0.011851438916608935,0.058854045926547444,0.005278133455144822,0.018308899273760008,0.012719289575260683,0.0035294187455590753,0.07137861310458574,1.2808653776570075e-05,0.026662076655469956
2651,0.027116998052987895,0.10713510029017925,87.44784212112427,0.012060934410537363,0.05982539350869226,0.005335408802999214,0.01860727925525337,0.012929689925408265,0.003557961123048893,0.07280992382190755,1.2858171933325654e-05,0.027116998052987895
2652,0.0267220460122726,0.10781397577375174,87.48557376861572,0.011879181855770408,0.05879196964326452,0.00527012160002086,0.018323630300640572,0.012752493622056285,0.0035255743957842227,0.07310013463873355,1.246910505359462e-05,0.0267220460122726
2653,0.026857302379107377,0.10642877500504255,87.48646378517151,0.012002685622571677,0.05881049154234714,0.005284115788526833,0.018453362535257808,0.01284213736653328,0.0035210002211808057,0.07211774057846089,1.0561066790969346e-05,0.026857302379107377
2654,0.026825505064525565,0.1072973683476448,87.47023177146912,0.011948717792411565,0.058990842006245596,0.005300398864477995,0.018448966998057287,0.012815175074167916,0.0035448569516254376,0.0720243626808534,1.126742749236087e-05,0.026825505064525565
2655,0.026739203248966913,0.1079142615199089,87.42412424087524,0.011898305080067671,0.05894646830246097,0.005283295829612456,0.018354509117417647,0.0127544344830342,0.003499205468497315,0.07177325067889007,1.1362699113853518e-05,0.026739203248966913
2656,0.02680443012018184,0.10979265533387661,87.47377514839172,0.011913577056505153,0.0591004129315986,0.005287476597720238,0.018407399705076804,0.012756126199955822,0.003562389023708882,0.0726243586386325,1.2147906198384695e-05,0.02680443012018184
2657,0.02685251228938826,0.10901832953095436,87.47582125663757,0.011972498064708025,0.05899592305793137,0.005286301440391384,0.0184537122239832,0.012826289416703045,0.003532167243557509,0.07210283669963723,1.2537051433054615e-05,0.02685251228938826
2658,0.026862931483593144,0.10504458472132683,87.46029591560364,0.011968428582014119,0.05910065281586569,0.00529333191816924,0.01846756618164602,0.012837416133614348,0.0035104218433366814,0.0719443957825176,1.2794469109719137e-05,0.026862931483593144
2659,0.026645478120714914,0.1067231297492981,87.44347643852234,0.011844570279029793,0.05872805489868414,0.00526371348809573,0.018282534516431758,0.012737441960661138,0.0035201997208012055,0.07183390693952803,1.2825918836959848e-05,0.026645478120714914
2660,0.026864384606358458,0.10841988679021597,87.43751335144043,0.01198722020967207,0.058892777708710216,0.005293528644795545,0.018459222500868996,0.012841055933080736,0.0035426757244973396,0.07250398415766779,1.283771295440277e-05,0.026864384606358458
2661,0.026802202839343273,0.10607731714844704,87.43737053871155,0.011924617542106598,0.05907691502180256,0.005294806602578916,0.018392910432742268,0.012786267203141431,0.0035370769853260917,0.07197654351103501,1.239069763563834e-05,0.026802202839343273
2662,0.026798577246363045,0.10864768829196692,87.4719786643982,0.011960033060158373,0.05869099253513774,0.005266432299232873,0.018376907600914358,0.012787533439237808,0.00353051634070265,0.0730678031190497,1.168138268386201e-05,0.026798577246363045
2663,0.026730166000054508,0.10636730026453733,87.42758250236511,0.011873894355824737,0.05895575734435535,0.005278936297189994,0.0183368409205167,0.012736597541170042,0.0035835459320729627,0.07239424084603298,1.2589373072094174e-05,0.026730166000054508
2664,0.026751969208116413,0.10635068733245134,87.45645880699158,0.01191715169774338,0.058807825455900097,0.005283211296821227,0.018406205031959735,0.012790976099853144,0.003550254890588341,0.07173213327578346,1.2814198146022694e-05,0.026751969208116413
2665,0.02663005941898608,0.1059687091037631,87.45639181137085,0.0118548915431392,0.058540452210629576,0.005261181055980384,0.01831048609475132,0.012742564883693809,0.003517516659664326,0.07180805681426017,1.2642576915884696e-05,0.02663005941898608
2666,0.026740036843741526,0.10721408482640982,87.44864058494568,0.011905390807412198,0.058809859830825054,0.005277112765680449,0.01834984053475935,0.012774764773909186,0.003525045410287185,0.07221195364340408,1.282938520784485e-05,0.026740036843741526
2667,0.026592113612005946,0.10853991843760014,87.4622254371643,0.0118029653934426,0.05862187899527003,0.005264345672912896,0.018242661016764212,0.012678831006537696,0.003519872565120153,0.07278765081504329,1.2723033866146229e-05,0.026592113612005946
2668,0.02649549234536339,0.10941989067941904,87.41541409492493,0.011755989517131056,0.05844716165886551,0.005253103723917462,0.018202888687736677,0.012642957018230294,0.0035299130097092664,0.07212153043536866,1.269806694604954e-05,0.02649549234536339
2669,0.026673061070872136,0.10843892302364111,87.41263747215271,0.011872607634448614,0.05868681679006483,0.0052660532757548275,0.01831556857395612,0.012747411944399604,0.0035207631318356658,0.07188069024962969,1.2489968168448736e-05,0.026673061070872136
2670,0.02659576187734721,0.10556281264871359,87.43206691741943,0.01181367580916305,0.05871083306484535,0.005262030586294952,0.018269579239250697,0.012695530925678914,0.0035211564743982964,0.07149315478860355,1.3121911027626561e-05,0.02659576187734721
2671,0.026550397444821773,0.10866314172744751,87.44222521781921,0.011783366812942703,0.058664393229562725,0.00526061427367271,0.01824426260150847,0.012674769340846383,0.0035284265158239936,0.07137228638605504,1.260440217760209e-05,0.026550397444821773
2672,0.026797573356965525,0.10607023816555738,87.47733426094055,0.011930125284573583,0.05890338342697894,0.005284531072514956,0.01842594522311062,0.012812970534394511,0.0035239168295835253,0.07245009934499128,1.28598923406798e-05,0.026797573356965525
2673,0.02659063522139045,0.10947832092642784,87.48936247825623,0.01181331108568511,0.05854288036706018,0.0052526902233739,0.018270972940582234,0.012703912790681495,0.0035136490964834564,0.07247886599087325,1.2761298408495114e-05,0.02659063522139045
2674,0.026933298217224292,0.10655573010444641,87.45717167854309,0.012007438203655794,0.05901545872453783,0.005286565527594725,0.018459721094333244,0.012856691923053538,0.003540169663315059,0.07388784534862784,1.2616186120997387e-05,0.026933298217224292
2675,0.026713410682487684,0.10517967119812965,87.40379023551941,0.011875716683103657,0.05871592486490969,0.005274165461801725,0.01833823280500584,0.012754053282017102,0.0035620043913024615,0.07318199670217077,1.2722762725373997e-05,0.026713410682487684
2676,0.026875762009351958,0.10625294782221317,87.39882898330688,0.01198460615514854,0.05899290325211697,0.005306637914637561,0.01849552359218236,0.01287374545468903,0.0035277248510984,0.07200819110406227,1.1532463504802735e-05,0.026875762009351958
2677,0.02698170666995107,0.10786415357142687,87.46751022338867,0.012027947587098499,0.05931211201871028,0.005331470871527419,0.01857165522018417,0.012881072711382733,0.0035394063738525892,0.07225717343084637,1.2573292180679709e-05,0.02698170666995107
2678,0.026803988245789143,0.10726794879883528,87.41717481613159,0.011916030755602434,0.059018645618782666,0.0052993461455325365,0.018405072352864215,0.012795563573475744,0.0035410350566485622,0.07276323304862761,1.2687774240214132e-05,0.026803988245789143
2679,0.02675913703307265,0.10671997722238302,87.42074751853943,0.011932751644769164,0.05870625376701355,0.005276395103390344,0.018391026970243356,0.012803369881127213,0.0035457332536471303,0.07204421586738746,1.2828726701686324e-05,0.02675913703307265
2680,0.027024947396922308,0.1066916799172759,87.44739723205566,0.012050638723446697,0.05942949017540353,0.005312925595866486,0.018566188196361553,0.012920565048202139,0.0035552015665491097,0.07201433229092204,1.2770292204430506e-05,0.027024947396922308
2681,0.026637332559731164,0.10817074682563543,87.4632773399353,0.011835103869804593,0.05883773917057475,0.005270833624755872,0.01830216562833454,0.012705819856864019,0.0035159874585319736,0.07131419630079973,1.256165496571391e-05,0.026637332559731164
2682,0.02671534805482284,0.10616184026002884,87.45237565040588,0.011919021537741189,0.058571024507772726,0.005269759160955055,0.018370968220969203,0.012802493350091771,0.0035557605681147,0.07162108660110685,1.2592577641355762e-05,0.02671534805482284
2683,0.026808787099101016,0.10752958990633488,87.42668914794922,0.011968775545475914,0.05874587033615738,0.00527219615349943,0.018437908595946968,0.01282044219189003,0.003544509377460316,0.07208582289425321,1.2258199587233998e-05,0.026808787099101016
2684,0.02656890300759038,0.10791492369025946,87.4166796207428,0.011802852554552134,0.0585675307961761,0.005287648508798514,0.018293635683042594,0.012702782386455868,0.003541376760427947,0.07145263514191401,1.279731192232604e-05,0.02656890300759038
2685,0.026278428122645518,0.10668199229985476,87.5143494606018,0.011585890632275431,0.058538283969535206,0.005257706140687109,0.01804554524266573,0.012483500524378214,0.003503533540156166,0.07140835595973691,1.160551159608167e-05,0.026278428122645518
2686,0.026299754203465142,0.10894156154245138,87.48259663581848,0.01163685772583255,0.05826103736142643,0.00523804011373002,0.01807788615954704,0.01253986851022136,0.003496915988479054,0.0713873880869541,1.32812330421598e-05,0.026299754203465142
2687,0.026830849512556536,0.1100994274020195,87.43754816055298,0.011997168501991718,0.058582860426824604,0.005251075889243454,0.018461461927069992,0.012822443550666337,0.0035682928874386385,0.07283504163754768,1.2789336348965373e-05,0.026830849512556536
2688,0.027484347280420242,0.1097310408949852,87.44727945327759,0.012469646429307148,0.05889661781123427,0.005282382259420196,0.018938046979305685,0.013266857545517508,0.0036446369734027834,0.07279870526284957,1.2833881073279045e-05,0.027484347280420242
2689,0.027098043638541073,0.10777645371854305,87.47326564788818,0.012158516401302864,0.05897575470267749,0.005291337196974725,0.018607956433638197,0.013020047238554622,0.0035556291466670446,0.07256898584729823,1.2083196340941392e-05,0.027098043638541073
2690,0.02678995388636335,0.10554671380668879,87.43399453163147,0.011956383825325574,0.058670094755829356,0.005268887759827566,0.018412140320192595,0.012810972236768633,0.0035570743818171932,0.07248765588967038,1.2621007991302976e-05,0.02678995388636335
2691,0.02654373131264917,0.10828051902353764,87.44622707366943,0.011802140760739318,0.05844064472151584,0.005252929001695431,0.018233973349704117,0.012690208066010573,0.0035307517067193375,0.0716750412324413,1.2650987419555452e-05,0.02654373131264917
2692,0.026552198882229993,0.1084919273853302,87.43412661552429,0.011799661965552167,0.058546804990924774,0.005255894739272409,0.018247230321962814,0.012699744519090554,0.00353592133138054,0.0712495724380505,1.290060991167106e-05,0.026552198882229993
2693,0.026581785168315542,0.10880917403846979,87.43909215927124,0.011810834809649185,0.05860264526038873,0.0052638623661163154,0.018276416734777024,0.01268550787945507,0.0035144904061587007,0.07184292353140037,1.27860590034065e-05,0.026581785168315542
2694,0.026523817620682913,0.10830474365502596,87.4334557056427,0.011765964203285144,0.05859209523826349,0.005271707169070351,0.018222154141022046,0.012673193710993548,0.003509073178512884,0.071609674815516,1.2320260148191785e-05,0.026523817620682913
2695,0.02645352439283103,0.10765365697443485,87.44211483001709,0.011709176294017033,0.05861511679946399,0.0052870890053111266,0.01819610538449688,0.012606698321178555,0.003557906845836427,0.07129683913510354,1.281733741053861e-05,0.02645352439283103
2696,0.02644195712217298,0.10645285528153181,87.4941258430481,0.011724108948418107,0.05846767884786012,0.005265618872935655,0.01818932526454818,0.012601968557497517,0.0034964356464562848,0.07145160288534692,1.2890255468283286e-05,0.02644195712217298
2697,0.026554635451098936,0.10769093409180641,87.44479560852051,0.011823339051887637,0.05841118488155427,0.005246580175704277,0.0182473741120613,0.012686560228161637,0.00351792434516714,0.07143144527847162,1.2467602686085926e-05,0.026554635451098936
2698,0.02659801476192279,0.1065895389765501,87.4843602180481,0.011823251919790369,0.058554665964157857,0.00527075642422147,0.01827361794249689,0.01270577023721865,0.003527635971817081,0.07213180964110327,1.3425708851340528e-05,0.02659801476192279
2699,0.026792304391865848,0.1082695098593831,87.47375249862671,0.011977033460604363,0.05860440164315896,0.005260859011122805,0.01841761880997019,0.012837988164153744,0.00358551101030049,0.07167965956948331,1.263177405566357e-05,0.026792304391865848
2700,0.026698757161493183,0.10789527650922537,87.40254497528076,0.011889030790475548,0.05868332796409482,0.0052744966118642295,0.01834860192153786,0.012772566822097927,0.0035134894185562112,0.07199486983237696,1.2403278464023895e-05,0.026698757161493183
2701,0.026397361740714213,0.10739455185830593,87.44487595558167,0.011656601623189254,0.0586895185415862,0.005264168889567134,0.018124906537046688,0.012566175861436813,0.0035463497014029226,0.07135268641238818,1.343273886197244e-05,0.026397361740714213
2702,0.026577009880518327,0.10789178870618343,87.44482493400574,0.011811874211445207,0.058587204237453276,0.00526729718110234,0.01827161519437051,0.012699974861118148,0.003538740501113114,0.07143713970531206,1.2358913916136867e-05,0.026577009880518327
2703,0.026653485479535628,0.10731966607272625,87.4519989490509,0.011881321744962793,0.05850403816973577,0.005256840812240834,0.018331353590808442,0.01275959291083158,0.00352729034999416,0.07164891346617312,1.2738877676175205e-05,0.026653485479535628
2704,0.026622308418154716,0.10988770425319672,87.41620206832886,0.011827063792553104,0.05870732323068087,0.0052577648979810175,0.018287636080115546,0.012725582682206983,0.00351661031485581,0.071833447202063,1.3239102184314788e-05,0.026622308418154716
2705,0.02660057000571587,0.10907579772174358,87.42579507827759,0.011834729272017225,0.058518894871727366,0.005247477837074853,0.018266827387155078,0.012704582900175305,0.0035459856916844968,0.07197832514257094,1.2419686532499645e-05,0.02660057000571587
2706,0.02662490305231243,0.10539244674146175,87.46105456352234,0.011850656601829363,0.05853325812543025,0.005254945801723687,0.018285789610970705,0.012732743026047457,0.0034984337141141905,0.0721048082179222,1.2751354032325595e-05,0.02662490305231243
2707,0.02671284076650856,0.10897192917764187,87.47187924385071,0.011918752816826349,0.05847178814841098,0.005247487071100012,0.01836179976244686,0.012750134948396781,0.003552135250905193,0.07288409647394399,1.2136340484406174e-05,0.02671284076650856
2708,0.02705516211199956,0.1099871564656496,87.44203066825867,0.012111900297955412,0.05905427942510511,0.005294261586119528,0.018616017091591826,0.01295406793503732,0.003593763446275023,0.07263414024329576,1.2764545789794316e-05,0.02705516211199956
2709,0.027019946026753207,0.10878198593854904,87.42708325386047,0.01206060474143043,0.059288734783891774,0.005308974442667648,0.018598355658230235,0.012930410807249977,0.003563853976942721,0.07206974679329356,1.2815404198684465e-05,0.027019946026753207
2710,0.026670113847148222,0.10704828333109617,87.44421696662903,0.011887107639894133,0.058500936285394135,0.005267365511170909,0.018364958564338625,0.012763485564376975,0.00357744795056518,0.07181411660963395,1.2542014144219216e-05,0.026670113847148222
2711,0.02682886701687926,0.10784179996699095,87.4940927028656,0.011986533882188016,0.058664514393102926,0.005267658448381136,0.018447629221882977,0.01284393511682016,0.00353101387116142,0.07260341128548149,1.2616385586203124e-05,0.02682886701687926
2712,0.02657638200115962,0.10647728852927685,87.49600648880005,0.011839659731896197,0.05834540822466866,0.00524542079742265,0.018272478309017223,0.012713115677603932,0.0035368336925710566,0.07175734411680797,1.2483150996339927e-05,0.02657638200115962
2713,0.026808138524533294,0.10696026030927896,87.41368269920349,0.011988042720181287,0.05864189052190937,0.0052687579796451035,0.018441770828832856,0.012844352120319839,0.0035871121484679397,0.07145325825778676,1.2802507671797046e-05,0.026808138524533294
2714,0.02652322315443002,0.10733894724398851,87.4347882270813,0.01180652529001236,0.058337252159587676,0.005243257795017762,0.01824806727560573,0.012687261036948347,0.0035102328373363516,0.07128517989252435,1.2712516120719355e-05,0.02652322315443002
2715,0.026265571458784283,0.10810304246842861,87.48296213150024,0.011628014760733139,0.05814557095042995,0.005239906911661879,0.018067182377591483,0.012530473686876844,0.003501804830834697,0.07109921673679205,1.275053274877532e-05,0.026265571458784283
2716,0.026514843243678084,0.10691010486334562,87.46575117111206,0.011779589093763565,0.05837091998975785,0.005252676756411302,0.01825446962210976,0.012668247975897594,0.003516483471774664,0.072076421795932,1.2780427758220499e-05,0.026514843243678084
2717,0.026577259047475994,0.10905393678694963,87.48552823066711,0.011834428195276709,0.058339362750287914,0.0052472876945938,0.018274865281142173,0.012716140827072448,0.0035210848493944305,0.07212648684250526,1.2797861887509179e-05,0.026577259047475994
2718,0.026521315263798,0.10728351306170225,87.47487115859985,0.011804085659992988,0.058388366562421204,0.005250593994698319,0.018235929485899013,0.012689463641555583,0.0035007595720120753,0.07097423940774847,1.320997268183253e-05,0.026521315263798
2719,0.026502269762949865,0.10571317374706268,87.3979275226593,0.011775285723145868,0.05836384853378671,0.005261138117811108,0.018252195561396293,0.012645029119353314,0.003575828540917547,0.07169880183627371,1.2573300129144e-05,0.026502269762949865
2720,0.026696974381071624,0.10741615574806929,87.43168115615845,0.011900546945265083,0.05854508183041557,0.005262251918540016,0.01837036457126502,0.012777730967605212,0.003543177940195701,0.07213976070834477,1.2756846150759583e-05,0.026696974381071624
2721,0.026563322576159825,0.10703556146472692,87.43216609954834,0.011805618162740205,0.05853820433382128,0.005283756885814984,0.018277256734302787,0.012695378933071357,0.0035252476170216304,0.07146910306249486,1.2744588777004253e-05,0.026563322576159825
2722,0.026437680450741383,0.10738229844719172,87.44005370140076,0.011712280987593972,0.0584348054205785,0.005258817548222351,0.018154157119513046,0.012609091350717134,0.00349194429467478,0.07218018358909205,1.2754081269098986e-05,0.026437680450741383
2723,0.026298482299278506,0.10807105805724859,87.44382095336914,0.011616882532224303,0.058461641190481965,0.005256066686611195,0.018084695700128547,0.012522168335367422,0.003520679736479384,0.0708279201730353,1.2764928737931314e-05,0.026298482299278506
2724,0.0264573375099018,0.1083228848874569,87.43613958358765,0.011720613316922892,0.058469546134354636,0.005266032460313596,0.018183291164516915,0.012608464303441713,0.0035339887960065828,0.072189499715679,1.2518822424311327e-05,0.0264573375099018
2725,0.026203420967413266,0.10739556420594454,87.47969627380371,0.01157233546121565,0.05817439223899216,0.005235496874074223,0.01800739420119856,0.012454274698297997,0.0035238829317319467,0.07148418312922852,1.1066450907273646e-05,0.026203420967413266
2726,0.0265916946695232,0.1071203239262104,87.43670845031738,0.011821878035781814,0.05854983945361904,0.005250766413423737,0.018271757327936223,0.012710805188436976,0.003513216404587824,0.07198591905905576,1.244922116111855e-05,0.0265916946695232
2727,0.026643147325662316,0.107349400408566,87.45185661315918,0.011857555377617722,0.05864846510965316,0.005267821729458014,0.01832652347711999,0.012728090733900422,0.003553249243433114,0.07144013317454545,1.2832875060040528e-05,0.026643147325662316
2728,0.02678968905486533,0.10758233536034822,87.43290948867798,0.01196066906950513,0.058583248345578307,0.005265083194511836,0.018398042585028977,0.012825898513136829,0.0035131542836544945,0.07300356152604838,1.3130956515577667e-05,0.02678968905486533
2729,0.02693915283154757,0.10818350035697222,87.42491745948792,0.01203257749315168,0.058930282710028474,0.005328590281261894,0.018520885322731537,0.012881558548781227,0.003531901070420615,0.07299712150678282,1.260632199184455e-05,0.02693915283154757
2730,0.02689523828505981,0.10558952949941158,87.42151212692261,0.012014190124378342,0.05880426285696811,0.005293360771993023,0.018500548672908155,0.012880306133664534,0.003573227845529308,0.07268259084981973,1.2504026615967208e-05,0.02689523828505981
2731,0.026814270367632148,0.10907649714499712,87.4692895412445,0.011959248123171388,0.058835087252444906,0.005292412223767673,0.01844730470176847,0.012822676129394868,0.0035577043480636765,0.07200447124902343,1.1276856759711401e-05,0.026814270367632148
2732,0.026380759877626034,0.10772521886974573,87.4626305103302,0.011702165263323266,0.05829200490576322,0.0052424703846823,0.018129494438161614,0.012592065949603671,0.0035559600228672757,0.0709646057612339,1.2847622826822705e-05,0.026380759877626034
2733,0.026450700370869676,0.10772447194904089,87.4083559513092,0.011745031518464694,0.05835787390099197,0.005245925999841973,0.018173574416547038,0.012624154714714796,0.0035129401767931756,0.07149054847474469,1.2816232545974473e-05,0.026450700370869676
2734,0.026603215603066274,0.10732285119593143,87.44633626937866,0.011835490345771684,0.05852387479094208,0.00525357357233946,0.018290264638843107,0.012706509692075312,0.0034935282339097658,0.0721166936039436,1.2586518232154134e-05,0.026603215603066274
2735,0.026760061462333458,0.10706243198364973,87.44714784622192,0.01193140105527566,0.058744007446726816,0.005281517961535786,0.018393081246463,0.01279944321904026,0.0035668581401639174,0.0718085422470677,1.2841758915296501e-05,0.026760061462333458
2736,0.02671655375876876,0.10475378483533859,87.41565227508545,0.011946145872600743,0.05836950511228843,0.005263428875535238,0.018397431377871115,0.012815045131767382,0.0035626491527912803,0.07159342396943295,1.2665075821650008e-05,0.02671655375876876
2737,0.026746391242400545,0.10650263261049986,87.41792035102844,0.011971246748857323,0.058371324031079405,0.005261215511098748,0.01844074714501373,0.01280054017962491,0.003589241860861905,0.07168772605965372,1.2297508539943218e-05,0.026746391242400545
2738,0.026646149268404383,0.1065396349877119,87.46802401542664,0.011896966513795931,0.0583318799245553,0.005247388617135584,0.018334541004151106,0.012756463025742378,0.003548442361280933,0.07174874163522828,1.250729885766943e-05,0.026646149268404383
2739,0.026406538596407313,0.10719481762498617,87.46875739097595,0.01171792795515207,0.05831924325130025,0.005241981888815883,0.01814586385992951,0.012604117309521944,0.003529936533238067,0.07118008568211169,1.3569250575326586e-05,0.026406538596407313
2740,0.026249645537406694,0.10639746766537428,87.45629286766052,0.011587637121651749,0.05829607951836508,0.005238387628733257,0.018031897488981485,0.012490424014566863,0.003543340316668275,0.07157228100800613,1.2751326464508258e-05,0.026249645537406694
2741,0.02641040867683096,0.10828645713627338,87.43316864967346,0.011724524394624302,0.05819466514665572,0.005237824867525306,0.0181543282767544,0.012591709978267794,0.003515815462527766,0.07213575275401111,1.2446889684881523e-05,0.02641040867683096
2742,0.026493856545965203,0.10513041168451309,87.46705508232117,0.011748485263345427,0.05859156270496181,0.005255280499590836,0.018192454355723055,0.012639755764823467,0.0035409507337866015,0.0713560157379166,1.2873492382871946e-05,0.026493856545965203
2743,0.026340327424104096,0.10777538921684027,87.41752743721008,0.011684956742817016,0.058187358203481455,0.005256295490429782,0.01813530927279689,0.012571947351403412,0.0035264734799027074,0.07085022351658735,1.1574866150767308e-05,0.026340327424104096
2744,0.026485124770857273,0.10477272979915142,87.47651100158691,0.011802178883894544,0.05806177219406503,0.005234791141491933,0.018233959700484744,0.012670875133824398,0.0035225993936469197,0.07185557904485308,1.2879801883275877e-05,0.026485124770857273
2745,0.026464787021767897,0.10816228110343218,87.44904518127441,0.011757288357151336,0.05819030570202186,0.0052362215556357,0.018189989396783172,0.012647418290010242,0.0035381025022094247,0.07246409709275257,1.2849686551649435e-05,0.026464787021767897
2746,0.026358300652049603,0.10809426847845316,87.42125105857849,0.01164942010702779,0.058499654785531464,0.0052719122470646605,0.018152428554279395,0.012548407921414883,0.0035232064213038834,0.07132385903206027,1.2690675799801448e-05,0.026358300652049603
2747,0.026434010810783653,0.10746017843484879,87.4054741859436,0.011701148469001055,0.05856787474429021,0.005259288301248653,0.018176956941969084,0.012603403183585797,0.0035281144282933263,0.07137520799077436,1.2576276777600865e-05,0.026434010810783653
2748,0.02632321386796529,0.10818526614457369,87.4266529083252,0.011667719503986786,0.05811489654369042,0.005232442324965825,0.018103867448622087,0.012538342534365957,0.0035435689735363743,0.07185243244176029,1.2554515536514075e-05,0.02632321386796529
2749,0.026709704995766036,0.105264225974679,87.40917778015137,0.011895373837686464,0.058666175994716706,0.0053102983883200365,0.01839924150253417,0.01278106517112646,0.0035486555434992447,0.07183584125071275,1.2779813853592545e-05,0.026709704995766036
2750,0.026654283164954575,0.10829911008477211,87.48555040359497,0.011870578019192717,0.058558381483203074,0.005275614162693258,0.0183365847915411,0.012739011094157324,0.003572823535116603,0.0717743075162661,1.2582217374862812e-05,0.026654283164954575
2751,0.02658478456900501,0.10747674852609634,87.44495630264282,0.011857159977748256,0.058294919670605266,0.005251894117195587,0.018295310529284788,0.012723910507791843,0.0035270532902299625,0.07150465304978558,1.2712874506139058e-05,0.02658478456900501
2752,0.026345637626945972,0.10706014558672905,87.39706778526306,0.011688235559363346,0.05814124326236912,0.005238392369317837,0.018124575948067864,0.012580578551307077,0.0035300338344999636,0.07128410595545515,1.2921221959184592e-05,0.026345637626945972
2753,0.026601063454004585,0.10723119415342808,87.44255256652832,0.01187087829820201,0.05820971971652547,0.005252128234133124,0.018317972668675613,0.012734979978899975,0.0035854294060225613,0.07183616278601475,1.2916176421325861e-05,0.026601063454004585
2754,0.02670592407039443,0.1074819853529334,87.47440123558044,0.011941573422280003,0.058285459631779155,0.00524219944805945,0.018388354280566583,0.012812011180537158,0.0035779354139612836,0.07197950453665412,1.260020676481078e-05,0.02670592407039443
2755,0.026731592694633318,0.10815125703811646,87.44790768623352,0.011965829795073778,0.05827541820338515,0.005244751266188553,0.0184023256764793,0.012810740833644007,0.003572395246964498,0.07209797962339687,1.2692981055451554e-05,0.026731592694633318
2756,0.026441095114426046,0.10688767395913601,87.45617747306824,0.011745842612638582,0.05820329707176959,0.005246756777747489,0.018196117400084852,0.01263853079318756,0.0035166977666181006,0.0718781515406292,1.2541694464285507e-05,0.026441095114426046
2757,0.0262136736304545,0.10872549563646317,87.50164747238159,0.011607088873804104,0.058014654233807424,0.005242287435141377,0.018035430018408377,0.01250554221590645,0.0034959428508567515,0.07092644855929692,1.2476242497732173e-05,0.0262136736304545
2758,0.0265147118966599,0.10701529122889042,87.41729760169983,0.011764305590300774,0.05857949765002141,0.005262463407010817,0.01822859512977913,0.012637700648886746,0.00355906447884245,0.07148387672410147,1.2780256486038496e-05,0.0265147118966599
2759,0.026568050084055446,0.10715952701866627,87.42000603675842,0.011859257820016537,0.05812965113608563,0.0052454787684360245,0.01829246093412159,0.012725256413954203,0.0035757586735941957,0.07162179568874054,1.2554560217299466e-05,0.026568050084055446
2760,0.026544718361902434,0.10978908278048038,87.46128988265991,0.011833634700809345,0.05813685206116223,0.005245434687106458,0.01827484560122744,0.012712834944918018,0.0035532186815484625,0.07196713925995787,1.2903485928661053e-05,0.026544718361902434
2761,0.02655300327011796,0.10660876892507076,87.40481472015381,0.011840808571728527,0.058241629209674774,0.00525429723288131,0.01829310238636175,0.012715685509572753,0.0035662201107250617,0.07106111276528386,1.3011107193315176e-05,0.02655300327011796
2762,0.026230810164306007,0.10665980912744999,87.44238042831421,0.011600761949161037,0.058115361166782065,0.005244392575314421,0.018051507974379374,0.012505739866221537,0.003514497065687644,0.07119851196032079,1.2534690193610207e-05,0.026230810164306007
2763,0.026325593671959933,0.108221554197371,87.41667771339417,0.01167808801744927,0.05806446515145849,0.005230678256875912,0.01813212192052456,0.012555610232024651,0.0035085798323261324,0.07168993301933906,1.2514701556598689e-05,0.026325593671959933
2764,0.026366388257287564,0.10716992430388927,87.44875144958496,0.011722784126788134,0.05808048854108717,0.005233926356953309,0.018154519281853906,0.012605148134753108,0.003524583205199022,0.0707174648576584,1.2711622770644201e-05,0.026366388257287564
2765,0.02642807362937048,0.10858333297073841,87.4610812664032,0.011733939741417522,0.058270163711954336,0.005247048554621393,0.01818552227751886,0.012623929594200655,0.0035319430658166283,0.07144725412802129,1.2827790690940978e-05,0.02642807362937048
2766,0.026692910974875826,0.10817041527479887,87.42231130599976,0.011895508868009096,0.05862986162060597,0.00526618385557696,0.018358540255576372,0.01274725396308254,0.0035736694298379246,0.07177265467824506,1.3260590724933816e-05,0.026692910974875826
2767,0.026564471270950116,0.10619566030800343,87.50018262863159,0.011853668441782232,0.05812590288334205,0.005233342879543417,0.018290830386772018,0.012713387356613015,0.00359364943846022,0.07183464440959887,1.2133077451687832e-05,0.026564471270950116
2768,0.02691311270120691,0.1047310633584857,87.45085406303406,0.012069908932584231,0.05861880447043747,0.005266806683274078,0.018529831752425334,0.012903611145180757,0.0035781934561559046,0.07187760827421653,1.2625873030330754e-05,0.02691311270120691
2769,0.02671393342926854,0.10937473364174366,87.44487261772156,0.011928881892598555,0.058417374970483,0.00526251226900237,0.018378802834719907,0.012772128756967236,0.00357759572550288,0.0724127143316093,1.2747097047876676e-05,0.02671393342926854
2770,0.026487441764014664,0.10648527555167675,87.45384860038757,0.011795703653765262,0.0581666392381074,0.005240615407676726,0.01822936206628553,0.012683816704532652,0.0035646418376718875,0.07121497662890641,1.2812753175775962e-05,0.026487441764014664
2771,0.026393310655458052,0.1068448405712843,87.41501903533936,0.011731557280863406,0.05807206181229138,0.0052288178770543365,0.018174215571069328,0.012625631357192016,0.003518077363565442,0.07144331281668827,1.2714477331201167e-05,0.026393310655458052
2772,0.026230597242590834,0.10697663854807615,87.45351028442383,0.011600203831206824,0.05804209289003591,0.00523052270882992,0.018036439678952344,0.012508752618412503,0.0035077128425759613,0.07185711757447875,1.2821441721726706e-05,0.026230597242590834
2773,0.026454180639359306,0.10766686126589775,87.44585943222046,0.011748830581725132,0.05825391216356246,0.0052548999989741165,0.018223550628687513,0.012632958884885321,0.003583290432885167,0.07166239492534125,1.3088117979726978e-05,0.026454180639359306
2774,0.026398257444017244,0.10609992034733295,87.40531706809998,0.01174748808405072,0.057943773562790915,0.005230811361574613,0.018186987744125187,0.012633666411408635,0.0035474986452456625,0.0716021862491721,1.2648927202442142e-05,0.026398257444017244
2775,0.026569052904722144,0.10780149605125189,87.4720230102539,0.011784084156522007,0.058665568222765065,0.005267903701112163,0.018266524463036997,0.012668009717628116,0.003597942414716436,0.07194257591713647,1.2782075712215986e-05,0.026569052904722144
2776,0.026445927419012687,0.10679539199918509,87.47733974456787,0.011780925404249888,0.05805464846188905,0.005231090598037375,0.018190627024493745,0.012652898276010986,0.003569524164586404,0.07118657208429496,1.2683920016244124e-05,0.026445927419012687
2777,0.026875844637512185,0.10674714483320713,87.44860219955444,0.012003474456609273,0.058831739132521585,0.005273148052959291,0.01846171056729604,0.012833494021267187,0.003584508887171501,0.07267154985275424,1.2440812993309915e-05,0.026875844637512185
2778,0.026463423489180744,0.1049041785299778,87.44900870323181,0.011738651680195184,0.0584136785053816,0.005251332583119635,0.018200540594512322,0.012625571050238414,0.0035118795320635936,0.07189603200273924,1.2478614708054688e-05,0.026463423489180744
2779,0.026206382977791497,0.10699342377483845,87.45613265037537,0.01157176953007574,0.05820769364716577,0.005248165374514876,0.01804059923275328,0.01249274393910023,0.0035120948746449267,0.07090790983533761,1.2827740969421194e-05,0.026206382977791497
2780,0.026213507351205974,0.10729436483234167,87.42717027664185,0.011615095347104991,0.05790062126566152,0.005226548919530555,0.018049642275713505,0.012510005850344896,0.003567137259257133,0.07102580118130465,1.3169881519690155e-05,0.026213507351205974
2781,0.026442557069488237,0.10835579968988895,87.42050385475159,0.011741883297008081,0.05834157838196051,0.005239181035412018,0.018179522918873144,0.01262346327640727,0.0035245621244835317,0.07131648504892822,1.285114685280014e-05,0.026442557069488237
2782,0.026641716997398705,0.1080586165189743,87.44634675979614,0.011883919199806501,0.058206150277716216,0.005251067648565427,0.018320600402953684,0.012759367072741027,0.0035623686071332606,0.07308446496847223,1.2130965474414096e-05,0.026641716997398705
2783,0.026515718702165805,0.10816973075270653,87.45086765289307,0.011781160299834169,0.05821674769041968,0.005266529555646245,0.018234803723018677,0.012664829892274297,0.003546669932280774,0.07315547254364022,1.2621890237991021e-05,0.026515718702165805
2784,0.026977687188592114,0.10774970892816782,87.43442177772522,0.012096887507827067,0.05873852528509547,0.005285363382904134,0.018531289363860108,0.012942164449296037,0.003560932348367804,0.07249088032690228,1.2414913855898723e-05,0.026977687188592114
2785,0.026391125589487006,0.10730594769120216,87.4452588558197,0.011738649630522142,0.05793921673884157,0.005225374268894618,0.018154304207409502,0.012599195613235723,0.0035248905874513945,0.07230108994685236,1.2785827542796259e-05,0.026391125589487006
2786,0.026564415529003887,0.10632885061204433,87.47506284713745,0.011828878779941406,0.0582636863481803,0.0052440786031914535,0.018279747640500305,0.012695988334837507,0.0035472484458176816,0.0724146848269662,1.2841272924932428e-05,0.026564415529003887
2787,0.026555049019392398,0.10865639057010412,87.4671881198883,0.011801271600129663,0.058378046653309805,0.005271307879784068,0.01830587392581291,0.012681120472242598,0.003532726921667879,0.07250322932835485,1.2796982396442228e-05,0.026555049019392398
2788,0.026239570795146168,0.10815630294382572,87.45803356170654,0.011611115416420287,0.05801266480664738,0.005226895108162502,0.018047735316404065,0.012505792592820085,0.0035238656765002696,0.07190990273947598,1.2596005001915207e-05,0.026239570795146168
2789,0.026370359370942977,0.10752102639526129,87.47741031646729,0.011731552360884722,0.057910377373460865,0.005229038291335961,0.018173638548030228,0.012602322601301015,0.0035209727156754645,0.07173163404108071,1.3212378584054913e-05,0.026370359370942977
2790,0.02665670170280777,0.10644784104079008,87.44918632507324,0.011913977208409886,0.05815930493542405,0.0052453916248880695,0.018338108465808335,0.012760089698904117,0.0036281704249959746,0.07235565595328808,1.2575373141178345e-05,0.02665670170280777
2791,0.026512224929498843,0.10833670385181904,87.44238781929016,0.0118145884823848,0.05807228752824127,0.005239211291945005,0.018244486202898084,0.012705152923027511,0.00351776275974622,0.0721346986342649,1.2802346999363041e-05,0.026512224929498843
2792,0.026271305306524526,0.10697602946311235,87.43686532974243,0.011638707534761214,0.05802334429787808,0.005231813235651152,0.018087471659738022,0.012520392898653374,0.0035446126330796568,0.07163705522591463,1.1859903999219053e-05,0.026271305306524526
2793,0.026265435806307635,0.10616584215313196,87.43508696556091,0.01166396507168891,0.057855338346762736,0.005231266663806727,0.018118362285990695,0.012558504114629792,0.003560360515352766,0.07077396601499593,1.284436262014795e-05,0.026265435806307635
2794,0.026389926733052144,0.10733927506953478,87.4553713798523,0.01170218808454324,0.05824958984969092,0.005233134278554286,0.018169560042194655,0.012599348693658582,0.0035467456022399615,0.07156714984811231,1.260342141061352e-05,0.026389926733052144
2795,0.02646437256795461,0.10857479367405176,87.42453193664551,0.01179099883349826,0.058050677913134216,0.005229043503307173,0.01822694478037416,0.012671873194822034,0.003580379415280567,0.071261421227675,1.3057970468782128e-05,0.02646437256795461
2796,0.02635708698605905,0.10716198571026325,87.4431562423706,0.011694414373181883,0.05815680202890615,0.0052358121706600315,0.018134943377531944,0.012577019544074038,0.003527403648820568,0.07144211429614024,1.2747956765573528e-05,0.02635708698605905
2797,0.026348629065590802,0.10662258416414261,87.40806007385254,0.011700962128148217,0.05792432388321298,0.005234806225864125,0.018137004783712937,0.01256227814668759,0.0035524619456960773,0.07247788965946338,1.0722285314563764e-05,0.026348629065590802
2798,0.026432832519783348,0.10760431364178658,87.47736406326294,0.01171323381455951,0.05837240864018925,0.005261201928675053,0.018200253006681554,0.012578815504236788,0.003555149317062536,0.07221856917880598,1.104651805450456e-05,0.026432832519783348
2799,0.026207577162345903,0.10661087743937969,87.43266034126282,0.011615330399181998,0.057761217727035775,0.005214825955784467,0.018036819376112498,0.012508603698406064,0.003515967633575201,0.07206259202212095,1.2707490239594602e-05,0.026207577162345903
2800,0.02603886158159766,0.10608790442347527,87.4421763420105,0.011511865862049773,0.05765067798192384,0.0052065502252948825,0.017918605212366483,0.012408015077750459,0.003512332852372564,0.07114299183680875,1.2817475862734896e-05,0.02603886158159766
2801,0.026057663480522204,0.10728793498128653,87.45129990577698,0.011519339531049376,0.0577121054539915,0.005223700971357891,0.01795485068387428,0.01243163767408152,0.0035424562529889777,0.07070413975380972,1.2800376833223521e-05,0.026057663480522204
2802,0.026244898189286717,0.10700440872460604,87.42467045783997,0.011623206975885102,0.05798337498649222,0.005263435902440401,0.01812055605448416,0.012509432354117514,0.0035436863259061193,0.07129294232877552,1.28073457995672e-05,0.026244898189286717
2803,0.026835377892998398,0.10738532152026892,87.44773030281067,0.011914581495535667,0.059234540482036406,0.005328407148509974,0.01844117361441499,0.01274298720031244,0.003544885752966902,0.07307943332268567,1.2418671917434412e-05,0.026835377892998398
2804,0.02684111048879682,0.10786411724984646,87.44338941574097,0.012015060391887778,0.058557944708183166,0.0052674369329250735,0.018449614213810105,0.012869497203863546,0.0035976652555992123,0.07205890354196556,1.2639298016779823e-05,0.02684111048879682
2805,0.026354987250610452,0.10654777009040117,87.4436764717102,0.011712769538805377,0.05798466528048281,0.00522611794237536,0.01813710907657371,0.012598059727947732,0.003570919118813987,0.07134145608202355,1.2832574212369781e-05,0.026354987250610452
2806,0.026381691261270983,0.10762107837945223,87.42308306694031,0.011750375893974646,0.05785318573967355,0.005226032743535814,0.018170136637741426,0.012617377613930673,0.003553477625484716,0.07152716177286672,1.2765065192501293e-05,0.026381691261270983
2807,0.02624981706870384,0.10711873695254326,87.49261593818665,0.011646459600506504,0.057845128364250306,0.00522735487425425,0.01807305945816343,0.01252283858226948,0.0035319186701271376,0.07160628727469288,1.2837706346297087e-05,0.02624981706870384
2808,0.026516326687863617,0.10964188538491726,87.37856268882751,0.011823810033927688,0.05806229104761217,0.0052343029032659825,0.018277484511376403,0.012678043932089062,0.0035771626108860384,0.07186736882526855,1.2958810309242364e-05,0.026516326687863617
2809,0.026465774864935485,0.10780286602675915,87.4341516494751,0.011779523828662321,0.05806893501125398,0.005236649576605099,0.018236661047415167,0.012655600676404649,0.0035369984584203997,0.07204693178722604,1.2655142922359589e-05,0.026465774864935485
2810,0.026363139735443183,0.10770419239997864,87.44181180000305,0.011732405230983114,0.05785690956428403,0.005223948768049967,0.018182431492710212,0.012594366392700887,0.0035501806176130154,0.07166950480981929,1.2800012500325425e-05,0.026363139735443183
2811,0.026266430947379987,0.10890975501388311,87.43382143974304,0.011688605905128796,0.057698968492570474,0.005213831349077528,0.018121616449207067,0.012578620850184902,0.003519242122715919,0.07075836659088487,1.2749901901304519e-05,0.026266430947379987
2812,0.02632776693608917,0.10746019519865513,87.4259786605835,0.011729385440436299,0.05771559281427352,0.005213829828044552,0.018142213976224425,0.01260839533976844,0.003551622854591515,0.07115225412989737,1.1982405243966434e-05,0.02632776693608917
2813,0.02631150022698719,0.10813531745225191,87.44805979728699,0.011681960479615897,0.05798209397519221,0.005224916471366877,0.018102014269374432,0.012557956882462393,0.003541761249700775,0.07138848825373122,1.1626169714168056e-05,0.02631150022698719
2814,0.02667474065769891,0.10666182357817888,87.41431856155396,0.01190107185240896,0.058403172453895945,0.005264648633291487,0.018391912062576073,0.012757480205571065,0.0036020379639459684,0.07194138099973807,1.2053569323119643e-05,0.02667474065769891
2815,0.02671724851014184,0.10690901149064302,87.45714807510376,0.011898408017930438,0.0587291136139729,0.005277204504770944,0.01840165824644634,0.012757236054014475,0.0035643186391575536,0.07183830482793636,1.2159532594399113e-05,0.02671724851014184
2816,0.026232763758448303,0.10705095902085304,87.4366717338562,0.011634601371698692,0.05785977303004656,0.005229791448848536,0.018076083859520368,0.012531793859527737,0.0035181720664755243,0.07118395580070429,1.2794917639353335e-05,0.026232763758448303
2817,0.0263691031236629,0.1061896001920104,87.45777416229248,0.011717849277478994,0.05799842955636197,0.005239798448842446,0.01816064859053395,0.012592255145494566,0.003568291515264599,0.07163029241940526,1.2724310948589669e-05,0.0263691031236629
2818,0.026206613579368005,0.10790295246988535,87.45899271965027,0.0116231208743497,0.05777730511837318,0.005223193471167298,0.018056848147487054,0.012512939844707974,0.0035522943782452187,0.07121460955040376,1.2560166473875926e-05,0.026206613579368005
2819,0.026146234303224283,0.10538357123732567,87.45542550086975,0.011599367114211449,0.05766359509014692,0.005217024844643645,0.018022180618870943,0.012484073917549408,0.0035447581818128827,0.0707089742950973,1.2701645051133844e-05,0.026146234303224283
2820,0.026428202304561606,0.10702685452997684,87.42014646530151,0.011725561315438053,0.05827675588795396,0.005254289915892067,0.01822208047493315,0.012612789655562307,0.003578177870816139,0.0715853590670912,1.2720208715940136e-05,0.026428202304561606
2821,0.02616064552767355,0.10653568804264069,87.43521428108215,0.01160210292007713,0.05760911449057157,0.005197980470733992,0.018002247705017446,0.012497495585044876,0.0035439095961800242,0.07169806274783905,1.2299934233274753e-05,0.02616064552767355
2822,0.026511336783649492,0.10749802831560373,87.4187695980072,0.011817692969849363,0.05806658893335061,0.005239221944901176,0.018243677937043984,0.012683066501297423,0.003561122193130985,0.07202856975500702,1.2555995614851651e-05,0.026511336783649492
2823,0.026824498671244403,0.1057536555454135,87.4395523071289,0.01198784545918957,0.05862901591863789,0.005269988451427857,0.01845933546571702,0.01283600289741012,0.0035356032436896787,0.07259434715035509,1.1839993439609774e-05,0.026824498671244403
2824,0.026619443181352537,0.10559770837426186,87.41800284385681,0.011849508185672467,0.058469235408501546,0.005259104807800079,0.018291204350954684,0.01271922256583806,0.0035507705675239566,0.07226296538700823,1.3243396069543951e-05,0.026619443181352537
2825,0.026213158318986657,0.10497037321329117,87.44988918304443,0.011625270618767034,0.05778435556614985,0.005213418309424134,0.01805453828429101,0.01252060616388917,0.00352789899792339,0.07143604071413884,1.2626142540019277e-05,0.026213158318986657
2826,0.026087924074686943,0.10661176033318043,87.42396092414856,0.011554003910726456,0.05766236342367579,0.00520522789991476,0.017962341967847992,0.012444946411081025,0.003570421778245783,0.07062860601199944,1.2127555063296652e-05,0.026087924074686943
2827,0.026086359498564336,0.10615839809179306,87.44466304779053,0.011549698696548089,0.0576425136112776,0.005203145220265036,0.017958222613593595,0.01244036111308903,0.003543749117658886,0.071088525756705,1.2548134227256562e-05,0.026086359498564336
2828,0.02602908328236615,0.1069658063352108,87.44779133796692,0.011506037107195522,0.057667743475710756,0.00522089761597883,0.0179518185113175,0.012411986477673054,0.0035165409265528816,0.07059216593987629,1.3011126306811082e-05,0.02602908328236615
2829,0.026088885795019688,0.10505081061273813,87.47691035270691,0.011559785313171441,0.057627069656966165,0.005201776569220619,0.01797220693351548,0.012445444523616404,0.003542174686311332,0.07072917837649584,1.2818751253578665e-05,0.026088885795019688
2830,0.02626483085122509,0.10684638656675816,87.54649472236633,0.011701610927912788,0.057611780577018615,0.005201824232706892,0.018111759231838047,0.012569788118183125,0.003540736682270272,0.0707537801783593,1.2868062089244048e-05,0.02626483085122509
2831,0.02639138952019762,0.10605921223759651,87.53109526634216,0.011760179816027646,0.05775853258664491,0.005221823873532722,0.018196758676747807,0.012629080021784443,0.003543202009540601,0.07206014989585173,1.2252256919650792e-05,0.02639138952019762
2832,0.02637209506613798,0.1070116888731718,87.45825004577637,0.011753487553386415,0.05777883285381755,0.005219335015099801,0.018182406881366107,0.012626371514357504,0.0035471901198329985,0.07135221963656731,1.2895830439615087e-05,0.02637209506613798
2833,0.026570092871418743,0.10700025409460068,87.45188093185425,0.011875061043461815,0.05801286951440279,0.0052406533495294024,0.018304889739231497,0.012738221210473384,0.003590640268425961,0.071582761959585,1.2660214123821991e-05,0.026570092871418743
2834,0.02686894765184795,0.10686541721224785,87.44946694374084,0.012074258334965247,0.058262495232410116,0.005248639182966264,0.0185239767335111,0.012902041614727407,0.0036184450842394324,0.07204762148502909,1.2845068360954364e-05,0.02686894765184795
2835,0.026583325194164377,0.10751873347908258,87.45245695114136,0.011890843125121271,0.05795313491195929,0.005229833518674017,0.01831534816349139,0.01276065968740426,0.003560652707314088,0.07178394643009686,1.288157579371791e-05,0.026583325194164377
2836,0.02615738147106327,0.10536048654466867,87.49962282180786,0.011596785652161132,0.05763343953695454,0.005204482261686906,0.01800929056480527,0.012491403468197486,0.0035721338678487255,0.07152152201924168,1.306112836564007e-05,0.02615738147106327
2837,0.02616892948929892,0.10772689245641232,87.48260807991028,0.011587378389553213,0.057864707024371034,0.005226463808479612,0.01802030442374163,0.01247982465524654,0.003547840165814049,0.0709487796745828,1.2938414141034441e-05,0.02616892948929892
2838,0.026208444544282117,0.10792939644306898,87.46205973625183,0.011620851538953234,0.05780850131003583,0.005210132139628051,0.018045012739899217,0.012507834013734684,0.0035400082391579863,0.07136593511725059,1.236265795687996e-05,0.026208444544282117
2839,0.02642116144482718,0.10684200562536716,87.41208696365356,0.01175422121801215,0.058106464440705344,0.005238720118526186,0.018204907237811655,0.012628219556063414,0.003580319960448952,0.07102223656705169,1.2717944998401912e-05,0.02642116144482718
2840,0.026330934623714355,0.1057727662846446,87.46942567825317,0.011719984914649461,0.057752391842545055,0.00522667845161479,0.018171228033292,0.012594677691088348,0.003546930421105601,0.0715123304303308,1.219492689345268e-05,0.026330934623714355
2841,0.02603466593523006,0.10682235192507505,87.43372869491577,0.011528930672612346,0.057489927186340585,0.005200505107793896,0.01794145011236189,0.012425139928083927,0.003533113974940459,0.07095505901780284,1.2630142768683756e-05,0.02603466593523006
2842,0.02621021972144725,0.10753141064196825,87.40616655349731,0.011648053307177835,0.057616559208416546,0.005213016640303321,0.01806083033777407,0.012535415704316292,0.003580864877669049,0.07102424138393558,1.278947651792924e-05,0.02621021972144725
2843,0.02632277445165349,0.10548096243292093,87.43836808204651,0.011722102142931496,0.05766398056608732,0.005214015056272266,0.01813687801696971,0.012595151566335411,0.0035482432605454424,0.07182035799764219,1.2717812015709602e-05,0.02632277445165349
2844,0.026253690668305414,0.10571790859103203,87.5476245880127,0.011654838194429386,0.05775869625513671,0.0052141614590359275,0.018054675738342473,0.012533924401142314,0.003567787368216964,0.0718814094902062,1.2960763867242613e-05,0.026253690668305414
2845,0.02613941522040328,0.10737827140837908,87.4655168056488,0.011575713307123448,0.05771480134276093,0.0052130302952480365,0.01799592069640267,0.012484945791971977,0.003543191406204075,0.07127915809816512,1.2865121596840403e-05,0.02613941522040328
2846,0.026263838450683922,0.10597448982298374,87.45087385177612,0.011671050165428734,0.0575989836552104,0.00520653280689091,0.01808496633330818,0.012551113138677643,0.0035540951162072844,0.07255690224224427,1.2814726735687675e-05,0.026263838450683922
2847,0.026301494723216433,0.10747503861784935,87.43907260894775,0.011702745454385877,0.05761755001349527,0.005204181156319673,0.01812579406455892,0.01257306104144234,0.003557586733282345,0.07232489519309802,1.2688349169248385e-05,0.026301494723216433
2848,0.026525750664658235,0.10884344391524792,87.3993661403656,0.01183449925824267,0.05790990053630266,0.005242854469364173,0.0183046559467301,0.012686748336237228,0.0035934615822997493,0.07266560769410896,1.1216417732315636e-05,0.026525750664658235
2849,0.026616627808477056,0.10741267073899508,87.44723582267761,0.01187864842931511,0.05824244901782177,0.00526554319152578,0.018399255846428576,0.012733433044469748,0.0035695480793470243,0.07170071003989117,1.295421297630612e-05,0.026616627808477056
2850,0.02655859592324886,0.10789727885276079,87.45361471176147,0.01181229168442307,0.05835902104612257,0.005240414782091364,0.018263869941784222,0.012689155442487509,0.0036022959259857774,0.07215891805950736,1.2730529239996276e-05,0.02655859592324886
2851,0.026453245706001265,0.10758895799517632,87.48050355911255,0.01174788506029815,0.05831839999214548,0.0052465213420724525,0.01822637568884453,0.012633060433398017,0.0035379846336045227,0.0713692704429392,1.277973164461349e-05,0.026453245706001265
2852,0.02621313014266188,0.10531794000416994,87.4475474357605,0.011616689817155482,0.05787271847490404,0.005233219376246094,0.018073361817380933,0.012493454347379872,0.0035502305025326424,0.07125820634795017,1.2886721989480472e-05,0.02621313014266188
2853,0.02611129419481168,0.10587901994585991,87.40749716758728,0.011580093763768673,0.05751827554624589,0.005216432630359272,0.018023069039536793,0.012473103987266783,0.003595748100406872,0.07091927632200913,1.2543842295447975e-05,0.02611129419481168
2854,0.026324468099924385,0.10735068656504154,87.46628594398499,0.011707527364497303,0.05779860254193916,0.005228824310432203,0.018151562340313294,0.012589452475248302,0.003583018742425398,0.07144622081799097,1.2746082835622423e-05,0.026324468099924385
2855,0.026602241454920808,0.1053631603717804,87.41386198997498,0.011923975036403195,0.05788450993475367,0.005222802214538221,0.018361279275268316,0.012744733674421173,0.0035936343655387152,0.07144913330796313,1.270700263857129e-05,0.026602241454920808
2856,0.02702761166652695,0.1082132812589407,87.45459771156311,0.012215505583120173,0.05803886202515149,0.005233708892177912,0.0186379681967321,0.013002101557146086,0.003623772932590581,0.073155201162349,1.2735769074679794e-05,0.02702761166652695
2857,0.026698943090121278,0.1068964209407568,87.42035412788391,0.0119056675552589,0.058515013241377034,0.0052584183677175985,0.018388063753726053,0.012779424608242317,0.00359064620942427,0.07193994215216304,1.2166264913494378e-05,0.026698943090121278
2858,0.02618774438857055,0.10746268276125193,87.40531802177429,0.011614756941123575,0.05774657696974082,0.005211096779886084,0.018032525521016023,0.012491701472336884,0.003562670675312459,0.0712181437668986,1.2723487728702735e-05,0.02618774438857055
2859,0.026144654497687447,0.10702006984502077,87.41368103027344,0.011625263694918057,0.057498332906941896,0.005197418420422884,0.0180353570622621,0.0125042585175118,0.003532623841625745,0.07041762969990978,1.2685626870733358e-05,0.026144654497687447
2860,0.026135469802090378,0.10778634250164032,87.40487313270569,0.01160758708939567,0.05753149605188213,0.005209365353889031,0.01802550021894887,0.0124838001735997,0.0035461171961496357,0.07075303780739425,1.398618847528773e-05,0.026135469802090378
2861,0.026056741196356835,0.10489592980593443,87.44713568687439,0.011548600594711597,0.05749113295899063,0.005213155163085607,0.017974216697096337,0.012431563030867303,0.0035346976994750563,0.07083290613821296,1.288410834445352e-05,0.026056741196356835
2862,0.026059035104928446,0.10660214070230722,87.43745255470276,0.011541456060453516,0.05749453237799347,0.005211853475661062,0.01797266741909209,0.01244042528274118,0.0035711410588997066,0.07105440440297615,1.2846682803366543e-05,0.026059035104928446
2863,0.026093678945889237,0.10573904123157263,87.46932935714722,0.011573632388971135,0.0574482581654533,0.005209615280408962,0.017998211207937022,0.012452844858597049,0.0035828283155856073,0.07125759921723702,1.2268194017385377e-05,0.026093678945889237
2864,0.026188431521419617,0.10689601767808199,87.47015476226807,0.011631909360895391,0.057635294609382506,0.005211926246687892,0.018049430621207736,0.012537636923924332,0.0035373509554268764,0.07080172188580036,1.269376295664458e-05,0.026188431521419617
2865,0.02616216222465527,0.10824192874133587,87.46602177619934,0.011617378927156573,0.05750606147969355,0.005206621813084014,0.018024488878970752,0.012501765263923367,0.003551446998751432,0.0715993248445333,1.2827291035559358e-05,0.02616216222465527
2866,0.02603531178453418,0.10665621235966682,87.43401193618774,0.011543587708967875,0.05734425392307219,0.005186303411839438,0.01795295128965231,0.012435725294664258,0.0035659554977443253,0.0710992226911495,1.2833667770244273e-05,0.02603531178453418
2867,0.02614668197929859,0.10620514955371618,87.40349102020264,0.011605594299550428,0.05748140079076173,0.0052007494998149205,0.01803786975530083,0.012491951116406526,0.0035890218549881315,0.07150870074563828,1.2419154148470253e-05,0.02614668197929859
2868,0.02607653761801661,0.10743065364658833,87.49914908409119,0.011546082107625047,0.05747339178304203,0.005204407895197634,0.01796671307691541,0.012443090514203564,0.0036010627260767533,0.07175285862300729,1.2869154329126943e-05,0.02607653761801661
2869,0.02601656645963915,0.10678351484239101,87.41156530380249,0.011538135093926895,0.057289185094051676,0.005184010831547565,0.017943119393570014,0.012439627956110434,0.0035475225790907615,0.07092744218887853,1.271896391298929e-05,0.02601656645963915
2870,0.026079411297792295,0.10819862224161625,87.40507960319519,0.01157262359104562,0.057444401451798736,0.005196923928213169,0.017993266037741644,0.01247136996387214,0.0035321071035930977,0.0706924634573401,1.2782959993056227e-05,0.026079411297792295
2871,0.02672445480940772,0.10732518509030342,87.43421578407288,0.011985106431863835,0.05804274707544045,0.005234415978803987,0.018417791005407202,0.012818865386433289,0.003576130617684761,0.07239012830875448,1.255830451158202e-05,0.02672445480940772
2872,0.02633582979257478,0.10762238129973412,87.445880651474,0.011735364802364931,0.057622729754838786,0.0052064421594326124,0.018150931575381366,0.012594329330642692,0.003583070318229863,0.0719510386774286,1.2628395050587827e-05,0.02633582979257478
2873,0.026161823284308442,0.1067506019026041,87.44191551208496,0.011603182639743461,0.057683155184886495,0.0052091297540874755,0.018031614710439424,0.012495649604462698,0.003541155306042218,0.07103158185472254,1.2775508811844595e-05,0.026161823284308442
2874,0.026177392967167448,0.10742617677897215,87.40882658958435,0.01163394207165378,0.057525172096784,0.005212576153352246,0.01806879345877249,0.012519098543485657,0.0035573584237517638,0.0710003223483924,1.2754352319558158e-05,0.026177392967167448
2875,0.026272400496069524,0.1077436963096261,87.43792533874512,0.011693920279837778,0.05752640474038046,0.005203465973103389,0.01810380918752463,0.012584418623295963,0.0035821411636520603,0.07187283106270384,1.2960051885812515e-05,0.026272400496069524
2876,0.026243489113498907,0.10636385530233383,87.46843600273132,0.011674617596550798,0.05758967849074817,0.005209207447001435,0.01809423598537191,0.012548069668109299,0.00355891051385399,0.07139813600749266,1.3068323606791142e-05,0.026243489113498907
2877,0.02615906624123454,0.10857151541858912,87.4270670413971,0.011624992298359265,0.05748144378427599,0.0051987696358872975,0.01804206409629007,0.012501548555847562,0.0035703704276381703,0.07112444727299888,1.2515967237608149e-05,0.02615906624123454
2878,0.02597083154394001,0.10779276862740517,87.43359994888306,0.011493798868242101,0.05728944842932654,0.005190687475451192,0.017912012242452532,0.012393135821721593,0.0035559828125978593,0.07139432805849881,1.2751430945153249e-05,0.02597083154394001
2879,0.026174468186790825,0.10788366384804249,87.42841982841492,0.011620986897528905,0.05754214622935311,0.005200982950704142,0.01802705132142931,0.012492266918731029,0.003594028793053976,0.07169209260371376,1.2804370886725843e-05,0.026174468186790825
2880,0.026142197829045234,0.10535375587642193,87.466623544693,0.011610101442784071,0.05754984890828367,0.005200784588537988,0.01803920982924641,0.012500550857455026,0.003535415259663199,0.07066854352100951,1.2841156152428535e-05,0.026142197829045234
2881,0.026240615052033643,0.10901294741779566,87.44460678100586,0.011629158646234723,0.05794196783519182,0.005226461316046656,0.018082639584165127,0.012506675028593326,0.0035778093418930884,0.07122730477484035,1.2066367773079763e-05,0.026240615052033643
2882,0.026188636290245367,0.10719732195138931,87.40732765197754,0.01165185047344106,0.0575227219550336,0.005206359128589879,0.0180660546604605,0.012519674940553845,0.0035699703348953215,0.07065569352908213,1.2868149267099274e-05,0.026188636290245367
2883,0.02592483739231209,0.10714263282716274,87.44302582740784,0.011472639830050166,0.05733739303760841,0.005192357279574041,0.01787086612865573,0.012369981417279751,0.0034982092806412914,0.07041602920679772,1.2764771102791428e-05,0.02592483739231209
2884,0.02602171679561744,0.10655928589403629,87.3998396396637,0.011527231466941169,0.05737904153886388,0.0052067647233880205,0.017950641892117557,0.012427083476156484,0.0035612740540556364,0.07103961706161499,1.2842047847071045e-05,0.02602171679561744
2885,0.026176271639520028,0.10695962607860565,87.46464228630066,0.011628376808567126,0.05751866786206355,0.005208015882745996,0.018047257822739783,0.012512942348591616,0.00357829753431629,0.07134675903276341,1.255568484832091e-05,0.026176271639520028
2886,0.026188590792847462,0.10653279442340136,87.42723798751831,0.011617988306021348,0.05774662533744437,0.005211486328454291,0.018024017583945246,0.012495771340537266,0.0035465886762945866,0.07115523820956711,1.2664267712705548e-05,0.026188590792847462
2887,0.02597270441836998,0.10623939801007509,87.44093465805054,0.011488439633556809,0.0574422327221417,0.005196822872080031,0.017908443650994144,0.012382329117170856,0.0035552337038575015,0.07072003292622137,1.278400034649933e-05,0.02597270441836998
2888,0.026402048720810256,0.10618850775063038,87.45485067367554,0.011783504286078645,0.057672470808029175,0.005217251400310608,0.01820334319605446,0.01261848970850716,0.003583819864959013,0.07200101743162167,1.195535543857358e-05,0.026402048720810256
2889,0.02624862330400797,0.10732102207839489,87.40777587890625,0.011718107021001518,0.057406049771387066,0.005200545492459883,0.018121714696104897,0.012567465796639195,0.003544471077773659,0.07063456682763139,1.0187353079410526e-05,0.02624862330400797
2890,0.02636142026205532,0.10505460202693939,87.44951057434082,0.011766850871995825,0.057580486184260884,0.005203965677284315,0.018183351853160095,0.012631185726858065,0.0035592323449654046,0.07157652107540702,1.236251490140822e-05,0.02636142026205532
2891,0.026364881178883255,0.10806568898260593,87.45154809951782,0.011758610720700417,0.057618489030931815,0.005228324810455202,0.018212258174526888,0.012633935487294783,0.003617324399738954,0.07144003933997917,1.2618260965705089e-05,0.026364881178883255
2892,0.026231275153819653,0.10669277980923653,87.40906143188477,0.011668522071215461,0.05761444715202832,0.005210047774780236,0.01809035330919213,0.012553326335170718,0.0035581814151898514,0.07087035408457283,1.2807596242584375e-05,0.026231275153819653
2893,0.026292541018519244,0.10751084797084332,87.44687914848328,0.011720530677311977,0.0575293131539079,0.0052094241665279276,0.018132197983624018,0.01258660430760413,0.003579489619578006,0.07138783701497023,1.2947762545362638e-05,0.026292541018519244
2894,0.026511319103788157,0.10549865663051605,87.43545413017273,0.011883796314846297,0.057584804589631125,0.00520553007973816,0.018277724693361364,0.012714100543592797,0.003631390257143095,0.07169263455711428,1.2344234102823035e-05,0.026511319103788157
2895,0.026446070155647934,0.10556642804294825,87.42641377449036,0.011820184700496372,0.057645852448510344,0.005219609024323767,0.018262417193074695,0.012691264643837682,0.003567458212482514,0.07166281530297682,1.2743270419024912e-05,0.026446070155647934
2896,0.026109085051861942,0.10725253541022539,87.47432565689087,0.011589815324844151,0.05745881356176783,0.005195796588954867,0.018011325642039052,0.012479081696479535,0.0035643922642148176,0.07093281019479036,1.2785323737013192e-05,0.026109085051861942
2897,0.026128211455633404,0.1081169992685318,87.46419644355774,0.011563511221807023,0.05776358432457095,0.005229155227664064,0.01804758728955124,0.012459940246504838,0.0035854216338684934,0.07079724892668549,1.3098573369203872e-05,0.026128211455633404
2898,0.02619534109520619,0.10664141271263361,87.4463996887207,0.011649195005598127,0.057492146726514474,0.0052129341915371965,0.018099585578578416,0.012519828219455286,0.003608126080686562,0.07104819774871966,1.3059371515437414e-05,0.02619534109520619
2899,0.026261505762451006,0.10702852439135313,87.45315337181091,0.011715927260515631,0.05742887151045877,0.0051958282615561955,0.018125785758993665,0.012595933571946426,0.003553913142837462,0.0708882764867339,1.2799239669384107e-05,0.026261505762451006
2900,0.026461416870722027,0.10676784254610538,87.41352081298828,0.011856871630355228,0.05754189803952076,0.005206098377353466,0.018267999960445477,0.012702875343136123,0.0035861675268741415,0.07119592476147608,1.2826732937835814e-05,0.026461416870722027
2901,0.02628804961616387,0.10683475527912378,87.46076321601868,0.011725203240992592,0.057456057579790956,0.005206492023359313,0.01814761594487507,0.012601634754692434,0.0035877191331848256,0.07124141107511814,1.3081392543385833e-05,0.02628804961616387
2902,0.026593354622237993,0.109170226380229,87.47548627853394,0.011948951500941251,0.05754294258649232,0.005204000374775563,0.018349010275951663,0.012759338453656337,0.0036431463162384194,0.07206961848452444,1.2890791875763879e-05,0.026593354622237993
2903,0.02651924994148192,0.10882548987865448,87.444739818573,0.011887086547727957,0.057715791170714334,0.005220780820875871,0.018311213885174423,0.012749452365287503,0.0035466700324742885,0.07075530122660223,1.279242303029303e-05,0.02651924994148192
2904,0.026642267912870547,0.10822885762900114,87.44796299934387,0.011953658935781873,0.05782278150808616,0.0052211476646394275,0.01838543113382136,0.01280172946328511,0.003565276424270734,0.07188023800854801,1.2675930183061523e-05,0.026642267912870547
2905,0.026161344294421008,0.10715397819876671,87.46418285369873,0.011639227999038384,0.05739872133145567,0.005193623605367468,0.018043825876150953,0.012521357206841473,0.003523708538717178,0.07114121502601221,1.2832285312655067e-05,0.026161344294421008
2906,0.026166605778404923,0.10441905166953802,87.44468140602112,0.01162222164423495,0.057433467907983746,0.005211256223074237,0.018056936493357184,0.012511471660471842,0.0035856095406028334,0.07174881904950885,1.263913189180903e-05,0.026166605778404923
2907,0.02603401976530669,0.10672584548592567,87.41317367553711,0.01155702003323641,0.057252205297595164,0.00518160397530396,0.017954073495185765,0.012426364769945379,0.00357819795150493,0.0711052978991485,1.279902167269692e-05,0.02603401976530669
2908,0.02621902092588974,0.10502308141440153,87.45733761787415,0.011695835613416599,0.05731250614416404,0.005187797092939498,0.018081254478482925,0.012570116737643714,0.00355134222305334,0.07110798807784183,1.2839141717849123e-05,0.02621902092588974
2909,0.026160968681339356,0.10627401992678642,87.46296882629395,0.01164651265535809,0.05727149570574526,0.005187781770011318,0.01802746685160721,0.012507743919726278,0.0035621887702708605,0.071774780078501,1.2542708949282041e-05,0.026160968681339356
2910,0.026126613351898115,0.10501728672534227,87.40603017807007,0.011611766361280298,0.057368256518098175,0.005195571134462342,0.017997590573046538,0.012492463023203318,0.0035964398116224493,0.07118447463898385,1.2529681831367574e-05,0.026126613351898115
2911,0.026040759548300603,0.10577060841023922,87.42614698410034,0.011517795661586474,0.05756527283152596,0.005223553083821764,0.01797718373050944,0.012424308203588256,0.0035711039233662675,0.07090723277909346,1.2595624459040523e-05,0.026040759548300603
2912,0.02595494547095455,0.10614185500890017,87.42566895484924,0.011469890478021298,0.05737371034309512,0.0051992460989897125,0.017889484931088863,0.01236588310175499,0.003568708549299445,0.07145364846667794,1.3065173489829688e-05,0.02595494547095455
2913,0.025978684471156754,0.10777924209833145,87.4496750831604,0.011501735186998228,0.05738782394127768,0.0051920895758619315,0.017926661564861654,0.01239956209252848,0.0035313282536006854,0.07062454808686601,1.2859906347209344e-05,0.025978684471156754
2914,0.026135664952338718,0.10760463029146194,87.48155665397644,0.011601030650991396,0.05750980924387447,0.005210976984703027,0.018027443568542845,0.012482047798570062,0.003570141658171645,0.07116321929287715,1.3302490132924556e-05,0.026135664952338718
2915,0.02611149165046508,0.10721916612237692,87.43782663345337,0.01159597263808866,0.05745351509969743,0.005203754776615466,0.018024112479608567,0.012476019194868744,0.0035614967699254267,0.07075635528527811,1.238078616496318e-05,0.02611149165046508
2916,0.026022534756386866,0.1060634208843112,87.4273989200592,0.011541560948750034,0.057250037545063456,0.00519525095415836,0.017987395606202182,0.012427611703999707,0.0035669305409518543,0.07118545177957562,1.2804449659206184e-05,0.026022534756386866
2917,0.026220257531424037,0.10692539345473051,87.4327540397644,0.011684299515346523,0.057354239655322714,0.005200744261125438,0.01812314967334759,0.012540987269097909,0.003608236848911057,0.07129722650422425,1.3170189102432673e-05,0.026220257531424037
2918,0.026152798692222503,0.10593862738460302,87.49293375015259,0.011625249725079438,0.05746398695179673,0.005199737753337401,0.018073834280376552,0.012499477309709201,0.003578010310999072,0.07078958620302013,1.2890183042178682e-05,0.026152798692222503
2919,0.026163682601124536,0.1060443976894021,87.41570711135864,0.01160637553414849,0.05763351966123112,0.005226638023054502,0.0180868873922307,0.012508757015476461,0.003562490030222374,0.07085582278058176,1.2884730752467537e-05,0.026163682601124536
2920,0.026265037062837452,0.10707695968449116,87.42973136901855,0.011667496299554334,0.05768042314248007,0.005238172510394551,0.01814337010632773,0.01253498304391005,0.003601827714057853,0.07184193805470819,1.1735976995329096e-05,0.026265037062837452
2921,0.02596834803488655,0.10656140744686127,87.45840334892273,0.011517652398219606,0.05713646333725726,0.005187018247718205,0.017926839936036068,0.012410172894902404,0.0035944135027525365,0.07085084791493709,1.2335569799142226e-05,0.02596834803488655
2922,0.026230858661784012,0.10708810295909643,87.42506241798401,0.011693136537539178,0.057275011891224345,0.005192926561948461,0.01813277325089105,0.012549559807130059,0.0036055520883013234,0.07188564187801275,1.3280419473209702e-05,0.026230858661784012
2923,0.02631341116350205,0.10567315760999918,87.48681402206421,0.01174176178994726,0.05754643092389967,0.005205071036948166,0.01816193062476203,0.012599025402584525,0.003599008127329413,0.07093075464372753,1.3557527182822093e-05,0.02631341116350205
2924,0.026256168856606133,0.1062418706715107,87.4497971534729,0.01168214910678932,0.057581587893063904,0.005196264767484953,0.01810068605834099,0.012549895526016833,0.003567675744053587,0.07167047436242222,1.1047692093246697e-05,0.026256168856606133
2925,0.026128736171932496,0.10555507335811853,87.40080285072327,0.011602847119335269,0.05741535737866261,0.005194002791063585,0.018012781337392134,0.012485547029398015,0.003575840044087257,0.07147811973070511,1.233193175746011e-05,0.026128736171932496
2926,0.025959979269470346,0.10471393167972565,87.45055508613586,0.011495083127720435,0.05731609512547978,0.005197291623144487,0.017908822859591635,0.012383929537761896,0.0035762379774213083,0.07059491868512552,1.2786704663994027e-05,0.025959979269470346
2927,0.026037639930661095,0.1092488681897521,87.47435569763184,0.011566739556089532,0.05709799391324403,0.005178210111792947,0.01796838909876151,0.01244792764716339,0.0036071989318875015,0.07157660090959951,1.2618075806456044e-05,0.026037639930661095
2928,0.02898865109156878,0.10769835580140352,87.43127155303955,0.013547482854518735,0.05951546889836671,0.0053433071207407805,0.019856547051277318,0.01434307183581786,0.003609190961216256,0.07503420146579137,1.2483457182272296e-05,0.02898865109156878
2929,0.02910568737653924,0.1057180417701602,87.45531988143921,0.013356572452199752,0.06152510105586443,0.005488464648865896,0.019892094359107194,0.014102289674528798,0.0036937656810461373,0.07692338685031797,1.3162875275493328e-05,0.02910568737653924
2930,0.027527138995403638,0.10437518078833818,87.4393105506897,0.012411049387768889,0.05959674813708321,0.005342944570984997,0.01890498314236031,0.013235140172001279,0.00364736803009587,0.07290415349798124,1.304995521522017e-05,0.027527138995403638
2931,0.026307276724914057,0.10812364425510168,87.41118383407593,0.011693131819855972,0.057849185877158996,0.005230938580619996,0.018133662381499518,0.01256852799293692,0.0036141468196740894,0.071078012392047,1.2909140856131801e-05,0.026307276724914057
2932,0.025957386253676454,0.10625594481825829,87.43201208114624,0.01146652990738388,0.05749438922913348,0.005200984912588582,0.017878546264999715,0.012375004513219733,0.003584094907607517,0.07072519007154175,1.3247263474089028e-05,0.025957386253676454
2933,0.025690912895026754,0.10619047284126282,87.4295494556427,0.011304896817252528,0.057151452439730285,0.005178998972548813,0.01771304529679359,0.012223402152723465,0.0035800892710838405,0.07030447735832851,1.2729129605211669e-05,0.025690912895026754
2934,0.02575953584164381,0.10546288918703794,87.43434143066406,0.011344493351510315,0.05732171994740846,0.005179906521587953,0.017748949881337704,0.012256364338099957,0.003590988266266516,0.06995930157785045,1.3485990924418806e-05,0.02575953584164381
2935,0.02562198311579032,0.10585911013185978,87.4029438495636,0.011287248094153941,0.056943386304573934,0.005166172628199346,0.01766910960470311,0.012205270706813355,0.0035547473082379972,0.06979137831596566,1.2786357712696953e-05,0.02562198311579032
2936,0.02571609257491397,0.1063120560720563,87.46596455574036,0.011344018999151275,0.05699537474600995,0.0051761522247898775,0.017744944453789074,0.012237741001194617,0.0035779001821046237,0.07052278466766974,1.2796233162922616e-05,0.02571609257491397
2937,0.02572433187885851,0.10501663573086262,87.4231390953064,0.011336068168557326,0.05706692132793489,0.005167204178640711,0.017725707253166398,0.012242892115819649,0.003531959348694101,0.0710274164916062,1.2512415285426308e-05,0.02572433187885851
2938,0.025696978827968973,0.10767031367868185,87.42390084266663,0.011349593693787446,0.056904963782576264,0.005176911077110983,0.017767306562268832,0.012258483249633039,0.003539163949441348,0.06982267199114697,1.2714291156389717e-05,0.025696978827968973
2939,0.025900323463023685,0.10526976734399796,87.49079155921936,0.011435193620377877,0.057325103243843455,0.005200029532119754,0.017854037977083296,0.012323581766276086,0.0035983295071121977,0.07126656156338629,1.25644076739437e-05,0.025900323463023685
2940,0.0257799307983674,0.10580943431705236,87.44301414489746,0.011394213896519581,0.057030501912851805,0.005171202417066107,0.017807594134060085,0.012287887458338356,0.003567336195866104,0.07024399850700723,1.2937370745221243e-05,0.0257799307983674
2941,0.025989876304310364,0.10386618692427874,87.40364384651184,0.011576162956532885,0.056911904303753966,0.005164554296824776,0.017960588058426243,0.012450554148584116,0.0036216719728726587,0.07009401360190794,1.2767377952994998e-05,0.025989876304310364
2942,0.02617280382174449,0.10500369314104319,87.40344786643982,0.011676600531171092,0.05719103090098647,0.005181318057365105,0.01808693966080175,0.01254591569457142,0.0035683288445054998,0.07083747577166459,1.283611615135597e-05,0.02617280382174449
2943,0.026012059743897836,0.10504452604800463,87.4388256072998,0.011533223875019639,0.057247934771365805,0.005178125201129034,0.01793770076798611,0.0124596856939072,0.0035641144428661736,0.07102647953529338,1.2732924821278345e-05,0.026012059743897836
2944,0.02608220042569227,0.1065152958035469,87.4248673915863,0.011617832030856708,0.05700576451958203,0.005175614950903615,0.018005718156451085,0.012514184496258615,0.003557018964307108,0.07133696084750481,1.2743486588587556e-05,0.02608220042569227
2945,0.026464192654754293,0.10660510696470737,87.42222738265991,0.011896019740427127,0.057185287846893564,0.005187946493874808,0.018275939668605072,0.012771082301547781,0.0035690799676126143,0.07145197052875014,1.2452773019837349e-05,0.026464192654754293
2946,0.026278110221028328,0.1068542655557394,87.4615969657898,0.011730328316754494,0.05737884757948703,0.0051919432723375614,0.018138460105010232,0.012596484357643812,0.0035635682565282236,0.07128802494558155,1.377124955422914e-05,0.026278110221028328
2947,0.025955382307044795,0.10663270577788353,87.46912264823914,0.011512088451962003,0.0572271752552908,0.005180263071183543,0.01790812013090634,0.012381904712710225,0.0035506129745760413,0.07035064460618086,1.117760914065546e-05,0.025955382307044795
2948,0.025780989605261654,0.10602785088121891,87.43049001693726,0.011376709181082542,0.05711736493423337,0.0051857843197363074,0.01780071148465647,0.01229007138305756,0.0035605515090015825,0.070517139188701,1.2775907992987198e-05,0.025780989605261654
2949,0.025843123630544203,0.10693620424717665,87.36363482475281,0.011433329211822787,0.056990955696731314,0.005172581816489091,0.01783555176597638,0.01232951234445953,0.0035359158665399814,0.07133870242071934,1.278401812784551e-05,0.025843123630544203
2950,0.026169911317038733,0.10732668079435825,87.41825032234192,0.011657265366100874,0.05733607294129544,0.005201785349989402,0.01806860181243449,0.012515229966918954,0.003555323896150975,0.0709529205484957,1.2717048252369289e-05,0.026169911317038733
2951,0.026212904388543037,0.10595180839300156,87.4483323097229,0.01167758292381148,0.057350088338382905,0.005210684543689255,0.01813831432249214,0.012549091443480527,0.003575520811327657,0.07126107645511139,1.2690358994876714e-05,0.026212904388543037
2952,0.026015174605685178,0.10587254352867603,87.40074706077576,0.01152818276714839,0.05732014042432191,0.005186987187728653,0.01793771125681576,0.012412578447676096,0.003568032817518125,0.0713258868113893,1.2833013325050424e-05,0.026015174605685178
2953,0.02585546153246379,0.1067122658714652,87.42670702934265,0.011448647200939108,0.05696626715972775,0.00517116132436595,0.01785302763713188,0.012347783290277251,0.0035443391391366233,0.07109221374829773,1.2579761293535595e-05,0.02585546153246379
2954,0.025836278501226276,0.10681825503706932,87.42214250564575,0.011441154710826327,0.05700749500853117,0.005173693275552426,0.017853110410334147,0.012336460216978535,0.003574588215818293,0.07018390296362952,1.2858328458663737e-05,0.025836278501226276
2955,0.025854666137182323,0.10533650685101748,87.46046710014343,0.011458563251939953,0.05699260361859056,0.005170658005584703,0.017838409277381468,0.012355084752389153,0.00360107192097873,0.07011895524490563,1.2469003850853532e-05,0.025854666137182323
2956,0.0259741622588185,0.10708213597536087,87.47154235839844,0.011554452605911942,0.0569279706868969,0.005167581358558086,0.017935969088165485,0.012428797178397902,0.003591889797969431,0.07070018741928163,1.4276297185804886e-05,0.0259741622588185
2957,0.026273145844213298,0.10682161152362823,87.49168038368225,0.011745132605132998,0.05723100118949765,0.0051912102489503195,0.018158587146183996,0.012603519560738664,0.0035803601132385187,0.07119273362284312,1.2791344998916659e-05,0.026273145844213298
2958,0.02595145261434258,0.10921819042414427,87.45373153686523,0.011509084974827825,0.05717486924812442,0.005182544456520041,0.01791778018270604,0.012398819652859305,0.003583778319956704,0.07034965166364049,1.28204009618456e-05,0.02595145261434258
2959,0.025958141502847927,0.10463323164731264,87.44551515579224,0.011463565083953445,0.0574694959843745,0.005202549813147329,0.017913962057867987,0.01235948613325714,0.0036014330489408286,0.071038298064568,1.2945052959555312e-05,0.025958141502847927
2960,0.02577657797602845,0.10670990869402885,87.44777703285217,0.011377580624195884,0.05710859181451016,0.005185845550378693,0.01779896700296734,0.012273003675471076,0.003555099815740937,0.07051817463619299,1.264183968077749e-05,0.02577657797602845
2961,0.025785917996383103,0.10545392520725727,87.44533228874207,0.01140149925896501,0.05694158546260146,0.005167972584651997,0.017797297370604804,0.012297206596456101,0.003566618831293871,0.07080500397342639,1.2755456051271424e-05,0.025785917996383103
2962,0.026006668157203764,0.10591829009354115,87.46351981163025,0.011511313770974025,0.05740826296024635,0.00518837815425435,0.01791912977598974,0.01240093511010169,0.0035558739547297113,0.07131902238384621,1.2793362225368823e-05,0.026006668157203764
2963,0.025865384957707318,0.10761674400418997,87.46936392784119,0.011444959713176626,0.05697718213816158,0.005170239931445752,0.017820440293824086,0.01232780803559867,0.0035497750514415934,0.07200176377215835,1.2167811887929696e-05,0.025865384957707318
2964,0.026100833289569518,0.10577978286892176,87.47967338562012,0.011596599273139337,0.057163654292216065,0.005192648932398831,0.018007151469527208,0.012463731393523391,0.003612961620092392,0.07237856592372303,1.2657516238775934e-05,0.026100833289569518
2965,0.02622024762276255,0.10778987593948841,87.41877746582031,0.011678331745330428,0.057369973327292774,0.005223055877799138,0.01813157158522088,0.012549569494411593,0.0036044743362447767,0.07131688927346078,1.3156556076872953e-05,0.02622024762276255
2966,0.02651342628981735,0.10887576080858707,87.44676685333252,0.011858919963668117,0.05763909074126697,0.005239702829877372,0.018347698660781148,0.012689643257038027,0.0036565506788825645,0.07241286844259402,1.3128699429231064e-05,0.02651342628981735
2967,0.026675622711782573,0.10593447834253311,87.46547055244446,0.011956810859627411,0.05787032793779842,0.00521924406228984,0.018387053131324348,0.012785961485055626,0.0036531064275759045,0.07283843003335547,1.26532769478144e-05,0.026675622711782573
2968,0.026327297060948905,0.10778323002159595,87.45823764801025,0.011738809443949188,0.05739601664855832,0.0052011131507451415,0.018151419542607714,0.012593931381086835,0.0035803241800272563,0.07307886080358361,1.2610371949969334e-05,0.026327297060948905
2969,0.02621369124161171,0.10758661944419146,87.51231956481934,0.01170593561207662,0.05718771307194819,0.005186390244310386,0.018101349060774825,0.012565550527947604,0.003591119708707098,0.07108216004858374,1.281655182852387e-05,0.02621369124161171
2970,0.02592365766615897,0.10662056598812342,87.51467728614807,0.011480962697294404,0.057231095970654094,0.00519726517205661,0.017900009234970222,0.01237224162266147,0.0035467548772967496,0.07039153534674743,1.4694585931890416e-05,0.02592365766615897
2971,0.02597812451727566,0.1053739944472909,87.45188212394714,0.011539840593659242,0.05702653576116093,0.005173872314683604,0.017958811659854454,0.01241956211504389,0.0036249485317251234,0.07074337970221141,1.2879890924117061e-05,0.02597812451727566
2972,0.026061580470595203,0.10646059922873974,87.41499972343445,0.011602915376882817,0.05705376726682069,0.0051722085889673135,0.018026501268575915,0.012467735256144747,0.0035911461006330908,0.0709454827468659,1.2069620345058361e-05,0.026061580470595203
2973,0.025950777268067736,0.10585332475602627,87.47520160675049,0.011544019346446043,0.056874291818650044,0.005161863955913387,0.01793631863948263,0.012418934014305228,0.003610686913369315,0.07049237923757708,1.2579486227290482e-05,0.025950777268067736
2974,0.0260155829448314,0.1061167661100626,87.42971348762512,0.011589007810918523,0.05685173488054119,0.005164620231791231,0.01795751941924701,0.012451666178273374,0.0035697416837525663,0.07139710062107102,1.2771796586442974e-05,0.0260155829448314
2975,0.025924317950962998,0.1072467127814889,87.49802589416504,0.01150589291250608,0.056997209787368774,0.005179870913767057,0.017908827592542427,0.012418554740820507,0.003591924985931789,0.07029744677367758,1.2970327606642304e-05,0.025924317950962998
2976,0.0259974545753393,0.10712475329637527,87.45978879928589,0.011565206996088878,0.05698041202592068,0.005177869043526713,0.01797605579963229,0.012441124309037552,0.0035761936327259316,0.07068830099506457,1.2106273991537064e-05,0.0259974545753393
2977,0.026058791754919975,0.10718843154609203,87.54575610160828,0.011624944205472216,0.05695414982858251,0.005181990382566926,0.018034699517989257,0.012488830544543071,0.0035907670580705656,0.07018491911289633,1.234786060853615e-05,0.026058791754919975
2978,0.02597741080356426,0.10750923585146666,87.47098755836487,0.011548673245506208,0.056944024367410626,0.0051694042469206895,0.01795300435977148,0.012430590791169737,0.003554710556302586,0.07109001915535478,1.276559719704181e-05,0.02597741080356426
2979,0.026002807298400363,0.10650304798036814,87.52175045013428,0.011568161143661767,0.057022691261572916,0.005177642138613785,0.017977586710733958,0.012456073387541244,0.003601279798666107,0.07023537285687005,1.2867186544882025e-05,0.026002807298400363
2980,0.026166254532386045,0.10749249812215567,87.45691084861755,0.011645193112495004,0.05735986252300075,0.005216244352431816,0.01809141041375086,0.012527099100598058,0.0036134125777428634,0.07071712788682981,1.2126917000695547e-05,0.026166254532386045
2981,0.025911918902372728,0.10651937406510115,87.54584288597107,0.011513328859124516,0.05690584612674401,0.005165781848682243,0.01789446524726074,0.012407299344901179,0.003555239843334392,0.07034334239595738,1.2078753886757852e-05,0.025911918902372728
2982,0.02584560578841655,0.10750358644872904,87.45998358726501,0.011443455150106648,0.05698632949688395,0.005177177998359452,0.01783755772029523,0.012345013338461762,0.00354780559618881,0.07076901453928869,1.2973938257793775e-05,0.02584560578841655
2983,0.025815651683350566,0.10640432965010405,87.44136309623718,0.011445440775638476,0.05677046932157923,0.005163351438374671,0.017830553815745918,0.012337957997424681,0.003597994838825992,0.0707235184543934,1.2695373860337678e-05,0.025815651683350566
2984,0.026134844747234563,0.10769770201295614,87.47433876991272,0.011647964049069608,0.057133047795686565,0.005183517301195591,0.018053509531634263,0.01251477929839834,0.003601424422756326,0.07111339327558631,1.2892939652567052e-05,0.026134844747234563
2985,0.02590982106010445,0.10727850068360567,87.46178984642029,0.011507923760619319,0.05683318269057352,0.005166271714814251,0.017895801153156112,0.01238522545785689,0.003562776602758858,0.07123731849257087,1.281108465618266e-05,0.02590982106010445
2986,0.02592594194851938,0.10612802300602198,87.46910095214844,0.011506322916352847,0.05697889943591884,0.005178993167050305,0.01793016971195819,0.012392205773990174,0.003577538807952746,0.0707324579755058,1.2724335135651857e-05,0.02592594194851938
2987,0.025823161288424105,0.1050308495759964,87.39389157295227,0.011442140019575104,0.05680943365956916,0.005163655957955196,0.017862355458687564,0.012331894888985352,0.003571876160586711,0.07100882732355204,1.2891356861781818e-05,0.025823161288424105
2988,0.025905128782157037,0.1050207931548357,87.45958876609802,0.011457787971699336,0.05728980410294455,0.005189599801374019,0.017896550936532803,0.01234848369065611,0.003575039082817489,0.07034190516674617,1.2788454820142074e-05,0.025905128782157037
2989,0.025929879244478024,0.10564825870096684,87.44357943534851,0.011501408628661369,0.05708201693706825,0.005176791991870545,0.017912301906674612,0.012377692035353575,0.003591129292932446,0.07056928343582348,1.2960737702212543e-05,0.025929879244478024
2990,0.02608688568055141,0.10611346270889044,87.4698007106781,0.011633278969980653,0.05696343789335157,0.005173830513949277,0.018034615233296254,0.012505599568582704,0.0036410892021567485,0.07075481012952133,1.266149446299547e-05,0.02608688568055141
2991,0.025891744592761407,0.10556717403233051,87.41232442855835,0.011479959617078792,0.05697176202398832,0.005171275695740077,0.01788914731138798,0.012362160521452545,0.0036021512083816115,0.07077937861751826,1.3306771250616009e-05,0.025891744592761407
2992,0.02600731651802532,0.10624877829104662,87.4301176071167,0.011552234012328211,0.05713238139621547,0.00519594876668187,0.017976770986665468,0.012443136316953136,0.0035647065197422978,0.07066781275340768,1.2609244730188589e-05,0.02600731651802532
2993,0.026068334941004145,0.10606151632964611,87.43636989593506,0.011594956412483922,0.05719793722277782,0.005198136435775849,0.0180155850076651,0.012478858362272626,0.003613886142867144,0.07037616915023717,1.279486813341619e-05,0.026068334941004145
2994,0.026178637977506292,0.10833208821713924,87.45526099205017,0.011682650929347414,0.05713063380757316,0.005197933163173253,0.018106278734373264,0.012537463140658667,0.00360228150957035,0.0711094802856201,1.2793417335586185e-05,0.026178637977506292
2995,0.02617357964398431,0.10658108908683062,87.50458002090454,0.011661074391459345,0.0572141809541671,0.00520768604187875,0.01809435202663795,0.012530102883083899,0.0036072127433249453,0.07138598287386484,1.28037808078033e-05,0.02617357964398431
2996,0.02602377372076277,0.1062696035951376,87.43277883529663,0.01155147291185548,0.05725890788875642,0.005189018558756617,0.017982812659417997,0.01243612977111193,0.00359220853262413,0.07053305083488831,1.249130654175345e-05,0.02602377372076277
2997,0.02581243033780426,0.10656177066266537,87.46390295028687,0.011447980828186283,0.056822538864417155,0.00515996632891417,0.017842888916063993,0.012332302556357911,0.0035675447586862767,0.07018227262239231,1.2916669820300657e-05,0.02581243033780426
2998,0.02616567115803234,0.10757817886769772,87.4491753578186,0.01166532983331651,0.057120849363139416,0.005179197724038338,0.01806689704936303,0.012518445319938854,0.0036262504119029056,0.071699242260246,1.2825307558733952e-05,0.02616567115803234
2999,0.026109838018529726,0.10686499066650867,87.44821333885193,0.011629547794028873,0.057146998702502644,0.005181853682352382,0.01803664415006022,0.012503354581164533,0.0035839976483314742,0.07093481499640668,1.2892121234813858e-05,0.026109838018529726
3000,0.026189373332823885,0.10734648536890745,87.4408757686615,0.011662731172333731,0.057368830579226135,0.005206685038054454,0.018094744121075652,0.012535093596479932,0.003623116608770167,0.07082037081117512,1.2805702677816729e-05,0.026189373332823885
