variant,radius,alpha,image,GT,PSNR,SSIM,LPIPS
original,0,0,r00816405t.png,r00816405t.png,22.93492249,0.9560442,0.035977546
original,0,0,r00869422t.png,r00869422t.png,19.39565696,0.8421585,0.066145465
original,0,0,r00879054t.png,r00879054t.png,23.00805244,0.9283352,0.050739147
original,0,0,r01058910t.png,r01058910t.png,12.81158309,0.8653555,0.101476923
original,0,0,r01170470t.png,r01170470t.png,30.36110481,0.9771352,0.025420483
original,0,0,r01474187t.png,r01474187t.png,22.81410093,0.960681,0.02974179
original,0,0,r0150031ft.png,r0150031ft.png,23.83384219,0.97031087,0.026562009
original,0,0,r01559391t.png,r01559391t.png,17.32711263,0.7591924,0.137439758
original,0,0,r02189767t.png,r02189767t.png,27.60718317,0.9128526,0.059402965
original,0,0,r02354285t.png,r02354285t.png,28.63942808,0.9057105,0.063116789
original,0,0,r02508493t.png,r02508493t.png,25.76323241,0.96334237,0.034464307
original,0,0,r0287344at.png,r0287344at.png,33.44228603,0.9888831,0.009681663
original,0,0,r02897203t.png,r02897203t.png,30.81516275,0.9835569,0.013081418
original,0,0,r03193652t.png,r03193652t.png,19.46002831,0.87739015,0.074321359
original,0,0,r0341853dt.png,r0341853dt.png,21.35358735,0.9368958,0.110376924
original,0,0,r0372042dt.png,r0372042dt.png,27.16041409,0.93864197,0.056816936
original,0,0,r04317453t.png,r04317453t.png,24.92551592,0.96798325,0.044785939
original,0,0,r0465565ct.png,r0465565ct.png,31.01339768,0.97583574,0.02841536
original,0,0,r05243256t.png,r05243256t.png,21.05543287,0.9055107,0.048493028
original,0,0,r05772356t.png,r05772356t.png,22.35584089,0.9725628,0.0422263
original,0,0,r05839451t.png,r05839451t.png,33.0502068,0.9811239,0.007977874
original,0,0,r0589558at.png,r0589558at.png,27.55244642,0.9632167,0.044523746
original,0,0,r0603031et.png,r0603031et.png,24.81209625,0.91020733,0.063179061
original,0,0,r068812d7t.png,r068812d7t.png,21.77667806,0.9079437,0.051601745
original,0,0,r0703243bt.png,r0703243bt.png,30.76657632,0.9876046,0.012874566
original,0,0,r0708431at.png,r0708431at.png,32.05331638,0.9488316,0.014595918
original,0,0,r072421a1t.png,r072421a1t.png,22.18836526,0.9298253,0.095128
original,0,0,r072649fdt.png,r072649fdt.png,27.9700977,0.963835,0.025514664
original,0,0,r07598392t.png,r07598392t.png,24.86777694,0.9314038,0.066402882
original,0,0,r0773471dt.png,r0773471dt.png,25.76734806,0.9533355,0.040451627
original,0,0,r077507cat.png,r077507cat.png,19.32860968,0.884281,0.069365397
original,0,0,r08079988t.png,r08079988t.png,22.83671057,0.92798376,0.055467263
original,0,0,r0809811bt.png,r0809811bt.png,29.24030322,0.90726304,0.121940598
original,0,0,r082626aft.png,r082626aft.png,20.01974997,0.8055065,0.127368182
original,0,0,r084889d5t.png,r084889d5t.png,17.90840347,0.89235467,0.111053549
original,0,0,r08788547t.png,r08788547t.png,23.50598119,0.929457,0.042402044
original,0,0,r08873591t.png,r08873591t.png,31.07177214,0.94151455,0.048020937
original,0,0,r08996953t.png,r08996953t.png,29.35657577,0.98859817,0.025214309
original,0,0,r0905697bt.png,r0905697bt.png,22.21023916,0.9541869,0.057683047
original,0,0,r09245347t.png,r09245347t.png,27.90768648,0.8976746,0.070290178
original,0,0,r09445479t.png,r09445479t.png,26.90479784,0.9806407,0.022192111
original,0,0,r09670876t.png,r09670876t.png,33.92627794,0.9910445,0.006497026
original,0,0,r096982ddt.png,r096982ddt.png,22.68543738,0.9642404,0.037880573
original,0,0,r097088c1t.png,r097088c1t.png,30.6787138,0.9643958,0.027537666
original,0,0,r097555c4t.png,r097555c4t.png,23.16577813,0.97139144,0.02033289
original,0,0,r104153eat.png,r104153eat.png,17.52205067,0.9370332,0.064450711
original,0,0,r107730b5t.png,r107730b5t.png,30.25923051,0.96714944,0.030972237
original,0,0,r108301e3t.png,r108301e3t.png,31.20911356,0.96246654,0.03471433
original,0,0,r10893508t.png,r10893508t.png,24.61961006,0.9217138,0.070187502
original,0,0,r10940798t.png,r10940798t.png,32.63929895,0.9625671,0.033085588
original,0,0,r113402d4t.png,r113402d4t.png,25.57123117,0.94692045,0.04462032
original,0,0,r1148801et.png,r1148801et.png,28.90542851,0.9275897,0.072348915
original,0,0,r116825e2t.png,r116825e2t.png,27.98680989,0.9892068,0.008522501
original,0,0,r11850456t.png,r11850456t.png,29.61672115,0.9815685,0.018534452
original,0,0,r12133015t.png,r12133015t.png,30.93569024,0.9713354,0.059998225
original,0,0,r125034a9t.png,r125034a9t.png,26.37989562,0.9595709,0.030450523
original,0,0,r125442fat.png,r125442fat.png,23.81340824,0.9715498,0.017348757
original,0,0,r127608abt.png,r127608abt.png,19.22993983,0.8058596,0.085295334
original,0,0,r12946364t.png,r12946364t.png,23.08185362,0.9638445,0.0713358
original,0,0,r1301676dt.png,r1301676dt.png,17.86039952,0.80251354,0.149877638
original,0,0,r13073518t.png,r13073518t.png,28.36703108,0.9646893,0.024622837
original,0,0,r1372056ct.png,r1372056ct.png,23.13903972,0.90866286,0.114342265
original,0,0,r13837601t.png,r13837601t.png,15.27270902,0.8489723,0.124046728
original,0,0,r13907965t.png,r13907965t.png,21.70976763,0.9628761,0.031723436
original,0,0,r13928401t.png,r13928401t.png,18.97910723,0.9608464,0.02789033
original,0,0,r141665bdt.png,r141665bdt.png,26.43636975,0.96492475,0.027403114
original,0,0,r141669e5t.png,r141669e5t.png,23.12745349,0.7391746,0.221070364
original,0,0,r1419078bt.png,r1419078bt.png,29.12972423,0.9184914,0.048157409
original,0,0,r142335f0t.png,r142335f0t.png,19.28811415,0.930412,0.067723185
original,0,0,r142787e2t.png,r142787e2t.png,27.78685874,0.97290325,0.017255291
original,0,0,r14289905t.png,r14289905t.png,27.50233323,0.9160445,0.0280814
original,0,0,r145215fft.png,r145215fft.png,29.47983987,0.9785865,0.028508848
original,0,0,r145221d9t.png,r145221d9t.png,20.79224135,0.92385226,0.059652302
original,0,0,r146771d7t.png,r146771d7t.png,25.57871233,0.904839,0.043928087
original,0,0,r150058a4t.png,r150058a4t.png,17.70524054,0.8562544,0.115897141
original,0,0,r15885978t.png,r15885978t.png,26.44514118,0.92991954,0.070496105
original,0,0,r15919202t.png,r15919202t.png,21.26004538,0.96973985,0.023540162
original,0,0,r1602555bt.png,r1602555bt.png,22.86558461,0.94769067,0.059372142
original,0,0,r163317d6t.png,r163317d6t.png,25.15796015,0.9586391,0.033042606
original,0,0,r163967d4t.png,r163967d4t.png,24.59861781,0.9557391,0.025941556
original,0,0,r16422663t.png,r16422663t.png,24.40256725,0.9780707,0.05126223
original,0,0,r16509308t.png,r16509308t.png,19.19065702,0.92060524,0.067878276
original,0,0,r165355c0t.png,r165355c0t.png,27.71380161,0.98307925,0.014593233
original,0,0,r16654024t.png,r16654024t.png,23.22208144,0.8907993,0.042988632
original,0,0,r1683028at.png,r1683028at.png,16.32263534,0.8193869,0.105508879
original,0,0,r1694427et.png,r1694427et.png,12.70306815,0.8524607,0.140443414
original,0,0,r170632f5t.png,r170632f5t.png,25.48245813,0.925255,0.070313416
original,0,0,r17217693t.png,r17217693t.png,25.19695556,0.8693622,0.056907564
original,0,0,r181768b7t.png,r181768b7t.png,16.84240802,0.86641765,0.071917556
original,0,0,r1824034et.png,r1824034et.png,23.22605917,0.97114986,0.038125169
original,0,0,r185929e9t.png,r185929e9t.png,19.13581215,0.91479415,0.116982237
original,0,0,r18791531t.png,r18791531t.png,23.40248169,0.9070535,0.064127505
original,0,0,r18798194t.png,r18798194t.png,24.70139052,0.96694106,0.030558374
original,0,0,r1889220ft.png,r1889220ft.png,23.77868743,0.9082505,0.061208762
original,0,0,r18990432t.png,r18990432t.png,27.65648797,0.967387,0.016525503
original,0,0,r1904147dt.png,r1904147dt.png,24.27391545,0.97166413,0.030628992
original,0,0,r191488c6t.png,r191488c6t.png,26.78925512,0.9913306,0.012872825
original,0,0,r1915909et.png,r1915909et.png,29.33321674,0.96991235,0.05113785
original,0,0,r19183258t.png,r19183258t.png,17.873308,0.963756,0.050620548
original,0,0,r197770adt.png,r197770adt.png,26.44907729,0.8584954,0.194660798
blur_r0p5_a0p2,0.5,0.2,r00816405t.png,r00816405t.png,22.7658479,0.95349073,0.03826135
blur_r0p5_a0p2,0.5,0.2,r00869422t.png,r00869422t.png,19.32160053,0.8390236,0.067054354
blur_r0p5_a0p2,0.5,0.2,r00879054t.png,r00879054t.png,22.94578205,0.9286647,0.05153387
blur_r0p5_a0p2,0.5,0.2,r01058910t.png,r01058910t.png,12.83001885,0.8666847,0.101290569
blur_r0p5_a0p2,0.5,0.2,r01170470t.png,r01170470t.png,30.17608466,0.976444,0.026884753
blur_r0p5_a0p2,0.5,0.2,r01474187t.png,r01474187t.png,22.65326372,0.95771533,0.031348646
blur_r0p5_a0p2,0.5,0.2,r0150031ft.png,r0150031ft.png,23.76840005,0.9702485,0.026370954
blur_r0p5_a0p2,0.5,0.2,r01559391t.png,r01559391t.png,17.377853,0.76155305,0.141923472
blur_r0p5_a0p2,0.5,0.2,r02189767t.png,r02189767t.png,27.50433842,0.91180825,0.061312277
blur_r0p5_a0p2,0.5,0.2,r02354285t.png,r02354285t.png,28.72585472,0.9045394,0.06651593
blur_r0p5_a0p2,0.5,0.2,r02508493t.png,r02508493t.png,25.62702199,0.9635966,0.036836736
blur_r0p5_a0p2,0.5,0.2,r0287344at.png,r0287344at.png,33.61404759,0.98816746,0.011236562
blur_r0p5_a0p2,0.5,0.2,r02897203t.png,r02897203t.png,30.60466718,0.98192424,0.01542454
blur_r0p5_a0p2,0.5,0.2,r03193652t.png,r03193652t.png,19.43373126,0.8767728,0.075289205
blur_r0p5_a0p2,0.5,0.2,r0341853dt.png,r0341853dt.png,21.31270156,0.9387181,0.11162623
blur_r0p5_a0p2,0.5,0.2,r0372042dt.png,r0372042dt.png,27.16042163,0.9384393,0.057171501
blur_r0p5_a0p2,0.5,0.2,r04317453t.png,r04317453t.png,24.87681706,0.9666781,0.046626974
blur_r0p5_a0p2,0.5,0.2,r0465565ct.png,r0465565ct.png,30.85361771,0.9753968,0.029366294
blur_r0p5_a0p2,0.5,0.2,r05243256t.png,r05243256t.png,21.21782291,0.9122017,0.045817278
blur_r0p5_a0p2,0.5,0.2,r05772356t.png,r05772356t.png,22.23521688,0.97193664,0.043888431
blur_r0p5_a0p2,0.5,0.2,r05839451t.png,r05839451t.png,32.73151315,0.97973156,0.009383967
blur_r0p5_a0p2,0.5,0.2,r0589558at.png,r0589558at.png,27.63552501,0.9620536,0.047236498
blur_r0p5_a0p2,0.5,0.2,r0603031et.png,r0603031et.png,24.66910585,0.9061742,0.067930914
blur_r0p5_a0p2,0.5,0.2,r068812d7t.png,r068812d7t.png,21.83387906,0.9080451,0.054588772
blur_r0p5_a0p2,0.5,0.2,r0703243bt.png,r0703243bt.png,31.13485998,0.9871526,0.014716176
blur_r0p5_a0p2,0.5,0.2,r0708431at.png,r0708431at.png,32.0850716,0.948977,0.016469203
blur_r0p5_a0p2,0.5,0.2,r072421a1t.png,r072421a1t.png,22.18127741,0.92997235,0.095809624
blur_r0p5_a0p2,0.5,0.2,r072649fdt.png,r072649fdt.png,28.10614557,0.96407413,0.026949774
blur_r0p5_a0p2,0.5,0.2,r07598392t.png,r07598392t.png,24.79717929,0.9302514,0.067126736
blur_r0p5_a0p2,0.5,0.2,r0773471dt.png,r0773471dt.png,25.57085235,0.94883204,0.044396657
blur_r0p5_a0p2,0.5,0.2,r077507cat.png,r077507cat.png,19.43558525,0.8872953,0.070266485
blur_r0p5_a0p2,0.5,0.2,r08079988t.png,r08079988t.png,22.96487824,0.93058795,0.054771062
blur_r0p5_a0p2,0.5,0.2,r0809811bt.png,r0809811bt.png,29.15537941,0.90593034,0.125675529
blur_r0p5_a0p2,0.5,0.2,r082626aft.png,r082626aft.png,19.98473991,0.80490714,0.128624007
blur_r0p5_a0p2,0.5,0.2,r084889d5t.png,r084889d5t.png,17.88347374,0.89457226,0.110210538
blur_r0p5_a0p2,0.5,0.2,r08788547t.png,r08788547t.png,23.59577641,0.93071383,0.044965461
blur_r0p5_a0p2,0.5,0.2,r08873591t.png,r08873591t.png,30.99325787,0.9409177,0.049665127
blur_r0p5_a0p2,0.5,0.2,r08996953t.png,r08996953t.png,29.46567746,0.988794,0.025961341
blur_r0p5_a0p2,0.5,0.2,r0905697bt.png,r0905697bt.png,22.18758113,0.9542057,0.05861181
blur_r0p5_a0p2,0.5,0.2,r09245347t.png,r09245347t.png,27.77911135,0.8952372,0.07203719
blur_r0p5_a0p2,0.5,0.2,r09445479t.png,r09445479t.png,26.77117525,0.9793307,0.023691092
blur_r0p5_a0p2,0.5,0.2,r09670876t.png,r09670876t.png,33.68626288,0.99058455,0.006952336
blur_r0p5_a0p2,0.5,0.2,r096982ddt.png,r096982ddt.png,22.74591366,0.9657645,0.037757851
blur_r0p5_a0p2,0.5,0.2,r097088c1t.png,r097088c1t.png,30.82206377,0.9640756,0.029206058
blur_r0p5_a0p2,0.5,0.2,r097555c4t.png,r097555c4t.png,23.25011155,0.9716642,0.021469524
blur_r0p5_a0p2,0.5,0.2,r104153eat.png,r104153eat.png,17.52917455,0.9374998,0.064877674
blur_r0p5_a0p2,0.5,0.2,r107730b5t.png,r107730b5t.png,30.48027106,0.9679199,0.031679347
blur_r0p5_a0p2,0.5,0.2,r108301e3t.png,r108301e3t.png,31.08070237,0.9615812,0.037165523
blur_r0p5_a0p2,0.5,0.2,r10893508t.png,r10893508t.png,24.72584187,0.92031604,0.072653435
blur_r0p5_a0p2,0.5,0.2,r10940798t.png,r10940798t.png,32.59010305,0.96217376,0.034848813
blur_r0p5_a0p2,0.5,0.2,r113402d4t.png,r113402d4t.png,25.46077275,0.9453266,0.0448917
blur_r0p5_a0p2,0.5,0.2,r1148801et.png,r1148801et.png,28.93785352,0.92713815,0.074352629
blur_r0p5_a0p2,0.5,0.2,r116825e2t.png,r116825e2t.png,28.14589824,0.98858565,0.009727923
blur_r0p5_a0p2,0.5,0.2,r11850456t.png,r11850456t.png,29.32853497,0.9788981,0.021112455
blur_r0p5_a0p2,0.5,0.2,r12133015t.png,r12133015t.png,30.82394395,0.97017986,0.062264398
blur_r0p5_a0p2,0.5,0.2,r125034a9t.png,r125034a9t.png,26.45030458,0.95929813,0.033596866
blur_r0p5_a0p2,0.5,0.2,r125442fat.png,r125442fat.png,23.94752378,0.97149056,0.019264709
blur_r0p5_a0p2,0.5,0.2,r127608abt.png,r127608abt.png,19.30660211,0.8086911,0.088243574
blur_r0p5_a0p2,0.5,0.2,r12946364t.png,r12946364t.png,23.12672319,0.96439,0.071622968
blur_r0p5_a0p2,0.5,0.2,r1301676dt.png,r1301676dt.png,17.83886504,0.80133146,0.151238456
blur_r0p5_a0p2,0.5,0.2,r13073518t.png,r13073518t.png,28.44217362,0.9633258,0.025533471
blur_r0p5_a0p2,0.5,0.2,r1372056ct.png,r1372056ct.png,23.06305935,0.90868884,0.115962572
blur_r0p5_a0p2,0.5,0.2,r13837601t.png,r13837601t.png,15.29553597,0.8498859,0.125891149
blur_r0p5_a0p2,0.5,0.2,r13907965t.png,r13907965t.png,21.65589539,0.96149474,0.032472365
blur_r0p5_a0p2,0.5,0.2,r13928401t.png,r13928401t.png,19.07369637,0.961265,0.028987102
blur_r0p5_a0p2,0.5,0.2,r141665bdt.png,r141665bdt.png,26.39099183,0.9627567,0.028601121
blur_r0p5_a0p2,0.5,0.2,r141669e5t.png,r141669e5t.png,23.15036711,0.73821527,0.222224832
blur_r0p5_a0p2,0.5,0.2,r1419078bt.png,r1419078bt.png,29.2583195,0.918119,0.050306823
blur_r0p5_a0p2,0.5,0.2,r142335f0t.png,r142335f0t.png,19.22560134,0.9307106,0.066861778
blur_r0p5_a0p2,0.5,0.2,r142787e2t.png,r142787e2t.png,27.89367939,0.9733358,0.017738586
blur_r0p5_a0p2,0.5,0.2,r14289905t.png,r14289905t.png,27.34287747,0.91417736,0.029250143
blur_r0p5_a0p2,0.5,0.2,r145215fft.png,r145215fft.png,30.14014833,0.98197955,0.033402175
blur_r0p5_a0p2,0.5,0.2,r145221d9t.png,r145221d9t.png,20.88032543,0.92413473,0.064958207
blur_r0p5_a0p2,0.5,0.2,r146771d7t.png,r146771d7t.png,25.5162179,0.9040025,0.044946212
blur_r0p5_a0p2,0.5,0.2,r150058a4t.png,r150058a4t.png,17.67813102,0.863764,0.113228619
blur_r0p5_a0p2,0.5,0.2,r15885978t.png,r15885978t.png,26.55564632,0.9313386,0.071978033
blur_r0p5_a0p2,0.5,0.2,r15919202t.png,r15919202t.png,21.35499406,0.97012,0.025504161
blur_r0p5_a0p2,0.5,0.2,r1602555bt.png,r1602555bt.png,22.77585049,0.94638246,0.060171656
blur_r0p5_a0p2,0.5,0.2,r163317d6t.png,r163317d6t.png,25.04578827,0.95775956,0.034717079
blur_r0p5_a0p2,0.5,0.2,r163967d4t.png,r163967d4t.png,24.60656413,0.95460266,0.027416235
blur_r0p5_a0p2,0.5,0.2,r16422663t.png,r16422663t.png,24.35484032,0.97749716,0.051708467
blur_r0p5_a0p2,0.5,0.2,r16509308t.png,r16509308t.png,19.16008531,0.9205505,0.067912556
blur_r0p5_a0p2,0.5,0.2,r165355c0t.png,r165355c0t.png,27.79862153,0.98213345,0.015645815
blur_r0p5_a0p2,0.5,0.2,r16654024t.png,r16654024t.png,23.25401326,0.89072824,0.043520153
blur_r0p5_a0p2,0.5,0.2,r1683028at.png,r1683028at.png,16.31137409,0.8204568,0.104183376
blur_r0p5_a0p2,0.5,0.2,r1694427et.png,r1694427et.png,12.70735884,0.85348195,0.139699146
blur_r0p5_a0p2,0.5,0.2,r170632f5t.png,r170632f5t.png,25.32339943,0.9223551,0.074635178
blur_r0p5_a0p2,0.5,0.2,r17217693t.png,r17217693t.png,25.01387062,0.8636413,0.061989784
blur_r0p5_a0p2,0.5,0.2,r181768b7t.png,r181768b7t.png,16.95180711,0.874465,0.069232233
blur_r0p5_a0p2,0.5,0.2,r1824034et.png,r1824034et.png,23.15303989,0.971577,0.038649857
blur_r0p5_a0p2,0.5,0.2,r185929e9t.png,r185929e9t.png,19.0472185,0.9132223,0.120659351
blur_r0p5_a0p2,0.5,0.2,r18791531t.png,r18791531t.png,23.51211992,0.908253,0.065651998
blur_r0p5_a0p2,0.5,0.2,r18798194t.png,r18798194t.png,24.57757463,0.96545887,0.032541662
blur_r0p5_a0p2,0.5,0.2,r1889220ft.png,r1889220ft.png,23.75895034,0.90900373,0.061120164
blur_r0p5_a0p2,0.5,0.2,r18990432t.png,r18990432t.png,27.70761155,0.9668474,0.017955281
blur_r0p5_a0p2,0.5,0.2,r1904147dt.png,r1904147dt.png,24.34735591,0.971484,0.032234538
blur_r0p5_a0p2,0.5,0.2,r191488c6t.png,r191488c6t.png,26.7519279,0.9914803,0.012606391
blur_r0p5_a0p2,0.5,0.2,r1915909et.png,r1915909et.png,29.4118584,0.9705482,0.051017281
blur_r0p5_a0p2,0.5,0.2,r19183258t.png,r19183258t.png,17.90643988,0.96122265,0.052139431
blur_r0p5_a0p2,0.5,0.2,r197770adt.png,r197770adt.png,26.42789359,0.85604817,0.198546022
blur_r0p8_a0p2,0.8,0.2,r00816405t.png,r00816405t.png,22.6928492,0.94974333,0.044951927
blur_r0p8_a0p2,0.8,0.2,r00869422t.png,r00869422t.png,19.28135117,0.8347152,0.070178926
blur_r0p8_a0p2,0.8,0.2,r00879054t.png,r00879054t.png,22.9153278,0.928607,0.05408974
blur_r0p8_a0p2,0.8,0.2,r01058910t.png,r01058910t.png,12.84704258,0.86713964,0.103241257
blur_r0p8_a0p2,0.8,0.2,r01170470t.png,r01170470t.png,30.02740173,0.97493815,0.029765546
blur_r0p8_a0p2,0.8,0.2,r01474187t.png,r01474187t.png,22.61334682,0.9540365,0.035812363
blur_r0p8_a0p2,0.8,0.2,r0150031ft.png,r0150031ft.png,23.72771693,0.9691105,0.028177671
blur_r0p8_a0p2,0.8,0.2,r01559391t.png,r01559391t.png,17.40567106,0.76305294,0.149308503
blur_r0p8_a0p2,0.8,0.2,r02189767t.png,r02189767t.png,27.40080542,0.909066,0.066098273
blur_r0p8_a0p2,0.8,0.2,r02354285t.png,r02354285t.png,28.69985963,0.9021099,0.074297495
blur_r0p8_a0p2,0.8,0.2,r02508493t.png,r02508493t.png,25.5653927,0.96369797,0.04124248
blur_r0p8_a0p2,0.8,0.2,r0287344at.png,r0287344at.png,33.32478587,0.9857699,0.015521225
blur_r0p8_a0p2,0.8,0.2,r02897203t.png,r02897203t.png,30.41668858,0.97855705,0.0206472
blur_r0p8_a0p2,0.8,0.2,r03193652t.png,r03193652t.png,19.39584921,0.87565875,0.077517301
blur_r0p8_a0p2,0.8,0.2,r0341853dt.png,r0341853dt.png,21.30406282,0.9396747,0.114457414
blur_r0p8_a0p2,0.8,0.2,r0372042dt.png,r0372042dt.png,27.1471164,0.9377516,0.058677189
blur_r0p8_a0p2,0.8,0.2,r04317453t.png,r04317453t.png,24.8002367,0.9637,0.051287521
blur_r0p8_a0p2,0.8,0.2,r0465565ct.png,r0465565ct.png,30.69891066,0.9734399,0.033075616
blur_r0p8_a0p2,0.8,0.2,r05243256t.png,r05243256t.png,21.31154167,0.9180916,0.045265213
blur_r0p8_a0p2,0.8,0.2,r05772356t.png,r05772356t.png,22.17942523,0.97037107,0.048528038
blur_r0p8_a0p2,0.8,0.2,r05839451t.png,r05839451t.png,32.48111628,0.9775693,0.012524321
blur_r0p8_a0p2,0.8,0.2,r0589558at.png,r0589558at.png,27.66128478,0.9594784,0.052829407
blur_r0p8_a0p2,0.8,0.2,r0603031et.png,r0603031et.png,24.54891335,0.9003012,0.07624799
blur_r0p8_a0p2,0.8,0.2,r068812d7t.png,r068812d7t.png,21.84416013,0.9069285,0.059943952
blur_r0p8_a0p2,0.8,0.2,r0703243bt.png,r0703243bt.png,31.05863732,0.9847455,0.019624969
blur_r0p8_a0p2,0.8,0.2,r0708431at.png,r0708431at.png,32.04779287,0.9481826,0.020812344
blur_r0p8_a0p2,0.8,0.2,r072421a1t.png,r072421a1t.png,22.16367318,0.9309385,0.095786124
blur_r0p8_a0p2,0.8,0.2,r072649fdt.png,r072649fdt.png,28.19226508,0.96357244,0.030437393
blur_r0p8_a0p2,0.8,0.2,r07598392t.png,r07598392t.png,24.7301017,0.9287734,0.06966047
blur_r0p8_a0p2,0.8,0.2,r0773471dt.png,r0773471dt.png,25.45633788,0.9427357,0.05326046
blur_r0p8_a0p2,0.8,0.2,r077507cat.png,r077507cat.png,19.48040499,0.8885763,0.073175952
blur_r0p8_a0p2,0.8,0.2,r08079988t.png,r08079988t.png,23.03312453,0.93240184,0.056116384
blur_r0p8_a0p2,0.8,0.2,r0809811bt.png,r0809811bt.png,29.0724071,0.9038723,0.13251552
blur_r0p8_a0p2,0.8,0.2,r082626aft.png,r082626aft.png,19.9787325,0.8049663,0.13047348
blur_r0p8_a0p2,0.8,0.2,r084889d5t.png,r084889d5t.png,17.89054716,0.8970038,0.109143451
blur_r0p8_a0p2,0.8,0.2,r08788547t.png,r08788547t.png,23.5702211,0.93025285,0.050355524
blur_r0p8_a0p2,0.8,0.2,r08873591t.png,r08873591t.png,30.87887876,0.9401493,0.052867983
blur_r0p8_a0p2,0.8,0.2,r08996953t.png,r08996953t.png,29.47476363,0.988195,0.028127322
blur_r0p8_a0p2,0.8,0.2,r0905697bt.png,r0905697bt.png,22.15543573,0.9541259,0.060261041
blur_r0p8_a0p2,0.8,0.2,r09245347t.png,r09245347t.png,27.67586869,0.89145947,0.076760411
blur_r0p8_a0p2,0.8,0.2,r09445479t.png,r09445479t.png,26.64295719,0.97714853,0.026738694
blur_r0p8_a0p2,0.8,0.2,r09670876t.png,r09670876t.png,33.39493338,0.98894364,0.009243777
blur_r0p8_a0p2,0.8,0.2,r096982ddt.png,r096982ddt.png,22.76897619,0.966638,0.038788788
blur_r0p8_a0p2,0.8,0.2,r097088c1t.png,r097088c1t.png,30.72898144,0.96249026,0.033370081
blur_r0p8_a0p2,0.8,0.2,r097555c4t.png,r097555c4t.png,23.30511419,0.97043484,0.025471477
blur_r0p8_a0p2,0.8,0.2,r104153eat.png,r104153eat.png,17.54033997,0.9379429,0.06675557
blur_r0p8_a0p2,0.8,0.2,r107730b5t.png,r107730b5t.png,30.62034536,0.96789646,0.034614738
blur_r0p8_a0p2,0.8,0.2,r108301e3t.png,r108301e3t.png,30.8131182,0.9590552,0.042858992
blur_r0p8_a0p2,0.8,0.2,r10893508t.png,r10893508t.png,24.73214376,0.9175914,0.077414349
blur_r0p8_a0p2,0.8,0.2,r10940798t.png,r10940798t.png,32.50050412,0.9612875,0.039164562
blur_r0p8_a0p2,0.8,0.2,r113402d4t.png,r113402d4t.png,25.37949736,0.94301146,0.047178704
blur_r0p8_a0p2,0.8,0.2,r1148801et.png,r1148801et.png,28.91455341,0.9262681,0.077378906
blur_r0p8_a0p2,0.8,0.2,r116825e2t.png,r116825e2t.png,28.0982538,0.9864339,0.013573339
blur_r0p8_a0p2,0.8,0.2,r11850456t.png,r11850456t.png,29.07743482,0.9749572,0.026445901
blur_r0p8_a0p2,0.8,0.2,r12133015t.png,r12133015t.png,30.56278514,0.96761566,0.067233577
blur_r0p8_a0p2,0.8,0.2,r125034a9t.png,r125034a9t.png,26.48942071,0.9578436,0.039767642
blur_r0p8_a0p2,0.8,0.2,r125442fat.png,r125442fat.png,23.95850982,0.9698098,0.023588557
blur_r0p8_a0p2,0.8,0.2,r127608abt.png,r127608abt.png,19.32400055,0.810461,0.094194517
blur_r0p8_a0p2,0.8,0.2,r12946364t.png,r12946364t.png,23.15700024,0.96482044,0.069969893
blur_r0p8_a0p2,0.8,0.2,r1301676dt.png,r1301676dt.png,17.81030164,0.79916716,0.15487586
blur_r0p8_a0p2,0.8,0.2,r13073518t.png,r13073518t.png,28.3065712,0.96024257,0.029170211
blur_r0p8_a0p2,0.8,0.2,r1372056ct.png,r1372056ct.png,23.03932522,0.9081418,0.119890571
blur_r0p8_a0p2,0.8,0.2,r13837601t.png,r13837601t.png,15.31446328,0.85006475,0.130696371
blur_r0p8_a0p2,0.8,0.2,r13907965t.png,r13907965t.png,21.61996059,0.95959044,0.034736715
blur_r0p8_a0p2,0.8,0.2,r13928401t.png,r13928401t.png,19.10623363,0.95928746,0.031460583
blur_r0p8_a0p2,0.8,0.2,r141665bdt.png,r141665bdt.png,26.30214176,0.95909363,0.031964358
blur_r0p8_a0p2,0.8,0.2,r141669e5t.png,r141669e5t.png,23.15768684,0.73638964,0.226539746
blur_r0p8_a0p2,0.8,0.2,r1419078bt.png,r1419078bt.png,29.22929192,0.9164069,0.055077787
blur_r0p8_a0p2,0.8,0.2,r142335f0t.png,r142335f0t.png,19.18401417,0.9303806,0.068316102
blur_r0p8_a0p2,0.8,0.2,r142787e2t.png,r142787e2t.png,27.95115452,0.9727135,0.02014132
blur_r0p8_a0p2,0.8,0.2,r14289905t.png,r14289905t.png,27.22136522,0.9113624,0.032651186
blur_r0p8_a0p2,0.8,0.2,r145215fft.png,r145215fft.png,30.51530816,0.9834876,0.045323007
blur_r0p8_a0p2,0.8,0.2,r145221d9t.png,r145221d9t.png,20.87125999,0.922235,0.074386701
blur_r0p8_a0p2,0.8,0.2,r146771d7t.png,r146771d7t.png,25.44142703,0.90242714,0.046668597
blur_r0p8_a0p2,0.8,0.2,r150058a4t.png,r150058a4t.png,17.68749197,0.87050396,0.112075105
blur_r0p8_a0p2,0.8,0.2,r15885978t.png,r15885978t.png,26.63649937,0.9325941,0.075095102
blur_r0p8_a0p2,0.8,0.2,r15919202t.png,r15919202t.png,21.3849448,0.96888345,0.030678283
blur_r0p8_a0p2,0.8,0.2,r1602555bt.png,r1602555bt.png,22.73855222,0.94461876,0.061981488
blur_r0p8_a0p2,0.8,0.2,r163317d6t.png,r163317d6t.png,24.98879821,0.9563325,0.037679873
blur_r0p8_a0p2,0.8,0.2,r163967d4t.png,r163967d4t.png,24.55390642,0.95237947,0.03058349
blur_r0p8_a0p2,0.8,0.2,r16422663t.png,r16422663t.png,24.33400928,0.97663,0.052612748
blur_r0p8_a0p2,0.8,0.2,r16509308t.png,r16509308t.png,19.1346194,0.9197087,0.068944007
blur_r0p8_a0p2,0.8,0.2,r165355c0t.png,r165355c0t.png,27.85317717,0.9797028,0.019257562
blur_r0p8_a0p2,0.8,0.2,r16654024t.png,r16654024t.png,23.2828664,0.89048505,0.044682138
blur_r0p8_a0p2,0.8,0.2,r1683028at.png,r1683028at.png,16.30919597,0.820991,0.104699858
blur_r0p8_a0p2,0.8,0.2,r1694427et.png,r1694427et.png,12.71153454,0.8545964,0.139027223
blur_r0p8_a0p2,0.8,0.2,r170632f5t.png,r170632f5t.png,25.19341194,0.9181139,0.08277297
blur_r0p8_a0p2,0.8,0.2,r17217693t.png,r17217693t.png,24.88846465,0.85692245,0.070432313
blur_r0p8_a0p2,0.8,0.2,r181768b7t.png,r181768b7t.png,17.01627345,0.8819018,0.067942932
blur_r0p8_a0p2,0.8,0.2,r1824034et.png,r1824034et.png,23.13456669,0.971137,0.040118955
blur_r0p8_a0p2,0.8,0.2,r185929e9t.png,r185929e9t.png,19.03606662,0.91152483,0.126041859
blur_r0p8_a0p2,0.8,0.2,r18791531t.png,r18791531t.png,23.50000655,0.907104,0.07129705
blur_r0p8_a0p2,0.8,0.2,r18798194t.png,r18798194t.png,24.50950706,0.96309215,0.036265716
blur_r0p8_a0p2,0.8,0.2,r1889220ft.png,r1889220ft.png,23.71701926,0.90983194,0.06307295
blur_r0p8_a0p2,0.8,0.2,r18990432t.png,r18990432t.png,27.71221195,0.9657981,0.021010909
blur_r0p8_a0p2,0.8,0.2,r1904147dt.png,r1904147dt.png,24.38667006,0.9704271,0.035770688
blur_r0p8_a0p2,0.8,0.2,r191488c6t.png,r191488c6t.png,26.68273216,0.9913251,0.013256748
blur_r0p8_a0p2,0.8,0.2,r1915909et.png,r1915909et.png,29.4409144,0.9700475,0.052939892
blur_r0p8_a0p2,0.8,0.2,r19183258t.png,r19183258t.png,17.90038911,0.9573167,0.056105886
blur_r0p8_a0p2,0.8,0.2,r197770adt.png,r197770adt.png,26.38212025,0.8525911,0.203775734
blur_r1p0_a0p2,1,0.2,r00816405t.png,r00816405t.png,22.60980045,0.94668645,0.049919233
blur_r1p0_a0p2,1,0.2,r00869422t.png,r00869422t.png,19.24124797,0.83129793,0.072789438
blur_r1p0_a0p2,1,0.2,r00879054t.png,r00879054t.png,22.87387015,0.9281204,0.056094047
blur_r1p0_a0p2,1,0.2,r01058910t.png,r01058910t.png,12.86476816,0.86700445,0.104926914
blur_r1p0_a0p2,1,0.2,r01170470t.png,r01170470t.png,29.88414327,0.9736461,0.031999934
blur_r1p0_a0p2,1,0.2,r01474187t.png,r01474187t.png,22.54617821,0.951093,0.039180536
blur_r1p0_a0p2,1,0.2,r0150031ft.png,r0150031ft.png,23.67458558,0.9680311,0.029901616
blur_r1p0_a0p2,1,0.2,r01559391t.png,r01559391t.png,17.4312609,0.7644618,0.153488532
blur_r1p0_a0p2,1,0.2,r02189767t.png,r02189767t.png,27.28850112,0.9066262,0.070041046
blur_r1p0_a0p2,1,0.2,r02354285t.png,r02354285t.png,28.68996245,0.9003897,0.079541415
blur_r1p0_a0p2,1,0.2,r02508493t.png,r02508493t.png,25.49278055,0.96335095,0.043969102
blur_r1p0_a0p2,1,0.2,r0287344at.png,r0287344at.png,33.07584207,0.983712,0.018764609
blur_r1p0_a0p2,1,0.2,r02897203t.png,r02897203t.png,30.25365508,0.97615963,0.02459237
blur_r1p0_a0p2,1,0.2,r03193652t.png,r03193652t.png,19.35367512,0.87479526,0.07957691
blur_r1p0_a0p2,1,0.2,r0341853dt.png,r0341853dt.png,21.28330003,0.9399099,0.116487183
blur_r1p0_a0p2,1,0.2,r0372042dt.png,r0372042dt.png,27.14460962,0.93719095,0.059840363
blur_r1p0_a0p2,1,0.2,r04317453t.png,r04317453t.png,24.72604167,0.961525,0.054783657
blur_r1p0_a0p2,1,0.2,r0465565ct.png,r0465565ct.png,30.52272592,0.97171146,0.035723243
blur_r1p0_a0p2,1,0.2,r05243256t.png,r05243256t.png,21.38852268,0.9214266,0.045626204
blur_r1p0_a0p2,1,0.2,r05772356t.png,r05772356t.png,22.11691173,0.9688572,0.052159261
blur_r1p0_a0p2,1,0.2,r05839451t.png,r05839451t.png,32.27976011,0.9760418,0.015124578
blur_r1p0_a0p2,1,0.2,r0589558at.png,r0589558at.png,27.68827166,0.95744425,0.056803219
blur_r1p0_a0p2,1,0.2,r0603031et.png,r0603031et.png,24.4571205,0.89635086,0.081886366
blur_r1p0_a0p2,1,0.2,r068812d7t.png,r068812d7t.png,21.86494986,0.9060963,0.063659757
blur_r1p0_a0p2,1,0.2,r0703243bt.png,r0703243bt.png,31.03809559,0.9826596,0.023107342
blur_r1p0_a0p2,1,0.2,r0708431at.png,r0708431at.png,31.97622541,0.947125,0.024055416
blur_r1p0_a0p2,1,0.2,r072421a1t.png,r072421a1t.png,22.12719275,0.932193,0.094708525
blur_r1p0_a0p2,1,0.2,r072649fdt.png,r072649fdt.png,28.27207963,0.96302265,0.033063088
blur_r1p0_a0p2,1,0.2,r07598392t.png,r07598392t.png,24.64910396,0.92775697,0.072186075
blur_r1p0_a0p2,1,0.2,r0773471dt.png,r0773471dt.png,25.35727109,0.93863446,0.059633669
blur_r1p0_a0p2,1,0.2,r077507cat.png,r077507cat.png,19.52069286,0.8891775,0.075471029
blur_r1p0_a0p2,1,0.2,r08079988t.png,r08079988t.png,23.09688689,0.93295985,0.057345964
blur_r1p0_a0p2,1,0.2,r0809811bt.png,r0809811bt.png,28.99837552,0.90232784,0.137474358
blur_r1p0_a0p2,1,0.2,r082626aft.png,r082626aft.png,19.96049343,0.80477244,0.131865174
blur_r1p0_a0p2,1,0.2,r084889d5t.png,r084889d5t.png,17.88680831,0.8983496,0.108487308
blur_r1p0_a0p2,1,0.2,r08788547t.png,r08788547t.png,23.56562973,0.9299297,0.054379985
blur_r1p0_a0p2,1,0.2,r08873591t.png,r08873591t.png,30.83802425,0.9403112,0.054097034
blur_r1p0_a0p2,1,0.2,r08996953t.png,r08996953t.png,29.50135814,0.9873631,0.030879594
blur_r1p0_a0p2,1,0.2,r0905697bt.png,r0905697bt.png,22.11912677,0.95394367,0.061507039
blur_r1p0_a0p2,1,0.2,r09245347t.png,r09245347t.png,27.5774209,0.8888827,0.080393113
blur_r1p0_a0p2,1,0.2,r09445479t.png,r09445479t.png,26.49512835,0.9751312,0.029385688
blur_r1p0_a0p2,1,0.2,r09670876t.png,r09670876t.png,33.13724451,0.9875539,0.011056668
blur_r1p0_a0p2,1,0.2,r096982ddt.png,r096982ddt.png,22.79693455,0.96712494,0.039141908
blur_r1p0_a0p2,1,0.2,r097088c1t.png,r097088c1t.png,30.65740313,0.9610617,0.036616705
blur_r1p0_a0p2,1,0.2,r097555c4t.png,r097555c4t.png,23.35579534,0.96947,0.028867565
blur_r1p0_a0p2,1,0.2,r104153eat.png,r104153eat.png,17.56167536,0.9386113,0.068721019
blur_r1p0_a0p2,1,0.2,r107730b5t.png,r107730b5t.png,30.70645772,0.9674573,0.03720165
blur_r1p0_a0p2,1,0.2,r108301e3t.png,r108301e3t.png,30.56676058,0.95685345,0.04725866
blur_r1p0_a0p2,1,0.2,r10893508t.png,r10893508t.png,24.74419015,0.91570276,0.080641687
blur_r1p0_a0p2,1,0.2,r10940798t.png,r10940798t.png,32.41895026,0.9604512,0.042658359
blur_r1p0_a0p2,1,0.2,r113402d4t.png,r113402d4t.png,25.30258504,0.9412553,0.048811831
blur_r1p0_a0p2,1,0.2,r1148801et.png,r1148801et.png,28.9023337,0.92533374,0.080050327
blur_r1p0_a0p2,1,0.2,r116825e2t.png,r116825e2t.png,28.09328204,0.98467183,0.016625527
blur_r1p0_a0p2,1,0.2,r11850456t.png,r11850456t.png,28.87414229,0.972075,0.030596869
blur_r1p0_a0p2,1,0.2,r12133015t.png,r12133015t.png,30.36526285,0.9655648,0.070707723
blur_r1p0_a0p2,1,0.2,r125034a9t.png,r125034a9t.png,26.52367003,0.9567843,0.043697059
blur_r1p0_a0p2,1,0.2,r125442fat.png,r125442fat.png,23.98064905,0.96823645,0.026714113
blur_r1p0_a0p2,1,0.2,r127608abt.png,r127608abt.png,19.34750813,0.8121152,0.098299935
blur_r1p0_a0p2,1,0.2,r12946364t.png,r12946364t.png,23.19640726,0.9654166,0.066834003
blur_r1p0_a0p2,1,0.2,r1301676dt.png,r1301676dt.png,17.77514963,0.79724556,0.157481954
blur_r1p0_a0p2,1,0.2,r13073518t.png,r13073518t.png,28.21460806,0.95789415,0.032385148
blur_r1p0_a0p2,1,0.2,r1372056ct.png,r1372056ct.png,22.99648383,0.9072594,0.122521713
blur_r1p0_a0p2,1,0.2,r13837601t.png,r13837601t.png,15.33222647,0.8494646,0.135419548
blur_r1p0_a0p2,1,0.2,r13907965t.png,r13907965t.png,21.58071855,0.9580166,0.036451709
blur_r1p0_a0p2,1,0.2,r13928401t.png,r13928401t.png,19.14390138,0.9576346,0.03319994
blur_r1p0_a0p2,1,0.2,r141665bdt.png,r141665bdt.png,26.24782683,0.9568579,0.034235653
blur_r1p0_a0p2,1,0.2,r141669e5t.png,r141669e5t.png,23.15824302,0.7347598,0.22970295
blur_r1p0_a0p2,1,0.2,r1419078bt.png,r1419078bt.png,29.20150703,0.91489726,0.058472965
blur_r1p0_a0p2,1,0.2,r142335f0t.png,r142335f0t.png,19.14465998,0.92957395,0.070091978
blur_r1p0_a0p2,1,0.2,r142787e2t.png,r142787e2t.png,28.03220477,0.97195715,0.022520676
blur_r1p0_a0p2,1,0.2,r14289905t.png,r14289905t.png,27.11986725,0.909532,0.035538107
blur_r1p0_a0p2,1,0.2,r145215fft.png,r145215fft.png,30.63683235,0.9835076,0.05407751
blur_r1p0_a0p2,1,0.2,r145221d9t.png,r145221d9t.png,20.88606644,0.9207302,0.080721334
blur_r1p0_a0p2,1,0.2,r146771d7t.png,r146771d7t.png,25.35201564,0.90112233,0.048939645
blur_r1p0_a0p2,1,0.2,r150058a4t.png,r150058a4t.png,17.67757289,0.87370807,0.112235904
blur_r1p0_a0p2,1,0.2,r15885978t.png,r15885978t.png,26.70004887,0.9330898,0.077403016
blur_r1p0_a0p2,1,0.2,r15919202t.png,r15919202t.png,21.41992585,0.9677784,0.034600534
blur_r1p0_a0p2,1,0.2,r1602555bt.png,r1602555bt.png,22.69194934,0.94331604,0.063108586
blur_r1p0_a0p2,1,0.2,r163317d6t.png,r163317d6t.png,24.93409125,0.9550619,0.040607464
blur_r1p0_a0p2,1,0.2,r163967d4t.png,r163967d4t.png,24.52820603,0.95087314,0.032714833
blur_r1p0_a0p2,1,0.2,r16422663t.png,r16422663t.png,24.30674859,0.97597146,0.053263571
blur_r1p0_a0p2,1,0.2,r16509308t.png,r16509308t.png,19.10887306,0.91867226,0.069865249
blur_r1p0_a0p2,1,0.2,r165355c0t.png,r165355c0t.png,27.90537617,0.97795725,0.021822294
blur_r1p0_a0p2,1,0.2,r16654024t.png,r16654024t.png,23.32859,0.8905571,0.045050997
blur_r1p0_a0p2,1,0.2,r1683028at.png,r1683028at.png,16.296927,0.8206818,0.105678268
blur_r1p0_a0p2,1,0.2,r1694427et.png,r1694427et.png,12.71675436,0.8553737,0.138183624
blur_r1p0_a0p2,1,0.2,r170632f5t.png,r170632f5t.png,25.07096706,0.91503906,0.088267192
blur_r1p0_a0p2,1,0.2,r17217693t.png,r17217693t.png,24.77812512,0.8522947,0.075953677
blur_r1p0_a0p2,1,0.2,r181768b7t.png,r181768b7t.png,17.06822068,0.88635176,0.067805074
blur_r1p0_a0p2,1,0.2,r1824034et.png,r1824034et.png,23.09382097,0.97043973,0.041366216
blur_r1p0_a0p2,1,0.2,r185929e9t.png,r185929e9t.png,18.99936238,0.90965074,0.129274756
blur_r1p0_a0p2,1,0.2,r18791531t.png,r18791531t.png,23.50958289,0.90619063,0.075369142
blur_r1p0_a0p2,1,0.2,r18798194t.png,r18798194t.png,24.43627271,0.96123403,0.039206192
blur_r1p0_a0p2,1,0.2,r1889220ft.png,r1889220ft.png,23.66711075,0.90953,0.064913824
blur_r1p0_a0p2,1,0.2,r18990432t.png,r18990432t.png,27.73901451,0.96475697,0.023569208
blur_r1p0_a0p2,1,0.2,r1904147dt.png,r1904147dt.png,24.42706086,0.96945685,0.038964666
blur_r1p0_a0p2,1,0.2,r191488c6t.png,r191488c6t.png,26.61051154,0.9909541,0.014640149
blur_r1p0_a0p2,1,0.2,r1915909et.png,r1915909et.png,29.41908031,0.9691983,0.054993425
blur_r1p0_a0p2,1,0.2,r19183258t.png,r19183258t.png,17.90458276,0.95469636,0.058744773
blur_r1p0_a0p2,1,0.2,r197770adt.png,r197770adt.png,26.32999743,0.85007787,0.207422286
blur_r1p2_a0p2,1.2,0.2,r00816405t.png,r00816405t.png,22.61470435,0.9446955,0.052827753
blur_r1p2_a0p2,1.2,0.2,r00869422t.png,r00869422t.png,19.26019458,0.83066434,0.07428173
blur_r1p2_a0p2,1.2,0.2,r00879054t.png,r00879054t.png,22.90023392,0.928191,0.056848899
blur_r1p2_a0p2,1.2,0.2,r01058910t.png,r01058910t.png,12.8594082,0.86657065,0.105754718
blur_r1p2_a0p2,1.2,0.2,r01170470t.png,r01170470t.png,29.86700274,0.9727025,0.033462007
blur_r1p2_a0p2,1.2,0.2,r01474187t.png,r01474187t.png,22.56854712,0.949429,0.041383266
blur_r1p2_a0p2,1.2,0.2,r0150031ft.png,r0150031ft.png,23.66708716,0.9672449,0.031065866
blur_r1p2_a0p2,1.2,0.2,r01559391t.png,r01559391t.png,17.41435151,0.7640632,0.156654358
blur_r1p2_a0p2,1.2,0.2,r02189767t.png,r02189767t.png,27.27195362,0.90574026,0.071683668
blur_r1p2_a0p2,1.2,0.2,r02354285t.png,r02354285t.png,28.61958372,0.8989485,0.082391277
blur_r1p2_a0p2,1.2,0.2,r02508493t.png,r02508493t.png,25.54252035,0.9632743,0.044683851
blur_r1p2_a0p2,1.2,0.2,r0287344at.png,r0287344at.png,32.69263715,0.982017,0.020706797
blur_r1p2_a0p2,1.2,0.2,r02897203t.png,r02897203t.png,30.28629932,0.97474164,0.026363716
blur_r1p2_a0p2,1.2,0.2,r03193652t.png,r03193652t.png,19.36416024,0.87454414,0.080883838
blur_r1p2_a0p2,1.2,0.2,r0341853dt.png,r0341853dt.png,21.32235949,0.9403987,0.117766455
blur_r1p2_a0p2,1.2,0.2,r0372042dt.png,r0372042dt.png,27.12312324,0.9367301,0.061169449
blur_r1p2_a0p2,1.2,0.2,r04317453t.png,r04317453t.png,24.73235431,0.96056634,0.056528829
blur_r1p2_a0p2,1.2,0.2,r0465565ct.png,r0465565ct.png,30.47073707,0.9704137,0.037381466
blur_r1p2_a0p2,1.2,0.2,r05243256t.png,r05243256t.png,21.3875057,0.9234076,0.045840174
blur_r1p2_a0p2,1.2,0.2,r05772356t.png,r05772356t.png,22.13288429,0.96775126,0.054199122
blur_r1p2_a0p2,1.2,0.2,r05839451t.png,r05839451t.png,32.24306718,0.97478217,0.01672579
blur_r1p2_a0p2,1.2,0.2,r0589558at.png,r0589558at.png,27.59502352,0.9557639,0.059099462
blur_r1p2_a0p2,1.2,0.2,r0603031et.png,r0603031et.png,24.43935214,0.8936942,0.084807009
blur_r1p2_a0p2,1.2,0.2,r068812d7t.png,r068812d7t.png,21.83612583,0.90524083,0.065945186
blur_r1p2_a0p2,1.2,0.2,r0703243bt.png,r0703243bt.png,30.83405677,0.9809902,0.02524339
blur_r1p2_a0p2,1.2,0.2,r0708431at.png,r0708431at.png,31.97654551,0.94684595,0.026117068
blur_r1p2_a0p2,1.2,0.2,r072421a1t.png,r072421a1t.png,22.13531274,0.93239087,0.095643558
blur_r1p2_a0p2,1.2,0.2,r072649fdt.png,r072649fdt.png,28.20946599,0.9621747,0.034551397
blur_r1p2_a0p2,1.2,0.2,r07598392t.png,r07598392t.png,24.63161812,0.92670935,0.073661208
blur_r1p2_a0p2,1.2,0.2,r0773471dt.png,r0773471dt.png,25.37893038,0.9366699,0.062884614
blur_r1p2_a0p2,1.2,0.2,r077507cat.png,r077507cat.png,19.50917021,0.889195,0.077136308
blur_r1p2_a0p2,1.2,0.2,r08079988t.png,r08079988t.png,23.07588323,0.9329548,0.058532588
blur_r1p2_a0p2,1.2,0.2,r0809811bt.png,r0809811bt.png,28.99397457,0.9012084,0.139605224
blur_r1p2_a0p2,1.2,0.2,r082626aft.png,r082626aft.png,19.98896684,0.805638,0.132110983
blur_r1p2_a0p2,1.2,0.2,r084889d5t.png,r084889d5t.png,17.9140206,0.89994913,0.107240707
blur_r1p2_a0p2,1.2,0.2,r08788547t.png,r08788547t.png,23.50347232,0.9285228,0.057298649
blur_r1p2_a0p2,1.2,0.2,r08873591t.png,r08873591t.png,30.72259116,0.9395828,0.056653287
blur_r1p2_a0p2,1.2,0.2,r08996953t.png,r08996953t.png,29.45629825,0.98687714,0.032130193
blur_r1p2_a0p2,1.2,0.2,r0905697bt.png,r0905697bt.png,22.12808405,0.9537783,0.062525511
blur_r1p2_a0p2,1.2,0.2,r09245347t.png,r09245347t.png,27.54936155,0.8872986,0.082556605
blur_r1p2_a0p2,1.2,0.2,r09445479t.png,r09445479t.png,26.47944307,0.97389126,0.030849323
blur_r1p2_a0p2,1.2,0.2,r09670876t.png,r09670876t.png,33.03525438,0.9865046,0.01198085
blur_r1p2_a0p2,1.2,0.2,r096982ddt.png,r096982ddt.png,22.78896574,0.96730965,0.039557796
blur_r1p2_a0p2,1.2,0.2,r097088c1t.png,r097088c1t.png,30.46834116,0.95957905,0.038791142
blur_r1p2_a0p2,1.2,0.2,r097555c4t.png,r097555c4t.png,23.31829613,0.9688843,0.030158481
blur_r1p2_a0p2,1.2,0.2,r104153eat.png,r104153eat.png,17.55777132,0.9386115,0.069308244
blur_r1p2_a0p2,1.2,0.2,r107730b5t.png,r107730b5t.png,30.671293,0.96720886,0.038428962
blur_r1p2_a0p2,1.2,0.2,r108301e3t.png,r108301e3t.png,30.43415988,0.95543367,0.049927834
blur_r1p2_a0p2,1.2,0.2,r10893508t.png,r10893508t.png,24.70036718,0.9142708,0.082714438
blur_r1p2_a0p2,1.2,0.2,r10940798t.png,r10940798t.png,32.38615717,0.9600358,0.044538047
blur_r1p2_a0p2,1.2,0.2,r113402d4t.png,r113402d4t.png,25.29414891,0.93993706,0.049839228
blur_r1p2_a0p2,1.2,0.2,r1148801et.png,r1148801et.png,28.85221131,0.92468435,0.081254326
blur_r1p2_a0p2,1.2,0.2,r116825e2t.png,r116825e2t.png,27.96924063,0.98326534,0.018879192
blur_r1p2_a0p2,1.2,0.2,r11850456t.png,r11850456t.png,28.78941489,0.96990186,0.033265606
blur_r1p2_a0p2,1.2,0.2,r12133015t.png,r12133015t.png,30.22866619,0.9641445,0.072975866
blur_r1p2_a0p2,1.2,0.2,r125034a9t.png,r125034a9t.png,26.43348816,0.9553978,0.045913026
blur_r1p2_a0p2,1.2,0.2,r125442fat.png,r125442fat.png,23.91136353,0.9665985,0.028394958
blur_r1p2_a0p2,1.2,0.2,r127608abt.png,r127608abt.png,19.3243533,0.8115301,0.101531923
blur_r1p2_a0p2,1.2,0.2,r12946364t.png,r12946364t.png,23.19153357,0.9652718,0.067577817
blur_r1p2_a0p2,1.2,0.2,r1301676dt.png,r1301676dt.png,17.78276157,0.7970004,0.158357456
blur_r1p2_a0p2,1.2,0.2,r13073518t.png,r13073518t.png,28.04590884,0.9557547,0.034633514
blur_r1p2_a0p2,1.2,0.2,r1372056ct.png,r1372056ct.png,23.02832865,0.90707177,0.123836845
blur_r1p2_a0p2,1.2,0.2,r13837601t.png,r13837601t.png,15.32319475,0.84934694,0.137234777
blur_r1p2_a0p2,1.2,0.2,r13907965t.png,r13907965t.png,21.57376131,0.95690227,0.037328459
blur_r1p2_a0p2,1.2,0.2,r13928401t.png,r13928401t.png,19.12053087,0.9560726,0.034568138
blur_r1p2_a0p2,1.2,0.2,r141665bdt.png,r141665bdt.png,26.15635568,0.9551664,0.035474643
blur_r1p2_a0p2,1.2,0.2,r141669e5t.png,r141669e5t.png,23.1459769,0.7338114,0.230660379
blur_r1p2_a0p2,1.2,0.2,r1419078bt.png,r1419078bt.png,29.0833955,0.9134975,0.060529009
blur_r1p2_a0p2,1.2,0.2,r142335f0t.png,r142335f0t.png,19.16804426,0.92949086,0.070885226
blur_r1p2_a0p2,1.2,0.2,r142787e2t.png,r142787e2t.png,27.97518537,0.9713333,0.02368708
blur_r1p2_a0p2,1.2,0.2,r14289905t.png,r14289905t.png,27.09776658,0.90764886,0.037746456
blur_r1p2_a0p2,1.2,0.2,r145215fft.png,r145215fft.png,30.67637717,0.9833693,0.059067905
blur_r1p2_a0p2,1.2,0.2,r145221d9t.png,r145221d9t.png,20.83820092,0.91918546,0.084858283
blur_r1p2_a0p2,1.2,0.2,r146771d7t.png,r146771d7t.png,25.33338222,0.90031105,0.050205275
blur_r1p2_a0p2,1.2,0.2,r150058a4t.png,r150058a4t.png,17.70723333,0.87616915,0.112735517
blur_r1p2_a0p2,1.2,0.2,r15885978t.png,r15885978t.png,26.66906964,0.9331565,0.078338161
blur_r1p2_a0p2,1.2,0.2,r15919202t.png,r15919202t.png,21.37779654,0.9665783,0.037256293
blur_r1p2_a0p2,1.2,0.2,r1602555bt.png,r1602555bt.png,22.69900938,0.9422694,0.064020053
blur_r1p2_a0p2,1.2,0.2,r163317d6t.png,r163317d6t.png,24.95700583,0.95426637,0.042284016
blur_r1p2_a0p2,1.2,0.2,r163967d4t.png,r163967d4t.png,24.46813732,0.94941026,0.034087073
blur_r1p2_a0p2,1.2,0.2,r16422663t.png,r16422663t.png,24.31650351,0.97545844,0.053731568
blur_r1p2_a0p2,1.2,0.2,r16509308t.png,r16509308t.png,19.11649607,0.9182568,0.07037963
blur_r1p2_a0p2,1.2,0.2,r165355c0t.png,r165355c0t.png,27.83273725,0.97668934,0.023253774
blur_r1p2_a0p2,1.2,0.2,r16654024t.png,r16654024t.png,23.31580062,0.8901208,0.045661733
blur_r1p2_a0p2,1.2,0.2,r1683028at.png,r1683028at.png,16.31527315,0.82146597,0.105472937
blur_r1p2_a0p2,1.2,0.2,r1694427et.png,r1694427et.png,12.71731262,0.8555546,0.137939081
blur_r1p2_a0p2,1.2,0.2,r170632f5t.png,r170632f5t.png,25.03632512,0.9129202,0.090899609
blur_r1p2_a0p2,1.2,0.2,r17217693t.png,r17217693t.png,24.76947269,0.8503409,0.078864731
blur_r1p2_a0p2,1.2,0.2,r181768b7t.png,r181768b7t.png,17.07404083,0.88924533,0.067587718
blur_r1p2_a0p2,1.2,0.2,r1824034et.png,r1824034et.png,23.1063502,0.96990824,0.042480513
blur_r1p2_a0p2,1.2,0.2,r185929e9t.png,r185929e9t.png,19.01419607,0.90844077,0.130710095
blur_r1p2_a0p2,1.2,0.2,r18791531t.png,r18791531t.png,23.44517614,0.9050223,0.07829798
blur_r1p2_a0p2,1.2,0.2,r18798194t.png,r18798194t.png,24.43852297,0.95991105,0.041258942
blur_r1p2_a0p2,1.2,0.2,r1889220ft.png,r1889220ft.png,23.69188904,0.910361,0.065411493
blur_r1p2_a0p2,1.2,0.2,r18990432t.png,r18990432t.png,27.67601136,0.9636562,0.025380971
blur_r1p2_a0p2,1.2,0.2,r1904147dt.png,r1904147dt.png,24.3906317,0.9687304,0.040385071
blur_r1p2_a0p2,1.2,0.2,r191488c6t.png,r191488c6t.png,26.63381733,0.99087805,0.014861181
blur_r1p2_a0p2,1.2,0.2,r1915909et.png,r1915909et.png,29.4193709,0.9684866,0.056273889
blur_r1p2_a0p2,1.2,0.2,r19183258t.png,r19183258t.png,17.88397084,0.95265025,0.060283691
blur_r1p2_a0p2,1.2,0.2,r197770adt.png,r197770adt.png,26.28832457,0.84810287,0.210191548
blur_r0p8_a0p35,0.8,0.35,r00816405t.png,r00816405t.png,22.53815333,0.93942624,0.064296812
blur_r0p8_a0p35,0.8,0.35,r00869422t.png,r00869422t.png,19.24525997,0.8270345,0.080150224
blur_r0p8_a0p35,0.8,0.35,r00879054t.png,r00879054t.png,22.88971834,0.9268469,0.061756484
blur_r0p8_a0p35,0.8,0.35,r01058910t.png,r01058910t.png,12.85312859,0.8661929,0.111098059
blur_r0p8_a0p35,0.8,0.35,r01170470t.png,r01170470t.png,29.72229413,0.96995425,0.038653262
blur_r0p8_a0p35,0.8,0.35,r01474187t.png,r01474187t.png,22.47027721,0.9434393,0.050146542
blur_r0p8_a0p35,0.8,0.35,r0150031ft.png,r0150031ft.png,23.60226469,0.9643708,0.036137249
blur_r0p8_a0p35,0.8,0.35,r01559391t.png,r01559391t.png,17.40944291,0.7612068,0.165344536
blur_r0p8_a0p35,0.8,0.35,r02189767t.png,r02189767t.png,27.16123282,0.9038406,0.07752005
blur_r0p8_a0p35,0.8,0.35,r02354285t.png,r02354285t.png,28.52840908,0.8955224,0.09314245
blur_r0p8_a0p35,0.8,0.35,r02508493t.png,r02508493t.png,25.48025342,0.9604073,0.05497729
blur_r0p8_a0p35,0.8,0.35,r0287344at.png,r0287344at.png,32.36974447,0.979191,0.028426269
blur_r0p8_a0p35,0.8,0.35,r02897203t.png,r02897203t.png,30.16970545,0.9707864,0.035385795
blur_r0p8_a0p35,0.8,0.35,r03193652t.png,r03193652t.png,19.38177755,0.8739442,0.082880437
blur_r0p8_a0p35,0.8,0.35,r0341853dt.png,r0341853dt.png,21.30954876,0.93855506,0.123924486
blur_r0p8_a0p35,0.8,0.35,r0372042dt.png,r0372042dt.png,27.11387052,0.93657273,0.06285724
blur_r0p8_a0p35,0.8,0.35,r04317453t.png,r04317453t.png,24.75105362,0.9588235,0.060983188
blur_r0p8_a0p35,0.8,0.35,r0465565ct.png,r0465565ct.png,30.17295405,0.9663079,0.044941939
blur_r0p8_a0p35,0.8,0.35,r05243256t.png,r05243256t.png,21.39405312,0.9230838,0.049898952
blur_r0p8_a0p35,0.8,0.35,r05772356t.png,r05772356t.png,22.07984545,0.9637933,0.064103089
blur_r0p8_a0p35,0.8,0.35,r05839451t.png,r05839451t.png,32.05061958,0.9716987,0.021299319
blur_r0p8_a0p35,0.8,0.35,r0589558at.png,r0589558at.png,27.53728761,0.95300907,0.06596569
blur_r0p8_a0p35,0.8,0.35,r0603031et.png,r0603031et.png,24.39355667,0.8896882,0.093956858
blur_r0p8_a0p35,0.8,0.35,r068812d7t.png,r068812d7t.png,21.82180251,0.9037606,0.071451046
blur_r0p8_a0p35,0.8,0.35,r0703243bt.png,r0703243bt.png,30.61189792,0.9752943,0.034492962
blur_r0p8_a0p35,0.8,0.35,r0708431at.png,r0708431at.png,31.76430524,0.9439058,0.032397326
blur_r0p8_a0p35,0.8,0.35,r072421a1t.png,r072421a1t.png,22.16475897,0.93147916,0.098062232
blur_r0p8_a0p35,0.8,0.35,r072649fdt.png,r072649fdt.png,28.11350525,0.96009904,0.041115973
blur_r0p8_a0p35,0.8,0.35,r07598392t.png,r07598392t.png,24.62496038,0.92490053,0.076585561
blur_r0p8_a0p35,0.8,0.35,r0773471dt.png,r0773471dt.png,25.30784785,0.92926216,0.075354345
blur_r0p8_a0p35,0.8,0.35,r077507cat.png,r077507cat.png,19.51115258,0.8878246,0.0816091
blur_r0p8_a0p35,0.8,0.35,r08079988t.png,r08079988t.png,23.06358334,0.9319002,0.064311549
blur_r0p8_a0p35,0.8,0.35,r0809811bt.png,r0809811bt.png,28.94722793,0.8985321,0.146486267
blur_r0p8_a0p35,0.8,0.35,r082626aft.png,r082626aft.png,19.97453693,0.8037301,0.138083741
blur_r0p8_a0p35,0.8,0.35,r084889d5t.png,r084889d5t.png,17.90541435,0.8996586,0.111381605
blur_r0p8_a0p35,0.8,0.35,r08788547t.png,r08788547t.png,23.46724641,0.9252989,0.064431518
blur_r0p8_a0p35,0.8,0.35,r08873591t.png,r08873591t.png,30.62789634,0.9381247,0.05993814
blur_r0p8_a0p35,0.8,0.35,r08996953t.png,r08996953t.png,29.38338715,0.98532176,0.034612071
blur_r0p8_a0p35,0.8,0.35,r0905697bt.png,r0905697bt.png,22.14603272,0.9535491,0.06478215
blur_r0p8_a0p35,0.8,0.35,r09245347t.png,r09245347t.png,27.46066033,0.88386947,0.088711388
blur_r0p8_a0p35,0.8,0.35,r09445479t.png,r09445479t.png,26.47562235,0.97224784,0.036171313
blur_r0p8_a0p35,0.8,0.35,r09670876t.png,r09670876t.png,32.78859422,0.98361236,0.016757455
blur_r0p8_a0p35,0.8,0.35,r096982ddt.png,r096982ddt.png,22.77861349,0.96613055,0.04359046
blur_r0p8_a0p35,0.8,0.35,r097088c1t.png,r097088c1t.png,30.29993995,0.9570868,0.044645946
blur_r0p8_a0p35,0.8,0.35,r097555c4t.png,r097555c4t.png,23.30027089,0.96690893,0.034312949
blur_r0p8_a0p35,0.8,0.35,r104153eat.png,r104153eat.png,17.54114023,0.9380307,0.069696099
blur_r0p8_a0p35,0.8,0.35,r107730b5t.png,r107730b5t.png,30.48377892,0.96522707,0.043123469
blur_r0p8_a0p35,0.8,0.35,r108301e3t.png,r108301e3t.png,30.17574209,0.9519256,0.05750009
blur_r0p8_a0p35,0.8,0.35,r10893508t.png,r10893508t.png,24.64157111,0.90928847,0.090328455
blur_r0p8_a0p35,0.8,0.35,r10940798t.png,r10940798t.png,32.31497282,0.958421,0.049769275
blur_r0p8_a0p35,0.8,0.35,r113402d4t.png,r113402d4t.png,25.26143621,0.9377306,0.054315291
blur_r0p8_a0p35,0.8,0.35,r1148801et.png,r1148801et.png,28.78648177,0.92385364,0.084760092
blur_r0p8_a0p35,0.8,0.35,r116825e2t.png,r116825e2t.png,27.8776605,0.98032624,0.023489844
blur_r0p8_a0p35,0.8,0.35,r11850456t.png,r11850456t.png,28.63334088,0.9661171,0.039850075
blur_r0p8_a0p35,0.8,0.35,r12133015t.png,r12133015t.png,29.90140694,0.96019906,0.078897081
blur_r0p8_a0p35,0.8,0.35,r125034a9t.png,r125034a9t.png,26.38925969,0.95377254,0.053009983
blur_r0p8_a0p35,0.8,0.35,r125442fat.png,r125442fat.png,23.87613747,0.96442884,0.035314012
blur_r0p8_a0p35,0.8,0.35,r127608abt.png,r127608abt.png,19.32060875,0.80889034,0.109533563
blur_r0p8_a0p35,0.8,0.35,r12946364t.png,r12946364t.png,23.1658327,0.963938,0.072643228
blur_r0p8_a0p35,0.8,0.35,r1301676dt.png,r1301676dt.png,17.79729358,0.79661226,0.162540093
blur_r0p8_a0p35,0.8,0.35,r13073518t.png,r13073518t.png,27.92570143,0.9516514,0.040460479
blur_r0p8_a0p35,0.8,0.35,r1372056ct.png,r1372056ct.png,22.99688406,0.90442634,0.130193263
blur_r0p8_a0p35,0.8,0.35,r13837601t.png,r13837601t.png,15.31844544,0.8497626,0.139228955
blur_r0p8_a0p35,0.8,0.35,r13907965t.png,r13907965t.png,21.55249976,0.9551026,0.041631822
blur_r0p8_a0p35,0.8,0.35,r13928401t.png,r13928401t.png,19.10813895,0.95147735,0.038809098
blur_r0p8_a0p35,0.8,0.35,r141665bdt.png,r141665bdt.png,26.09487008,0.95210266,0.039826877
blur_r0p8_a0p35,0.8,0.35,r141669e5t.png,r141669e5t.png,23.12095821,0.73300534,0.234434694
blur_r0p8_a0p35,0.8,0.35,r1419078bt.png,r1419078bt.png,29.02439785,0.9105163,0.06885013
blur_r0p8_a0p35,0.8,0.35,r142335f0t.png,r142335f0t.png,19.16328622,0.92733884,0.076509945
blur_r0p8_a0p35,0.8,0.35,r142787e2t.png,r142787e2t.png,27.8930898,0.9705033,0.02688154
blur_r0p8_a0p35,0.8,0.35,r14289905t.png,r14289905t.png,27.03945645,0.9043438,0.041485205
blur_r0p8_a0p35,0.8,0.35,r145215fft.png,r145215fft.png,30.21278825,0.97949237,0.078419477
blur_r0p8_a0p35,0.8,0.35,r145221d9t.png,r145221d9t.png,20.80120782,0.9153673,0.095578834
blur_r0p8_a0p35,0.8,0.35,r146771d7t.png,r146771d7t.png,25.34264729,0.8995169,0.052033924
blur_r0p8_a0p35,0.8,0.35,r150058a4t.png,r150058a4t.png,17.70257532,0.87861943,0.113874286
blur_r0p8_a0p35,0.8,0.35,r15885978t.png,r15885978t.png,26.65429647,0.9325013,0.084063463
blur_r0p8_a0p35,0.8,0.35,r15919202t.png,r15919202t.png,21.36014592,0.96343774,0.046368472
blur_r0p8_a0p35,0.8,0.35,r1602555bt.png,r1602555bt.png,22.67840265,0.93987274,0.067727156
blur_r0p8_a0p35,0.8,0.35,r163317d6t.png,r163317d6t.png,24.90879752,0.9515683,0.046705998
blur_r0p8_a0p35,0.8,0.35,r163967d4t.png,r163967d4t.png,24.42435965,0.94704133,0.038167659
blur_r0p8_a0p35,0.8,0.35,r16422663t.png,r16422663t.png,24.2957329,0.97463673,0.055914506
blur_r0p8_a0p35,0.8,0.35,r16509308t.png,r16509308t.png,19.11932851,0.91819334,0.072786525
blur_r0p8_a0p35,0.8,0.35,r165355c0t.png,r165355c0t.png,27.77630233,0.9743033,0.028445905
blur_r0p8_a0p35,0.8,0.35,r16654024t.png,r16654024t.png,23.26826757,0.888931,0.048287656
blur_r0p8_a0p35,0.8,0.35,r1683028at.png,r1683028at.png,16.31923564,0.82130367,0.108044147
blur_r0p8_a0p35,0.8,0.35,r1694427et.png,r1694427et.png,12.71465512,0.8554301,0.139452845
blur_r0p8_a0p35,0.8,0.35,r170632f5t.png,r170632f5t.png,24.89962393,0.9075256,0.10308744
blur_r0p8_a0p35,0.8,0.35,r17217693t.png,r17217693t.png,24.68725417,0.843987,0.091550909
blur_r0p8_a0p35,0.8,0.35,r181768b7t.png,r181768b7t.png,17.08304928,0.8893562,0.070417285
blur_r0p8_a0p35,0.8,0.35,r1824034et.png,r1824034et.png,23.05393074,0.967432,0.045327663
blur_r0p8_a0p35,0.8,0.35,r185929e9t.png,r185929e9t.png,18.97497592,0.90599823,0.141866669
blur_r0p8_a0p35,0.8,0.35,r18791531t.png,r18791531t.png,23.40722566,0.90250903,0.08553765
blur_r0p8_a0p35,0.8,0.35,r18798194t.png,r18798194t.png,24.35844435,0.95606947,0.047436595
blur_r0p8_a0p35,0.8,0.35,r1889220ft.png,r1889220ft.png,23.71159032,0.90994954,0.068919525
blur_r0p8_a0p35,0.8,0.35,r18990432t.png,r18990432t.png,27.58470131,0.96281964,0.028181028
blur_r0p8_a0p35,0.8,0.35,r1904147dt.png,r1904147dt.png,24.3695992,0.9670531,0.042985201
blur_r0p8_a0p35,0.8,0.35,r191488c6t.png,r191488c6t.png,26.66902858,0.9905006,0.016726254
blur_r0p8_a0p35,0.8,0.35,r1915909et.png,r1915909et.png,29.26195763,0.9656954,0.061779164
blur_r0p8_a0p35,0.8,0.35,r19183258t.png,r19183258t.png,17.88387462,0.94931793,0.065399669
blur_r0p8_a0p35,0.8,0.35,r197770adt.png,r197770adt.png,26.18207912,0.8437583,0.215056956
blur_r1p0_a0p35,1,0.35,r00816405t.png,r00816405t.png,22.35717291,0.9302893,0.079559833
blur_r1p0_a0p35,1,0.35,r00869422t.png,r00869422t.png,19.16986904,0.819057,0.088887006
blur_r1p0_a0p35,1,0.35,r00879054t.png,r00879054t.png,22.81210492,0.9245079,0.069120243
blur_r1p0_a0p35,1,0.35,r01058910t.png,r01058910t.png,12.87790895,0.86493033,0.117137775
blur_r1p0_a0p35,1,0.35,r01170470t.png,r01170470t.png,29.3830073,0.965533,0.046313442
blur_r1p0_a0p35,1,0.35,r01474187t.png,r01474187t.png,22.3056068,0.93431234,0.062132202
blur_r1p0_a0p35,1,0.35,r0150031ft.png,r0150031ft.png,23.46187362,0.9601142,0.043324709
blur_r1p0_a0p35,1,0.35,r01559391t.png,r01559391t.png,17.44534171,0.76134175,0.17562896
blur_r1p0_a0p35,1,0.35,r02189767t.png,r02189767t.png,26.8799795,0.89794046,0.088038504
blur_r1p0_a0p35,1,0.35,r02354285t.png,r02354285t.png,28.43538335,0.8904364,0.107453778
blur_r1p0_a0p35,1,0.35,r02508493t.png,r02508493t.png,25.31673901,0.95704204,0.065078251
blur_r1p0_a0p35,1,0.35,r0287344at.png,r0287344at.png,31.63280226,0.9729345,0.039528318
blur_r1p0_a0p35,1,0.35,r02897203t.png,r02897203t.png,29.83558559,0.96420366,0.046990328
blur_r1p0_a0p35,1,0.35,r03193652t.png,r03193652t.png,19.31706131,0.8716449,0.088828824
blur_r1p0_a0p35,1,0.35,r0341853dt.png,r0341853dt.png,21.25726516,0.93665236,0.131384671
blur_r1p0_a0p35,1,0.35,r0372042dt.png,r0372042dt.png,27.09474037,0.93523073,0.066823192
blur_r1p0_a0p35,1,0.35,r04317453t.png,r04317453t.png,24.63159044,0.9540517,0.069761649
blur_r1p0_a0p35,1,0.35,r0465565ct.png,r0465565ct.png,29.69289297,0.96001536,0.054732688
blur_r1p0_a0p35,1,0.35,r05243256t.png,r05243256t.png,21.50116832,0.92603,0.054852121
blur_r1p0_a0p35,1,0.35,r05772356t.png,r05772356t.png,21.94658298,0.9580285,0.076320976
blur_r1p0_a0p35,1,0.35,r05839451t.png,r05839451t.png,31.65635195,0.96732664,0.028896552
blur_r1p0_a0p35,1,0.35,r0589558at.png,r0589558at.png,27.5220764,0.94746804,0.076431438
blur_r1p0_a0p35,1,0.35,r0603031et.png,r0603031et.png,24.22069564,0.8811562,0.108344711
blur_r1p0_a0p35,1,0.35,r068812d7t.png,r068812d7t.png,21.84090004,0.9010293,0.080951288
blur_r1p0_a0p35,1,0.35,r0703243bt.png,r0703243bt.png,30.35173064,0.96742946,0.045798164
blur_r1p0_a0p35,1,0.35,r0708431at.png,r0708431at.png,31.43203875,0.93907374,0.042183198
blur_r1p0_a0p35,1,0.35,r072421a1t.png,r072421a1t.png,22.11814691,0.93280095,0.098222092
blur_r1p0_a0p35,1,0.35,r072649fdt.png,r072649fdt.png,28.14290011,0.95693356,0.050129451
blur_r1p0_a0p35,1,0.35,r07598392t.png,r07598392t.png,24.4809791,0.9217058,0.083486527
blur_r1p0_a0p35,1,0.35,r0773471dt.png,r0773471dt.png,25.11280994,0.91887975,0.093341783
blur_r1p0_a0p35,1,0.35,r077507cat.png,r077507cat.png,19.55942692,0.88663673,0.08895085
blur_r1p0_a0p35,1,0.35,r08079988t.png,r08079988t.png,23.13454984,0.9301231,0.071414232
blur_r1p0_a0p35,1,0.35,r0809811bt.png,r0809811bt.png,28.78802057,0.8942097,0.157444298
blur_r1p0_a0p35,1,0.35,r082626aft.png,r082626aft.png,19.92919235,0.8018101,0.143686429
blur_r1p0_a0p35,1,0.35,r084889d5t.png,r084889d5t.png,17.89279297,0.9009309,0.112533823
blur_r1p0_a0p35,1,0.35,r08788547t.png,r08788547t.png,23.41070285,0.92149466,0.076959483
blur_r1p0_a0p35,1,0.35,r08873591t.png,r08873591t.png,30.46858866,0.93709487,0.065040752
blur_r1p0_a0p35,1,0.35,r08996953t.png,r08996953t.png,29.35006358,0.9824167,0.041444749
blur_r1p0_a0p35,1,0.35,r0905697bt.png,r0905697bt.png,22.09350255,0.95269156,0.068571128
blur_r1p0_a0p35,1,0.35,r09245347t.png,r09245347t.png,27.23400971,0.87747115,0.098832101
blur_r1p0_a0p35,1,0.35,r09445479t.png,r09445479t.png,26.21318757,0.9671414,0.044481114
blur_r1p0_a0p35,1,0.35,r09670876t.png,r09670876t.png,32.2032151,0.9788762,0.022875294
blur_r1p0_a0p35,1,0.35,r096982ddt.png,r096982ddt.png,22.80904937,0.9654301,0.047334109
blur_r1p0_a0p35,1,0.35,r097088c1t.png,r097088c1t.png,29.99026942,0.95195866,0.054268382
blur_r1p0_a0p35,1,0.35,r097555c4t.png,r097555c4t.png,23.36204177,0.96338224,0.043657228
blur_r1p0_a0p35,1,0.35,r104153eat.png,r104153eat.png,17.56614156,0.9385337,0.074162699
blur_r1p0_a0p35,1,0.35,r107730b5t.png,r107730b5t.png,30.40021896,0.96196,0.050989345
blur_r1p0_a0p35,1,0.35,r108301e3t.png,r108301e3t.png,29.57605288,0.945132,0.069556266
blur_r1p0_a0p35,1,0.35,r10893508t.png,r10893508t.png,24.5982681,0.90321046,0.100631595
blur_r1p0_a0p35,1,0.35,r10940798t.png,r10940798t.png,32.12677652,0.9556799,0.059910294
blur_r1p0_a0p35,1,0.35,r113402d4t.png,r113402d4t.png,25.10896736,0.93317646,0.061153635
blur_r1p0_a0p35,1,0.35,r1148801et.png,r1148801et.png,28.68886579,0.92135954,0.091630764
blur_r1p0_a0p35,1,0.35,r116825e2t.png,r116825e2t.png,27.76998019,0.97484726,0.032640815
blur_r1p0_a0p35,1,0.35,r11850456t.png,r11850456t.png,28.23797114,0.9587941,0.051242314
blur_r1p0_a0p35,1,0.35,r12133015t.png,r12133015t.png,29.40164621,0.9539397,0.088640019
blur_r1p0_a0p35,1,0.35,r125034a9t.png,r125034a9t.png,26.3905848,0.9500691,0.06443999
blur_r1p0_a0p35,1,0.35,r125442fat.png,r125442fat.png,23.84981169,0.959013,0.044982541
blur_r1p0_a0p35,1,0.35,r127608abt.png,r127608abt.png,19.34916666,0.80910087,0.122077733
blur_r1p0_a0p35,1,0.35,r12946364t.png,r12946364t.png,23.20491879,0.96363384,0.070798285
blur_r1p0_a0p35,1,0.35,r1301676dt.png,r1301676dt.png,17.74301237,0.79278547,0.16967085
blur_r1p0_a0p35,1,0.35,r13073518t.png,r13073518t.png,27.64791103,0.9444893,0.05062414
blur_r1p0_a0p35,1,0.35,r1372056ct.png,r1372056ct.png,22.89955587,0.90048724,0.138102263
blur_r1p0_a0p35,1,0.35,r13837601t.png,r13837601t.png,15.34435331,0.8485957,0.148918882
blur_r1p0_a0p35,1,0.35,r13907965t.png,r13907965t.png,21.46472608,0.95093966,0.047585983
blur_r1p0_a0p35,1,0.35,r13928401t.png,r13928401t.png,19.13922665,0.9450795,0.044742979
blur_r1p0_a0p35,1,0.35,r141665bdt.png,r141665bdt.png,25.95515678,0.9465149,0.046953127
blur_r1p0_a0p35,1,0.35,r141669e5t.png,r141669e5t.png,23.08492322,0.72938824,0.242539465
blur_r1p0_a0p35,1,0.35,r1419078bt.png,r1419078bt.png,28.86768722,0.90530473,0.079850391
blur_r1p0_a0p35,1,0.35,r142335f0t.png,r142335f0t.png,19.08959616,0.92344123,0.084458143
blur_r1p0_a0p35,1,0.35,r142787e2t.png,r142787e2t.png,27.94166149,0.9678881,0.034187518
blur_r1p0_a0p35,1,0.35,r14289905t.png,r14289905t.png,26.83376419,0.8989544,0.049903974
blur_r1p0_a0p35,1,0.35,r145215fft.png,r145215fft.png,29.76757962,0.9740172,0.103501767
blur_r1p0_a0p35,1,0.35,r145221d9t.png,r145221d9t.png,20.78516839,0.9095033,0.111930549
blur_r1p0_a0p35,1,0.35,r146771d7t.png,r146771d7t.png,25.19537124,0.8964712,0.057753552
blur_r1p0_a0p35,1,0.35,r150058a4t.png,r150058a4t.png,17.67676745,0.8818889,0.117839999
blur_r1p0_a0p35,1,0.35,r15885978t.png,r15885978t.png,26.73928578,0.9320372,0.091766194
blur_r1p0_a0p35,1,0.35,r15919202t.png,r15919202t.png,21.3965323,0.95878917,0.059517369
blur_r1p0_a0p35,1,0.35,r1602555bt.png,r1602555bt.png,22.58787847,0.9359676,0.072695084
blur_r1p0_a0p35,1,0.35,r163317d6t.png,r163317d6t.png,24.78894964,0.94741726,0.055485245
blur_r1p0_a0p35,1,0.35,r163967d4t.png,r163967d4t.png,24.34885924,0.9427151,0.044424705
blur_r1p0_a0p35,1,0.35,r16422663t.png,r16422663t.png,24.22970517,0.9727733,0.058824454
blur_r1p0_a0p35,1,0.35,r16509308t.png,r16509308t.png,19.07602131,0.9157155,0.076371528
blur_r1p0_a0p35,1,0.35,r165355c0t.png,r165355c0t.png,27.8168814,0.96944445,0.036520038
blur_r1p0_a0p35,1,0.35,r16654024t.png,r16654024t.png,23.30222533,0.88774204,0.050988354
blur_r1p0_a0p35,1,0.35,r1683028at.png,r1683028at.png,16.2980263,0.8198659,0.112810403
blur_r1p0_a0p35,1,0.35,r1694427et.png,r1694427et.png,12.7215179,0.8563563,0.139518425
blur_r1p0_a0p35,1,0.35,r170632f5t.png,r170632f5t.png,24.61143521,0.8987691,0.117830537
blur_r1p0_a0p35,1,0.35,r17217693t.png,r17217693t.png,24.45850546,0.83316493,0.107239529
blur_r1p0_a0p35,1,0.35,r181768b7t.png,r181768b7t.png,17.16156846,0.8946481,0.073766626
blur_r1p0_a0p35,1,0.35,r1824034et.png,r1824034et.png,22.94556295,0.96380377,0.050601892
blur_r1p0_a0p35,1,0.35,r185929e9t.png,r185929e9t.png,18.87703077,0.89991117,0.154546797
blur_r1p0_a0p35,1,0.35,r18791531t.png,r18791531t.png,23.37487634,0.89836794,0.097242892
blur_r1p0_a0p35,1,0.35,r18798194t.png,r18798194t.png,24.18764131,0.9500509,0.057153158
blur_r1p0_a0p35,1,0.35,r1889220ft.png,r1889220ft.png,23.63149794,0.9079032,0.074863292
blur_r1p0_a0p35,1,0.35,r18990432t.png,r18990432t.png,27.53817114,0.95976645,0.035236705
blur_r1p0_a0p35,1,0.35,r1904147dt.png,r1904147dt.png,24.4125958,0.96399754,0.050511837
blur_r1p0_a0p35,1,0.35,r191488c6t.png,r191488c6t.png,26.56374163,0.9891488,0.021736272
blur_r1p0_a0p35,1,0.35,r1915909et.png,r1915909et.png,29.05669417,0.96134424,0.069390222
blur_r1p0_a0p35,1,0.35,r19183258t.png,r19183258t.png,17.88662704,0.9431513,0.072650217
blur_r1p0_a0p35,1,0.35,r197770adt.png,r197770adt.png,26.01054822,0.836874,0.223672181
blur_r1p2_a0p35,1.2,0.35,r00816405t.png,r00816405t.png,22.33259791,0.92358583,0.088928148
blur_r1p2_a0p35,1.2,0.35,r00869422t.png,r00869422t.png,19.19520857,0.816062,0.094284818
blur_r1p2_a0p35,1.2,0.35,r00879054t.png,r00879054t.png,22.848231,0.9234007,0.072969563
blur_r1p2_a0p35,1.2,0.35,r01058910t.png,r01058910t.png,12.86672909,0.86309814,0.120905325
blur_r1p2_a0p35,1.2,0.35,r01170470t.png,r01170470t.png,29.26707526,0.9622348,0.051220901
blur_r1p2_a0p35,1.2,0.35,r01474187t.png,r01474187t.png,22.29699563,0.9279716,0.06997069
blur_r1p2_a0p35,1.2,0.35,r0150031ft.png,r0150031ft.png,23.40884832,0.95691746,0.0480332
blur_r1p2_a0p35,1.2,0.35,r01559391t.png,r01559391t.png,17.40950308,0.7592626,0.183295876
blur_r1p2_a0p35,1.2,0.35,r02189767t.png,r02189767t.png,26.76525469,0.8947285,0.094279334
blur_r1p2_a0p35,1.2,0.35,r02354285t.png,r02354285t.png,28.26712833,0.8863025,0.115903236
blur_r1p2_a0p35,1.2,0.35,r02508493t.png,r02508493t.png,25.36576694,0.95480925,0.069407992
blur_r1p2_a0p35,1.2,0.35,r0287344at.png,r0287344at.png,30.85099836,0.96759224,0.046523973
blur_r1p2_a0p35,1.2,0.35,r02897203t.png,r02897203t.png,29.8285096,0.959893,0.053050905
blur_r1p2_a0p35,1.2,0.35,r03193652t.png,r03193652t.png,19.33215066,0.8705728,0.093122475
blur_r1p2_a0p35,1.2,0.35,r0341853dt.png,r0341853dt.png,21.31129931,0.93566805,0.135926783
blur_r1p2_a0p35,1.2,0.35,r0372042dt.png,r0372042dt.png,27.04958228,0.9340541,0.070796207
blur_r1p2_a0p35,1.2,0.35,r04317453t.png,r04317453t.png,24.63415225,0.95154476,0.074573964
blur_r1p2_a0p35,1.2,0.35,r0465565ct.png,r0465565ct.png,29.4542583,0.95500225,0.061545897
blur_r1p2_a0p35,1.2,0.35,r05243256t.png,r05243256t.png,21.4752847,0.9271315,0.057887398
blur_r1p2_a0p35,1.2,0.35,r05772356t.png,r05772356t.png,21.95194633,0.9537518,0.083592683
blur_r1p2_a0p35,1.2,0.35,r05839451t.png,r05839451t.png,31.53747465,0.9638004,0.033896267
blur_r1p2_a0p35,1.2,0.35,r0589558at.png,r0589558at.png,27.3211706,0.94276434,0.08290261
blur_r1p2_a0p35,1.2,0.35,r0603031et.png,r0603031et.png,24.17635955,0.8751648,0.116854474
blur_r1p2_a0p35,1.2,0.35,r068812d7t.png,r068812d7t.png,21.77994954,0.8985424,0.086960107
blur_r1p2_a0p35,1.2,0.35,r0703243bt.png,r0703243bt.png,29.88230527,0.9611146,0.053781621
blur_r1p2_a0p35,1.2,0.35,r0708431at.png,r0708431at.png,31.24906332,0.9358759,0.048682816
blur_r1p2_a0p35,1.2,0.35,r072421a1t.png,r072421a1t.png,22.13073653,0.9329583,0.10062699
blur_r1p2_a0p35,1.2,0.35,r072649fdt.png,r072649fdt.png,27.95670224,0.95366555,0.055787969
blur_r1p2_a0p35,1.2,0.35,r07598392t.png,r07598392t.png,24.4272264,0.91873527,0.088126764
blur_r1p2_a0p35,1.2,0.35,r0773471dt.png,r0773471dt.png,25.12875777,0.91305417,0.10367997
blur_r1p2_a0p35,1.2,0.35,r077507cat.png,r077507cat.png,19.51874342,0.8847036,0.094093613
blur_r1p2_a0p35,1.2,0.35,r08079988t.png,r08079988t.png,23.06972314,0.9277603,0.076257706
blur_r1p2_a0p35,1.2,0.35,r0809811bt.png,r0809811bt.png,28.75223734,0.8910765,0.163584694
blur_r1p2_a0p35,1.2,0.35,r082626aft.png,r082626aft.png,19.9625533,0.80194163,0.14651227
blur_r1p2_a0p35,1.2,0.35,r084889d5t.png,r084889d5t.png,17.93464411,0.9028327,0.111873016
blur_r1p2_a0p35,1.2,0.35,r08788547t.png,r08788547t.png,23.26592636,0.91655654,0.085928462
blur_r1p2_a0p35,1.2,0.35,r08873591t.png,r08873591t.png,30.23577442,0.9352162,0.071172431
blur_r1p2_a0p35,1.2,0.35,r08996953t.png,r08996953t.png,29.217469,0.98029184,0.045782954
blur_r1p2_a0p35,1.2,0.35,r0905697bt.png,r0905697bt.png,22.10854184,0.952102,0.071748145
blur_r1p2_a0p35,1.2,0.35,r09245347t.png,r09245347t.png,27.1305866,0.8730576,0.105818562
blur_r1p2_a0p35,1.2,0.35,r09445479t.png,r09445479t.png,26.13931544,0.96336365,0.04975947
blur_r1p2_a0p35,1.2,0.35,r09670876t.png,r09670876t.png,31.90774801,0.97518224,0.026379194
blur_r1p2_a0p35,1.2,0.35,r096982ddt.png,r096982ddt.png,22.78426769,0.9646235,0.049862877
blur_r1p2_a0p35,1.2,0.35,r097088c1t.png,r097088c1t.png,29.55261217,0.9470927,0.06074138
blur_r1p2_a0p35,1.2,0.35,r097555c4t.png,r097555c4t.png,23.27748295,0.96083516,0.048267175
blur_r1p2_a0p35,1.2,0.35,r104153eat.png,r104153eat.png,17.55780074,0.9383151,0.076228231
blur_r1p2_a0p35,1.2,0.35,r107730b5t.png,r107730b5t.png,30.16330925,0.9594061,0.055663034
blur_r1p2_a0p35,1.2,0.35,r108301e3t.png,r108301e3t.png,29.19615634,0.9400363,0.077146903
blur_r1p2_a0p35,1.2,0.35,r10893508t.png,r10893508t.png,24.47013774,0.8985254,0.107697174
blur_r1p2_a0p35,1.2,0.35,r10940798t.png,r10940798t.png,32.02802655,0.95397806,0.065418117
blur_r1p2_a0p35,1.2,0.35,r113402d4t.png,r113402d4t.png,25.07095964,0.9296089,0.065570854
blur_r1p2_a0p35,1.2,0.35,r1148801et.png,r1148801et.png,28.54406646,0.9193735,0.095222659
blur_r1p2_a0p35,1.2,0.35,r116825e2t.png,r116825e2t.png,27.49023862,0.97031784,0.039381586
blur_r1p2_a0p35,1.2,0.35,r11850456t.png,r11850456t.png,28.04018114,0.9529805,0.059360445
blur_r1p2_a0p35,1.2,0.35,r12133015t.png,r12133015t.png,29.05413065,0.94922495,0.09606982
blur_r1p2_a0p35,1.2,0.35,r125034a9t.png,r125034a9t.png,26.19123195,0.9461182,0.071126021
blur_r1p2_a0p35,1.2,0.35,r125442fat.png,r125442fat.png,23.67714823,0.9535888,0.05035561
blur_r1p2_a0p35,1.2,0.35,r127608abt.png,r127608abt.png,19.29824425,0.80636674,0.131580561
blur_r1p2_a0p35,1.2,0.35,r12946364t.png,r12946364t.png,23.18290358,0.9626088,0.072944552
blur_r1p2_a0p35,1.2,0.35,r1301676dt.png,r1301676dt.png,17.75291872,0.79161215,0.173701778
blur_r1p2_a0p35,1.2,0.35,r13073518t.png,r13073518t.png,27.28588999,0.9381364,0.057691209
blur_r1p2_a0p35,1.2,0.35,r1372056ct.png,r1372056ct.png,22.93164565,0.8982415,0.143005431
blur_r1p2_a0p35,1.2,0.35,r13837601t.png,r13837601t.png,15.32705588,0.84785,0.15326564
blur_r1p2_a0p35,1.2,0.35,r13907965t.png,r13907965t.png,21.4329656,0.9476564,0.0512182
blur_r1p2_a0p35,1.2,0.35,r13928401t.png,r13928401t.png,19.07013271,0.9390672,0.049160808
blur_r1p2_a0p35,1.2,0.35,r141665bdt.png,r141665bdt.png,25.76944825,0.9422837,0.050720207
blur_r1p2_a0p35,1.2,0.35,r141669e5t.png,r141669e5t.png,23.03154967,0.72693086,0.246637657
blur_r1p2_a0p35,1.2,0.35,r1419078bt.png,r1419078bt.png,28.58313468,0.9007849,0.086405359
blur_r1p2_a0p35,1.2,0.35,r142335f0t.png,r142335f0t.png,19.12525152,0.92140293,0.088542968
blur_r1p2_a0p35,1.2,0.35,r142787e2t.png,r142787e2t.png,27.79106454,0.9654866,0.038604435
blur_r1p2_a0p35,1.2,0.35,r14289905t.png,r14289905t.png,26.76682777,0.8941265,0.056189843
blur_r1p2_a0p35,1.2,0.35,r145215fft.png,r145215fft.png,29.34674193,0.9689861,0.118020743
blur_r1p2_a0p35,1.2,0.35,r145221d9t.png,r145221d9t.png,20.67282968,0.9039621,0.122569323
blur_r1p2_a0p35,1.2,0.35,r146771d7t.png,r146771d7t.png,25.14082248,0.89415216,0.061873838
blur_r1p2_a0p35,1.2,0.35,r150058a4t.png,r150058a4t.png,17.71941418,0.8845245,0.120882243
blur_r1p2_a0p35,1.2,0.35,r15885978t.png,r15885978t.png,26.6630643,0.93115,0.095909812
blur_r1p2_a0p35,1.2,0.35,r15919202t.png,r15919202t.png,21.30516925,0.95445806,0.067929447
blur_r1p2_a0p35,1.2,0.35,r1602555bt.png,r1602555bt.png,22.58910717,0.9327762,0.076043412
blur_r1p2_a0p35,1.2,0.35,r163317d6t.png,r163317d6t.png,24.80815221,0.9445103,0.061079647
blur_r1p2_a0p35,1.2,0.35,r163967d4t.png,r163967d4t.png,24.22275531,0.9387267,0.04839661
blur_r1p2_a0p35,1.2,0.35,r16422663t.png,r16422663t.png,24.22631575,0.9712551,0.060955234
blur_r1p2_a0p35,1.2,0.35,r16509308t.png,r16509308t.png,19.08735759,0.9143346,0.078381434
blur_r1p2_a0p35,1.2,0.35,r165355c0t.png,r165355c0t.png,27.66249925,0.9658978,0.040902127
blur_r1p2_a0p35,1.2,0.35,r16654024t.png,r16654024t.png,23.25719772,0.88597536,0.053548835
blur_r1p2_a0p35,1.2,0.35,r1683028at.png,r1683028at.png,16.32561489,0.8202472,0.114790559
blur_r1p2_a0p35,1.2,0.35,r1694427et.png,r1694427et.png,12.7219192,0.8563641,0.140022263
blur_r1p2_a0p35,1.2,0.35,r170632f5t.png,r170632f5t.png,24.48387581,0.8922913,0.126461923
blur_r1p2_a0p35,1.2,0.35,r17217693t.png,r17217693t.png,24.40640889,0.8275895,0.11564374
blur_r1p2_a0p35,1.2,0.35,r181768b7t.png,r181768b7t.png,17.15872498,0.89766306,0.07623288
blur_r1p2_a0p35,1.2,0.35,r1824034et.png,r1824034et.png,22.9317907,0.96076876,0.055765893
blur_r1p2_a0p35,1.2,0.35,r185929e9t.png,r185929e9t.png,18.86805044,0.894872,0.160940006
blur_r1p2_a0p35,1.2,0.35,r18791531t.png,r18791531t.png,23.22843509,0.8943197,0.106028661
blur_r1p2_a0p35,1.2,0.35,r18798194t.png,r18798194t.png,24.15262779,0.9454706,0.064100012
blur_r1p2_a0p35,1.2,0.35,r1889220ft.png,r1889220ft.png,23.67132091,0.9079735,0.078391232
blur_r1p2_a0p35,1.2,0.35,r18990432t.png,r18990432t.png,27.3648059,0.95667225,0.040908471
blur_r1p2_a0p35,1.2,0.35,r1904147dt.png,r1904147dt.png,24.33102165,0.96154976,0.054695517
blur_r1p2_a0p35,1.2,0.35,r191488c6t.png,r191488c6t.png,26.60096635,0.98853564,0.023710923
blur_r1p2_a0p35,1.2,0.35,r1915909et.png,r1915909et.png,28.9191377,0.9576779,0.074586183
blur_r1p2_a0p35,1.2,0.35,r19183258t.png,r19183258t.png,17.84681678,0.9381666,0.077401131
blur_r1p2_a0p35,1.2,0.35,r197770adt.png,r197770adt.png,25.87340274,0.8313196,0.230758876
blur_r1p5_a0p35,1.5,0.35,r00816405t.png,r00816405t.png,22.21740399,0.9152115,0.094968461
blur_r1p5_a0p35,1.5,0.35,r00869422t.png,r00869422t.png,19.17041022,0.81019956,0.097701095
blur_r1p5_a0p35,1.5,0.35,r00879054t.png,r00879054t.png,22.82312419,0.921504,0.076687783
blur_r1p5_a0p35,1.5,0.35,r01058910t.png,r01058910t.png,12.88006252,0.86003655,0.124261484
blur_r1p5_a0p35,1.5,0.35,r01170470t.png,r01170470t.png,29.03132335,0.9579098,0.05471237
blur_r1p5_a0p35,1.5,0.35,r01474187t.png,r01474187t.png,22.20533825,0.9201336,0.076760188
blur_r1p5_a0p35,1.5,0.35,r0150031ft.png,r0150031ft.png,23.294037,0.95329255,0.050229609
blur_r1p5_a0p35,1.5,0.35,r01559391t.png,r01559391t.png,17.40962021,0.7586863,0.188070983
blur_r1p5_a0p35,1.5,0.35,r02189767t.png,r02189767t.png,26.55987256,0.88917476,0.100281805
blur_r1p5_a0p35,1.5,0.35,r02354285t.png,r02354285t.png,28.13226649,0.8814885,0.120399743
blur_r1p5_a0p35,1.5,0.35,r02508493t.png,r02508493t.png,25.30961013,0.9516511,0.069980197
blur_r1p5_a0p35,1.5,0.35,r0287344at.png,r0287344at.png,30.06469117,0.9601917,0.050878089
blur_r1p5_a0p35,1.5,0.35,r02897203t.png,r02897203t.png,29.64715745,0.95363355,0.056993458
blur_r1p5_a0p35,1.5,0.35,r03193652t.png,r03193652t.png,19.29538716,0.868053,0.098240495
blur_r1p5_a0p35,1.5,0.35,r0341853dt.png,r0341853dt.png,21.31866383,0.93367225,0.138543576
blur_r1p5_a0p35,1.5,0.35,r0372042dt.png,r0372042dt.png,27.01569056,0.93187267,0.07575468
blur_r1p5_a0p35,1.5,0.35,r04317453t.png,r04317453t.png,24.54863518,0.9465561,0.081388026
blur_r1p5_a0p35,1.5,0.35,r0465565ct.png,r0465565ct.png,29.10455137,0.9491456,0.06727279
blur_r1p5_a0p35,1.5,0.35,r05243256t.png,r05243256t.png,21.52428029,0.92882293,0.059039235
blur_r1p5_a0p35,1.5,0.35,r05772356t.png,r05772356t.png,21.88135661,0.9486416,0.087519944
blur_r1p5_a0p35,1.5,0.35,r05839451t.png,r05839451t.png,31.27569924,0.9592941,0.039180875
blur_r1p5_a0p35,1.5,0.35,r0589558at.png,r0589558at.png,27.18144125,0.93621826,0.088375345
blur_r1p5_a0p35,1.5,0.35,r0603031et.png,r0603031et.png,24.04517928,0.86614984,0.12469396
blur_r1p5_a0p35,1.5,0.35,r068812d7t.png,r068812d7t.png,21.76129995,0.89538574,0.091659404
blur_r1p5_a0p35,1.5,0.35,r0703243bt.png,r0703243bt.png,29.5470943,0.9537687,0.061317921
blur_r1p5_a0p35,1.5,0.35,r0708431at.png,r0708431at.png,30.98478359,0.9314537,0.053935207
blur_r1p5_a0p35,1.5,0.35,r072421a1t.png,r072421a1t.png,22.08827147,0.9344704,0.100795045
blur_r1p5_a0p35,1.5,0.35,r072649fdt.png,r072649fdt.png,27.85481001,0.94937515,0.059372887
blur_r1p5_a0p35,1.5,0.35,r07598392t.png,r07598392t.png,24.29148967,0.91547704,0.092969596
blur_r1p5_a0p35,1.5,0.35,r0773471dt.png,r0773471dt.png,25.03871908,0.90489054,0.113533624
blur_r1p5_a0p35,1.5,0.35,r077507cat.png,r077507cat.png,19.52353196,0.8824772,0.097817093
blur_r1p5_a0p35,1.5,0.35,r08079988t.png,r08079988t.png,23.07539791,0.9245743,0.079341941
blur_r1p5_a0p35,1.5,0.35,r0809811bt.png,r0809811bt.png,28.63945329,0.8865628,0.17091158
blur_r1p5_a0p35,1.5,0.35,r082626aft.png,r082626aft.png,19.95121429,0.80043155,0.147769317
blur_r1p5_a0p35,1.5,0.35,r084889d5t.png,r084889d5t.png,17.94718842,0.9043303,0.108551741
blur_r1p5_a0p35,1.5,0.35,r08788547t.png,r08788547t.png,23.16203858,0.91273284,0.091022328
blur_r1p5_a0p35,1.5,0.35,r08873591t.png,r08873591t.png,29.98871653,0.9336767,0.076086372
blur_r1p5_a0p35,1.5,0.35,r08996953t.png,r08996953t.png,29.16298005,0.97662187,0.0545903
blur_r1p5_a0p35,1.5,0.35,r0905697bt.png,r0905697bt.png,22.07590637,0.95090675,0.075325698
blur_r1p5_a0p35,1.5,0.35,r09245347t.png,r09245347t.png,26.94318666,0.86654276,0.112825938
blur_r1p5_a0p35,1.5,0.35,r09445479t.png,r09445479t.png,25.92130829,0.95773476,0.054017115
blur_r1p5_a0p35,1.5,0.35,r09670876t.png,r09670876t.png,31.46979292,0.97064036,0.02844118
blur_r1p5_a0p35,1.5,0.35,r096982ddt.png,r096982ddt.png,22.81299596,0.96398115,0.050693113
blur_r1p5_a0p35,1.5,0.35,r097088c1t.png,r097088c1t.png,29.1600683,0.94095844,0.065911368
blur_r1p5_a0p35,1.5,0.35,r097555c4t.png,r097555c4t.png,23.26435183,0.956435,0.054800034
blur_r1p5_a0p35,1.5,0.35,r104153eat.png,r104153eat.png,17.58398814,0.93900657,0.08083085
blur_r1p5_a0p35,1.5,0.35,r107730b5t.png,r107730b5t.png,29.98911137,0.9559324,0.059550643
blur_r1p5_a0p35,1.5,0.35,r108301e3t.png,r108301e3t.png,28.70812203,0.93316525,0.083392173
blur_r1p5_a0p35,1.5,0.35,r10893508t.png,r10893508t.png,24.38456353,0.89330214,0.112464875
blur_r1p5_a0p35,1.5,0.35,r10940798t.png,r10940798t.png,31.86084349,0.951255,0.072647117
blur_r1p5_a0p35,1.5,0.35,r113402d4t.png,r113402d4t.png,24.94501109,0.92451197,0.069340639
blur_r1p5_a0p35,1.5,0.35,r1148801et.png,r1148801et.png,28.41291965,0.91637105,0.099831119
blur_r1p5_a0p35,1.5,0.35,r116825e2t.png,r116825e2t.png,27.28177712,0.96420866,0.046897188
blur_r1p5_a0p35,1.5,0.35,r11850456t.png,r11850456t.png,27.72404047,0.9458437,0.067990482
blur_r1p5_a0p35,1.5,0.35,r12133015t.png,r12133015t.png,28.68162293,0.94348407,0.103175528
blur_r1p5_a0p35,1.5,0.35,r125034a9t.png,r125034a9t.png,26.03890415,0.940185,0.076042086
blur_r1p5_a0p35,1.5,0.35,r125442fat.png,r125442fat.png,23.56572763,0.9468581,0.052577212
blur_r1p5_a0p35,1.5,0.35,r127608abt.png,r127608abt.png,19.28663194,0.8056573,0.138260916
blur_r1p5_a0p35,1.5,0.35,r12946364t.png,r12946364t.png,23.21981905,0.96229476,0.070103228
blur_r1p5_a0p35,1.5,0.35,r1301676dt.png,r1301676dt.png,17.71707147,0.7875163,0.178021669
blur_r1p5_a0p35,1.5,0.35,r13073518t.png,r13073518t.png,26.94640147,0.930593,0.063389957
blur_r1p5_a0p35,1.5,0.35,r1372056ct.png,r1372056ct.png,22.89535974,0.89480907,0.147370011
blur_r1p5_a0p35,1.5,0.35,r13837601t.png,r13837601t.png,15.33265315,0.84565204,0.162819028
blur_r1p5_a0p35,1.5,0.35,r13907965t.png,r13907965t.png,21.34407168,0.94314957,0.053638764
blur_r1p5_a0p35,1.5,0.35,r13928401t.png,r13928401t.png,19.05727602,0.9321498,0.052581925
blur_r1p5_a0p35,1.5,0.35,r141665bdt.png,r141665bdt.png,25.59295713,0.9371297,0.053958826
blur_r1p5_a0p35,1.5,0.35,r141669e5t.png,r141669e5t.png,22.97534488,0.7226925,0.252353281
blur_r1p5_a0p35,1.5,0.35,r1419078bt.png,r1419078bt.png,28.31240618,0.89493823,0.089854613
blur_r1p5_a0p35,1.5,0.35,r142335f0t.png,r142335f0t.png,19.10283224,0.9174612,0.092575178
blur_r1p5_a0p35,1.5,0.35,r142787e2t.png,r142787e2t.png,27.71675964,0.96145743,0.044263627
blur_r1p5_a0p35,1.5,0.35,r14289905t.png,r14289905t.png,26.59807308,0.8876303,0.063170269
blur_r1p5_a0p35,1.5,0.35,r145215fft.png,r145215fft.png,28.98726519,0.9637192,0.124525629
blur_r1p5_a0p35,1.5,0.35,r145221d9t.png,r145221d9t.png,20.60888657,0.8978722,0.129131138
blur_r1p5_a0p35,1.5,0.35,r146771d7t.png,r146771d7t.png,25.00846782,0.89128137,0.067534789
blur_r1p5_a0p35,1.5,0.35,r150058a4t.png,r150058a4t.png,17.72629035,0.8863022,0.123682998
blur_r1p5_a0p35,1.5,0.35,r15885978t.png,r15885978t.png,26.66162457,0.9299049,0.099318802
blur_r1p5_a0p35,1.5,0.35,r15919202t.png,r15919202t.png,21.27405443,0.9489381,0.075690754
blur_r1p5_a0p35,1.5,0.35,r1602555bt.png,r1602555bt.png,22.52094451,0.9286888,0.078964666
blur_r1p5_a0p35,1.5,0.35,r163317d6t.png,r163317d6t.png,24.74659874,0.9402593,0.067853637
blur_r1p5_a0p35,1.5,0.35,r163967d4t.png,r163967d4t.png,24.13535429,0.9344408,0.05156488
blur_r1p5_a0p35,1.5,0.35,r16422663t.png,r16422663t.png,24.16003515,0.96933967,0.061791498
blur_r1p5_a0p35,1.5,0.35,r16509308t.png,r16509308t.png,19.05755095,0.91103476,0.08058802
blur_r1p5_a0p35,1.5,0.35,r165355c0t.png,r165355c0t.png,27.59865046,0.960474,0.045306172
blur_r1p5_a0p35,1.5,0.35,r16654024t.png,r16654024t.png,23.26698978,0.8838735,0.055210859
blur_r1p5_a0p35,1.5,0.35,r1683028at.png,r1683028at.png,16.32671796,0.81888074,0.118218288
blur_r1p5_a0p35,1.5,0.35,r1694427et.png,r1694427et.png,12.73659644,0.8567214,0.138974443
blur_r1p5_a0p35,1.5,0.35,r170632f5t.png,r170632f5t.png,24.27468246,0.88453984,0.131227762
blur_r1p5_a0p35,1.5,0.35,r17217693t.png,r17217693t.png,24.25659584,0.8195333,0.120028168
blur_r1p5_a0p35,1.5,0.35,r181768b7t.png,r181768b7t.png,17.20399747,0.90162325,0.078302741
blur_r1p5_a0p35,1.5,0.35,r1824034et.png,r1824034et.png,22.8461375,0.95696527,0.063072294
blur_r1p5_a0p35,1.5,0.35,r185929e9t.png,r185929e9t.png,18.7949849,0.88764876,0.161210716
blur_r1p5_a0p35,1.5,0.35,r18791531t.png,r18791531t.png,23.126661,0.8894596,0.113181829
blur_r1p5_a0p35,1.5,0.35,r18798194t.png,r18798194t.png,24.04432872,0.94031495,0.069298841
blur_r1p5_a0p35,1.5,0.35,r1889220ft.png,r1889220ft.png,23.64147513,0.90570307,0.083936699
blur_r1p5_a0p35,1.5,0.35,r18990432t.png,r18990432t.png,27.24451455,0.9516811,0.046431202
blur_r1p5_a0p35,1.5,0.35,r1904147dt.png,r1904147dt.png,24.3056069,0.95789385,0.060877711
blur_r1p5_a0p35,1.5,0.35,r191488c6t.png,r191488c6t.png,26.55300878,0.986943,0.028556615
blur_r1p5_a0p35,1.5,0.35,r1915909et.png,r1915909et.png,28.7401376,0.95285845,0.078940898
blur_r1p5_a0p35,1.5,0.35,r19183258t.png,r19183258t.png,17.8331347,0.93223405,0.082554035
blur_r1p5_a0p35,1.5,0.35,r197770adt.png,r197770adt.png,25.70237605,0.824367,0.238847315
blur_r1p0_a0p5,1,0.5,r00816405t.png,r00816405t.png,22.13979056,0.9048371,0.123890877
blur_r1p0_a0p5,1,0.5,r00869422t.png,r00869422t.png,19.15102891,0.8035205,0.115420513
blur_r1p0_a0p5,1,0.5,r00879054t.png,r00879054t.png,22.79594377,0.91739684,0.090179056
blur_r1p0_a0p5,1,0.5,r01058910t.png,r01058910t.png,12.86501659,0.86006147,0.139670476
blur_r1p0_a0p5,1,0.5,r01170470t.png,r01170470t.png,28.85477986,0.9528436,0.068983085
blur_r1p0_a0p5,1,0.5,r01474187t.png,r01474187t.png,22.07797961,0.9080432,0.103828691
blur_r1p0_a0p5,1,0.5,r0150031ft.png,r0150031ft.png,23.19908106,0.945756,0.068956353
blur_r1p0_a0p5,1,0.5,r01559391t.png,r01559391t.png,17.39324206,0.75215405,0.204274803
blur_r1p0_a0p5,1,0.5,r02189767t.png,r02189767t.png,26.39212962,0.8859009,0.115766183
blur_r1p0_a0p5,1,0.5,r02354285t.png,r02354285t.png,27.97050234,0.8751876,0.143833309
blur_r1p0_a0p5,1,0.5,r02508493t.png,r02508493t.png,25.20064341,0.94485635,0.103322282
blur_r1p0_a0p5,1,0.5,r0287344at.png,r0287344at.png,29.90487924,0.9564298,0.075661264
blur_r1p0_a0p5,1,0.5,r02897203t.png,r02897203t.png,29.49111167,0.9478182,0.081446938
blur_r1p0_a0p5,1,0.5,r03193652t.png,r03193652t.png,19.31466129,0.8680555,0.102533706
blur_r1p0_a0p5,1,0.5,r0341853dt.png,r0341853dt.png,21.27137427,0.9284002,0.157491967
blur_r1p0_a0p5,1,0.5,r0372042dt.png,r0372042dt.png,27.02372519,0.9329162,0.078015655
blur_r1p0_a0p5,1,0.5,r04317453t.png,r04317453t.png,24.5823431,0.94594985,0.089317217
blur_r1p0_a0p5,1,0.5,r0465565ct.png,r0465565ct.png,28.7126494,0.9396992,0.088114984
blur_r1p0_a0p5,1,0.5,r05243256t.png,r05243256t.png,21.45548952,0.9220827,0.077994972
blur_r1p0_a0p5,1,0.5,r05772356t.png,r05772356t.png,21.81546242,0.9394531,0.112721577
blur_r1p0_a0p5,1,0.5,r05839451t.png,r05839451t.png,31.07695224,0.954669,0.049868558
blur_r1p0_a0p5,1,0.5,r0589558at.png,r0589558at.png,27.14512713,0.9337233,0.106021017
blur_r1p0_a0p5,1,0.5,r0603031et.png,r0603031et.png,24.04776757,0.8640365,0.14745909
blur_r1p0_a0p5,1,0.5,r068812d7t.png,r068812d7t.png,21.73007753,0.8929279,0.105749041
blur_r1p0_a0p5,1,0.5,r0703243bt.png,r0703243bt.png,29.13758396,0.9411443,0.083426781
blur_r1p0_a0p5,1,0.5,r0708431at.png,r0708431at.png,30.63136691,0.9243605,0.071122885
blur_r1p0_a0p5,1,0.5,r072421a1t.png,r072421a1t.png,22.12723486,0.9329083,0.104390748
blur_r1p0_a0p5,1,0.5,r072649fdt.png,r072649fdt.png,27.72696452,0.9466054,0.079801321
blur_r1p0_a0p5,1,0.5,r07598392t.png,r07598392t.png,24.30885359,0.91294473,0.103326395
blur_r1p0_a0p5,1,0.5,r0773471dt.png,r0773471dt.png,24.95834566,0.89264935,0.14181
blur_r1p0_a0p5,1,0.5,r077507cat.png,r077507cat.png,19.48264343,0.8778677,0.113345444
blur_r1p0_a0p5,1,0.5,r08079988t.png,r08079988t.png,23.01665368,0.92081743,0.098946951
blur_r1p0_a0p5,1,0.5,r0809811bt.png,r0809811bt.png,28.59126023,0.8835656,0.184917986
blur_r1p0_a0p5,1,0.5,r082626aft.png,r082626aft.png,19.92332288,0.79724216,0.164237991
blur_r1p0_a0p5,1,0.5,r084889d5t.png,r084889d5t.png,17.92992393,0.9014924,0.124949813
blur_r1p0_a0p5,1,0.5,r08788547t.png,r08788547t.png,23.07933419,0.9047115,0.113878302
blur_r1p0_a0p5,1,0.5,r08873591t.png,r08873591t.png,30.0238534,0.9326582,0.080711119
blur_r1p0_a0p5,1,0.5,r08996953t.png,r08996953t.png,28.99028555,0.97368985,0.059578367
blur_r1p0_a0p5,1,0.5,r0905697bt.png,r0905697bt.png,22.10069809,0.95105886,0.07850311
blur_r1p0_a0p5,1,0.5,r09245347t.png,r09245347t.png,26.86042235,0.86301225,0.127888575
blur_r1p0_a0p5,1,0.5,r09445479t.png,r09445479t.png,25.95359045,0.955955,0.070013121
blur_r1p0_a0p5,1,0.5,r09670876t.png,r09670876t.png,31.19846908,0.9645907,0.041773472
blur_r1p0_a0p5,1,0.5,r096982ddt.png,r096982ddt.png,22.75306439,0.9597365,0.06284447
blur_r1p0_a0p5,1,0.5,r097088c1t.png,r097088c1t.png,28.9634164,0.9369759,0.083556041
blur_r1p0_a0p5,1,0.5,r097555c4t.png,r097555c4t.png,23.2324789,0.9537366,0.066031337
blur_r1p0_a0p5,1,0.5,r104153eat.png,r104153eat.png,17.5563149,0.93764067,0.082304373
blur_r1p0_a0p5,1,0.5,r107730b5t.png,r107730b5t.png,29.65340485,0.9511438,0.07445056
blur_r1p0_a0p5,1,0.5,r108301e3t.png,r108301e3t.png,28.43354425,0.9267459,0.104186296
blur_r1p0_a0p5,1,0.5,r10893508t.png,r10893508t.png,24.24670186,0.88354963,0.133164689
blur_r1p0_a0p5,1,0.5,r10940798t.png,r10940798t.png,31.76268954,0.9484274,0.085392296
blur_r1p0_a0p5,1,0.5,r113402d4t.png,r113402d4t.png,24.94202241,0.9221778,0.08543919
blur_r1p0_a0p5,1,0.5,r1148801et.png,r1148801et.png,28.32451167,0.91553825,0.110650636
blur_r1p0_a0p5,1,0.5,r116825e2t.png,r116825e2t.png,27.13837372,0.959086,0.058838617
blur_r1p0_a0p5,1,0.5,r11850456t.png,r11850456t.png,27.60351782,0.9400075,0.082852244
blur_r1p0_a0p5,1,0.5,r12133015t.png,r12133015t.png,28.25281476,0.9352315,0.115196615
blur_r1p0_a0p5,1,0.5,r125034a9t.png,r125034a9t.png,26.06404389,0.9404946,0.09407495
blur_r1p0_a0p5,1,0.5,r125442fat.png,r125442fat.png,23.48537358,0.9434325,0.076951079
blur_r1p0_a0p5,1,0.5,r127608abt.png,r127608abt.png,19.25893948,0.79857683,0.159531474
blur_r1p0_a0p5,1,0.5,r12946364t.png,r12946364t.png,23.15240402,0.9597892,0.079296142
blur_r1p0_a0p5,1,0.5,r1301676dt.png,r1301676dt.png,17.73767912,0.7887427,0.186096311
blur_r1p0_a0p5,1,0.5,r13073518t.png,r13073518t.png,26.8137411,0.92370987,0.082375422
blur_r1p0_a0p5,1,0.5,r1372056ct.png,r1372056ct.png,22.83239599,0.8883911,0.163607001
blur_r1p0_a0p5,1,0.5,r13837601t.png,r13837601t.png,15.32657997,0.8461132,0.167585418
blur_r1p0_a0p5,1,0.5,r13907965t.png,r13907965t.png,21.34700588,0.9409217,0.068641715
blur_r1p0_a0p5,1,0.5,r13928401t.png,r13928401t.png,18.99146049,0.92395955,0.064017221
blur_r1p0_a0p5,1,0.5,r141665bdt.png,r141665bdt.png,25.56576913,0.9332108,0.066788554
blur_r1p0_a0p5,1,0.5,r141669e5t.png,r141669e5t.png,22.93688091,0.72308713,0.261219203
blur_r1p0_a0p5,1,0.5,r1419078bt.png,r1419078bt.png,28.25280103,0.8896739,0.114821374
blur_r1p0_a0p5,1,0.5,r142335f0t.png,r142335f0t.png,19.09299004,0.9127521,0.111009434
blur_r1p0_a0p5,1,0.5,r142787e2t.png,r142787e2t.png,27.6460167,0.96108913,0.052787405
blur_r1p0_a0p5,1,0.5,r14289905t.png,r14289905t.png,26.59580897,0.8850575,0.071722895
blur_r1p0_a0p5,1,0.5,r145215fft.png,r145215fft.png,28.01114873,0.94969994,0.166033402
blur_r1p0_a0p5,1,0.5,r145221d9t.png,r145221d9t.png,20.52950198,0.8891681,0.155760959
blur_r1p0_a0p5,1,0.5,r146771d7t.png,r146771d7t.png,25.03926518,0.89022446,0.071631052
blur_r1p0_a0p5,1,0.5,r150058a4t.png,r150058a4t.png,17.70637394,0.8839037,0.134075925
blur_r1p0_a0p5,1,0.5,r15885978t.png,r15885978t.png,26.62544772,0.9277846,0.116394661
blur_r1p0_a0p5,1,0.5,r15919202t.png,r15919202t.png,21.23351131,0.9431496,0.104889229
blur_r1p0_a0p5,1,0.5,r1602555bt.png,r1602555bt.png,22.52709795,0.9253228,0.0904845
blur_r1p0_a0p5,1,0.5,r163317d6t.png,r163317d6t.png,24.70246307,0.93572307,0.082391523
blur_r1p0_a0p5,1,0.5,r163967d4t.png,r163967d4t.png,24.06325057,0.93056875,0.062363453
blur_r1p0_a0p5,1,0.5,r16422663t.png,r16422663t.png,24.16690339,0.968772,0.069671191
blur_r1p0_a0p5,1,0.5,r16509308t.png,r16509308t.png,19.07580027,0.9120376,0.087235175
blur_r1p0_a0p5,1,0.5,r165355c0t.png,r165355c0t.png,27.54050137,0.9580078,0.059493415
blur_r1p0_a0p5,1,0.5,r16654024t.png,r16654024t.png,23.20286308,0.88302535,0.061076723
blur_r1p0_a0p5,1,0.5,r1683028at.png,r1683028at.png,16.31969348,0.8175382,0.128305659
blur_r1p0_a0p5,1,0.5,r1694427et.png,r1694427et.png,12.72221254,0.8562031,0.144535795
blur_r1p0_a0p5,1,0.5,r170632f5t.png,r170632f5t.png,24.0951911,0.8746484,0.158975884
blur_r1p0_a0p5,1,0.5,r17217693t.png,r17217693t.png,24.17204368,0.80919915,0.156282187
blur_r1p0_a0p5,1,0.5,r181768b7t.png,r181768b7t.png,17.16413221,0.895102,0.090992197
blur_r1p0_a0p5,1,0.5,r1824034et.png,r1824034et.png,22.78484527,0.9510221,0.069009341
blur_r1p0_a0p5,1,0.5,r185929e9t.png,r185929e9t.png,18.7659981,0.8845436,0.199139535
blur_r1p0_a0p5,1,0.5,r18791531t.png,r18791531t.png,23.05273734,0.8836914,0.129477188
blur_r1p0_a0p5,1,0.5,r18798194t.png,r18798194t.png,23.93626758,0.9321861,0.086894684
blur_r1p0_a0p5,1,0.5,r1889220ft.png,r1889220ft.png,23.64702479,0.9040863,0.08883179
blur_r1p0_a0p5,1,0.5,r18990432t.png,r18990432t.png,27.14337344,0.9527475,0.05398548
blur_r1p0_a0p5,1,0.5,r1904147dt.png,r1904147dt.png,24.28061997,0.95554477,0.069200203
blur_r1p0_a0p5,1,0.5,r191488c6t.png,r191488c6t.png,26.57510837,0.9863679,0.034389798
blur_r1p0_a0p5,1,0.5,r1915909et.png,r1915909et.png,28.4340642,0.94658774,0.098071679
blur_r1p0_a0p5,1,0.5,r19183258t.png,r19183258t.png,17.82064709,0.92738605,0.093089677
blur_r1p0_a0p5,1,0.5,r197770adt.png,r197770adt.png,25.55067397,0.81792647,0.248898953
blur_r1p2_a0p5,1.2,0.5,r00816405t.png,r00816405t.png,22.05919566,0.8896494,0.142639324
blur_r1p2_a0p5,1.2,0.5,r00869422t.png,r00869422t.png,19.17798709,0.79583853,0.127830565
blur_r1p2_a0p5,1.2,0.5,r00879054t.png,r00879054t.png,22.83364677,0.9136214,0.099616662
blur_r1p2_a0p5,1.2,0.5,r01058910t.png,r01058910t.png,12.84639339,0.8555889,0.149746016
blur_r1p2_a0p5,1.2,0.5,r01170470t.png,r01170470t.png,28.59306876,0.94522864,0.079862744
blur_r1p2_a0p5,1.2,0.5,r01474187t.png,r01474187t.png,22.00547548,0.8929841,0.120788842
blur_r1p2_a0p5,1.2,0.5,r0150031ft.png,r0150031ft.png,23.07259029,0.93806404,0.080044694
blur_r1p2_a0p5,1.2,0.5,r01559391t.png,r01559391t.png,17.33384491,0.746569,0.218630061
blur_r1p2_a0p5,1.2,0.5,r02189767t.png,r02189767t.png,26.13355331,0.8784067,0.130571365
blur_r1p2_a0p5,1.2,0.5,r02354285t.png,r02354285t.png,27.68319349,0.8664317,0.159050345
blur_r1p2_a0p5,1.2,0.5,r02508493t.png,r02508493t.png,25.21962507,0.9379978,0.115919694
blur_r1p2_a0p5,1.2,0.5,r0287344at.png,r0287344at.png,28.86437011,0.9447253,0.092746235
blur_r1p2_a0p5,1.2,0.5,r02897203t.png,r02897203t.png,29.39160601,0.93826723,0.095996194
blur_r1p2_a0p5,1.2,0.5,r03193652t.png,r03193652t.png,19.3321866,0.8653843,0.11248038
blur_r1p2_a0p5,1.2,0.5,r0341853dt.png,r0341853dt.png,21.32899845,0.92346215,0.168659389
blur_r1p2_a0p5,1.2,0.5,r0372042dt.png,r0372042dt.png,26.94479629,0.93054837,0.086944655
blur_r1p2_a0p5,1.2,0.5,r04317453t.png,r04317453t.png,24.571693,0.9406119,0.100482762
blur_r1p2_a0p5,1.2,0.5,r0465565ct.png,r0465565ct.png,28.25890509,0.9278183,0.104491934
blur_r1p2_a0p5,1.2,0.5,r05243256t.png,r05243256t.png,21.38353236,0.9192416,0.087577939
blur_r1p2_a0p5,1.2,0.5,r05772356t.png,r05772356t.png,21.79096613,0.9291989,0.128197119
blur_r1p2_a0p5,1.2,0.5,r05839451t.png,r05839451t.png,30.84150142,0.94732666,0.060695838
blur_r1p2_a0p5,1.2,0.5,r0589558at.png,r0589558at.png,26.8191338,0.9238398,0.120528311
blur_r1p2_a0p5,1.2,0.5,r0603031et.png,r0603031et.png,23.96021576,0.8528022,0.165682942
blur_r1p2_a0p5,1.2,0.5,r068812d7t.png,r068812d7t.png,21.6290783,0.8875037,0.117972791
blur_r1p2_a0p5,1.2,0.5,r0703243bt.png,r0703243bt.png,28.45181048,0.9262285,0.102601781
blur_r1p2_a0p5,1.2,0.5,r0708431at.png,r0708431at.png,30.20062285,0.9150993,0.085647859
blur_r1p2_a0p5,1.2,0.5,r072421a1t.png,r072421a1t.png,22.14464354,0.93289876,0.109440669
blur_r1p2_a0p5,1.2,0.5,r072649fdt.png,r072649fdt.png,27.37980042,0.93876934,0.093807787
blur_r1p2_a0p5,1.2,0.5,r07598392t.png,r07598392t.png,24.20374244,0.90686655,0.114730582
blur_r1p2_a0p5,1.2,0.5,r0773471dt.png,r0773471dt.png,24.94850693,0.87998134,0.163868994
blur_r1p2_a0p5,1.2,0.5,r077507cat.png,r077507cat.png,19.39808589,0.87148243,0.12504527
blur_r1p2_a0p5,1.2,0.5,r08079988t.png,r08079988t.png,22.88579422,0.9132433,0.111578435
blur_r1p2_a0p5,1.2,0.5,r0809811bt.png,r0809811bt.png,28.49808096,0.87697834,0.199121282
blur_r1p2_a0p5,1.2,0.5,r082626aft.png,r082626aft.png,19.94802419,0.79495806,0.173143715
blur_r1p2_a0p5,1.2,0.5,r084889d5t.png,r084889d5t.png,17.98225906,0.90235114,0.126833931
blur_r1p2_a0p5,1.2,0.5,r08788547t.png,r08788547t.png,22.83565497,0.89360595,0.132682443
blur_r1p2_a0p5,1.2,0.5,r08873591t.png,r08873591t.png,29.65265719,0.92893046,0.093301438
blur_r1p2_a0p5,1.2,0.5,r08996953t.png,r08996953t.png,28.73995128,0.96840906,0.069842607
blur_r1p2_a0p5,1.2,0.5,r0905697bt.png,r0905697bt.png,22.12228004,0.9496284,0.085705161
blur_r1p2_a0p5,1.2,0.5,r09245347t.png,r09245347t.png,26.64857134,0.8537831,0.143621653
blur_r1p2_a0p5,1.2,0.5,r09445479t.png,r09445479t.png,25.79078444,0.9478302,0.082575113
blur_r1p2_a0p5,1.2,0.5,r09670876t.png,r09670876t.png,30.68925066,0.9561222,0.049774777
blur_r1p2_a0p5,1.2,0.5,r096982ddt.png,r096982ddt.png,22.7016522,0.95654255,0.069859326
blur_r1p2_a0p5,1.2,0.5,r097088c1t.png,r097088c1t.png,28.29813471,0.9261206,0.097749032
blur_r1p2_a0p5,1.2,0.5,r097555c4t.png,r097555c4t.png,23.09220326,0.9473514,0.077273443
blur_r1p2_a0p5,1.2,0.5,r104153eat.png,r104153eat.png,17.54163046,0.93693423,0.087972775
blur_r1p2_a0p5,1.2,0.5,r107730b5t.png,r107730b5t.png,29.1638598,0.9436934,0.085729897
blur_r1p2_a0p5,1.2,0.5,r108301e3t.png,r108301e3t.png,27.80775617,0.9148957,0.11974293
blur_r1p2_a0p5,1.2,0.5,r10893508t.png,r10893508t.png,24.0079529,0.87317395,0.14919275
blur_r1p2_a0p5,1.2,0.5,r10940798t.png,r10940798t.png,31.56829359,0.9443574,0.097513698
blur_r1p2_a0p5,1.2,0.5,r113402d4t.png,r113402d4t.png,24.85634949,0.9148777,0.096655674
blur_r1p2_a0p5,1.2,0.5,r1148801et.png,r1148801et.png,28.05149814,0.9112595,0.120585777
blur_r1p2_a0p5,1.2,0.5,r116825e2t.png,r116825e2t.png,26.69839218,0.94904494,0.072941549
blur_r1p2_a0p5,1.2,0.5,r11850456t.png,r11850456t.png,27.27372542,0.92834955,0.09917295
blur_r1p2_a0p5,1.2,0.5,r12133015t.png,r12133015t.png,27.70624502,0.9246959,0.130140603
blur_r1p2_a0p5,1.2,0.5,r125034a9t.png,r125034a9t.png,25.73869971,0.93220836,0.108605169
blur_r1p2_a0p5,1.2,0.5,r125442fat.png,r125442fat.png,23.18584728,0.9314626,0.089694187
blur_r1p2_a0p5,1.2,0.5,r127608abt.png,r127608abt.png,19.17210563,0.7916987,0.178938836
blur_r1p2_a0p5,1.2,0.5,r12946364t.png,r12946364t.png,23.10106646,0.9568925,0.083975993
blur_r1p2_a0p5,1.2,0.5,r1301676dt.png,r1301676dt.png,17.74682453,0.78569645,0.19612439
blur_r1p2_a0p5,1.2,0.5,r13073518t.png,r13073518t.png,26.26415207,0.9102394,0.098056503
blur_r1p2_a0p5,1.2,0.5,r1372056ct.png,r1372056ct.png,22.84592454,0.88180494,0.176317558
blur_r1p2_a0p5,1.2,0.5,r13837601t.png,r13837601t.png,15.29955099,0.8439941,0.177363947
blur_r1p2_a0p5,1.2,0.5,r13907965t.png,r13907965t.png,21.27440784,0.9340277,0.078020051
blur_r1p2_a0p5,1.2,0.5,r13928401t.png,r13928401t.png,18.85812476,0.9094942,0.074661948
blur_r1p2_a0p5,1.2,0.5,r141665bdt.png,r141665bdt.png,25.27549555,0.9249501,0.075661324
blur_r1p2_a0p5,1.2,0.5,r141669e5t.png,r141669e5t.png,22.81707488,0.7180844,0.2731691
blur_r1p2_a0p5,1.2,0.5,r1419078bt.png,r1419078bt.png,27.78291485,0.8794946,0.130012766
blur_r1p2_a0p5,1.2,0.5,r142335f0t.png,r142335f0t.png,19.134779,0.90645736,0.123227321
blur_r1p2_a0p5,1.2,0.5,r142787e2t.png,r142787e2t.png,27.3692775,0.9552863,0.063611992
blur_r1p2_a0p5,1.2,0.5,r14289905t.png,r14289905t.png,26.46010513,0.87535524,0.085221007
blur_r1p2_a0p5,1.2,0.5,r145215fft.png,r145215fft.png,27.1909017,0.9336286,0.189527482
blur_r1p2_a0p5,1.2,0.5,r145221d9t.png,r145221d9t.png,20.33659035,0.8764238,0.176027507
blur_r1p2_a0p5,1.2,0.5,r146771d7t.png,r146771d7t.png,24.93261573,0.88538384,0.081045061
blur_r1p2_a0p5,1.2,0.5,r150058a4t.png,r150058a4t.png,17.75455475,0.88438934,0.143347323
blur_r1p2_a0p5,1.2,0.5,r15885978t.png,r15885978t.png,26.49065736,0.9248082,0.128106669
blur_r1p2_a0p5,1.2,0.5,r15919202t.png,r15919202t.png,21.08194083,0.9330907,0.124737047
blur_r1p2_a0p5,1.2,0.5,r1602555bt.png,r1602555bt.png,22.51245381,0.9183683,0.098940112
blur_r1p2_a0p5,1.2,0.5,r163317d6t.png,r163317d6t.png,24.69865591,0.92890954,0.095012963
blur_r1p2_a0p5,1.2,0.5,r163967d4t.png,r163967d4t.png,23.86041514,0.92250305,0.071145184
blur_r1p2_a0p5,1.2,0.5,r16422663t.png,r16422663t.png,24.13187757,0.9657717,0.076033264
blur_r1p2_a0p5,1.2,0.5,r16509308t.png,r16509308t.png,19.08889663,0.90863496,0.092889227
blur_r1p2_a0p5,1.2,0.5,r165355c0t.png,r165355c0t.png,27.29054868,0.9504735,0.070039839
blur_r1p2_a0p5,1.2,0.5,r16654024t.png,r16654024t.png,23.10548137,0.8787698,0.067475073
blur_r1p2_a0p5,1.2,0.5,r1683028at.png,r1683028at.png,16.35354454,0.81617785,0.136272594
blur_r1p2_a0p5,1.2,0.5,r1694427et.png,r1694427et.png,12.72196442,0.8558008,0.147256002
blur_r1p2_a0p5,1.2,0.5,r170632f5t.png,r170632f5t.png,23.84060071,0.860627,0.177087307
blur_r1p2_a0p5,1.2,0.5,r17217693t.png,r17217693t.png,24.04847127,0.79729104,0.174706474
blur_r1p2_a0p5,1.2,0.5,r181768b7t.png,r181768b7t.png,17.14137372,0.89538497,0.100040786
blur_r1p2_a0p5,1.2,0.5,r1824034et.png,r1824034et.png,22.71675765,0.94298345,0.081688136
blur_r1p2_a0p5,1.2,0.5,r185929e9t.png,r185929e9t.png,18.70582915,0.8723917,0.214945957
blur_r1p2_a0p5,1.2,0.5,r18791531t.png,r18791531t.png,22.80852693,0.8743821,0.14723435
blur_r1p2_a0p5,1.2,0.5,r18798194t.png,r18798194t.png,23.83468655,0.9217315,0.102208957
blur_r1p2_a0p5,1.2,0.5,r1889220ft.png,r1889220ft.png,23.69624574,0.9016392,0.098187178
blur_r1p2_a0p5,1.2,0.5,r18990432t.png,r18990432t.png,26.82925465,0.946703,0.066875547
blur_r1p2_a0p5,1.2,0.5,r1904147dt.png,r1904147dt.png,24.14101911,0.949989,0.079377279
blur_r1p2_a0p5,1.2,0.5,r191488c6t.png,r191488c6t.png,26.6221569,0.9844189,0.041377373
blur_r1p2_a0p5,1.2,0.5,r1915909et.png,r1915909et.png,28.09693011,0.93713564,0.110883757
blur_r1p2_a0p5,1.2,0.5,r19183258t.png,r19183258t.png,17.75944352,0.91792065,0.103042021
blur_r1p2_a0p5,1.2,0.5,r197770adt.png,r197770adt.png,25.28567717,0.8064105,0.263742924
blur_r1p5_a0p5,1.5,0.5,r00816405t.png,r00816405t.png,21.85600816,0.87104297,0.157108873
blur_r1p5_a0p5,1.5,0.5,r00869422t.png,r00869422t.png,19.13407557,0.7833798,0.136869758
blur_r1p5_a0p5,1.5,0.5,r00879054t.png,r00879054t.png,22.78995725,0.9083069,0.108686052
blur_r1p5_a0p5,1.5,0.5,r01058910t.png,r01058910t.png,12.85578953,0.8487218,0.157878086
blur_r1p5_a0p5,1.5,0.5,r01170470t.png,r01170470t.png,28.18409674,0.9354167,0.08760979
blur_r1p5_a0p5,1.5,0.5,r01474187t.png,r01474187t.png,21.81429331,0.87462187,0.132194474
blur_r1p5_a0p5,1.5,0.5,r0150031ft.png,r0150031ft.png,22.86716183,0.9294348,0.086294562
blur_r1p5_a0p5,1.5,0.5,r01559391t.png,r01559391t.png,17.32064823,0.7419839,0.230183586
blur_r1p5_a0p5,1.5,0.5,r02189767t.png,r02189767t.png,25.76667664,0.8674338,0.144387513
blur_r1p5_a0p5,1.5,0.5,r02354285t.png,r02354285t.png,27.43712871,0.8561718,0.171448752
blur_r1p5_a0p5,1.5,0.5,r02508493t.png,r02508493t.png,25.08788118,0.9285293,0.12017101
blur_r1p5_a0p5,1.5,0.5,r0287344at.png,r0287344at.png,27.84569816,0.9289794,0.10375683
blur_r1p5_a0p5,1.5,0.5,r02897203t.png,r02897203t.png,29.07369759,0.9250271,0.106207028
blur_r1p5_a0p5,1.5,0.5,r03193652t.png,r03193652t.png,19.28484782,0.8599996,0.124267653
blur_r1p5_a0p5,1.5,0.5,r0341853dt.png,r0341853dt.png,21.31516908,0.91604453,0.176911712
blur_r1p5_a0p5,1.5,0.5,r0372042dt.png,r0372042dt.png,26.85807873,0.92623824,0.097852863
blur_r1p5_a0p5,1.5,0.5,r04317453t.png,r04317453t.png,24.45345285,0.93136644,0.114579111
blur_r1p5_a0p5,1.5,0.5,r0465565ct.png,r0465565ct.png,27.6976501,0.91392535,0.11867404
blur_r1p5_a0p5,1.5,0.5,r05243256t.png,r05243256t.png,21.40536949,0.91581315,0.091827206
blur_r1p5_a0p5,1.5,0.5,r05772356t.png,r05772356t.png,21.66421314,0.9170017,0.139661983
blur_r1p5_a0p5,1.5,0.5,r05839451t.png,r05839451t.png,30.43782445,0.93782073,0.072659276
blur_r1p5_a0p5,1.5,0.5,r0589558at.png,r0589558at.png,26.55554642,0.91017884,0.132778734
blur_r1p5_a0p5,1.5,0.5,r0603031et.png,r0603031et.png,23.75137767,0.8364971,0.182041645
blur_r1p5_a0p5,1.5,0.5,r068812d7t.png,r068812d7t.png,21.57900068,0.8806295,0.128004774
blur_r1p5_a0p5,1.5,0.5,r0703243bt.png,r0703243bt.png,27.92658398,0.9087443,0.120396793
blur_r1p5_a0p5,1.5,0.5,r0708431at.png,r0708431at.png,29.66914837,0.9027035,0.097741194
blur_r1p5_a0p5,1.5,0.5,r072421a1t.png,r072421a1t.png,22.10257046,0.933774,0.113559984
blur_r1p5_a0p5,1.5,0.5,r072649fdt.png,r072649fdt.png,27.10369374,0.9282461,0.102780648
blur_r1p5_a0p5,1.5,0.5,r07598392t.png,r07598392t.png,24.00353521,0.89962083,0.125476733
blur_r1p5_a0p5,1.5,0.5,r0773471dt.png,r0773471dt.png,24.79259284,0.8630188,0.184887558
blur_r1p5_a0p5,1.5,0.5,r077507cat.png,r077507cat.png,19.36873206,0.8638393,0.132682875
blur_r1p5_a0p5,1.5,0.5,r08079988t.png,r08079988t.png,22.83479001,0.9031763,0.119598642
blur_r1p5_a0p5,1.5,0.5,r0809811bt.png,r0809811bt.png,28.29786235,0.8675632,0.215016246
blur_r1p5_a0p5,1.5,0.5,r082626aft.png,r082626aft.png,19.90416514,0.78929275,0.178797528
blur_r1p5_a0p5,1.5,0.5,r084889d5t.png,r084889d5t.png,17.99205031,0.9020109,0.123173751
blur_r1p5_a0p5,1.5,0.5,r08788547t.png,r08788547t.png,22.64222339,0.8832147,0.145099118
blur_r1p5_a0p5,1.5,0.5,r08873591t.png,r08873591t.png,29.21667647,0.9247715,0.104744144
blur_r1p5_a0p5,1.5,0.5,r08996953t.png,r08996953t.png,28.5556447,0.9604206,0.08588212
blur_r1p5_a0p5,1.5,0.5,r0905697bt.png,r0905697bt.png,22.08844284,0.9468042,0.094967425
blur_r1p5_a0p5,1.5,0.5,r09245347t.png,r09245347t.png,26.32704839,0.84071976,0.159135625
blur_r1p5_a0p5,1.5,0.5,r09445479t.png,r09445479t.png,25.44822146,0.93622977,0.092247851
blur_r1p5_a0p5,1.5,0.5,r09670876t.png,r09670876t.png,30.06074056,0.9458461,0.055274971
blur_r1p5_a0p5,1.5,0.5,r096982ddt.png,r096982ddt.png,22.70998682,0.9529913,0.074338168
blur_r1p5_a0p5,1.5,0.5,r097088c1t.png,r097088c1t.png,27.6898212,0.91227394,0.107848562
blur_r1p5_a0p5,1.5,0.5,r097555c4t.png,r097555c4t.png,23.03373881,0.9374016,0.090956427
blur_r1p5_a0p5,1.5,0.5,r104153eat.png,r104153eat.png,17.56021387,0.9368038,0.097451836
blur_r1p5_a0p5,1.5,0.5,r107730b5t.png,r107730b5t.png,28.73357565,0.9338934,0.093889281
blur_r1p5_a0p5,1.5,0.5,r108301e3t.png,r108301e3t.png,27.08909407,0.89941376,0.132660478
blur_r1p5_a0p5,1.5,0.5,r10893508t.png,r10893508t.png,23.81693934,0.86145216,0.16111064
blur_r1p5_a0p5,1.5,0.5,r10940798t.png,r10940798t.png,31.28462707,0.9381368,0.11271704
blur_r1p5_a0p5,1.5,0.5,r113402d4t.png,r113402d4t.png,24.6516333,0.9046941,0.104690664
blur_r1p5_a0p5,1.5,0.5,r1148801et.png,r1148801et.png,27.77118711,0.9049752,0.129177764
blur_r1p5_a0p5,1.5,0.5,r116825e2t.png,r116825e2t.png,26.33625037,0.9359221,0.088027067
blur_r1p5_a0p5,1.5,0.5,r11850456t.png,r11850456t.png,26.81329395,0.9139922,0.116561174
blur_r1p5_a0p5,1.5,0.5,r12133015t.png,r12133015t.png,27.15603398,0.91232604,0.145691693
blur_r1p5_a0p5,1.5,0.5,r125034a9t.png,r125034a9t.png,25.44754598,0.91958696,0.120769203
blur_r1p5_a0p5,1.5,0.5,r125442fat.png,r125442fat.png,22.9523016,0.91634345,0.094496988
blur_r1p5_a0p5,1.5,0.5,r127608abt.png,r127608abt.png,19.13679737,0.78642076,0.193741858
blur_r1p5_a0p5,1.5,0.5,r12946364t.png,r12946364t.png,23.10807197,0.9542063,0.083970018
blur_r1p5_a0p5,1.5,0.5,r1301676dt.png,r1301676dt.png,17.69792424,0.7780698,0.207871154
blur_r1p5_a0p5,1.5,0.5,r13073518t.png,r13073518t.png,25.75012293,0.893981,0.109600104
blur_r1p5_a0p5,1.5,0.5,r1372056ct.png,r1372056ct.png,22.7619755,0.8725764,0.187643334
blur_r1p5_a0p5,1.5,0.5,r13837601t.png,r13837601t.png,15.30037056,0.83986974,0.192639858
blur_r1p5_a0p5,1.5,0.5,r13907965t.png,r13907965t.png,21.12463011,0.92471504,0.083849013
blur_r1p5_a0p5,1.5,0.5,r13928401t.png,r13928401t.png,18.78483904,0.89238024,0.083095066
blur_r1p5_a0p5,1.5,0.5,r141665bdt.png,r141665bdt.png,24.98455815,0.914846,0.082488924
blur_r1p5_a0p5,1.5,0.5,r141669e5t.png,r141669e5t.png,22.6818314,0.71020097,0.286294669
blur_r1p5_a0p5,1.5,0.5,r1419078bt.png,r1419078bt.png,27.32412478,0.8664088,0.138704032
blur_r1p5_a0p5,1.5,0.5,r142335f0t.png,r142335f0t.png,19.0959805,0.8961114,0.133289188
blur_r1p5_a0p5,1.5,0.5,r142787e2t.png,r142787e2t.png,27.14812621,0.9461748,0.076245815
blur_r1p5_a0p5,1.5,0.5,r14289905t.png,r14289905t.png,26.18071106,0.862066,0.099186137
blur_r1p5_a0p5,1.5,0.5,r145215fft.png,r145215fft.png,26.50935537,0.91635877,0.206041992
blur_r1p5_a0p5,1.5,0.5,r145221d9t.png,r145221d9t.png,20.20191532,0.8618345,0.189529449
blur_r1p5_a0p5,1.5,0.5,r146771d7t.png,r146771d7t.png,24.73397016,0.87914664,0.093791544
blur_r1p5_a0p5,1.5,0.5,r150058a4t.png,r150058a4t.png,17.75018532,0.88310033,0.151394293
blur_r1p5_a0p5,1.5,0.5,r15885978t.png,r15885978t.png,26.44644814,0.92041856,0.137824118
blur_r1p5_a0p5,1.5,0.5,r15919202t.png,r15919202t.png,21.00446215,0.9200619,0.139524043
blur_r1p5_a0p5,1.5,0.5,r1602555bt.png,r1602555bt.png,22.402678,0.9092436,0.106531411
blur_r1p5_a0p5,1.5,0.5,r163317d6t.png,r163317d6t.png,24.57632771,0.91926306,0.107997328
blur_r1p5_a0p5,1.5,0.5,r163967d4t.png,r163967d4t.png,23.70178736,0.9134603,0.078398243
blur_r1p5_a0p5,1.5,0.5,r16422663t.png,r16422663t.png,24.00839235,0.9616871,0.080299288
blur_r1p5_a0p5,1.5,0.5,r16509308t.png,r16509308t.png,19.04832948,0.90217406,0.098828174
blur_r1p5_a0p5,1.5,0.5,r165355c0t.png,r165355c0t.png,27.138694,0.9394755,0.079358444
blur_r1p5_a0p5,1.5,0.5,r16654024t.png,r16654024t.png,23.0491552,0.8729697,0.072996773
blur_r1p5_a0p5,1.5,0.5,r1683028at.png,r1683028at.png,16.3526774,0.81193763,0.144357085
blur_r1p5_a0p5,1.5,0.5,r1694427et.png,r1694427et.png,12.7364554,0.8556095,0.148376718
blur_r1p5_a0p5,1.5,0.5,r170632f5t.png,r170632f5t.png,23.4902669,0.8438924,0.189400256
blur_r1p5_a0p5,1.5,0.5,r17217693t.png,r17217693t.png,23.79625575,0.78107613,0.184867129
blur_r1p5_a0p5,1.5,0.5,r181768b7t.png,r181768b7t.png,17.18099962,0.89572287,0.107973218
blur_r1p5_a0p5,1.5,0.5,r1824034et.png,r1824034et.png,22.54925746,0.9329031,0.098583683
blur_r1p5_a0p5,1.5,0.5,r185929e9t.png,r185929e9t.png,18.54666823,0.855282,0.217117593
blur_r1p5_a0p5,1.5,0.5,r18791531t.png,r18791531t.png,22.61907791,0.86328506,0.163790822
blur_r1p5_a0p5,1.5,0.5,r18798194t.png,r18798194t.png,23.63870844,0.909745,0.113955572
blur_r1p5_a0p5,1.5,0.5,r1889220ft.png,r1889220ft.png,23.66058441,0.89515656,0.112468146
blur_r1p5_a0p5,1.5,0.5,r18990432t.png,r18990432t.png,26.54366309,0.93738556,0.079208359
blur_r1p5_a0p5,1.5,0.5,r1904147dt.png,r1904147dt.png,24.06439706,0.94205356,0.090798073
blur_r1p5_a0p5,1.5,0.5,r191488c6t.png,r191488c6t.png,26.56805583,0.9806905,0.05258128
blur_r1p5_a0p5,1.5,0.5,r1915909et.png,r1915909et.png,27.70072588,0.92487603,0.119879365
blur_r1p5_a0p5,1.5,0.5,r19183258t.png,r19183258t.png,17.73087431,0.9065852,0.113867924
blur_r1p5_a0p5,1.5,0.5,r197770adt.png,r197770adt.png,24.97428273,0.79177,0.279238492
blur_r2p0_a0p5,2,0.5,r00816405t.png,r00816405t.png,21.62423707,0.8497476,0.172169417
blur_r2p0_a0p5,2,0.5,r00869422t.png,r00869422t.png,19.08866062,0.7691074,0.144768804
blur_r2p0_a0p5,2,0.5,r00879054t.png,r00879054t.png,22.75410032,0.9022219,0.119565614
blur_r2p0_a0p5,2,0.5,r01058910t.png,r01058910t.png,12.85844625,0.8387213,0.168146059
blur_r2p0_a0p5,2,0.5,r01170470t.png,r01170470t.png,27.73757156,0.9240394,0.093771018
blur_r2p0_a0p5,2,0.5,r01474187t.png,r01474187t.png,21.60242109,0.8536499,0.149641871
blur_r2p0_a0p5,2,0.5,r0150031ft.png,r0150031ft.png,22.62501852,0.9196718,0.08939641
blur_r2p0_a0p5,2,0.5,r01559391t.png,r01559391t.png,17.30091468,0.7364629,0.239652306
blur_r2p0_a0p5,2,0.5,r02189767t.png,r02189767t.png,25.37962336,0.8558895,0.15423812
blur_r2p0_a0p5,2,0.5,r02354285t.png,r02354285t.png,27.14782884,0.84449416,0.178093374
blur_r2p0_a0p5,2,0.5,r02508493t.png,r02508493t.png,24.93841558,0.91684985,0.12562944
blur_r2p0_a0p5,2,0.5,r0287344at.png,r0287344at.png,26.67220995,0.90869063,0.112879321
blur_r2p0_a0p5,2,0.5,r02897203t.png,r02897203t.png,28.7259874,0.91006464,0.110240057
blur_r2p0_a0p5,2,0.5,r03193652t.png,r03193652t.png,19.22612582,0.85216504,0.134045631
blur_r2p0_a0p5,2,0.5,r0341853dt.png,r0341853dt.png,21.3095995,0.90655977,0.18520698
blur_r2p0_a0p5,2,0.5,r0372042dt.png,r0372042dt.png,26.66255208,0.91879517,0.11072015
blur_r2p0_a0p5,2,0.5,r04317453t.png,r04317453t.png,24.30538234,0.9200775,0.127040997
blur_r2p0_a0p5,2,0.5,r0465565ct.png,r0465565ct.png,27.08915247,0.8979192,0.13513872
blur_r2p0_a0p5,2,0.5,r05243256t.png,r05243256t.png,21.41452927,0.9101388,0.0976585
blur_r2p0_a0p5,2,0.5,r05772356t.png,r05772356t.png,21.52392935,0.90323335,0.147960007
blur_r2p0_a0p5,2,0.5,r05839451t.png,r05839451t.png,29.99522748,0.92644215,0.085685268
blur_r2p0_a0p5,2,0.5,r0589558at.png,r0589558at.png,26.1973824,0.892773,0.144857779
blur_r2p0_a0p5,2,0.5,r0603031et.png,r0603031et.png,23.48870134,0.81682396,0.202315837
blur_r2p0_a0p5,2,0.5,r068812d7t.png,r068812d7t.png,21.50417907,0.8720488,0.135256395
blur_r2p0_a0p5,2,0.5,r0703243bt.png,r0703243bt.png,27.34551995,0.8889958,0.141275063
blur_r2p0_a0p5,2,0.5,r0708431at.png,r0708431at.png,29.08119431,0.8880112,0.11150448
blur_r2p0_a0p5,2,0.5,r072421a1t.png,r072421a1t.png,22.06518676,0.9324453,0.118155666
blur_r2p0_a0p5,2,0.5,r072649fdt.png,r072649fdt.png,26.70576201,0.913886,0.10919787
blur_r2p0_a0p5,2,0.5,r07598392t.png,r07598392t.png,23.78238223,0.89040285,0.134782255
blur_r2p0_a0p5,2,0.5,r0773471dt.png,r0773471dt.png,24.62309328,0.8450411,0.207477987
blur_r2p0_a0p5,2,0.5,r077507cat.png,r077507cat.png,19.31615944,0.85386896,0.141301364
blur_r2p0_a0p5,2,0.5,r08079988t.png,r08079988t.png,22.76375716,0.8910945,0.131020427
blur_r2p0_a0p5,2,0.5,r0809811bt.png,r0809811bt.png,28.04438167,0.85592514,0.232000425
blur_r2p0_a0p5,2,0.5,r082626aft.png,r082626aft.png,19.84571988,0.7818708,0.185741886
blur_r2p0_a0p5,2,0.5,r084889d5t.png,r084889d5t.png,18.01361542,0.90126437,0.118760966
blur_r2p0_a0p5,2,0.5,r08788547t.png,r08788547t.png,22.38621511,0.8689751,0.154695392
blur_r2p0_a0p5,2,0.5,r08873591t.png,r08873591t.png,28.56737602,0.9173674,0.116701864
blur_r2p0_a0p5,2,0.5,r08996953t.png,r08996953t.png,28.28026234,0.95033914,0.105724573
blur_r2p0_a0p5,2,0.5,r0905697bt.png,r0905697bt.png,22.06097691,0.94264936,0.103063166
blur_r2p0_a0p5,2,0.5,r09245347t.png,r09245347t.png,25.94803237,0.8255331,0.172796726
blur_r2p0_a0p5,2,0.5,r09445479t.png,r09445479t.png,25.03029922,0.92179394,0.101918459
blur_r2p0_a0p5,2,0.5,r09670876t.png,r09670876t.png,29.43819221,0.9348584,0.059658963
blur_r2p0_a0p5,2,0.5,r096982ddt.png,r096982ddt.png,22.69078658,0.94869834,0.079057463
blur_r2p0_a0p5,2,0.5,r097088c1t.png,r097088c1t.png,26.99880479,0.89489275,0.118407771
blur_r2p0_a0p5,2,0.5,r097555c4t.png,r097555c4t.png,22.93831182,0.9255515,0.102422342
blur_r2p0_a0p5,2,0.5,r104153eat.png,r104153eat.png,17.56703746,0.93615127,0.105788477
blur_r2p0_a0p5,2,0.5,r107730b5t.png,r107730b5t.png,28.24171738,0.92250127,0.10239955
blur_r2p0_a0p5,2,0.5,r108301e3t.png,r108301e3t.png,26.30592186,0.8809343,0.148275405
blur_r2p0_a0p5,2,0.5,r10893508t.png,r10893508t.png,23.5803851,0.84829617,0.167576924
blur_r2p0_a0p5,2,0.5,r10940798t.png,r10940798t.png,30.93679156,0.9304576,0.125820279
blur_r2p0_a0p5,2,0.5,r113402d4t.png,r113402d4t.png,24.39657482,0.89189005,0.115593582
blur_r2p0_a0p5,2,0.5,r1148801et.png,r1148801et.png,27.3819977,0.8964235,0.137440294
blur_r2p0_a0p5,2,0.5,r116825e2t.png,r116825e2t.png,25.87735466,0.9195197,0.105624065
blur_r2p0_a0p5,2,0.5,r11850456t.png,r11850456t.png,26.31579276,0.8973913,0.13710697
blur_r2p0_a0p5,2,0.5,r12133015t.png,r12133015t.png,26.58065471,0.89861566,0.163112059
blur_r2p0_a0p5,2,0.5,r125034a9t.png,r125034a9t.png,25.0162403,0.90151244,0.129900604
blur_r2p0_a0p5,2,0.5,r125442fat.png,r125442fat.png,22.63549325,0.8970886,0.097843222
blur_r2p0_a0p5,2,0.5,r127608abt.png,r127608abt.png,19.08698163,0.7791969,0.207396194
blur_r2p0_a0p5,2,0.5,r12946364t.png,r12946364t.png,23.08579049,0.9503313,0.085065804
blur_r2p0_a0p5,2,0.5,r1301676dt.png,r1301676dt.png,17.62917652,0.76742667,0.218111008
blur_r2p0_a0p5,2,0.5,r13073518t.png,r13073518t.png,25.15594075,0.87472504,0.120321207
blur_r2p0_a0p5,2,0.5,r1372056ct.png,r1372056ct.png,22.6661659,0.8617303,0.200479493
blur_r2p0_a0p5,2,0.5,r13837601t.png,r13837601t.png,15.29273299,0.8350334,0.203598216
blur_r2p0_a0p5,2,0.5,r13907965t.png,r13907965t.png,20.94253653,0.9128177,0.089599535
blur_r2p0_a0p5,2,0.5,r13928401t.png,r13928401t.png,18.67274608,0.87344575,0.090633065
blur_r2p0_a0p5,2,0.5,r141665bdt.png,r141665bdt.png,24.59352021,0.9031864,0.087125324
blur_r2p0_a0p5,2,0.5,r141669e5t.png,r141669e5t.png,22.49892068,0.69941956,0.295610905
blur_r2p0_a0p5,2,0.5,r1419078bt.png,r1419078bt.png,26.74571015,0.8502192,0.145101443
blur_r2p0_a0p5,2,0.5,r142335f0t.png,r142335f0t.png,19.04834067,0.8833193,0.145418018
blur_r2p0_a0p5,2,0.5,r142787e2t.png,r142787e2t.png,26.8206199,0.93461514,0.086990088
blur_r2p0_a0p5,2,0.5,r14289905t.png,r14289905t.png,25.82146519,0.84542865,0.113933012
blur_r2p0_a0p5,2,0.5,r145215fft.png,r145215fft.png,25.90134365,0.898454,0.214545757
blur_r2p0_a0p5,2,0.5,r145221d9t.png,r145221d9t.png,20.03294978,0.8450467,0.199196994
blur_r2p0_a0p5,2,0.5,r146771d7t.png,r146771d7t.png,24.5018159,0.87117463,0.102978542
blur_r2p0_a0p5,2,0.5,r150058a4t.png,r150058a4t.png,17.75028524,0.8809425,0.158292174
blur_r2p0_a0p5,2,0.5,r15885978t.png,r15885978t.png,26.37061504,0.9144986,0.145919949
blur_r2p0_a0p5,2,0.5,r15919202t.png,r15919202t.png,20.8942707,0.90376115,0.160844848
blur_r2p0_a0p5,2,0.5,r1602555bt.png,r1602555bt.png,22.26359083,0.8976948,0.11443533
blur_r2p0_a0p5,2,0.5,r163317d6t.png,r163317d6t.png,24.4225862,0.90769863,0.122539416
blur_r2p0_a0p5,2,0.5,r163967d4t.png,r163967d4t.png,23.50145913,0.9029677,0.086263388
blur_r2p0_a0p5,2,0.5,r16422663t.png,r16422663t.png,23.86867344,0.95574594,0.08167816
blur_r2p0_a0p5,2,0.5,r16509308t.png,r16509308t.png,19.00059286,0.89318424,0.107133575
blur_r2p0_a0p5,2,0.5,r165355c0t.png,r165355c0t.png,26.91193498,0.9262738,0.087380111
blur_r2p0_a0p5,2,0.5,r16654024t.png,r16654024t.png,22.93058914,0.86326236,0.079878204
blur_r2p0_a0p5,2,0.5,r1683028at.png,r1683028at.png,16.35876835,0.80623335,0.151918054
blur_r2p0_a0p5,2,0.5,r1694427et.png,r1694427et.png,12.74279468,0.8549304,0.149343744
blur_r2p0_a0p5,2,0.5,r170632f5t.png,r170632f5t.png,23.10482563,0.82494944,0.200054348
blur_r2p0_a0p5,2,0.5,r17217693t.png,r17217693t.png,23.50452495,0.7635882,0.193341658
blur_r2p0_a0p5,2,0.5,r181768b7t.png,r181768b7t.png,17.22581251,0.8949981,0.116778776
blur_r2p0_a0p5,2,0.5,r1824034et.png,r1824034et.png,22.35346132,0.92048454,0.119999543
blur_r2p0_a0p5,2,0.5,r185929e9t.png,r185929e9t.png,18.35450679,0.8333698,0.22013922
blur_r2p0_a0p5,2,0.5,r18791531t.png,r18791531t.png,22.36720508,0.8496408,0.178614959
blur_r2p0_a0p5,2,0.5,r18798194t.png,r18798194t.png,23.43621332,0.8968358,0.124082349
blur_r2p0_a0p5,2,0.5,r1889220ft.png,r1889220ft.png,23.63566187,0.8867786,0.129354209
blur_r2p0_a0p5,2,0.5,r18990432t.png,r18990432t.png,26.11653477,0.9240076,0.0897182
blur_r2p0_a0p5,2,0.5,r1904147dt.png,r1904147dt.png,23.95163942,0.93289846,0.100397401
blur_r2p0_a0p5,2,0.5,r191488c6t.png,r191488c6t.png,26.52732177,0.976546,0.059289239
blur_r2p0_a0p5,2,0.5,r1915909et.png,r1915909et.png,27.23325337,0.90930605,0.131324232
blur_r2p0_a0p5,2,0.5,r19183258t.png,r19183258t.png,17.68307077,0.893492,0.129467025
blur_r2p0_a0p5,2,0.5,r197770adt.png,r197770adt.png,24.60411462,0.7741278,0.29994905
blur_r1p5_a0p65,1.5,0.65,r00816405t.png,r00816405t.png,21.26124848,0.8053623,0.237134039
blur_r1p5_a0p65,1.5,0.65,r00869422t.png,r00869422t.png,18.94705609,0.7402218,0.192928225
blur_r1p5_a0p65,1.5,0.65,r00879054t.png,r00879054t.png,22.58426584,0.88533133,0.160228983
blur_r1p5_a0p65,1.5,0.65,r01058910t.png,r01058910t.png,12.86759718,0.8319356,0.212084502
blur_r1p5_a0p65,1.5,0.65,r01170470t.png,r01170470t.png,27.08806109,0.90207165,0.139239788
blur_r1p5_a0p65,1.5,0.65,r01474187t.png,r01474187t.png,21.15615469,0.80559903,0.218859985
blur_r1p5_a0p65,1.5,0.65,r0150031ft.png,r0150031ft.png,22.25613306,0.8926606,0.143906057
blur_r1p5_a0p65,1.5,0.65,r01559391t.png,r01559391t.png,17.29042997,0.71702546,0.289202243
blur_r1p5_a0p65,1.5,0.65,r02189767t.png,r02189767t.png,24.73961013,0.8351452,0.20830898
blur_r1p5_a0p65,1.5,0.65,r02354285t.png,r02354285t.png,26.74168812,0.820703,0.232574582
blur_r1p5_a0p65,1.5,0.65,r02508493t.png,r02508493t.png,24.53061165,0.89076066,0.208727166
blur_r1p5_a0p65,1.5,0.65,r0287344at.png,r0287344at.png,26.02608576,0.88427776,0.178607106
blur_r1p5_a0p65,1.5,0.65,r02897203t.png,r02897203t.png,28.11908759,0.8841834,0.177688643
blur_r1p5_a0p65,1.5,0.65,r03193652t.png,r03193652t.png,19.17178261,0.8469719,0.163289025
blur_r1p5_a0p65,1.5,0.65,r0341853dt.png,r0341853dt.png,21.11036693,0.88404876,0.235910147
blur_r1p5_a0p65,1.5,0.65,r0372042dt.png,r0372042dt.png,26.70977492,0.9193565,0.130046338
blur_r1p5_a0p65,1.5,0.65,r04317453t.png,r04317453t.png,24.20544194,0.91107225,0.163419873
blur_r1p5_a0p65,1.5,0.65,r0465565ct.png,r0465565ct.png,26.17495457,0.8603808,0.194776624
blur_r1p5_a0p65,1.5,0.65,r05243256t.png,r05243256t.png,21.33175297,0.8843091,0.149897635
blur_r1p5_a0p65,1.5,0.65,r05772356t.png,r05772356t.png,21.23219674,0.86840814,0.214665622
blur_r1p5_a0p65,1.5,0.65,r05839451t.png,r05839451t.png,29.38726649,0.90876085,0.12184459
blur_r1p5_a0p65,1.5,0.65,r0589558at.png,r0589558at.png,26.03969305,0.87477493,0.197367728
blur_r1p5_a0p65,1.5,0.65,r0603031et.png,r0603031et.png,23.30750859,0.7991943,0.261565357
blur_r1p5_a0p65,1.5,0.65,r068812d7t.png,r068812d7t.png,21.45524409,0.86005193,0.178640157
blur_r1p5_a0p65,1.5,0.65,r0703243bt.png,r0703243bt.png,26.54380002,0.8407363,0.208942726
blur_r1p5_a0p65,1.5,0.65,r0708431at.png,r0708431at.png,28.17507683,0.8554023,0.163223401
blur_r1p5_a0p65,1.5,0.65,r072421a1t.png,r072421a1t.png,22.03917905,0.93121004,0.133868352
blur_r1p5_a0p65,1.5,0.65,r072649fdt.png,r072649fdt.png,26.40936238,0.897857,0.169834524
blur_r1p5_a0p65,1.5,0.65,r07598392t.png,r07598392t.png,23.57419022,0.8770569,0.178755686
blur_r1p5_a0p65,1.5,0.65,r0773471dt.png,r0773471dt.png,24.27841548,0.8033877,0.275201797
blur_r1p5_a0p65,1.5,0.65,r077507cat.png,r077507cat.png,19.23883583,0.8325133,0.193895072
blur_r1p5_a0p65,1.5,0.65,r08079988t.png,r08079988t.png,22.6419463,0.866267,0.185084
blur_r1p5_a0p65,1.5,0.65,r0809811bt.png,r0809811bt.png,27.76611979,0.8410314,0.284495741
blur_r1p5_a0p65,1.5,0.65,r082626aft.png,r082626aft.png,19.69563064,0.7669861,0.229319081
blur_r1p5_a0p65,1.5,0.65,r084889d5t.png,r084889d5t.png,17.94111791,0.89027256,0.1556499
blur_r1p5_a0p65,1.5,0.65,r08788547t.png,r08788547t.png,22.14557196,0.8417023,0.219536498
blur_r1p5_a0p65,1.5,0.65,r08873591t.png,r08873591t.png,28.47146301,0.9120528,0.145608902
blur_r1p5_a0p65,1.5,0.65,r08996953t.png,r08996953t.png,27.93144916,0.9357254,0.129765734
blur_r1p5_a0p65,1.5,0.65,r0905697bt.png,r0905697bt.png,22.01286196,0.9396561,0.125840932
blur_r1p5_a0p65,1.5,0.65,r09245347t.png,r09245347t.png,25.52315583,0.805605,0.225570053
blur_r1p5_a0p65,1.5,0.65,r09445479t.png,r09445479t.png,24.73332062,0.90597105,0.15602839
blur_r1p5_a0p65,1.5,0.65,r09670876t.png,r09670876t.png,28.56700647,0.9091123,0.096909955
blur_r1p5_a0p65,1.5,0.65,r096982ddt.png,r096982ddt.png,22.61864734,0.9334037,0.115069486
blur_r1p5_a0p65,1.5,0.65,r097088c1t.png,r097088c1t.png,26.37246364,0.8707004,0.171091244
blur_r1p5_a0p65,1.5,0.65,r097555c4t.png,r097555c4t.png,22.90311936,0.9094789,0.145761251
blur_r1p5_a0p65,1.5,0.65,r104153eat.png,r104153eat.png,17.56615949,0.93295336,0.122398667
blur_r1p5_a0p65,1.5,0.65,r107730b5t.png,r107730b5t.png,27.44576827,0.8988125,0.15555875
blur_r1p5_a0p65,1.5,0.65,r108301e3t.png,r108301e3t.png,25.47682996,0.8491371,0.205692574
blur_r1p5_a0p65,1.5,0.65,r10893508t.png,r10893508t.png,23.22777813,0.81586283,0.231282324
blur_r1p5_a0p65,1.5,0.65,r10940798t.png,r10940798t.png,30.56081766,0.9181352,0.168972686
blur_r1p5_a0p65,1.5,0.65,r113402d4t.png,r113402d4t.png,24.18784919,0.8776335,0.16023396
blur_r1p5_a0p65,1.5,0.65,r1148801et.png,r1148801et.png,27.0725303,0.8887158,0.177677482
blur_r1p5_a0p65,1.5,0.65,r116825e2t.png,r116825e2t.png,25.49511276,0.8950179,0.15046975
blur_r1p5_a0p65,1.5,0.65,r11850456t.png,r11850456t.png,25.77559792,0.87049246,0.187121257
blur_r1p5_a0p65,1.5,0.65,r12133015t.png,r12133015t.png,25.66806549,0.86660045,0.206644461
blur_r1p5_a0p65,1.5,0.65,r125034a9t.png,r125034a9t.png,24.95929586,0.8922167,0.183017954
blur_r1p5_a0p65,1.5,0.65,r125442fat.png,r125442fat.png,22.38012195,0.8723193,0.165397093
blur_r1p5_a0p65,1.5,0.65,r127608abt.png,r127608abt.png,19.04125124,0.75854015,0.264918625
blur_r1p5_a0p65,1.5,0.65,r12946364t.png,r12946364t.png,22.99788875,0.9408582,0.108521998
blur_r1p5_a0p65,1.5,0.65,r1301676dt.png,r1301676dt.png,17.59562092,0.7638418,0.251890063
blur_r1p5_a0p65,1.5,0.65,r13073518t.png,r13073518t.png,24.64571007,0.8426564,0.180709943
blur_r1p5_a0p65,1.5,0.65,r1372056ct.png,r1372056ct.png,22.39400496,0.8356691,0.252973616
blur_r1p5_a0p65,1.5,0.65,r13837601t.png,r13837601t.png,15.31081132,0.83156544,0.234219551
blur_r1p5_a0p65,1.5,0.65,r13907965t.png,r13907965t.png,20.78494347,0.8986885,0.134834647
blur_r1p5_a0p65,1.5,0.65,r13928401t.png,r13928401t.png,18.53793023,0.8323423,0.132961616
blur_r1p5_a0p65,1.5,0.65,r141665bdt.png,r141665bdt.png,24.38424582,0.8857436,0.127497077
blur_r1p5_a0p65,1.5,0.65,r141669e5t.png,r141669e5t.png,22.30753061,0.6936919,0.336574048
blur_r1p5_a0p65,1.5,0.65,r1419078bt.png,r1419078bt.png,26.37470502,0.8248779,0.211028144
blur_r1p5_a0p65,1.5,0.65,r142335f0t.png,r142335f0t.png,18.94226705,0.86089873,0.203303933
blur_r1p5_a0p65,1.5,0.65,r142787e2t.png,r142787e2t.png,26.6458209,0.92414886,0.123818442
blur_r1p5_a0p65,1.5,0.65,r14289905t.png,r14289905t.png,25.57592938,0.82864636,0.15352422
blur_r1p5_a0p65,1.5,0.65,r145215fft.png,r145215fft.png,24.28648384,0.83405924,0.285417736
blur_r1p5_a0p65,1.5,0.65,r145221d9t.png,r145221d9t.png,19.82078602,0.8084436,0.274392784
blur_r1p5_a0p65,1.5,0.65,r146771d7t.png,r146771d7t.png,24.3301714,0.8627102,0.131640688
blur_r1p5_a0p65,1.5,0.65,r150058a4t.png,r150058a4t.png,17.64611157,0.862113,0.203931481
blur_r1p5_a0p65,1.5,0.65,r15885978t.png,r15885978t.png,26.32791513,0.9046417,0.199166775
blur_r1p5_a0p65,1.5,0.65,r15919202t.png,r15919202t.png,20.81511827,0.87773824,0.232491523
blur_r1p5_a0p65,1.5,0.65,r1602555bt.png,r1602555bt.png,22.13905638,0.8813846,0.15367347
blur_r1p5_a0p65,1.5,0.65,r163317d6t.png,r163317d6t.png,24.19179449,0.8882082,0.171544492
blur_r1p5_a0p65,1.5,0.65,r163967d4t.png,r163967d4t.png,23.28892659,0.88508743,0.121004358
blur_r1p5_a0p65,1.5,0.65,r16422663t.png,r16422663t.png,23.71703008,0.95130587,0.11327289
blur_r1p5_a0p65,1.5,0.65,r16509308t.png,r16509308t.png,18.96790358,0.887894,0.128510863
blur_r1p5_a0p65,1.5,0.65,r165355c0t.png,r165355c0t.png,26.80352817,0.9107478,0.134609699
blur_r1p5_a0p65,1.5,0.65,r16654024t.png,r16654024t.png,22.83051445,0.8571644,0.101318382
blur_r1p5_a0p65,1.5,0.65,r1683028at.png,r1683028at.png,16.29506008,0.7958966,0.190698236
blur_r1p5_a0p65,1.5,0.65,r1694427et.png,r1694427et.png,12.74056977,0.8535786,0.167986155
blur_r1p5_a0p65,1.5,0.65,r170632f5t.png,r170632f5t.png,22.50989769,0.78538084,0.271915793
blur_r1p5_a0p65,1.5,0.65,r17217693t.png,r17217693t.png,23.10075111,0.7248456,0.275587857
blur_r1p5_a0p65,1.5,0.65,r181768b7t.png,r181768b7t.png,17.19489729,0.8723054,0.163863957
blur_r1p5_a0p65,1.5,0.65,r1824034et.png,r1824034et.png,22.04553392,0.8944786,0.151097462
blur_r1p5_a0p65,1.5,0.65,r185929e9t.png,r185929e9t.png,18.09598011,0.80517024,0.306085795
blur_r1p5_a0p65,1.5,0.65,r18791531t.png,r18791531t.png,22.15347569,0.8249695,0.236655235
blur_r1p5_a0p65,1.5,0.65,r18798194t.png,r18798194t.png,23.01560905,0.8644378,0.18145822
blur_r1p5_a0p65,1.5,0.65,r1889220ft.png,r1889220ft.png,23.52846622,0.87260026,0.152267814
blur_r1p5_a0p65,1.5,0.65,r18990432t.png,r18990432t.png,25.85579097,0.9182709,0.129331693
blur_r1p5_a0p65,1.5,0.65,r1904147dt.png,r1904147dt.png,23.90000251,0.9196853,0.138939232
blur_r1p5_a0p65,1.5,0.65,r191488c6t.png,r191488c6t.png,26.41565229,0.9707683,0.091886267
blur_r1p5_a0p65,1.5,0.65,r1915909et.png,r1915909et.png,26.46997847,0.8809317,0.189349517
blur_r1p5_a0p65,1.5,0.65,r19183258t.png,r19183258t.png,17.66897285,0.8728404,0.158731133
blur_r1p5_a0p65,1.5,0.65,r197770adt.png,r197770adt.png,24.12449544,0.7465568,0.347569942
blur_r2p0_a0p65,2,0.65,r00816405t.png,r00816405t.png,20.93201311,0.7663143,0.273075372
blur_r2p0_a0p65,2,0.65,r00869422t.png,r00869422t.png,18.86802435,0.7135839,0.212974161
blur_r2p0_a0p65,2,0.65,r00879054t.png,r00879054t.png,22.51024481,0.8722759,0.179657042
blur_r2p0_a0p65,2,0.65,r01058910t.png,r01058910t.png,12.86736325,0.8135519,0.233007431
blur_r2p0_a0p65,2,0.65,r01170470t.png,r01170470t.png,26.49751427,0.8810937,0.153799504
blur_r2p0_a0p65,2,0.65,r01474187t.png,r01474187t.png,20.82861191,0.7651815,0.245194614
blur_r2p0_a0p65,2,0.65,r0150031ft.png,r0150031ft.png,21.9041486,0.87441844,0.154797897
blur_r2p0_a0p65,2,0.65,r01559391t.png,r01559391t.png,17.25164419,0.7040445,0.312682599
blur_r2p0_a0p65,2,0.65,r02189767t.png,r02189767t.png,24.19688207,0.8144812,0.230164826
blur_r2p0_a0p65,2,0.65,r02354285t.png,r02354285t.png,26.34011643,0.79995745,0.255834758
blur_r2p0_a0p65,2,0.65,r02508493t.png,r02508493t.png,24.27381742,0.8661966,0.222750962
blur_r2p0_a0p65,2,0.65,r0287344at.png,r0287344at.png,24.72735178,0.8483231,0.199901909
blur_r2p0_a0p65,2,0.65,r02897203t.png,r02897203t.png,27.63698879,0.8574524,0.188698933
blur_r2p0_a0p65,2,0.65,r03193652t.png,r03193652t.png,19.07169027,0.8325791,0.18453598
blur_r2p0_a0p65,2,0.65,r0341853dt.png,r0341853dt.png,21.05118695,0.86221045,0.259539247
blur_r2p0_a0p65,2,0.65,r0372042dt.png,r0372042dt.png,26.43028627,0.9076686,0.153391391
blur_r2p0_a0p65,2,0.65,r04317453t.png,r04317453t.png,23.98217333,0.8926065,0.187330723
blur_r2p0_a0p65,2,0.65,r0465565ct.png,r0465565ct.png,25.4380792,0.8298777,0.230106294
blur_r2p0_a0p65,2,0.65,r05243256t.png,r05243256t.png,21.26783966,0.864085,0.16414763
blur_r2p0_a0p65,2,0.65,r05772356t.png,r05772356t.png,21.02136254,0.8421822,0.234731868
blur_r2p0_a0p65,2,0.65,r05839451t.png,r05839451t.png,28.82939959,0.88901645,0.144784749
blur_r2p0_a0p65,2,0.65,r0589558at.png,r0589558at.png,25.52773491,0.8442692,0.221563786
blur_r2p0_a0p65,2,0.65,r0603031et.png,r0603031et.png,22.9509492,0.76753306,0.297692239
blur_r2p0_a0p65,2,0.65,r068812d7t.png,r068812d7t.png,21.33775898,0.84470123,0.195582911
blur_r2p0_a0p65,2,0.65,r0703243bt.png,r0703243bt.png,25.81673586,0.80294037,0.25269872
blur_r2p0_a0p65,2,0.65,r0708431at.png,r0708431at.png,27.38595451,0.82457733,0.189926729
blur_r2p0_a0p65,2,0.65,r072421a1t.png,r072421a1t.png,21.96064428,0.92676824,0.148229182
blur_r2p0_a0p65,2,0.65,r072649fdt.png,r072649fdt.png,25.78833112,0.87105864,0.186133176
blur_r2p0_a0p65,2,0.65,r07598392t.png,r07598392t.png,23.25829253,0.86066,0.196373492
blur_r2p0_a0p65,2,0.65,r0773471dt.png,r0773471dt.png,24.03531865,0.7714667,0.320681244
blur_r2p0_a0p65,2,0.65,r077507cat.png,r077507cat.png,19.11875945,0.8105356,0.210185885
blur_r2p0_a0p65,2,0.65,r08079988t.png,r08079988t.png,22.48496218,0.84088176,0.208073065
blur_r2p0_a0p65,2,0.65,r0809811bt.png,r0809811bt.png,27.3917097,0.82049114,0.3148278
blur_r2p0_a0p65,2,0.65,r082626aft.png,r082626aft.png,19.56238181,0.7499685,0.245875999
blur_r2p0_a0p65,2,0.65,r084889d5t.png,r084889d5t.png,17.94399956,0.883662,0.153840572
blur_r2p0_a0p65,2,0.65,r08788547t.png,r08788547t.png,21.77176564,0.8160464,0.242229894
blur_r2p0_a0p65,2,0.65,r08873591t.png,r08873591t.png,27.64145742,0.8979723,0.170207277
blur_r2p0_a0p65,2,0.65,r08996953t.png,r08996953t.png,27.50371459,0.9171693,0.165508747
blur_r2p0_a0p65,2,0.65,r0905697bt.png,r0905697bt.png,21.96139328,0.931801,0.145310134
blur_r2p0_a0p65,2,0.65,r09245347t.png,r09245347t.png,25.00897943,0.7797117,0.254111201
blur_r2p0_a0p65,2,0.65,r09445479t.png,r09445479t.png,24.15934979,0.88091856,0.174367681
blur_r2p0_a0p65,2,0.65,r09670876t.png,r09670876t.png,27.83874131,0.88874704,0.108163416
blur_r2p0_a0p65,2,0.65,r096982ddt.png,r096982ddt.png,22.56481642,0.9229133,0.126657426
blur_r2p0_a0p65,2,0.65,r097088c1t.png,r097088c1t.png,25.51615079,0.83881027,0.191290364
blur_r2p0_a0p65,2,0.65,r097555c4t.png,r097555c4t.png,22.73606034,0.8868847,0.169625968
blur_r2p0_a0p65,2,0.65,r104153eat.png,r104153eat.png,17.57571915,0.9301765,0.138410106
blur_r2p0_a0p65,2,0.65,r107730b5t.png,r107730b5t.png,26.73977458,0.87506205,0.16981028
blur_r2p0_a0p65,2,0.65,r108301e3t.png,r108301e3t.png,24.55795823,0.81468314,0.233559474
blur_r2p0_a0p65,2,0.65,r10893508t.png,r10893508t.png,22.8601829,0.79204845,0.248174354
blur_r2p0_a0p65,2,0.65,r10940798t.png,r10940798t.png,30.07681403,0.9039111,0.19433704
blur_r2p0_a0p65,2,0.65,r113402d4t.png,r113402d4t.png,23.82661718,0.8558814,0.180792913
blur_r2p0_a0p65,2,0.65,r1148801et.png,r1148801et.png,26.50731803,0.8737796,0.194658771
blur_r2p0_a0p65,2,0.65,r116825e2t.png,r116825e2t.png,24.87557962,0.8654017,0.183212116
blur_r2p0_a0p65,2,0.65,r11850456t.png,r11850456t.png,25.15987577,0.8417676,0.225022584
blur_r2p0_a0p65,2,0.65,r12133015t.png,r12133015t.png,24.97772131,0.8415838,0.242247432
blur_r2p0_a0p65,2,0.65,r125034a9t.png,r125034a9t.png,24.3326351,0.86048156,0.205407903
blur_r2p0_a0p65,2,0.65,r125442fat.png,r125442fat.png,21.89716685,0.8367141,0.172244012
blur_r2p0_a0p65,2,0.65,r127608abt.png,r127608abt.png,18.95191536,0.74287367,0.294723094
blur_r2p0_a0p65,2,0.65,r12946364t.png,r12946364t.png,22.93515034,0.9321745,0.116579384
blur_r2p0_a0p65,2,0.65,r1301676dt.png,r1301676dt.png,17.48648159,0.74629766,0.276696146
blur_r2p0_a0p65,2,0.65,r13073518t.png,r13073518t.png,23.90603025,0.8083215,0.202124834
blur_r2p0_a0p65,2,0.65,r1372056ct.png,r1372056ct.png,22.21964219,0.8135305,0.282234251
blur_r2p0_a0p65,2,0.65,r13837601t.png,r13837601t.png,15.29663125,0.82264566,0.252573609
blur_r2p0_a0p65,2,0.65,r13907965t.png,r13907965t.png,20.51452822,0.8780389,0.148073867
blur_r2p0_a0p65,2,0.65,r13928401t.png,r13928401t.png,18.33141002,0.7943055,0.149422109
blur_r2p0_a0p65,2,0.65,r141665bdt.png,r141665bdt.png,23.86695601,0.8662338,0.137068689
blur_r2p0_a0p65,2,0.65,r141669e5t.png,r141669e5t.png,22.00507289,0.6765352,0.355957508
blur_r2p0_a0p65,2,0.65,r1419078bt.png,r1419078bt.png,25.61114038,0.7954602,0.228250504
blur_r2p0_a0p65,2,0.65,r142335f0t.png,r142335f0t.png,18.86018353,0.8354082,0.227117121
blur_r2p0_a0p65,2,0.65,r142787e2t.png,r142787e2t.png,26.14251359,0.9031315,0.146318212
blur_r2p0_a0p65,2,0.65,r14289905t.png,r14289905t.png,25.08928734,0.8003251,0.181125939
blur_r2p0_a0p65,2,0.65,r145215fft.png,r145215fft.png,23.5548355,0.7936943,0.321282089
blur_r2p0_a0p65,2,0.65,r145221d9t.png,r145221d9t.png,19.55749957,0.7760539,0.297079742
blur_r2p0_a0p65,2,0.65,r146771d7t.png,r146771d7t.png,23.99489786,0.84946585,0.150229797
blur_r2p0_a0p65,2,0.65,r150058a4t.png,r150058a4t.png,17.6168315,0.8515647,0.220159039
blur_r2p0_a0p65,2,0.65,r15885978t.png,r15885978t.png,26.17332395,0.8918548,0.218108833
blur_r2p0_a0p65,2,0.65,r15919202t.png,r15919202t.png,20.63315534,0.8469711,0.268369466
blur_r2p0_a0p65,2,0.65,r1602555bt.png,r1602555bt.png,21.93136435,0.86042684,0.173463851
blur_r2p0_a0p65,2,0.65,r163317d6t.png,r163317d6t.png,23.94611492,0.8664897,0.197317451
blur_r2p0_a0p65,2,0.65,r163967d4t.png,r163967d4t.png,23.00693271,0.8668103,0.136828259
blur_r2p0_a0p65,2,0.65,r16422663t.png,r16422663t.png,23.47946004,0.94131047,0.120223857
blur_r2p0_a0p65,2,0.65,r16509308t.png,r16509308t.png,18.89623971,0.8723944,0.145099729
blur_r2p0_a0p65,2,0.65,r165355c0t.png,r165355c0t.png,26.46176604,0.8879838,0.152665704
blur_r2p0_a0p65,2,0.65,r16654024t.png,r16654024t.png,22.61683515,0.8391517,0.116815746
blur_r2p0_a0p65,2,0.65,r1683028at.png,r1683028at.png,16.2810508,0.78262466,0.206878781
blur_r2p0_a0p65,2,0.65,r1694427et.png,r1694427et.png,12.74723807,0.85154104,0.172719106
blur_r2p0_a0p65,2,0.65,r170632f5t.png,r170632f5t.png,22.00235475,0.7513215,0.295464367
blur_r2p0_a0p65,2,0.65,r17217693t.png,r17217693t.png,22.70055448,0.6938737,0.296505541
blur_r2p0_a0p65,2,0.65,r181768b7t.png,r181768b7t.png,17.2120822,0.85908794,0.187664226
blur_r2p0_a0p65,2,0.65,r1824034et.png,r1824034et.png,21.73773131,0.86956877,0.196124703
blur_r2p0_a0p65,2,0.65,r185929e9t.png,r185929e9t.png,17.78381017,0.76272154,0.312733352
blur_r2p0_a0p65,2,0.65,r18791531t.png,r18791531t.png,21.79142582,0.7998279,0.26802218
blur_r2p0_a0p65,2,0.65,r18798194t.png,r18798194t.png,22.71808389,0.84012634,0.20142439
blur_r2p0_a0p65,2,0.65,r1889220ft.png,r1889220ft.png,23.46876107,0.8546574,0.188658074
blur_r2p0_a0p65,2,0.65,r18990432t.png,r18990432t.png,25.22741541,0.89646983,0.151106954
blur_r2p0_a0p65,2,0.65,r1904147dt.png,r1904147dt.png,23.71183242,0.9029093,0.157836005
blur_r2p0_a0p65,2,0.65,r191488c6t.png,r191488c6t.png,26.34158155,0.9629701,0.106423184
blur_r2p0_a0p65,2,0.65,r1915909et.png,r1915909et.png,25.81206986,0.8504381,0.2110309
blur_r2p0_a0p65,2,0.65,r19183258t.png,r19183258t.png,17.59785506,0.85105944,0.186871976
blur_r2p0_a0p65,2,0.65,r197770adt.png,r197770adt.png,23.60990161,0.71532303,0.385086715
blur_r1p0_a1p0,1,1,r00816405t.png,r00816405t.png,20.83390065,0.73271185,0.388986319
blur_r1p0_a1p0,1,1,r00869422t.png,r00869422t.png,18.83293861,0.6949506,0.273218542
blur_r1p0_a1p0,1,1,r00879054t.png,r00879054t.png,22.42073003,0.8553271,0.257976174
blur_r1p0_a1p0,1,1,r01058910t.png,r01058910t.png,12.8417919,0.8199777,0.30601424
blur_r1p0_a1p0,1,1,r01170470t.png,r01170470t.png,26.34918837,0.8649032,0.243218124
blur_r1p0_a1p0,1,1,r01474187t.png,r01474187t.png,20.62112298,0.7287558,0.436562836
blur_r1p0_a1p0,1,1,r0150031ft.png,r0150031ft.png,21.7190121,0.83980817,0.258460253
blur_r1p0_a1p0,1,1,r01559391t.png,r01559391t.png,17.19546341,0.6740748,0.392196953
blur_r1p0_a1p0,1,1,r02189767t.png,r02189767t.png,24.02747708,0.8036015,0.31071192
blur_r1p0_a1p0,1,1,r02354285t.png,r02354285t.png,25.99263589,0.7778047,0.330934465
blur_r1p0_a1p0,1,1,r02508493t.png,r02508493t.png,24.07397974,0.84562594,0.368257672
blur_r1p0_a1p0,1,1,r0287344at.png,r0287344at.png,25.25301335,0.8472884,0.299229175
blur_r1p0_a1p0,1,1,r02897203t.png,r02897203t.png,27.4379937,0.8404496,0.288337409
blur_r1p0_a1p0,1,1,r03193652t.png,r03193652t.png,19.17975831,0.841403,0.191153288
blur_r1p0_a1p0,1,1,r0341853dt.png,r0341853dt.png,20.91781369,0.84318966,0.335182369
blur_r1p0_a1p0,1,1,r0372042dt.png,r0372042dt.png,26.71156944,0.91965896,0.149067357
blur_r1p0_a1p0,1,1,r04317453t.png,r04317453t.png,24.16431979,0.89596623,0.229383305
blur_r1p0_a1p0,1,1,r0465565ct.png,r0465565ct.png,25.0021268,0.79426265,0.359535307
blur_r1p0_a1p0,1,1,r05243256t.png,r05243256t.png,21.04607527,0.830661,0.266388476
blur_r1p0_a1p0,1,1,r05772356t.png,r05772356t.png,20.87030088,0.8043211,0.369476855
blur_r1p0_a1p0,1,1,r05839451t.png,r05839451t.png,28.61257966,0.8770966,0.182797775
blur_r1p0_a1p0,1,1,r0589558at.png,r0589558at.png,25.71343735,0.84861565,0.291941553
blur_r1p0_a1p0,1,1,r0603031et.png,r0603031et.png,23.14270224,0.7735531,0.373521596
blur_r1p0_a1p0,1,1,r068812d7t.png,r068812d7t.png,21.28484808,0.83883315,0.247252882
blur_r1p0_a1p0,1,1,r0703243bt.png,r0703243bt.png,25.33921726,0.75476074,0.388720453
blur_r1p0_a1p0,1,1,r0708431at.png,r0708431at.png,27.17971543,0.8071761,0.264218807
blur_r1p0_a1p0,1,1,r072421a1t.png,r072421a1t.png,22.08982658,0.92956525,0.142090604
blur_r1p0_a1p0,1,1,r072649fdt.png,r072649fdt.png,25.92266572,0.87372357,0.271180868
blur_r1p0_a1p0,1,1,r07598392t.png,r07598392t.png,23.38037484,0.858861,0.256149769
blur_r1p0_a1p0,1,1,r0773471dt.png,r0773471dt.png,23.90658878,0.7298222,0.389901638
blur_r1p0_a1p0,1,1,r077507cat.png,r077507cat.png,19.0300611,0.7933429,0.325030982
blur_r1p0_a1p0,1,1,r08079988t.png,r08079988t.png,22.38174752,0.8297871,0.313916177
blur_r1p0_a1p0,1,1,r0809811bt.png,r0809811bt.png,27.42618816,0.81551,0.377486557
blur_r1p0_a1p0,1,1,r082626aft.png,r082626aft.png,19.57436936,0.7470873,0.315607935
blur_r1p0_a1p0,1,1,r084889d5t.png,r084889d5t.png,17.89159434,0.8688841,0.241483182
blur_r1p0_a1p0,1,1,r08788547t.png,r08788547t.png,21.69176162,0.7886918,0.332707286
blur_r1p0_a1p0,1,1,r08873591t.png,r08873591t.png,28.31564647,0.90656155,0.176344007
blur_r1p0_a1p0,1,1,r08996953t.png,r08996953t.png,27.3123618,0.9089684,0.188731238
blur_r1p0_a1p0,1,1,r0905697bt.png,r0905697bt.png,22.04114852,0.9367052,0.146199778
blur_r1p0_a1p0,1,1,r09245347t.png,r09245347t.png,25.02572579,0.7752843,0.320823908
blur_r1p0_a1p0,1,1,r09445479t.png,r09445479t.png,24.5318661,0.88575864,0.26996088
blur_r1p0_a1p0,1,1,r09670876t.png,r09670876t.png,27.56888246,0.8656912,0.197823778
blur_r1p0_a1p0,1,1,r096982ddt.png,r096982ddt.png,22.42321526,0.9040802,0.191199899
blur_r1p0_a1p0,1,1,r097088c1t.png,r097088c1t.png,25.56149133,0.8355732,0.28468886
blur_r1p0_a1p0,1,1,r097555c4t.png,r097555c4t.png,22.74457341,0.8838101,0.222930938
blur_r1p0_a1p0,1,1,r104153eat.png,r104153eat.png,17.5228085,0.9280146,0.143099099
blur_r1p0_a1p0,1,1,r107730b5t.png,r107730b5t.png,26.43367196,0.86278564,0.295172274
blur_r1p0_a1p0,1,1,r108301e3t.png,r108301e3t.png,24.53352606,0.799644,0.353933841
blur_r1p0_a1p0,1,1,r10893508t.png,r10893508t.png,22.62144955,0.75451064,0.370704323
blur_r1p0_a1p0,1,1,r10940798t.png,r10940798t.png,30.00997988,0.8956332,0.238734007
blur_r1p0_a1p0,1,1,r113402d4t.png,r113402d4t.png,23.98291658,0.85582966,0.247302949
blur_r1p0_a1p0,1,1,r1148801et.png,r1148801et.png,26.64044525,0.8777967,0.243094623
blur_r1p0_a1p0,1,1,r116825e2t.png,r116825e2t.png,24.82393239,0.8538749,0.252873123
blur_r1p0_a1p0,1,1,r11850456t.png,r11850456t.png,25.13497923,0.829642,0.28821823
blur_r1p0_a1p0,1,1,r12133015t.png,r12133015t.png,24.46194338,0.8097535,0.337763876
blur_r1p0_a1p0,1,1,r125034a9t.png,r125034a9t.png,24.82204952,0.88013315,0.248003185
blur_r1p0_a1p0,1,1,r125442fat.png,r125442fat.png,21.95512834,0.8399672,0.325755894
blur_r1p0_a1p0,1,1,r127608abt.png,r127608abt.png,18.87692989,0.7145326,0.353466421
blur_r1p0_a1p0,1,1,r12946364t.png,r12946364t.png,22.81114237,0.92727095,0.149102435
blur_r1p0_a1p0,1,1,r1301676dt.png,r1301676dt.png,17.60483876,0.7597573,0.283138186
blur_r1p0_a1p0,1,1,r13073518t.png,r13073518t.png,23.92473559,0.7915991,0.32345894
blur_r1p0_a1p0,1,1,r1372056ct.png,r1372056ct.png,22.0794667,0.7887357,0.372508943
blur_r1p0_a1p0,1,1,r13837601t.png,r13837601t.png,15.2908646,0.8248663,0.277265549
blur_r1p0_a1p0,1,1,r13907965t.png,r13907965t.png,20.62564294,0.87906784,0.229272544
blur_r1p0_a1p0,1,1,r13928401t.png,r13928401t.png,18.27158118,0.7725885,0.232073188
blur_r1p0_a1p0,1,1,r141665bdt.png,r141665bdt.png,24.07004043,0.85870695,0.219697386
blur_r1p0_a1p0,1,1,r141669e5t.png,r141669e5t.png,22.06592256,0.685906,0.405051887
blur_r1p0_a1p0,1,1,r1419078bt.png,r1419078bt.png,25.84120787,0.78246117,0.32877025
blur_r1p0_a1p0,1,1,r142335f0t.png,r142335f0t.png,18.8777022,0.82209396,0.344830215
blur_r1p0_a1p0,1,1,r142787e2t.png,r142787e2t.png,26.31784743,0.91128254,0.176798329
blur_r1p0_a1p0,1,1,r14289905t.png,r14289905t.png,25.33455802,0.80307215,0.216385365
blur_r1p0_a1p0,1,1,r145215fft.png,r145215fft.png,22.46808913,0.72682565,0.489058256
blur_r1p0_a1p0,1,1,r145221d9t.png,r145221d9t.png,19.41448528,0.7465649,0.443827987
blur_r1p0_a1p0,1,1,r146771d7t.png,r146771d7t.png,24.21987368,0.85245174,0.160733849
blur_r1p0_a1p0,1,1,r150058a4t.png,r150058a4t.png,17.55074228,0.8102415,0.341940254
blur_r1p0_a1p0,1,1,r15885978t.png,r15885978t.png,26.1236231,0.8861435,0.287051648
blur_r1p0_a1p0,1,1,r15919202t.png,r15919202t.png,20.56672661,0.8321578,0.372075737
blur_r1p0_a1p0,1,1,r1602555bt.png,r1602555bt.png,22.04088719,0.8569386,0.23481974
blur_r1p0_a1p0,1,1,r163317d6t.png,r163317d6t.png,23.9490478,0.8550844,0.265013814
blur_r1p0_a1p0,1,1,r163967d4t.png,r163967d4t.png,22.93876192,0.8586127,0.209328905
blur_r1p0_a1p0,1,1,r16422663t.png,r16422663t.png,23.62785034,0.94653827,0.155815154
blur_r1p0_a1p0,1,1,r16509308t.png,r16509308t.png,18.97490889,0.88077575,0.169675693
blur_r1p0_a1p0,1,1,r165355c0t.png,r165355c0t.png,26.48487784,0.88512826,0.232128963
blur_r1p0_a1p0,1,1,r16654024t.png,r16654024t.png,22.64500646,0.8496835,0.129012957
blur_r1p0_a1p0,1,1,r1683028at.png,r1683028at.png,16.25700217,0.77984357,0.282650441
blur_r1p0_a1p0,1,1,r1694427et.png,r1694427et.png,12.72263564,0.8495419,0.199447766
blur_r1p0_a1p0,1,1,r170632f5t.png,r170632f5t.png,21.75639,0.72016764,0.448407859
blur_r1p0_a1p0,1,1,r17217693t.png,r17217693t.png,22.6475343,0.6645362,0.419478059
blur_r1p0_a1p0,1,1,r181768b7t.png,r181768b7t.png,17.05433557,0.82137996,0.285193592
blur_r1p0_a1p0,1,1,r1824034et.png,r1824034et.png,21.66461274,0.8507836,0.226162702
blur_r1p0_a1p0,1,1,r185929e9t.png,r185929e9t.png,17.88812624,0.7751042,0.493183017
blur_r1p0_a1p0,1,1,r18791531t.png,r18791531t.png,21.68460482,0.7772138,0.388202071
blur_r1p0_a1p0,1,1,r18798194t.png,r18798194t.png,22.49416418,0.81175464,0.295210898
blur_r1p0_a1p0,1,1,r1889220ft.png,r1889220ft.png,23.46376122,0.8488863,0.187102705
blur_r1p0_a1p0,1,1,r18990432t.png,r18990432t.png,25.4476771,0.91212577,0.187530383
blur_r1p0_a1p0,1,1,r1904147dt.png,r1904147dt.png,23.74449618,0.8987723,0.206556946
blur_r1p0_a1p0,1,1,r191488c6t.png,r191488c6t.png,26.40100472,0.96132225,0.140158534
blur_r1p0_a1p0,1,1,r1915909et.png,r1915909et.png,25.45501976,0.83179873,0.353005439
blur_r1p0_a1p0,1,1,r19183258t.png,r19183258t.png,17.59638996,0.84043366,0.243230253
blur_r1p0_a1p0,1,1,r197770adt.png,r197770adt.png,23.42632546,0.70148116,0.470329344
blur_r1p5_a1p0,1.5,1,r00816405t.png,r00816405t.png,19.99010772,0.5729714,0.528539002
blur_r1p5_a1p0,1.5,1,r00869422t.png,r00869422t.png,18.66265115,0.5972028,0.41117689
blur_r1p5_a1p0,1.5,1,r00879054t.png,r00879054t.png,22.22779146,0.7969474,0.364593863
blur_r1p5_a1p0,1.5,1,r01058910t.png,r01058910t.png,12.77894688,0.76253176,0.431290984
blur_r1p5_a1p0,1.5,1,r01170470t.png,r01170470t.png,24.84465416,0.7822072,0.36114639
blur_r1p5_a1p0,1.5,1,r01474187t.png,r01474187t.png,19.70107236,0.5590118,0.583880067
blur_r1p5_a1p0,1.5,1,r0150031ft.png,r0150031ft.png,20.78328499,0.7588434,0.361685187
blur_r1p5_a1p0,1.5,1,r01559391t.png,r01559391t.png,16.9470715,0.6016886,0.533107817
blur_r1p5_a1p0,1.5,1,r02189767t.png,r02189767t.png,22.54009181,0.7229159,0.453138143
blur_r1p5_a1p0,1.5,1,r02354285t.png,r02354285t.png,24.79804636,0.6946669,0.457937151
blur_r1p5_a1p0,1.5,1,r02508493t.png,r02508493t.png,23.38908373,0.7451232,0.517556667
blur_r1p5_a1p0,1.5,1,r0287344at.png,r0287344at.png,22.59996047,0.7270684,0.455637664
blur_r1p5_a1p0,1.5,1,r02897203t.png,r02897203t.png,26.26222469,0.73976994,0.414572686
blur_r1p5_a1p0,1.5,1,r03193652t.png,r03193652t.png,19.03863818,0.80329794,0.302665442
blur_r1p5_a1p0,1.5,1,r0341853dt.png,r0341853dt.png,20.69575616,0.7488714,0.471747875
blur_r1p5_a1p0,1.5,1,r0372042dt.png,r0372042dt.png,26.16789805,0.89533406,0.231719717
blur_r1p5_a1p0,1.5,1,r04317453t.png,r04317453t.png,23.76149549,0.8422416,0.359755069
blur_r1p5_a1p0,1.5,1,r0465565ct.png,r0465565ct.png,23.24345851,0.66362995,0.506743431
blur_r1p5_a1p0,1.5,1,r05243256t.png,r05243256t.png,20.50506739,0.71821314,0.410830528
blur_r1p5_a1p0,1.5,1,r05772356t.png,r05772356t.png,20.30908678,0.6897691,0.522351921
blur_r1p5_a1p0,1.5,1,r05839451t.png,r05839451t.png,27.31844668,0.8065662,0.302336037
blur_r1p5_a1p0,1.5,1,r0589558at.png,r0589558at.png,24.33950731,0.75099486,0.443985939
blur_r1p5_a1p0,1.5,1,r0603031et.png,r0603031et.png,22.39771882,0.6809075,0.531867921
blur_r1p5_a1p0,1.5,1,r068812d7t.png,r068812d7t.png,20.82008809,0.78208274,0.359541386
blur_r1p5_a1p0,1.5,1,r0703243bt.png,r0703243bt.png,23.44167012,0.59047484,0.568123698
blur_r1p5_a1p0,1.5,1,r0708431at.png,r0708431at.png,25.17657258,0.6780338,0.423500985
blur_r1p5_a1p0,1.5,1,r072421a1t.png,r072421a1t.png,22.02013257,0.92001134,0.203406185
blur_r1p5_a1p0,1.5,1,r072649fdt.png,r072649fdt.png,24.25563753,0.7834285,0.417117894
blur_r1p5_a1p0,1.5,1,r07598392t.png,r07598392t.png,22.59848478,0.80092573,0.379326493
blur_r1p5_a1p0,1.5,1,r0773471dt.png,r0773471dt.png,23.32297457,0.60303766,0.540382326
blur_r1p5_a1p0,1.5,1,r077507cat.png,r077507cat.png,18.48155836,0.69277215,0.469576478
blur_r1p5_a1p0,1.5,1,r08079988t.png,r08079988t.png,21.60121407,0.71409875,0.471347988
blur_r1p5_a1p0,1.5,1,r0809811bt.png,r0809811bt.png,26.54115421,0.7471921,0.514555216
blur_r1p5_a1p0,1.5,1,r082626aft.png,r082626aft.png,19.20854418,0.6808612,0.43621552
blur_r1p5_a1p0,1.5,1,r084889d5t.png,r084889d5t.png,17.88874114,0.82126015,0.314864308
blur_r1p5_a1p0,1.5,1,r08788547t.png,r08788547t.png,20.60146228,0.6811032,0.473699629
blur_r1p5_a1p0,1.5,1,r08873591t.png,r08873591t.png,26.61343391,0.8694467,0.299850017
blur_r1p5_a1p0,1.5,1,r08996953t.png,r08996953t.png,26.04008554,0.8424551,0.306772709
blur_r1p5_a1p0,1.5,1,r0905697bt.png,r0905697bt.png,22.00767835,0.9139488,0.245939106
blur_r1p5_a1p0,1.5,1,r09245347t.png,r09245347t.png,23.7317627,0.6846731,0.476559937
blur_r1p5_a1p0,1.5,1,r09445479t.png,r09445479t.png,23.24644123,0.80361414,0.415322602
blur_r1p5_a1p0,1.5,1,r09670876t.png,r09670876t.png,25.73900612,0.7764111,0.302438527
blur_r1p5_a1p0,1.5,1,r096982ddt.png,r096982ddt.png,22.09078794,0.85017204,0.290299118
blur_r1p5_a1p0,1.5,1,r097088c1t.png,r097088c1t.png,23.468271,0.7201853,0.429457843
blur_r1p5_a1p0,1.5,1,r097555c4t.png,r097555c4t.png,22.08986249,0.8018887,0.365476072
blur_r1p5_a1p0,1.5,1,r104153eat.png,r104153eat.png,17.46434093,0.91519076,0.21944052
blur_r1p5_a1p0,1.5,1,r107730b5t.png,r107730b5t.png,24.43226776,0.7605252,0.455849916
blur_r1p5_a1p0,1.5,1,r108301e3t.png,r108301e3t.png,22.42788901,0.66871303,0.499989688
blur_r1p5_a1p0,1.5,1,r10893508t.png,r10893508t.png,21.44735002,0.65263337,0.531113684
blur_r1p5_a1p0,1.5,1,r10940798t.png,r10940798t.png,28.84099771,0.84449464,0.36315462
blur_r1p5_a1p0,1.5,1,r113402d4t.png,r113402d4t.png,23.17652477,0.78597134,0.370962828
blur_r1p5_a1p0,1.5,1,r1148801et.png,r1148801et.png,25.18969072,0.8319788,0.349107325
blur_r1p5_a1p0,1.5,1,r116825e2t.png,r116825e2t.png,23.21663683,0.74766517,0.387444139
blur_r1p5_a1p0,1.5,1,r11850456t.png,r11850456t.png,23.68094844,0.7246065,0.417574733
blur_r1p5_a1p0,1.5,1,r12133015t.png,r12133015t.png,22.7307138,0.70361537,0.497907728
blur_r1p5_a1p0,1.5,1,r125034a9t.png,r125034a9t.png,23.32233694,0.79161453,0.389610469
blur_r1p5_a1p0,1.5,1,r125442fat.png,r125442fat.png,20.57623395,0.71341735,0.47906214
blur_r1p5_a1p0,1.5,1,r127608abt.png,r127608abt.png,18.46736132,0.6323869,0.481527954
blur_r1p5_a1p0,1.5,1,r12946364t.png,r12946364t.png,22.40598611,0.8875167,0.230365604
blur_r1p5_a1p0,1.5,1,r1301676dt.png,r1301676dt.png,17.44562106,0.7172909,0.409489065
blur_r1p5_a1p0,1.5,1,r13073518t.png,r13073518t.png,22.09851467,0.6617899,0.464813441
blur_r1p5_a1p0,1.5,1,r1372056ct.png,r1372056ct.png,21.58770238,0.69435996,0.518679023
blur_r1p5_a1p0,1.5,1,r13837601t.png,r13837601t.png,15.19897752,0.794085,0.36785841
blur_r1p5_a1p0,1.5,1,r13907965t.png,r13907965t.png,19.95208866,0.81110936,0.33292675
blur_r1p5_a1p0,1.5,1,r13928401t.png,r13928401t.png,17.49023553,0.6057875,0.38907057
blur_r1p5_a1p0,1.5,1,r141665bdt.png,r141665bdt.png,22.82101735,0.78978777,0.326984733
blur_r1p5_a1p0,1.5,1,r141669e5t.png,r141669e5t.png,21.15473082,0.638475,0.530996859
blur_r1p5_a1p0,1.5,1,r1419078bt.png,r1419078bt.png,23.9901409,0.67386675,0.46661213
blur_r1p5_a1p0,1.5,1,r142335f0t.png,r142335f0t.png,18.7517514,0.7253668,0.476848453
blur_r1p5_a1p0,1.5,1,r142787e2t.png,r142787e2t.png,24.88782214,0.8393827,0.307243049
blur_r1p5_a1p0,1.5,1,r14289905t.png,r14289905t.png,24.28852085,0.71263856,0.357446462
blur_r1p5_a1p0,1.5,1,r145215fft.png,r145215fft.png,20.29633651,0.4957417,0.655159414
blur_r1p5_a1p0,1.5,1,r145221d9t.png,r145221d9t.png,18.50883185,0.6062322,0.591805398
blur_r1p5_a1p0,1.5,1,r146771d7t.png,r146771d7t.png,23.41374524,0.80701727,0.260262877
blur_r1p5_a1p0,1.5,1,r150058a4t.png,r150058a4t.png,17.44569618,0.731723,0.483710855
blur_r1p5_a1p0,1.5,1,r15885978t.png,r15885978t.png,25.46309139,0.8356964,0.422830701
blur_r1p5_a1p0,1.5,1,r15919202t.png,r15919202t.png,19.88684154,0.7172863,0.525535107
blur_r1p5_a1p0,1.5,1,r1602555bt.png,r1602555bt.png,21.62133022,0.78351545,0.342238098
blur_r1p5_a1p0,1.5,1,r163317d6t.png,r163317d6t.png,23.38729997,0.7760319,0.394681275
blur_r1p5_a1p0,1.5,1,r163967d4t.png,r163967d4t.png,22.05118488,0.78770584,0.318722427
blur_r1p5_a1p0,1.5,1,r16422663t.png,r16422663t.png,23.00510914,0.9198448,0.229255617
blur_r1p5_a1p0,1.5,1,r16509308t.png,r16509308t.png,18.88165798,0.8352706,0.246127665
blur_r1p5_a1p0,1.5,1,r165355c0t.png,r165355c0t.png,25.43338254,0.8088331,0.360392243
blur_r1p5_a1p0,1.5,1,r16654024t.png,r16654024t.png,21.92777446,0.79772687,0.21354413
blur_r1p5_a1p0,1.5,1,r1683028at.png,r1683028at.png,16.2204244,0.72916955,0.405377805
blur_r1p5_a1p0,1.5,1,r1694427et.png,r1694427et.png,12.71698038,0.8391554,0.256744772
blur_r1p5_a1p0,1.5,1,r170632f5t.png,r170632f5t.png,20.42195034,0.58263874,0.609746695
blur_r1p5_a1p0,1.5,1,r17217693t.png,r17217693t.png,21.65279284,0.54649675,0.561012745
blur_r1p5_a1p0,1.5,1,r181768b7t.png,r181768b7t.png,16.81777167,0.71855253,0.4534311
blur_r1p5_a1p0,1.5,1,r1824034et.png,r1824034et.png,20.83005948,0.7474999,0.358503252
blur_r1p5_a1p0,1.5,1,r185929e9t.png,r185929e9t.png,17.01391994,0.62162745,0.605770171
blur_r1p5_a1p0,1.5,1,r18791531t.png,r18791531t.png,20.6235593,0.6761315,0.557603061
blur_r1p5_a1p0,1.5,1,r18798194t.png,r18798194t.png,21.60646125,0.70257837,0.427238226
blur_r1p5_a1p0,1.5,1,r1889220ft.png,r1889220ft.png,23.37857543,0.77801394,0.30171144
blur_r1p5_a1p0,1.5,1,r18990432t.png,r18990432t.png,23.89415016,0.8571346,0.322228849
blur_r1p5_a1p0,1.5,1,r1904147dt.png,r1904147dt.png,23.05084663,0.8371594,0.325954735
blur_r1p5_a1p0,1.5,1,r191488c6t.png,r191488c6t.png,26.30400102,0.9310128,0.229630649
blur_r1p5_a1p0,1.5,1,r1915909et.png,r1915909et.png,23.73819374,0.7128734,0.497759193
blur_r1p5_a1p0,1.5,1,r19183258t.png,r19183258t.png,17.34368358,0.76307917,0.349672079
blur_r1p5_a1p0,1.5,1,r197770adt.png,r197770adt.png,22.0736989,0.58939654,0.615370452
blur_r2p0_a1p0,2,1,r00816405t.png,r00816405t.png,19.44330308,0.47302282,0.635617852
blur_r2p0_a1p0,2,1,r00869422t.png,r00869422t.png,18.48306074,0.5275776,0.505094945
blur_r2p0_a1p0,2,1,r00879054t.png,r00879054t.png,22.04273938,0.75742596,0.42548877
blur_r2p0_a1p0,2,1,r01058910t.png,r01058910t.png,12.75441644,0.71390814,0.522598445
blur_r2p0_a1p0,2,1,r01170470t.png,r01170470t.png,24.01428288,0.7284666,0.434901208
blur_r2p0_a1p0,2,1,r01474187t.png,r01474187t.png,19.11824971,0.44887725,0.671431422
blur_r2p0_a1p0,2,1,r0150031ft.png,r0150031ft.png,20.20612195,0.71191245,0.420857966
blur_r2p0_a1p0,2,1,r01559391t.png,r01559391t.png,16.84237225,0.5572471,0.62020582
blur_r2p0_a1p0,2,1,r02189767t.png,r02189767t.png,21.7416796,0.6724184,0.529951811
blur_r2p0_a1p0,2,1,r02354285t.png,r02354285t.png,24.2144683,0.6433258,0.546471238
blur_r2p0_a1p0,2,1,r02508493t.png,r02508493t.png,22.86460051,0.6718686,0.623089075
blur_r2p0_a1p0,2,1,r0287344at.png,r0287344at.png,21.20235039,0.63959724,0.574440598
blur_r2p0_a1p0,2,1,r02897203t.png,r02897203t.png,25.52268636,0.6733889,0.486417115
blur_r2p0_a1p0,2,1,r03193652t.png,r03193652t.png,18.82876635,0.76597613,0.371904939
blur_r2p0_a1p0,2,1,r0341853dt.png,r0341853dt.png,20.45850321,0.6770417,0.573883176
blur_r2p0_a1p0,2,1,r0372042dt.png,r0372042dt.png,25.6512801,0.86974734,0.292902559
blur_r2p0_a1p0,2,1,r04317453t.png,r04317453t.png,23.34969341,0.8012395,0.441317111
blur_r2p0_a1p0,2,1,r0465565ct.png,r0465565ct.png,22.34189194,0.5822501,0.586491585
blur_r2p0_a1p0,2,1,r05243256t.png,r05243256t.png,20.20234127,0.6309205,0.508366108
blur_r2p0_a1p0,2,1,r05772356t.png,r05772356t.png,19.92407444,0.6197,0.624164283
blur_r2p0_a1p0,2,1,r05839451t.png,r05839451t.png,26.55670021,0.75901204,0.37738812
blur_r2p0_a1p0,2,1,r0589558at.png,r0589558at.png,23.56110182,0.6773923,0.554467559
blur_r2p0_a1p0,2,1,r0603031et.png,r0603031et.png,21.82677141,0.6125056,0.629349232
blur_r2p0_a1p0,2,1,r068812d7t.png,r068812d7t.png,20.58121612,0.74262816,0.437808335
blur_r2p0_a1p0,2,1,r0703243bt.png,r0703243bt.png,22.57951112,0.4892099,0.672664642
blur_r2p0_a1p0,2,1,r0708431at.png,r0708431at.png,24.13537432,0.5878758,0.525519133
blur_r2p0_a1p0,2,1,r072421a1t.png,r072421a1t.png,21.84560169,0.90255374,0.259457469
blur_r2p0_a1p0,2,1,r072649fdt.png,r072649fdt.png,23.27868992,0.7131012,0.508469939
blur_r2p0_a1p0,2,1,r07598392t.png,r07598392t.png,22.07787486,0.7608034,0.445586264
blur_r2p0_a1p0,2,1,r0773471dt.png,r0773471dt.png,22.89502886,0.5252366,0.659461558
blur_r2p0_a1p0,2,1,r077507cat.png,r077507cat.png,18.16526275,0.6210113,0.567404926
blur_r2p0_a1p0,2,1,r08079988t.png,r08079988t.png,21.21372234,0.639321,0.584731579
blur_r2p0_a1p0,2,1,r0809811bt.png,r0809811bt.png,25.90400252,0.6966831,0.605491042
blur_r2p0_a1p0,2,1,r082626aft.png,r082626aft.png,18.84542987,0.6251294,0.521401048
blur_r2p0_a1p0,2,1,r084889d5t.png,r084889d5t.png,17.81266975,0.78340244,0.367603302
blur_r2p0_a1p0,2,1,r08788547t.png,r08788547t.png,20.0086384,0.61573356,0.566166162
blur_r2p0_a1p0,2,1,r08873591t.png,r08873591t.png,25.47087812,0.83269674,0.393267632
blur_r2p0_a1p0,2,1,r08996953t.png,r08996953t.png,25.32127577,0.7939369,0.3925381
blur_r2p0_a1p0,2,1,r0905697bt.png,r0905697bt.png,21.90439642,0.89309,0.317265898
blur_r2p0_a1p0,2,1,r09245347t.png,r09245347t.png,22.96761582,0.6229551,0.566515684
blur_r2p0_a1p0,2,1,r09445479t.png,r09445479t.png,22.35819473,0.744744,0.504647553
blur_r2p0_a1p0,2,1,r09670876t.png,r09670876t.png,24.86918669,0.72442204,0.376566112
blur_r2p0_a1p0,2,1,r096982ddt.png,r096982ddt.png,21.91729045,0.8147259,0.346369922
blur_r2p0_a1p0,2,1,r097088c1t.png,r097088c1t.png,22.43562904,0.63830894,0.536072493
blur_r2p0_a1p0,2,1,r097555c4t.png,r097555c4t.png,21.72852398,0.7409172,0.465258241
blur_r2p0_a1p0,2,1,r104153eat.png,r104153eat.png,17.44845614,0.90304375,0.273361415
blur_r2p0_a1p0,2,1,r107730b5t.png,r107730b5t.png,23.4792162,0.6896153,0.562302232
blur_r2p0_a1p0,2,1,r108301e3t.png,r108301e3t.png,21.34717472,0.5790127,0.598422468
blur_r2p0_a1p0,2,1,r10893508t.png,r10893508t.png,20.83843586,0.5927869,0.608727217
blur_r2p0_a1p0,2,1,r10940798t.png,r10940798t.png,28.10667328,0.80701596,0.446277916
blur_r2p0_a1p0,2,1,r113402d4t.png,r113402d4t.png,22.57032236,0.735158,0.448379129
blur_r2p0_a1p0,2,1,r1148801et.png,r1148801et.png,24.3150646,0.79537106,0.425352782
blur_r2p0_a1p0,2,1,r116825e2t.png,r116825e2t.png,22.37573564,0.6730836,0.478514045
blur_r2p0_a1p0,2,1,r11850456t.png,r11850456t.png,22.87120724,0.65657145,0.51417917
blur_r2p0_a1p0,2,1,r12133015t.png,r12133015t.png,21.90046797,0.6402573,0.589954138
blur_r2p0_a1p0,2,1,r125034a9t.png,r125034a9t.png,22.35310749,0.713759,0.492301702
blur_r2p0_a1p0,2,1,r125442fat.png,r125442fat.png,19.80253721,0.62040573,0.584076822
blur_r2p0_a1p0,2,1,r127608abt.png,r127608abt.png,18.26306705,0.580964,0.568149984
blur_r2p0_a1p0,2,1,r12946364t.png,r12946364t.png,22.19783806,0.86100703,0.287437856
blur_r2p0_a1p0,2,1,r1301676dt.png,r1301676dt.png,17.22710723,0.6760295,0.496633768
blur_r2p0_a1p0,2,1,r13073518t.png,r13073518t.png,21.18284012,0.57722855,0.560521245
blur_r2p0_a1p0,2,1,r1372056ct.png,r1372056ct.png,21.20265079,0.629973,0.615170121
blur_r2p0_a1p0,2,1,r13837601t.png,r13837601t.png,15.15460073,0.76898104,0.419998974
blur_r2p0_a1p0,2,1,r13907965t.png,r13907965t.png,19.46516198,0.7617235,0.40460375
blur_r2p0_a1p0,2,1,r13928401t.png,r13928401t.png,17.03834806,0.49534276,0.489263505
blur_r2p0_a1p0,2,1,r141665bdt.png,r141665bdt.png,22.07950008,0.74541324,0.386161715
blur_r2p0_a1p0,2,1,r141669e5t.png,r141669e5t.png,20.57186784,0.6005452,0.610645533
blur_r2p0_a1p0,2,1,r1419078bt.png,r1419078bt.png,22.98096898,0.599469,0.555352807
blur_r2p0_a1p0,2,1,r142335f0t.png,r142335f0t.png,18.56464629,0.65349907,0.566255391
blur_r2p0_a1p0,2,1,r142787e2t.png,r142787e2t.png,24.06024794,0.7851162,0.396447718
blur_r2p0_a1p0,2,1,r14289905t.png,r14289905t.png,23.5323224,0.64619976,0.448025882
blur_r2p0_a1p0,2,1,r145215fft.png,r145215fft.png,19.47558607,0.3665355,0.732950509
blur_r2p0_a1p0,2,1,r145221d9t.png,r145221d9t.png,18.04680342,0.51674557,0.697473288
blur_r2p0_a1p0,2,1,r146771d7t.png,r146771d7t.png,22.83961787,0.77652,0.314118028
blur_r2p0_a1p0,2,1,r150058a4t.png,r150058a4t.png,17.30758083,0.6797343,0.569412351
blur_r2p0_a1p0,2,1,r15885978t.png,r15885978t.png,25.0951097,0.79587287,0.510753036
blur_r2p0_a1p0,2,1,r15919202t.png,r15919202t.png,19.52854365,0.6355377,0.631674767
blur_r2p0_a1p0,2,1,r1602555bt.png,r1602555bt.png,21.23908966,0.7304639,0.413969994
blur_r2p0_a1p0,2,1,r163317d6t.png,r163317d6t.png,22.89945254,0.7191203,0.478078514
blur_r2p0_a1p0,2,1,r163967d4t.png,r163967d4t.png,21.60068554,0.7440798,0.385198981
blur_r2p0_a1p0,2,1,r16422663t.png,r16422663t.png,22.51135313,0.89757794,0.27480188
blur_r2p0_a1p0,2,1,r16509308t.png,r16509308t.png,18.74579204,0.79756206,0.306427449
blur_r2p0_a1p0,2,1,r165355c0t.png,r165355c0t.png,24.8610065,0.7543891,0.445591867
blur_r2p0_a1p0,2,1,r16654024t.png,r16654024t.png,21.43777645,0.7501085,0.279783815
blur_r2p0_a1p0,2,1,r1683028at.png,r1683028at.png,16.13740498,0.68412185,0.491511524
blur_r2p0_a1p0,2,1,r1694427et.png,r1694427et.png,12.71884766,0.83121413,0.288630962
blur_r2p0_a1p0,2,1,r170632f5t.png,r170632f5t.png,19.70690021,0.49773586,0.699685872
blur_r2p0_a1p0,2,1,r17217693t.png,r17217693t.png,21.02678893,0.47196326,0.666510224
blur_r2p0_a1p0,2,1,r181768b7t.png,r181768b7t.png,16.70703865,0.63773936,0.558868587
blur_r2p0_a1p0,2,1,r1824034et.png,r1824034et.png,20.2652528,0.67667276,0.451632023
blur_r2p0_a1p0,2,1,r185929e9t.png,r185929e9t.png,16.40966172,0.5031896,0.700889647
blur_r2p0_a1p0,2,1,r18791531t.png,r18791531t.png,20.05704868,0.6095389,0.65246433
blur_r2p0_a1p0,2,1,r18798194t.png,r18798194t.png,21.10368891,0.6383226,0.507141948
blur_r2p0_a1p0,2,1,r1889220ft.png,r1889220ft.png,23.23084804,0.7215865,0.39674899
blur_r2p0_a1p0,2,1,r18990432t.png,r18990432t.png,22.91556002,0.80911165,0.403806269
blur_r2p0_a1p0,2,1,r1904147dt.png,r1904147dt.png,22.66464569,0.7939214,0.399375916
blur_r2p0_a1p0,2,1,r191488c6t.png,r191488c6t.png,26.14402895,0.91002506,0.287917435
blur_r2p0_a1p0,2,1,r1915909et.png,r1915909et.png,22.8248629,0.62769437,0.586891294
blur_r2p0_a1p0,2,1,r19183258t.png,r19183258t.png,17.20867052,0.7142938,0.416750222
blur_r2p0_a1p0,2,1,r197770adt.png,r197770adt.png,21.32034626,0.5123043,0.713311195
