Loss_Variant,Epoch,Train_Loss,Val_Loss,Val_PSNR,Val_SSIM,Time,recon,ssim,edge,wav,base,illum,col,oe,total
full,1,0.2197618003873551,0.2242880202829837,16.999483998616537,0.7058164596557617,91.510516166687,0.1228423870367105,0.2943088607709916,0.0156312737629184,0.1177320929824328,0.180179838091135,0.0103864432770575,0.2853029310458996,8.362291651226313e-07,0.2197618003873551
full,2,0.1812202477919273,,,,91.5029661655426,0.1034431547598272,0.2410981791918395,0.0136105698670764,0.1013311643886273,0.1337225329680521,0.012448918379721,0.2542458052029375,7.241631407826344e-07,0.1812202477919273
full,3,0.1697435217191938,,,,91.5401966571808,0.099321735289986,0.2277487936567087,0.0129729383739597,0.0978771828298197,0.1094286158131282,0.0130541521643639,0.2425290252097317,1.109878677061914e-06,0.1697435217191938
full,4,0.1634444370255118,,,,91.48473525047302,0.0963987806414971,0.2206474063826389,0.0126379443805848,0.0951462058869541,0.0999592208593595,0.01266952208625,0.2349766029930505,1.118155612274914e-06,0.1634444370255118
full,5,0.1619897048737182,0.1681781150400638,19.31264190673828,0.7670691808064779,91.52354621887208,0.0962003552217464,0.2161200442275063,0.0123963198609283,0.0949333842049856,0.0967725177341308,0.0123832382673977,0.2405840656796439,1.2839873188435182e-06,0.1619897048737182
full,6,0.1566521836230989,,,,91.43228793144226,0.0930140249308992,0.208815083151958,0.0120550650553625,0.0920154109108643,0.0936414952099811,0.0117761838539946,0.2340751031383139,1.3085753943598469e-06,0.1566521836230989
full,7,0.1508439175296025,,,,91.30928993225098,0.0895800647310546,0.1997473542807532,0.0116813575093191,0.0891068552116878,0.0902163773530819,0.0113457674007923,0.2319091736781792,1.3623987148555014e-06,0.1508439175296025
full,8,0.1506464254782825,,,,91.6178662776947,0.089895953531148,0.19698109587685,0.0115143770932174,0.0893002516116763,0.0901006522481558,0.011197100286601,0.2283828020340106,1.4345151763334106e-06,0.1506464254782825
full,9,0.1463504357904684,,,,91.86212491989136,0.0873473126013748,0.1907136625930911,0.0113548162683356,0.0869707207149658,0.087533530153212,0.0105604858817074,0.225955814001013,1.3395806366680912e-06,0.1463504357904684
full,10,0.1450065720643176,0.1578844338655471,19.97233912150065,0.7782272656758626,91.74968767166138,0.0866324653024556,0.1877740680194292,0.0111358710106645,0.0863040970241437,0.087221178333046,0.0102622198421874,0.2240823837088756,1.4144474018372455e-06,0.1450065720643176
full,11,0.1404197516499972,,,,91.36277389526369,0.0836125789668227,0.1829894395148167,0.0110070666786832,0.0836171971969917,0.0843914940831114,0.0100723067222193,0.2217464962455093,1.3684829726097629e-06,0.1404197516499972
full,12,0.1425246082734866,,,,91.57511377334596,0.0852773897655186,0.1836971552645573,0.0109486796656531,0.0850947957913406,0.0855622104995074,0.0099028304150541,0.2216472231218072,1.419240373316651e-06,0.1425246082734866
full,13,0.1392690460579317,,,,91.46183609962463,0.0832937064534816,0.1792655870562694,0.0108020309641285,0.0833339146720092,0.083773200384906,0.0094318664709075,0.2184741792620205,1.4130861610238706e-06,0.1392690460579317
full,14,0.1394346255015154,,,,91.42331504821776,0.0834704605770892,0.1787096359690682,0.0107117835203277,0.083372456678113,0.0838858287964688,0.009492302969953,0.2207884331096391,1.4516172025779714e-06,0.1394346255015154
full,15,0.1359491052075487,0.1484146732836961,20.41775105794271,0.7912695407867432,91.43681049346924,0.0810808098768113,0.1754582109021358,0.0106564278439542,0.0813802549401756,0.0818464156301295,0.0092750397762741,0.2197511235221487,1.3739840674480711e-06,0.1359491052075487
full,16,0.1319015650842033,,,,91.38864517211914,0.0782643446668249,0.1729837778161783,0.0106056407704705,0.0790049468212928,0.0791814214259874,0.0092181781283961,0.2132610549814388,1.5986781791769464e-06,0.1319015650842033
full,17,0.1303169173417521,,,,91.6116247177124,0.0772721354590087,0.1710335690467084,0.0105287742411687,0.0781373254588393,0.077846620262402,0.0094828332629299,0.2142176440016168,1.960400605450756e-06,0.1303169173417521
full,18,0.1283595463047262,,,,91.4604823589325,0.07596162975323,0.1689629774601733,0.0104664212405742,0.0770477786904475,0.0767022234189217,0.0090697015803612,0.2150144136709268,1.782243161828823e-06,0.1283595463047262
full,19,0.1300430406556754,,,,91.57325053215028,0.0774099940098211,0.1688638197594001,0.0104273059558062,0.0780501043515615,0.0776713941795904,0.0091261688551147,0.2136851438611257,2.4297040274525143e-06,0.1300430406556754
full,20,0.1260265657586641,0.1586925145238638,19.794218444824217,0.797066847483317,91.44976234436037,0.0747021671201361,0.1650698873840394,0.0103039651017513,0.0757807219004044,0.0753857924251771,0.0093573174462272,0.2080248544817088,1.832013522856668e-06,0.1260265657586641
full,21,0.1246986460001742,,,,91.4070851802826,0.0738395157529682,0.1641920287100995,0.0101750102543012,0.0751365581680028,0.0743129078420947,0.0092577668532851,0.2053710426829877,2.765948277361208e-06,0.1246986460001742
full,22,0.12387159198034,,,,91.50345730781557,0.0732962438134385,0.1629960082593511,0.0101805502342701,0.0747143845455568,0.0739275585921084,0.0090411521234839,0.206547061011928,2.2544297022603715e-06,0.12387159198034
full,23,0.126268594541022,,,,91.40559411048888,0.0749937590578051,0.1650515809410908,0.010270161966442,0.0758670474112522,0.0752354751905945,0.0089284420990553,0.2086416500635811,2.271361715698333e-06,0.126268594541022
full,24,0.1201164373120323,,,,91.37587785720824,0.0706108955391606,0.1612668506434706,0.0102004233068313,0.0723780853460069,0.0711311191686841,0.0087195119522817,0.2045719644329587,1.9749252829574813e-06,0.1201164373120323
full,25,0.1181761182722498,0.1411068439483642,20.82319081624349,0.7980826377868653,91.40963411331175,0.0694087034732592,0.1585798449203616,0.0100370978661736,0.0712845660746097,0.0700736654097916,0.0088546543351573,0.2026343914817591,2.5151045395862966e-06,0.1181761182722498
full,26,0.1171316156377557,,,,91.44546341896056,0.0690373972088831,0.1558595934852225,0.0099051316367981,0.0708775382611106,0.0695441861133106,0.0087216742161172,0.1971607938042429,3.1694317284549414e-06,0.1171316156377557
full,27,0.1181137653403594,,,,91.36093425750732,0.0697565364544508,0.1561085532923213,0.0099432370816281,0.0714664904736593,0.0702472478151321,0.0087254695350029,0.1989478142779381,2.138991397450277e-06,0.1181137653403594
full,28,0.1160659990349754,,,,91.33993601799013,0.0682076209026281,0.1555713395603367,0.0098896312878512,0.0700798669494077,0.0688188329155816,0.0087536821126571,0.197885728028954,3.059423533330148e-06,0.1160659990349754
full,29,0.1168445745696787,,,,91.68623471260072,0.0686529817090171,0.1567210857985449,0.0099520650539608,0.0705769254413784,0.0692218406217508,0.0084865878099484,0.200817664627169,2.4162994226152782e-06,0.1168445745696787
full,30,0.1132547024209968,0.1459301132708788,20.50867462158203,0.7980832576751709,91.30671548843384,0.0662988746141801,0.1529704752515574,0.0098347019663721,0.0686012765728548,0.0668781093306473,0.0087394725958831,0.1977804984714164,2.853773282576704e-06,0.1132547024209968
full,31,0.1142180622478977,,,,91.30951023101808,0.0669918160152728,0.1543286804293022,0.0098902451897375,0.0690915444713147,0.0674713984376094,0.0082864171680307,0.1948940631185398,3.364283425267709e-06,0.1142180622478977
full,32,0.1128523459688561,,,,91.4278130531311,0.0662222185217943,0.1521492009280158,0.0097856220720549,0.0684305244720861,0.0667074248194694,0.0082775656454509,0.1920150376123483,3.280708788656098e-06,0.1128523459688561
full,33,0.1109476960951187,,,,91.53234219551086,0.064688698831396,0.1521424358008337,0.009756884762834,0.0671389593330563,0.065096869454032,0.0084727848307458,0.1940717877301036,3.8116062238414217e-06,0.1109476960951187
full,34,0.1095464784713065,,,,91.33447098731996,0.0639290014190263,0.1495478270483798,0.0096833300853117,0.0662884916804853,0.0644287392191711,0.0084595702832839,0.1917754966216009,3.2793819102264137e-06,0.1095464784713065
full,35,0.1091325770697144,0.1385749317705631,21.047708892822264,0.8088263193766276,91.45127701759338,0.0636614885975103,0.1497124609400014,0.009664892730471,0.0661861247031903,0.0640456604725513,0.0081316104204561,0.1888195905895506,3.096228594818753e-06,0.1091325770697144
full,36,0.1089649639535145,,,,91.4644615650177,0.0634665582634386,0.1502192083929406,0.0097148174641379,0.0660275401639156,0.0638035153512094,0.0082636832519144,0.1887872615432153,3.712298615530277e-06,0.1089649639535145
full,37,0.1068005945655654,,,,91.4909965991974,0.0621080076413565,0.1471197087256635,0.009577381745225,0.0648333933509764,0.0625158977068838,0.0081311033687508,0.1902693442267472,3.5843827703645942e-06,0.1068005945655654
full,38,0.1085952234255974,,,,91.5223274230957,0.0634502598741015,0.1481634139037523,0.0096376127769529,0.0659001487322518,0.0639552627613798,0.0081269984347287,0.1862658190800518,2.9654625156055425e-06,0.1085952234255974
full,39,0.1049172520087879,,,,91.39984655380248,0.0607084909789874,0.146637810058281,0.009555636710472,0.0636555028193798,0.0611250777041814,0.0079598789194934,0.1890514538791336,3.171445901685239e-06,0.1049172520087879
full,40,0.1032470045458586,0.1242563519626855,21.816815694173176,0.8128827730814616,91.50242853164671,0.0595905151920484,0.1457187464979828,0.0095835906590838,0.0626899373458057,0.0601287424625431,0.0083705950223031,0.1804433453400604,3.988712576117435e-06,0.1032470045458586
full,41,0.1043313765501389,,,,91.46847796440125,0.0605874316858463,0.1444589495658874,0.0094843092069151,0.0634974352710071,0.0609392114288982,0.0081527267933868,0.1840499112474136,3.3893748543311354e-06,0.1043313765501389
full,42,0.1065966208144778,,,,91.37724685668944,0.0619361884128607,0.1473379482011326,0.009587064938864,0.0645349849107079,0.0623664977181641,0.0085674421670922,0.1879426755133222,3.9569661473441365e-06,0.1065966208144778
full,43,0.1030363433490522,,,,91.4181945323944,0.0596168705521792,0.1440404028188986,0.0094826843085714,0.0628216243120002,0.0599823080797175,0.0080706643543709,0.1835701592022278,2.968278781914271e-06,0.1030363433490522
full,44,0.1044942021492074,,,,92.05186939239502,0.0605178377972763,0.1460796325910286,0.0095288875459342,0.0635207008692573,0.0609453803874918,0.0079728268796852,0.1839688883208837,3.906624489232426e-06,0.1044942021492074
full,45,0.1033595379930539,0.1354780159890651,21.24497756958008,0.8108327070871989,92.50151300430298,0.0599183046304788,0.143616749126403,0.0094224088863454,0.0629506132519636,0.0603709868995136,0.0078358466843845,0.184522446061744,3.711544197588133e-06,0.1033595379930539
full,46,0.1029422310043553,,,,91.4129900932312,0.0595755675868665,0.1437378965440343,0.0094622509576929,0.0625443704365218,0.0598526886801739,0.0079372240780074,0.186188025125226,3.912861190172814e-06,0.1029422310043553
full,47,0.1002134013859952,,,,91.38132762908936,0.0577720255575707,0.1413898238393127,0.0093782563564046,0.0610922333769133,0.058395287739571,0.0077658769689866,0.1788121922949298,3.880351623777517e-06,0.1002134013859952
full,48,0.0973197602834857,,,,91.7532753944397,0.0557671711764863,0.1394809015461656,0.0092761359811134,0.0592857687810405,0.0563144542002042,0.0076647218293892,0.1773836565677259,4.313566556309023e-06,0.0973197602834857
full,49,0.1006322227968055,,,,91.38242149353027,0.0580644060353763,0.1416713028657631,0.0093296969798011,0.0613274698863264,0.0585040163828945,0.0075617244077815,0.1819329074293863,3.933639083640651e-06,0.1006322227968055
full,50,0.0973998302685432,0.1351057458668947,21.1086669921875,0.8139737288157145,91.42475628852844,0.0557544901661697,0.1400061694324993,0.0093315085014481,0.0592733302504801,0.0562813773629118,0.0078174914538738,0.1777126408624844,4.458376271822887e-06,0.0973998302685432
full,51,0.0975810199609545,,,,91.40217232704164,0.0558658621014385,0.1399309180799078,0.0093261139413922,0.0594062068972919,0.0564278401892449,0.0076112129313291,0.1806106899605422,3.949444048445913e-06,0.0975810199609545
full,52,0.097296972865941,,,,91.31540942192078,0.0557840532760639,0.1391896351439054,0.0093245079137812,0.0593930381182275,0.056315008489812,0.007427071541792,0.1779800422611784,3.816273231638428e-06,0.097296972865941
full,53,0.0964934796888808,,,,91.40806603431702,0.0552075200515692,0.1387105437575793,0.0092755007046106,0.0589353495628618,0.0556586727835848,0.0075957152694769,0.178066893190634,4.504622547384928e-06,0.0964934796888808
full,54,0.0955478977411985,,,,91.40567350387572,0.0544380451109809,0.1387803090400383,0.0092520111805347,0.0580236150531983,0.0548974151310862,0.0076329282553652,0.1799075843491515,4.679815451310264e-06,0.0955478977411985
full,55,0.0952161861064492,0.1305019669234752,21.390757751464843,0.8122476259867351,91.53356409072876,0.0543487003439518,0.1380478949820409,0.0092544983957939,0.0580609491491904,0.054856923454609,0.0075851001883627,0.1737231063183213,4.4674289868403885e-06,0.0952161861064492
full,56,0.0954370165823913,,,,91.56689858436584,0.0546294153652718,0.1368417060766063,0.009191921385402,0.0583172433811133,0.0551849015545649,0.0076382084764906,0.175414257423311,4.658062484790778e-06,0.0954370165823913
full,57,0.0934424568883708,,,,91.71795272827148,0.0531766977252774,0.135938779741037,0.0091350177822054,0.0570220930013256,0.0537900557802593,0.0076272616613289,0.1744092602710255,4.595441876239376e-06,0.0934424568883708
full,58,0.094703499197227,,,,91.17092490196228,0.0540291777063832,0.136638941823459,0.009197559383255,0.0576637459033336,0.0544795194243798,0.0075611707746799,0.1802328824386244,4.698585732402173e-06,0.094703499197227
full,59,0.0951123326467197,,,,91.52366018295288,0.0545842600833685,0.1355480165755162,0.0091571631826093,0.0582348787088374,0.0549827902959507,0.0074507732738236,0.1743279261911501,4.387868452776955e-06,0.0951123326467197
full,60,0.0937464504090488,0.1253342870622873,22.16269022623698,0.8153261025746663,91.463223695755,0.0534071305491885,0.1360655734773542,0.0091691546783339,0.0571683482801327,0.0539026290605791,0.0074328485280886,0.1761178205736348,4.748326375185304e-06,0.0937464504090488
full,61,0.0924214313081542,,,,91.6006920337677,0.0525425919560623,0.1350293017801691,0.0091144673556822,0.0565847043619781,0.05311350982453,0.0073912240999949,0.1713952102744188,3.979945023108076e-06,0.0924214313081542
full,62,0.0916519721389794,,,,91.50608468055724,0.0521074171468127,0.1337845735862607,0.0090809238303574,0.0559459120706945,0.0526637155104611,0.0073314413168757,0.1713923348388711,4.4674420617244594e-06,0.0916519721389794
full,63,0.0925509223378584,,,,92.11793327331544,0.0526655602162001,0.135235319860646,0.0091325459375855,0.056649668783438,0.0532265710110058,0.0071625691823294,0.1696550587772345,4.199865867523895e-06,0.0925509223378584
full,64,0.0954426979249129,,,,91.45070815086363,0.0547934511951247,0.1360792024213759,0.0090931350533224,0.0585341772950086,0.0550886155335141,0.007276088873413,0.1750057925332765,4.864702714564732e-06,0.0954426979249129
full,65,0.0928057720121301,0.131127743050456,21.41520741780599,0.8170432090759278,91.38163208961488,0.0527593620793252,0.135716898030922,0.0091369440969934,0.0568190237476688,0.0532274749435362,0.0073501710306669,0.1726475770234084,4.5134787880594505e-06,0.0928057720121301
full,66,0.090223771626832,,,,91.38823080062866,0.0511985024834265,0.1323868656744722,0.0090271593758561,0.0551756666667881,0.0517676633736882,0.0074348167981952,0.1676733964657197,4.21747870962534e-06,0.090223771626832
full,67,0.0921871044108125,,,,91.43008685112,0.0524562232379542,0.1342213251551643,0.0090754782231371,0.0564680371250285,0.0530096899992862,0.0070272456953821,0.1731150348777653,4.736288533097863e-06,0.0921871044108125
full,68,0.0931032334194808,,,,91.48071599006651,0.0530273029428036,0.1357811122644143,0.0091386945215893,0.0569914198312603,0.0535241319171962,0.0071177314012693,0.170910891389749,5.1636878198559126e-06,0.0931032334194808
full,69,0.0916113222903404,,,,91.610333442688,0.0519724996516206,0.1348688240911139,0.0090552723821496,0.0560105748657808,0.0524245592933453,0.0071723346415235,0.1708073696640671,4.350593508534856e-06,0.0916113222903404
full,70,0.0915711045448408,0.1333434004336595,21.39884033203125,0.8159318447113038,91.55002498626708,0.0520221713594481,0.1338559335372487,0.009084338203958,0.0560486693179509,0.0524736286492132,0.0072437483916578,0.1729078503539327,4.974954093445672e-06,0.0915711045448408
full,71,0.0910063709636203,,,,91.33682131767272,0.0518106906903816,0.1321638930039327,0.00897759724729,0.0558135789498442,0.0522395351168806,0.006815729368875,0.1731960630563438,4.3132889633467445e-06,0.0910063709636203
full,72,0.0878926252976792,,,,91.36436867713928,0.0495431678308571,0.131140364486663,0.0089529057178402,0.0538042768011571,0.0500858065015712,0.0071892062370039,0.1667034537455097,4.89771355379444e-06,0.0878926252976792
full,73,0.0904555270356721,,,,91.25620913505554,0.0513801763872387,0.1317506735442114,0.0089531850878943,0.0554364756757362,0.0519023608019361,0.0071064707914703,0.1740567732419146,4.660899409623426e-06,0.0904555270356721
full,74,0.0891800974724722,,,,91.54401111602785,0.0505547170512011,0.1313745609072388,0.0089638519833688,0.0547351120192496,0.0511002994493627,0.0070896541860076,0.1652457016046907,4.832644809254412e-06,0.0891800974724722
full,75,0.0863929096853635,0.1253085155040025,21.950518798828124,0.8196876366933187,91.3906729221344,0.048391665561033,0.1305160268408353,0.0089117853986252,0.0528875387380601,0.0489982911919961,0.0070246690693387,0.1692784658220947,4.623170524539892e-06,0.0863929096853635
full,76,0.0885987222866445,,,,91.3724479675293,0.0499272598411704,0.1323690600082522,0.0090161712771495,0.0542633985092894,0.0506167585091268,0.0070031805986874,0.1670284798277206,4.661961749956152e-06,0.0885987222866445
full,77,0.0863041861868295,,,,91.45431113243104,0.048453617520386,0.1298794936938364,0.008885416900739,0.052975283019611,0.0490211515733208,0.0070902380947267,0.1657425999397137,4.940584165519303e-06,0.0863041861868295
full,78,0.0870925776477231,,,,91.49793529510498,0.0490922201577513,0.1299544455575161,0.0088950589482412,0.0535396044066206,0.049737861013559,0.0067991115129934,0.1643859875373176,4.812583550733378e-06,0.0870925776477231
full,79,0.088628795455958,,,,91.3846263885498,0.0500075105333426,0.1325569035576992,0.0090357696553539,0.0543785888213114,0.0505902586718563,0.0071084770740422,0.1624447304572238,4.910695709072479e-06,0.088628795455958
full,80,0.0859450254528248,0.1366698108613491,20.87884063720703,0.8160077253977458,91.37783217430116,0.0483241049939247,0.1291299276664609,0.0089058346176123,0.0527511572495835,0.0488910042970884,0.006948562968736,0.1625956304859919,4.859189500288969e-06,0.0859450254528248
full,81,0.0868362561784318,,,,91.31134605407716,0.0488782829803521,0.1302195772772929,0.0089321148421493,0.0533574077560276,0.0494376356850882,0.0068483682479098,0.1637196840687853,4.782084163682477e-06,0.0868362561784318
full,82,0.0883811552260742,,,,91.35076642036438,0.0499695744823481,0.1302508990295597,0.0088939426092766,0.0541764356989841,0.0503824368485661,0.0067896316606612,0.1737714424485066,4.779757189715592e-06,0.0883811552260742
full,83,0.0857715088660355,,,,91.18970775604248,0.0481931338178329,0.1287766216231174,0.0088656886221199,0.0526182910763338,0.0487393915775369,0.0068923782206094,0.1654904230085552,5.658609365459012e-06,0.0857715088660355
full,84,0.0842901293921177,,,,91.41331315040588,0.0472888253842953,0.127372040123236,0.0088148210388531,0.0517916162269281,0.0478652760722353,0.0067732931824675,0.1598230045838434,4.831291483028795e-06,0.0842901293921177
full,85,0.0847813574078141,0.1321138795465231,21.710182189941406,0.81615096728007,91.40529441833496,0.0474796160505931,0.1281345594124716,0.0088075235997494,0.0519523906414626,0.0480513777889189,0.0068588513751193,0.1662976639192612,5.194520593745512e-06,0.0847813574078141
full,86,0.0830033207770253,,,,91.33446168899536,0.0463667430716459,0.1265076354878847,0.008751161411771,0.0510861113911769,0.0468921282282862,0.0066687970452743,0.1612002329870325,5.176189029030312e-06,0.0830033207770253
full,87,0.0832679929730833,,,,91.65151238441469,0.0465752761658342,0.126590826472298,0.0087718580635722,0.0512362047724547,0.0472128558140553,0.0067478931073832,0.1592073165124557,5.460383240787857e-06,0.0832679929730833
full,88,0.0852848603771846,,,,91.44556427001952,0.0480524389622885,0.1275909738462479,0.0087724580986761,0.0524801877861628,0.0486483177109087,0.0065837845618485,0.1600156220622727,5.858503767014649e-06,0.0852848603771846
full,89,0.0842773421194221,,,,91.443186044693,0.0472857285229886,0.1273694092133006,0.0087925524519542,0.0518622925718788,0.0478570746776999,0.0065592235396997,0.1600691216890929,5.537377595918007e-06,0.0842773421194221
full,90,0.0819594451821729,0.1244173254817724,22.157838439941408,0.8262487252553304,91.30170893669128,0.0456531829063276,0.1258122276087276,0.0087580171062565,0.0504613359626687,0.0462892657817631,0.0065311031248115,0.1589614759947432,4.886719062711863e-06,0.0819594451821729
full,91,0.0835744647278649,,,,91.31812286376952,0.0467572602305988,0.1272514403843488,0.0087920154567014,0.0513292316072544,0.0472931940352819,0.0065902410357518,0.1598817564424921,5.546290131170626e-06,0.0835744647278649
full,92,0.0856218245185789,,,,91.29187083244324,0.0482662487469735,0.1279716604068631,0.0088122917575853,0.0527582131326198,0.0486970604321018,0.0067021790872801,0.1611457142184992,5.4161788829097415e-06,0.0856218245185789
full,93,0.0843735202902653,,,,91.288432598114,0.0474830137290915,0.1263174517232863,0.0087705060923624,0.0520354411335753,0.0479857974120827,0.0068438869832297,0.1598401521561575,5.384259138982485e-06,0.0843735202902653
full,94,0.081954240035571,,,,91.45915007591248,0.0456757183629469,0.1256389178213525,0.0087205695530369,0.0505121528003059,0.0462575421867067,0.0066068368070743,0.1587787584447469,5.343011021791042e-06,0.081954240035571
full,95,0.0819956936308595,0.1245721019804477,22.048038228352866,0.8270642280578613,91.231183052063,0.0456237335704633,0.1262789339315695,0.0087434426484415,0.0504414355993026,0.0462353857783753,0.006585949207427,0.1591813428724398,5.283102951496879e-06,0.0819956936308595
full,96,0.081923366600617,,,,91.26870894432068,0.0456843659984039,0.1255420314483955,0.0087274534963682,0.0503495032364716,0.0463265314484473,0.0065494676532803,0.1577020682638786,5.72511739134411e-06,0.081923366600617
full,97,0.081055256797642,,,,91.30436086654665,0.0450902140287102,0.1248789449207118,0.0087136776972806,0.0499135055808258,0.0457198933744039,0.0065814923937814,0.1566942301807833,5.440834974071476e-06,0.081055256797642
full,98,0.0826683876822229,,,,91.39005756378174,0.04617382752419,0.1260868120388906,0.0087344294307051,0.0507961372371579,0.0467382679830809,0.0066402291298889,0.1601100766756495,5.266938267707331e-06,0.0826683876822229
full,99,0.082256067941179,,,,91.306889295578,0.0458743911633481,0.1255675710615564,0.0087304570727416,0.050712262952059,0.046460002523343,0.0065982894452868,0.1616558699456394,5.617906256165395e-06,0.082256067941179
full,100,0.0819695980333891,0.1459014452993869,20.58789825439453,0.8196443875630697,91.3944444656372,0.0457690707026202,0.1248969328208047,0.0086751111485369,0.050419239235706,0.0462974521835319,0.0067577506911742,0.1599261639792411,5.878671657415622e-06,0.0819695980333891
full,101,0.0810819867631939,,,,91.35146927833556,0.0452453369641157,0.1238154544204962,0.0086412254995742,0.0500218946730992,0.0458311892923761,0.0065117107063043,0.157164491713047,5.397125586506273e-06,0.0810819867631939
full,102,0.0808899081388457,,,,91.34779572486876,0.0449976580003734,0.1244849943723834,0.008664858985509,0.0499152350010441,0.0456176594998992,0.0065782448452454,0.1571598894527701,4.9384458045661735e-06,0.0808899081388457
full,103,0.0802314654603356,,,,91.08081316947936,0.044626500793412,0.1237081983050362,0.0086287189671983,0.049400812320289,0.0452231663111291,0.0064576694352521,0.1551966334341979,5.4905258529509634e-06,0.0802314654603356
full,104,0.079323425492058,,,,91.26927852630617,0.0439702959151053,0.1231850937741701,0.0086074054630503,0.0489159962315051,0.0445846888526785,0.0065832705175901,0.1544028155383516,5.960148606154913e-06,0.079323425492058
full,105,0.0791125664273734,0.1307329963892698,21.6713857014974,0.8276662349700927,91.45124626159668,0.0437603025987255,0.1234014864827765,0.0085943817527445,0.0487420353122421,0.0444085068970185,0.006347408117421,0.1561704460592543,5.574094213604125e-06,0.0791125664273734
full,106,0.0798965411291259,,,,91.38760018348694,0.0443816770509373,0.1232783471951719,0.0085990377052946,0.0493500758206746,0.0449460169117226,0.0063749799260594,0.1572950661915247,5.148868921824791e-06,0.0798965411291259
full,107,0.0809787637019743,,,,91.4150767326355,0.0449993298465355,0.1249726981413169,0.0087039765909497,0.0500435017232523,0.0456035501919076,0.006441268997389,0.1579392630545819,5.301725938930458e-06,0.0809787637019743
full,108,0.080955686017138,,,,91.4420256614685,0.0449536050685116,0.1255387903236952,0.0087128915274363,0.0498650061485708,0.0455703821613407,0.0065581833573485,0.1553815029195097,5.63883418442558e-06,0.080955686017138
full,109,0.0824950967045104,,,,91.35863089561462,0.0461908610934605,0.1247588606154332,0.0086504503756334,0.0509634648037494,0.0466820560395717,0.0065586650209715,0.1609821543708199,5.867198628939952e-06,0.0824950967045104
full,110,0.0786272270269081,0.1322587113827467,21.75333862304688,0.8238381703694662,91.53132462501526,0.0435625875490855,0.1224020489903747,0.0085626347563,0.048492983319476,0.0442088680097558,0.0064528947925103,0.1519349199704459,5.877602894588067e-06,0.0786272270269081
full,111,0.0812015426268831,,,,91.37117719650269,0.0453738283488105,0.1238116841824328,0.0086078101341597,0.0499862035064667,0.0459294608015506,0.006543778863995,0.155860957918597,6.127428083827618e-06,0.0812015426268831
full,112,0.0806833488225448,,,,91.28282141685486,0.0448991505459683,0.1243459499273143,0.008646208750939,0.0496835477924982,0.0454949903164486,0.0066172184926442,0.1548436586974097,6.092594621951296e-06,0.0806833488225448
full,113,0.0777404230759769,,,,91.50917029380798,0.0429185586294434,0.1216993752073069,0.0085612660098332,0.048007583245635,0.0434904500353531,0.0065194000413671,0.1539295512388964,5.556125684424173e-06,0.0777404230759769
full,114,0.0786071856063408,,,,91.3461525440216,0.0435098577901476,0.1223435177177679,0.0085566900632359,0.0485779336638382,0.0440876580713713,0.0064515987617253,0.154900889599421,5.3553982099424e-06,0.0786071856063408
full,115,0.0767453874110198,0.1401679012924432,20.98107706705729,0.8176539103190105,91.4202687740326,0.0421914582552968,0.1214671364573181,0.0085706088737752,0.0474276966644359,0.042751132342659,0.006309975927207,0.1528015396878367,5.668824872933603e-06,0.0767453874110198
full,116,0.0804383209677504,,,,91.48117065429688,0.0449012033488662,0.1227265342337186,0.0085654920921279,0.0495642134919762,0.0455039487998993,0.0062114437526763,0.1568483252261505,5.368516068051356e-06,0.0804383209677504
full,117,0.0780423707710426,,,,91.26529598236084,0.0431529507957032,0.1215613958288411,0.0085288973479363,0.0481535533412558,0.0437071935930213,0.0063330225539622,0.1564172291975529,5.681724006291034e-06,0.0780423707710426
full,118,0.0768839849128586,,,,91.45743918418884,0.0423687257971919,0.1209862940624112,0.0085107387333619,0.0474106200253132,0.043026555299026,0.0062437119252491,0.1522031420322715,5.6932067580429845e-06,0.0768839849128586
full,119,0.0772483365335425,,,,91.61898469924928,0.04266467859938,0.1208373884685704,0.008493642032635,0.0476869386697157,0.0432673492239879,0.0063181682413474,0.1529715383028397,5.7932913684310425e-06,0.0772483365335425
full,120,0.0766248507577864,0.1377081274986267,21.29532216389974,0.822937552134196,91.75514340400696,0.0421514247589912,0.1210293901748344,0.0085150278707752,0.0473522722385213,0.042744469447214,0.0062776890995561,0.1526957334431468,6.032900291401615e-06,0.0766248507577864
full,121,0.0760596848291451,,,,91.43360829353333,0.0418813734116857,0.1198836008056265,0.0084709914088188,0.0469605223749016,0.0424864040993031,0.0063858762894925,0.1503586235959998,5.702055286153576e-06,0.0760596848291451
full,122,0.0763219714347945,,,,91.57347750663756,0.0420886117384814,0.1197094067198331,0.0084495546036689,0.0471821830409472,0.0427227136602655,0.0063654450837095,0.1513029886562316,5.809964563696623e-06,0.0763219714347945
full,123,0.0764912401371803,,,,91.32443928718568,0.0421804260370917,0.1199211018984435,0.0084759997868085,0.0473212206614066,0.0427728435787998,0.0063494820582878,0.152527920107861,6.512773032266344e-06,0.0764912401371803
full,124,0.0763020075124795,,,,91.45741891860962,0.0420577791443125,0.1199705967160522,0.0084640881290934,0.0471664039631847,0.04269921309391,0.0063168109875538,0.1503436419441074,6.162629349822614e-06,0.0763020075124795
full,125,0.077473493537209,0.1291201394051313,21.81925659179688,0.826106595993042,91.33937907218932,0.042795756175259,0.1208977362171548,0.0085187614093855,0.0478831887794811,0.0433481499308445,0.0061912803841968,0.1560748648203787,5.447003829034494e-06,0.077473493537209
full,126,0.0756958898340092,,,,91.37719440460204,0.0415864873097324,0.1198509638426733,0.0084478341989585,0.0467213998075391,0.0422119656883058,0.0063824261439445,0.1509297106598244,7.196918119163188e-06,0.0756958898340092
full,127,0.0779742014090545,,,,91.4637405872345,0.0432873143371744,0.120923312961078,0.0085056447080473,0.048138032987958,0.0438818402405156,0.0061550537452529,0.1501617584316457,5.771337220404194e-06,0.0779742014090545
full,128,0.0764392111145082,,,,91.57320713996889,0.0421286619527906,0.1200391313091653,0.0084742501828453,0.0473497195749497,0.0427094227405356,0.0062401275623772,0.1525916523132167,6.08145976675844e-06,0.0764392111145082
full,129,0.0752365172336824,,,,91.47724390029909,0.0413030413300043,0.1191883145785722,0.0084325031980444,0.0465675104470526,0.0419718499799243,0.0062008199289624,0.1508854266683586,5.84658410676584e-06,0.0752365172336824
full,130,0.0753636381237721,0.1428006216883659,20.97230987548828,0.81767897605896,91.55265998840332,0.0414593457931377,0.1191022625712097,0.0084180444265242,0.0466909859115715,0.0420960137681638,0.0062250866340931,0.1482750314180968,6.06687138536179e-06,0.0753636381237721
full,131,0.0768085389901868,,,,91.48830723762512,0.0424985970202528,0.1198051288479664,0.0084522779282854,0.0474229354838855,0.0430838900969409,0.0061840280379,0.1505583553407035,5.735817845737736e-06,0.0768085389901868
full,132,0.0760066133969631,,,,91.75823736190796,0.0418928580236483,0.1196603467229937,0.0084566173838359,0.0471022253642316,0.0424879151625467,0.0063525692323131,0.1483925116233161,5.5576338215561006e-06,0.0760066133969631
full,133,0.074907759418253,,,,91.3937497138977,0.0410886638660411,0.1189923271781108,0.008436079438562,0.0463673016056418,0.0417376725216869,0.00622978501144,0.1496540572433198,5.916195102984933e-06,0.074907759418253
full,134,0.0756216134082098,,,,91.41851115226746,0.0416488976935382,0.1191420916651116,0.0084219621761595,0.0468044725597881,0.042206220542554,0.006168246967718,0.1500590064364378,6.084699461587928e-06,0.0756216134082098
full,135,0.0734685585818818,0.1386563759297132,20.969610595703124,0.8241779645284016,91.46035361289978,0.0401088939063617,0.1184014678001403,0.0083955149815158,0.0454795397512736,0.0408284662321942,0.0060979446518372,0.1443856091040079,6.437323933905048e-06,0.0734685585818818
full,136,0.076707009653576,,,,91.40734720230104,0.0424450890878673,0.1194659974731382,0.0084123719258417,0.0473042125126621,0.0429976583443215,0.0059816917618278,0.1529469701354621,5.898628439826217e-06,0.076707009653576
full,137,0.0744244182696108,,,,91.45609617233276,0.0407453272339017,0.1184914800964418,0.0084405393629777,0.0460886582121497,0.0413634408356957,0.0062243528320591,0.1512775761915035,6.047725443074381e-06,0.0744244182696108
full,138,0.0751196910001215,,,,91.50262641906738,0.0412369210150886,0.1191362679981794,0.0084165999299434,0.0464513674073043,0.0418296481070459,0.0060755420384592,0.1511678313073076,6.043210606655269e-06,0.0751196910001215
full,139,0.0732939549584369,,,,91.42840671539308,0.0399711184875398,0.1181450999173961,0.0084029132248375,0.0453667695038631,0.0406302594595023,0.005980160343079,0.1473529853048872,5.985917260835383e-06,0.0732939549584369
full,140,0.0746710039064532,0.1304407864809036,21.889127095540363,0.8278456052144368,91.32166981697084,0.0410091804309946,0.1185593150678228,0.008371299193775,0.0461810755650283,0.041652876669999,0.0060685457276241,0.1474377763014836,6.032588466640703e-06,0.0746710039064532
full,141,0.0718516777956583,,,,91.41842246055604,0.0390459578178945,0.1166380897897188,0.0083396273176567,0.0444909505485022,0.0397873335349999,0.0060233804244609,0.1447174581470059,6.227146302526375e-06,0.0718516777956583
full,142,0.0725131530131472,,,,91.31149196624756,0.0395286672244795,0.1167912361074666,0.008319083007709,0.0449469601735472,0.0401633535435453,0.0061775531322069,0.1463577609936722,5.926825883652263e-06,0.0725131530131472
full,143,0.07305350560756,,,,91.30304718017578,0.0398867844649758,0.1175878487649511,0.0083759788187129,0.045273745432496,0.0405633366193439,0.0061470737077723,0.1441674596462093,6.24699329572646e-06,0.07305350560756
full,144,0.0734780291553403,,,,91.47517895698547,0.0402444674801386,0.1173076483069873,0.0083342942401583,0.0455665035997746,0.040902564149411,0.00593242090058,0.1460107213466382,5.8635471282900416e-06,0.0734780291553403
full,145,0.073261144250387,0.1316971145570278,21.893751525878905,0.8227852821350098,91.41588950157166,0.04001766661579,0.1173914245894697,0.0083926978528682,0.0453792778225463,0.0406062754145899,0.0061662765983186,0.1485082446673854,6.486738283897579e-06,0.073261144250387
full,146,0.0749051760210365,,,,91.4734342098236,0.0411646334362811,0.1192208958453819,0.0084137602968782,0.0462709025892077,0.0417123438454553,0.0060620254600328,0.1453778797485789,5.856126069367271e-06,0.0749051760210365
full,147,0.0730853113116788,,,,91.4614644050598,0.0398676765960503,0.1178405543819802,0.0083491111013916,0.0453574370867649,0.0404820150588868,0.0061125272892598,0.1455018702344816,5.82951924466912e-06,0.0730853113116788
full,148,0.0755109634311472,,,,91.45753884315492,0.041731978293325,0.1179577126854755,0.0083408527644961,0.0467334887715148,0.042353225047471,0.0059801097043225,0.14902438229469,6.442576042860898e-06,0.0755109634311472
full,149,0.0730118586941332,,,,91.35935711860655,0.0398598981288368,0.117667800090352,0.0083379335625127,0.0453549648070188,0.0404895709247374,0.0060260321402952,0.143821933291486,6.061334611892667e-06,0.0730118586941332
full,150,0.0728426909104722,0.1301275063306093,22.276900736490884,0.8254619439442953,91.51757192611694,0.0398529713026812,0.1165569751966195,0.0082948234917015,0.0451663936656273,0.0405184629785477,0.0059493110805261,0.1449211601961831,5.961126879645732e-06,0.0728426909104722
full,151,0.0727337917587796,,,,91.39059734344482,0.039741570404807,0.1167416215920057,0.0083378893819439,0.0450359480760869,0.0403325788401922,0.0060375725285562,0.1455810275844863,6.597048660095114e-06,0.0727337917587796
full,152,0.0710731600029546,,,,91.47425961494446,0.0384394872292387,0.1170180381321516,0.008375822806914,0.0441081625424691,0.0391867778065507,0.005944567873738,0.1410269373875172,6.350614111153691e-06,0.0710731600029546
full,153,0.0700754344035856,,,,91.43687558174132,0.0378989366753423,0.1151103074433373,0.0082635162417303,0.0435685081193681,0.0385345592865812,0.0059597831788152,0.141376614631688,6.806747837362985e-06,0.0700754344035856
full,154,0.0729652244719814,,,,91.3961033821106,0.0398528963388478,0.1165356362452272,0.008319381372545,0.0453263412183914,0.0404892109609285,0.0059874324589876,0.1506502098846631,6.48783676874034e-06,0.0729652244719814
full,155,0.0719072495388691,0.1293804477900266,21.87691345214844,0.8306199550628662,91.4224145412445,0.0392100245035329,0.1159858977208372,0.0083034525197915,0.0446831540464133,0.0398246025605524,0.0058384929157671,0.143872755045285,6.058417052996006e-06,0.0719072495388691
full,156,0.072768966010848,,,,91.278813123703,0.0399220833615934,0.1159056986941665,0.0083030850748668,0.0451918995832322,0.0405357812271743,0.0058377505867879,0.1428139677546063,6.633413736122744e-06,0.072768966010848
full,157,0.072444311358401,,,,91.31923151016235,0.0397413965223021,0.1154450178146362,0.0082693248376494,0.0449717989130342,0.0403214559020077,0.0058263645900535,0.1422243575092222,6.330387344194717e-06,0.072444311358401
full,158,0.0735133079598184,,,,91.41698122024536,0.0404114125021657,0.1164146016855708,0.0083030930712635,0.0455683195566544,0.0409962103595254,0.0059545872252068,0.1451706977897003,6.156171358673711e-06,0.0735133079598184
full,159,0.0721058622002601,,,,91.48296880722046,0.0393593439862864,0.1160854223321695,0.0082835370758701,0.0447136129359485,0.0399717380155305,0.0057533289817329,0.1443882534494165,6.016635294763371e-06,0.0721058622002601
full,160,0.0701009866277702,0.1249793916940689,22.274986775716147,0.8296176592508951,91.3531060218811,0.0379675830729672,0.1148291484254305,0.008224035166662,0.043605312811913,0.0386486700354296,0.0060413767598935,0.1398149973667058,6.021397871177669e-06,0.0701009866277702
full,161,0.0706538126239034,,,,91.37032198905943,0.038349528277873,0.1152390568959908,0.0082553234981892,0.043917285370045,0.0390097279040539,0.005854296261353,0.1410961345937408,6.518772823652506e-06,0.0706538126239034
full,162,0.0726788906288928,,,,91.32115316390993,0.0397710642609439,0.1163834069595962,0.0083360779366349,0.0452361818952638,0.0404016435390613,0.0058962991193975,0.1431261767007288,5.987185811576156e-06,0.0726788906288928
full,163,0.0709239050562753,,,,91.29082870483398,0.0385214864261082,0.1155097621386168,0.0082741221145833,0.0439724902943021,0.0390985939560122,0.0059114658525671,0.1425873221921139,6.573749204349443e-06,0.0709239050562753
full,164,0.0698017712193923,,,,91.39258241653442,0.0377722464532392,0.1144544731398097,0.008240796263009,0.0433546473256877,0.0384627277428498,0.0058172383597578,0.1411478978077896,5.906517453202607e-06,0.0698017712193923
full,165,0.0712035400334928,0.1261470895260572,22.261891682942707,0.8306891759236653,91.3654398918152,0.0387811290069681,0.1151101877454851,0.0082558366149419,0.0441852528143857,0.0394891520778908,0.0057568115880712,0.1424915562154816,6.352911478869552e-06,0.0712035400334928
full,166,0.0709455757722502,,,,91.37741541862488,0.0385592547779689,0.1152698094727563,0.0082471911627493,0.0441718011575399,0.0391868688166141,0.0056981764577298,0.1428222408304449,7.276881102601221e-06,0.0709455757722502
full,167,0.0694376754528675,,,,91.43230104446413,0.0375369603394484,0.1145643601652051,0.0082592159990587,0.0432786029748252,0.0382298538614003,0.0057767473207023,0.1366318863679151,6.332516709813997e-06,0.0694376754528675
full,168,0.0709385546687685,,,,91.50672221183775,0.0386734632622511,0.1148331663647636,0.0082486944128072,0.0441333358557742,0.0393010621249187,0.0058721012004544,0.1383484562889474,6.4346305878645465e-06,0.0709385546687685
full,169,0.0713100440372697,,,,91.431786775589,0.0388567063682636,0.1144892265562151,0.0082101441889268,0.0441703313015034,0.03950919708634,0.0057752193772371,0.1485948756215025,6.5574845551843765e-06,0.0713100440372697
full,170,0.0704404681798864,0.1211193110793829,22.845556640625,0.8283282279968261,91.3371012210846,0.0382474165134986,0.11462031622402,0.0082403587246099,0.0439494010824404,0.0388512232447745,0.0058591815463618,0.1416498578352029,5.79633268904525e-06,0.0704404681798864
full,171,0.0700206605748074,,,,91.40011548995972,0.0379291536652895,0.11457879719187,0.0082302046290858,0.0434918213391401,0.0386075077456284,0.0057450299433692,0.1416332334524295,6.171743140786243e-06,0.0700206605748074
full,172,0.0704462116614716,,,,91.54801917076112,0.0381999437346077,0.1148839534306135,0.0082676255709079,0.0438169608289589,0.0388015022073857,0.0059963412044691,0.1427433360062661,6.232005723194372e-06,0.0704462116614716
full,173,0.0689957241115511,,,,91.38613080978394,0.0372624927215644,0.1138351618266496,0.0081872663643882,0.0429195418465332,0.037908097759622,0.0058441252035439,0.1382909383563721,6.120751565924418e-06,0.0689957241115511
full,174,0.0689036846160888,,,,91.4246220588684,0.0371992508499104,0.1135405492587167,0.0082156542291651,0.0428744679866511,0.0379030856410743,0.0058201640657317,0.1393160616032412,5.932989777513467e-06,0.0689036846160888
full,175,0.0688047924491225,0.1295211762189865,21.75553232828776,0.831175438563029,91.35454368591309,0.037076915904391,0.1140182501957064,0.0081978457002732,0.0427532860032114,0.0377016569350342,0.0058437284334089,0.1393545487071158,6.3015586628429e-06,0.0688047924491225
full,176,0.069439949620454,,,,91.373765707016,0.0376628797012763,0.113455947793898,0.008195390898093,0.0432576237582281,0.0383146897141562,0.0056936220708684,0.1384900579931306,6.924268271485981e-06,0.069439949620454
full,177,0.0702332719000148,,,,91.35331273078918,0.0380860748624459,0.114628359431126,0.0082280106582968,0.0437460157592765,0.0386413938717031,0.0057217013796974,0.1427892552780323,6.073343586219322e-06,0.0702332719000148
full,178,0.0691774266115466,,,,91.41732716560364,0.0374485230622965,0.1135582283872072,0.0082056210376322,0.0430881166677983,0.0381008616083713,0.0056745778066945,0.1381816855463825,6.60732798023405e-06,0.0691774266115466
full,179,0.0677201455367393,,,,91.35966372489928,0.0363443019479268,0.1132233382248487,0.008174590468712,0.0420678831697976,0.0370469082482769,0.0056987422056587,0.1376417921703369,6.500909600786031e-06,0.0677201455367393
full,180,0.069153169170022,0.1211231779307127,22.682539876302084,0.8310887495676677,91.43289351463318,0.0373257701514197,0.1141731186968381,0.0082443509342484,0.0430237056046235,0.0379845136318539,0.0058028348530719,0.1393060042965607,6.724696946043975e-06,0.069153169170022
full,181,0.0694496896667558,,,,91.435307264328,0.0376045303419232,0.1140543969928241,0.0082177826027828,0.043223803801859,0.0382185986448751,0.0057718227216668,0.1381337875347645,6.485169343240313e-06,0.0694496896667558
full,182,0.0681614325549758,,,,91.42465114593506,0.0366730752752208,0.1130073275722441,0.0081700628898182,0.0423304993720328,0.037362784238868,0.0056982084624011,0.1406919444437886,6.196912224731525e-06,0.0681614325549758
full,183,0.0697039361188157,,,,91.45367407798769,0.037711785694004,0.1146896090663847,0.0082502192970304,0.0434132488902475,0.0383273963434774,0.0058039770553224,0.1386637878833247,6.520548934105614e-06,0.0697039361188157
full,184,0.0682150532231956,,,,91.65071868896484,0.0367810596849341,0.1130421107909718,0.008148561193623,0.0425090783382536,0.0374325305437211,0.0058433933443099,0.1357739497983797,6.545429243258301e-06,0.0682150532231956
full,185,0.0690902248330292,0.1280634403228759,21.977135213216147,0.8312893390655518,92.28405332565308,0.0374042467504251,0.113257456998356,0.0081713159843424,0.0430848414658523,0.0379887307826124,0.0057637335324171,0.1391547932365878,6.5905243777718965e-06,0.0690902248330292
full,186,0.0669490918822464,,,,91.3402099609375,0.0358603376223415,0.1122262316649077,0.0081278360563284,0.0416520630910259,0.0366087331909869,0.0057071890647629,0.1368936768076459,6.701778261103682e-06,0.0669490918822464
full,187,0.068089271178011,,,,91.66392207145692,0.0366929959597401,0.1125928261240974,0.0081548727857956,0.0423384765163064,0.0373041125808338,0.0057714904570707,0.1394960120564601,6.719406291255795e-06,0.068089271178011
full,188,0.0702185287583069,,,,91.8597948551178,0.0382065557279303,0.1140046647337616,0.008252099511351,0.0438379435723678,0.0388330159953138,0.005646293959962,0.1386630626731231,6.427019046594624e-06,0.0702185287583069
full,189,0.0672292498963289,,,,91.49066758155824,0.0360777452282729,0.1125814147659989,0.0081740003231851,0.0418309428286357,0.0367526481019668,0.0056434134670273,0.1353526295574962,6.133790412727224e-06,0.0672292498963289
full,190,0.0679497731025101,0.1293135974556207,21.967076110839844,0.8289683341979981,91.80250096321106,0.0365013164300166,0.1131620436418252,0.0082252364124736,0.0422672113464748,0.0371787876776251,0.0057626984112697,0.1392337066716835,6.437958437201491e-06,0.0679497731025101
full,191,0.0685295204891533,,,,91.32756900787354,0.0370652900367486,0.1120365315773448,0.0081619821473589,0.0425733637186836,0.0377142445535444,0.0057961050703449,0.1419088879569632,6.665709196982522e-06,0.0685295204891533
full,192,0.0652424371877654,,,,91.42510104179382,0.0346656119389856,0.1112932982991953,0.0081019050472217,0.0405519966677319,0.0353965931953709,0.0056534666514604,0.1350958010823023,6.296418248610051e-06,0.0652424371877654
full,193,0.0655636783139627,,,,91.43664312362672,0.0349663944121022,0.1109534003695503,0.0080851278550251,0.0407707267211841,0.0356639543029128,0.0056327180364398,0.1352442712446705,6.494729688330582e-06,0.0655636783139627
full,194,0.0667579287021863,,,,91.508141040802,0.0357913827890011,0.1119130053481117,0.008133241689199,0.0416854687615251,0.0364540567407842,0.0057178801364555,0.1344893929533294,6.572977251201454e-06,0.0667579287021863
full,195,0.066599214113638,0.1316685993224382,21.6685785929362,0.8296661853790284,91.33773732185364,0.0357151119588095,0.1114509086139866,0.0080912115136314,0.0415136376243145,0.0364344440950233,0.0055770292729292,0.1353848820827046,6.526749629496323e-06,0.066599214113638
full,196,0.0679982632520746,,,,91.79982328414916,0.0365898754966796,0.1128811718987636,0.0081681319985721,0.0423100208100236,0.0371954100756127,0.0055157733875036,0.1401297393270203,6.512415720711455e-06,0.0679982632520746
full,197,0.067736907999535,,,,91.82572627067566,0.0364611998475233,0.1123437163282613,0.0081507639394553,0.0421115021511423,0.0370923834318508,0.0057054803721973,0.1386356965073796,6.278869850483808e-06,0.067736907999535
full,198,0.0643013019542225,,,,91.55817866325378,0.0340073658153414,0.1107986466806443,0.0080739295140641,0.0400555502226362,0.0347467127912601,0.005694067540777,0.1330531778607944,6.66808061664653e-06,0.0643013019542225
full,199,0.0645572995675391,,,,91.65134334564208,0.0340778805987268,0.1116765444395972,0.0081278105594645,0.0401604648252002,0.0347614593834417,0.005605222176394,0.1353967015127666,6.580622452190994e-06,0.0645572995675391
full,200,0.0653052932475922,0.1254792641848325,22.36120351155599,0.8311666011810303,91.32616353034972,0.0347027426707695,0.1112072116038838,0.0080869151393837,0.0405952362496344,0.0353445615924772,0.0055169787479289,0.1379585565968615,6.257386250058952e-06,0.0653052932475922
full,201,0.0647094142852259,,,,91.93382525444032,0.0342241765503756,0.1112216891812496,0.0081066812816091,0.0402845142745092,0.0349381322071689,0.005670619462464,0.1366275035333438,6.295101605522689e-06,0.0647094142852259
full,202,0.0633179639450839,,,,92.01001763343812,0.0332649632769285,0.1103483350550542,0.008070309703681,0.039394767680129,0.0339827331882275,0.0055410094658431,0.1352880099391351,6.642330646140486e-06,0.0633179639450839
full,203,0.0625089702852925,,,,91.87520503997804,0.032758861581688,0.1096351801371965,0.0080377224557956,0.0389703571735346,0.0334719594293197,0.0055548083247067,0.1323238387703895,6.336706520753333e-06,0.0625089702852925
full,204,0.0652292106972366,,,,91.4607229232788,0.0346938891214181,0.1108917716096659,0.0080812469002653,0.0405781802828194,0.0353541883685794,0.0055816126472057,0.1366903902810128,6.447738416036296e-06,0.0652292106972366
full,205,0.0646495840466413,0.1281374506652355,22.14489135742188,0.8271931012471517,91.34688782691956,0.0342348163916927,0.1108136768223809,0.0080666648544615,0.0402212049201375,0.0348268618623985,0.0056621884797379,0.1376634454507319,6.952359295743391e-06,0.0646495840466413
full,206,0.0655224711069318,,,,91.54352688789368,0.0349437848160989,0.1110605827120483,0.0081055231896213,0.0407969665515129,0.0355499546333658,0.0056174831678632,0.1345554332508415,6.67504142235614e-06,0.0655224711069318
full,207,0.0648404956169304,,,,91.51114439964294,0.034331514591687,0.111643838100746,0.0081189881941517,0.0403636227682477,0.0349915728553152,0.00558047299655,0.1341275358114574,6.278869649561651e-06,0.0648404956169304
full,208,0.0628787790898416,,,,91.38680672645567,0.0328632611781358,0.1108298931942611,0.0081038234152327,0.0390843504001615,0.0335315200729204,0.0056869180159276,0.1348886642543996,6.427928033353254e-06,0.0628787790898416
full,209,0.0614315039004947,,,,91.38050484657288,0.031916976875824,0.1097466930991313,0.0080424327227729,0.038316060071353,0.0326693449016721,0.0055750956526026,0.1302586234495288,6.621302818886314e-06,0.0614315039004947
full,210,0.0633450257973592,0.1392681654542684,21.463597106933594,0.8260323842366536,91.4519636631012,0.0333232340692985,0.1104355943007547,0.0080599889205005,0.0394385938273101,0.0340420530773088,0.0055273579181645,0.1323847700460035,7.011407640736585e-06,0.0633450257973592
full,211,0.0615965707197052,,,,91.38368511199953,0.0320745088831811,0.1093095868337349,0.0080300577759712,0.0383381123700347,0.0327666220636885,0.0055725664476726,0.1328930260583025,8.118069643297996e-06,0.0615965707197052
full,212,0.0626488950592084,,,,91.43027138710022,0.0328553291495706,0.1098205667050158,0.0080401835024173,0.0390003213170366,0.0335120565914472,0.0055300777388706,0.1326782194378434,6.399528760566126e-06,0.0626488950592084
full,213,0.0644782327848379,,,,91.37935447692873,0.0340898241084374,0.1112727048944254,0.0081397948183546,0.0401631369118074,0.0347938909057955,0.0055114625815729,0.1338850672005629,6.583056766277822e-06,0.0644782327848379
full,214,0.0624659577476196,,,,91.478262424469,0.0327051338724425,0.1095482291745357,0.0080315038012187,0.0388672179618819,0.0333428014161401,0.0056262094962609,0.134945518047106,6.930201395734043e-06,0.0624659577476196
full,215,0.0606632101670151,0.1258223950862884,22.348634847005208,0.8331030209859213,91.57188105583192,0.0313680302657064,0.1088713734853463,0.0079874964011069,0.03773690366232,0.0320482933893799,0.005527361141533,0.1347116440473521,6.565190027315989e-06,0.0606632101670151
full,216,0.0611260969375,,,,91.48843026161194,0.0317896926225941,0.1089110340251297,0.0080164080699447,0.0380728529979948,0.0325254844043587,0.005579699964461,0.1300781063857626,6.527505395915715e-06,0.0611260969375
full,217,0.0608111971714457,,,,91.44318151474,0.0314664559469359,0.1095974611454322,0.0080330584801306,0.0379368014572585,0.0321766021127095,0.005546645213636,0.1294704073520957,6.472369495646819e-06,0.0608111971714457
full,218,0.0600707532807451,,,,91.39630579948424,0.0310092911612792,0.1084181006814612,0.0079739698491318,0.0373689187995967,0.0317058649494266,0.0055633503523823,0.1312112840900167,6.783201468078291e-06,0.0600707532807451
full,219,0.0602857057982292,,,,91.41839742660522,0.0312368277704618,0.1080787040171076,0.0079731433175229,0.0376489901854122,0.0319388211994874,0.0055019524307219,0.1299253275892773,6.886405233528091e-06,0.0602857057982292
full,220,0.0610129908643296,0.1275193430483341,22.14297129313151,0.8320306460062663,91.57110953330994,0.0317009976591731,0.1089441444053024,0.0080094162725889,0.0379739814728009,0.0323724156306659,0.005439089250476,0.1311151340115265,6.939150769393589e-06,0.0610129908643296
full,221,0.0641449817196756,,,,91.34984564781188,0.0336309420860937,0.1129805577583,0.0081177554169639,0.0400207369267696,0.0342693926583303,0.0054729192872669,0.1333814276168581,6.852473943422573e-06,0.0641449817196756
full,222,0.0625207596382156,,,,91.45105719566344,0.0327545518788402,0.1093604926203118,0.0080502803292369,0.0389514443937872,0.033461399864955,0.0053786378750791,0.1360433781977559,6.576308160983466e-06,0.0625207596382156
full,223,0.0613075711260565,,,,91.35953116416933,0.0318993959789637,0.1092186951246417,0.0080194402005157,0.0382446985478039,0.0325689928636687,0.005533832608203,0.1304124713432593,6.780787422633305e-06,0.0613075711260565
full,224,0.0603364096862859,,,,91.44828295707704,0.0312429423611916,0.1083325738789605,0.0079865438336903,0.0376158110705799,0.0319426416068292,0.0054756814888754,0.1304168760104746,6.856137849640157e-06,0.0603364096862859
full,225,0.0597848243034276,0.1263455767184496,22.175025939941406,0.8315611203511556,91.4245262145996,0.0308378936234311,0.1078130681006634,0.0079866394774652,0.0373079806383027,0.0315379708638933,0.005579132477936,0.1318503837482851,6.752213885877251e-06,0.0597848243034276
full,226,0.0590566329841242,,,,91.3732132911682,0.030326971784234,0.1076523505273412,0.0079585136158666,0.036853252635261,0.0310516497578288,0.0054547944541287,0.1294418641778289,7.160665985258424e-06,0.0590566329841242
full,227,0.0596897770635417,,,,91.47809505462646,0.0307499228930864,0.1083497688418529,0.0079992476537762,0.0372037156103331,0.0314189113187985,0.0054327763567419,0.1296329544704468,6.542913953061093e-06,0.0596897770635417
full,228,0.0600281124781878,,,,91.4650058746338,0.0310080999691711,0.108670815581181,0.0080039532183379,0.0374266358519919,0.031694186347552,0.0054270175407778,0.1275993785897239,7.50997984472884e-06,0.0600281124781878
full,229,0.058618423025139,,,,91.63315343856812,0.0300372490873102,0.107693433273034,0.0079565113295846,0.0365957810283928,0.030759681077277,0.0055564493284423,0.1252574793322653,6.87831523468968e-06,0.058618423025139
full,230,0.0566158671176335,0.1263000890612602,22.32529093424479,0.8337440331776936,91.39945769309998,0.0285847543845655,0.1065365266604501,0.0079273023627332,0.0353373973248679,0.0293403436948896,0.0054777013157021,0.1260461704347465,6.793142011559317e-06,0.0566158671176335
full,231,0.058243203175361,,,,91.40459156036376,0.0297696307515267,0.10758589379123,0.0079647656301128,0.0363904229350021,0.0304636262723656,0.0054470683356411,0.1248827377547983,7.005605638036934e-06,0.058243203175361
full,232,0.0609308520912146,,,,91.36602234840392,0.0316751885273661,0.108893661713991,0.0080267370098316,0.0381493619414138,0.0323283514923981,0.0053850881789704,0.1285890401875386,6.978917858442751e-06,0.0609308520912146
full,233,0.0603539030693593,,,,91.32703804969788,0.0313009310849621,0.1081564787958489,0.0079686604249367,0.0376906151898571,0.0318939832390331,0.0055363797544516,0.1297020430325484,6.952818022081134e-06,0.0603539030693593
full,234,0.058192109521173,,,,91.35291123390198,0.0298055439088188,0.1065737043247848,0.0079021084820851,0.0362487806190477,0.0305622615622448,0.0054451223600228,0.1278682685777789,7.407153003060314e-06,0.058192109521173
full,235,0.0570799024378667,0.1240507736802101,22.61503448486328,0.834261957804362,91.42959833145142,0.0289478585215621,0.1068031905127353,0.0079256388908404,0.0355612641108817,0.0296864407595063,0.005497826904547,0.1246599038055197,6.942570129537151e-06,0.0570799024378667
full,236,0.0559179670498019,,,,91.42114186286926,0.0281022150435897,0.1061462349578982,0.0078962109372264,0.0348446798648257,0.0288821798825606,0.0053828109731348,0.1252149714798223,7.062154540934087e-06,0.0559179670498019
full,237,0.0584262914222772,,,,91.43258500099182,0.0299087479771649,0.1074009879690701,0.0079542290739959,0.0364617741834677,0.0305494275707446,0.0053994811014043,0.1275413887666874,6.955235836294684e-06,0.0584262914222772
full,238,0.058133573530883,,,,91.32695984840392,0.0296372507744636,0.1075236040060637,0.0079438738738659,0.0361965830269895,0.0303187843595371,0.0053828315595622,0.1290202060805969,7.360789015343923e-06,0.058133573530883
full,239,0.0572100472560183,,,,91.39580869674684,0.028973402714998,0.1072452981941035,0.0079340414854041,0.0355959156161693,0.0297118618198838,0.0054818283877198,0.1262244105216909,6.736399293268887e-06,0.0572100472560183
full,240,0.0571438810772827,0.1259827278554439,22.152485148111975,0.8327980200449626,91.3612096309662,0.0290240540978361,0.1063790370206363,0.0079206935565185,0.0356637738706147,0.0297374777404255,0.0053843999392215,0.126775675621189,7.319041734269212e-06,0.0571438810772827
full,241,0.0573047312190298,,,,91.27980756759644,0.0291350785429116,0.1065367963470396,0.0079213604254678,0.0357971569736961,0.0298521995666574,0.0054141204101873,0.1262828998389791,6.435866178698012e-06,0.0573047312190298
full,242,0.060864022917679,,,,91.44863390922546,0.0316069793322535,0.1087117888888374,0.0080336436808689,0.0380376748221575,0.0321863678390862,0.0054682097225984,0.1315389584872077,6.885955628721155e-06,0.060864022917679
full,243,0.0588154586978623,,,,91.43492913246156,0.0301762475769539,0.1075434332988301,0.0079500655582571,0.0367588424810864,0.0308709672545311,0.0053452553101586,0.1283800690205859,6.99940748333762e-06,0.0588154586978623
full,244,0.0580710008374003,,,,91.36168575286864,0.0296509617512099,0.1066870958101554,0.0079182815837261,0.0361937439740925,0.0303024905962777,0.0055239159751255,0.1311539213066218,7.066303699068642e-06,0.0580710008374003
full,245,0.0587405323921168,0.1276308745145797,22.5461186726888,0.8329553286234538,91.371178150177,0.0301238798429487,0.1073794487069864,0.0079454334498551,0.0365395955894081,0.0307729225300374,0.005407189230862,0.1301033764650098,6.845942722669894e-06,0.0587405323921168
full,246,0.0582348642351686,,,,91.4840693473816,0.0297624666213256,0.107058581758718,0.007935015835845,0.0362268147348869,0.0304472597132696,0.0054005497864249,0.1298574210740015,6.969177990161294e-06,0.0582348642351686
full,247,0.0577947401792788,,,,91.35305500030518,0.0295189945790611,0.106656652493555,0.0079286948044891,0.0360382780218954,0.0301679930054262,0.0053605672399528,0.1267618793749907,6.864225988008475e-06,0.0577947401792788
full,248,0.0545931771153309,,,,91.4406852722168,0.0271955419515,0.1052908648232944,0.0078539614657275,0.0341042637305914,0.0279611031387428,0.0052470562094059,0.1235453813779549,7.322748194261963e-06,0.0545931771153309
full,249,0.0544856893295635,,,,91.37902307510376,0.0271417104684915,0.104867657677072,0.0078526996915824,0.0340297738792466,0.0278751403246013,0.0052714186346494,0.1250992907730282,8.518938399442447e-06,0.0544856893295635
full,250,0.0541338265919294,0.1263246219605207,22.468924967447915,0.8325528462727865,91.55555152893066,0.0269352496357359,0.1045488461119229,0.0078387150090554,0.0338201361601469,0.0277238678736764,0.0052883999582502,0.1225393527782842,7.049901516087966e-06,0.0541338265919294
full,251,0.0547959305895645,,,,91.43195724487305,0.0274077282577264,0.1049665886847699,0.0078415035338858,0.0342347498555652,0.028159351805683,0.0051870562353736,0.1232726569669168,7.041464683506578e-06,0.0547959305895645
full,252,0.0576736224418292,,,,91.50422072410583,0.029260950300415,0.1075575019492477,0.0079949900133871,0.035936024650687,0.0299430567252098,0.0052729110370893,0.129695075945776,6.991096144934362e-06,0.0576736224418292
full,253,0.0553439713892389,,,,91.4390308856964,0.0277637786186132,0.1056286492308632,0.0078681401496172,0.0345068686626485,0.0284427965029341,0.0052973663064147,0.1234761162309861,6.805194206918858e-06,0.0553439713892389
full,254,0.0544189689833609,,,,91.35879802703856,0.027136806474968,0.1047994176872441,0.0078600116005381,0.0341210979968309,0.027871369353694,0.0053767403015164,0.121753935961694,6.901409831083689e-06,0.0544189689833609
full,255,0.054346757681399,0.1310625337064266,22.15392557779948,0.8308333079020183,91.3351664543152,0.0269761009325013,0.1057175876664333,0.0079212159941308,0.0339403550491714,0.0277413281718971,0.0053508771606339,0.1212658978021535,7.462170008823478e-06,0.054346757681399
full,256,0.0539204526814769,,,,91.35440516471864,0.0267969727455104,0.1042884681068482,0.0078195287639916,0.0336617145107173,0.027585643542106,0.0053332621712604,0.1226217926281397,7.037069458238152e-06,0.0539204526814769
full,257,0.0553256794199591,,,,91.3910825252533,0.0277108921990042,0.1056717912681767,0.0078839651713544,0.0345922548659756,0.0284601919139262,0.0053178622524757,0.1242450167287568,7.214270700810392e-06,0.0553256794199591
full,258,0.0538675146574368,,,,91.43888306617735,0.0266966377461298,0.1048247301187671,0.007850504014641,0.0336500145342262,0.0274342356219154,0.0053457351626645,0.1224032241057177,6.987780233934548e-06,0.0538675146574368
full,259,0.0559424746048743,,,,91.4221031665802,0.0282187125202818,0.1054081530844579,0.0078584627462092,0.0350170040381003,0.028888064268671,0.0053164277141761,0.1257631384202691,6.557329182430904e-06,0.0559424746048743
full,260,0.054024971716228,0.129712875932455,22.09338836669922,0.8339706579844157,91.37676882743835,0.0268984453935847,0.1043582934825146,0.0078307476131337,0.0337698035339107,0.0275863047505988,0.0053375504765903,0.1217664083557539,6.702971111046365e-06,0.054024971716228
full,261,0.0543117139060966,,,,91.42887020111084,0.0271174657601313,0.1041979535681302,0.0078152926451694,0.0339339446795524,0.0278376412165702,0.0052234933780292,0.1236797816074285,7.135626102415003e-06,0.0543117139060966
full,262,0.0546995248095911,,,,91.6128945350647,0.0273387460114403,0.1049274191504619,0.0078479518167308,0.034150041410791,0.0280234438260314,0.0053158563630441,0.1233620269865286,6.699997198425648e-06,0.0546995248095911
full,263,0.056315345445373,,,,91.77937054634094,0.0285121008112538,0.1054587911386958,0.0078767957967385,0.0352004920514147,0.0292698968140805,0.0052906752995322,0.1248619977506946,7.340138204707516e-06,0.056315345445373
full,264,0.0557177856137029,,,,91.88608241081238,0.0280531007094217,0.1054063185316617,0.0078606148151161,0.0348139668463683,0.0287378517239064,0.0053041495428588,0.125180608241773,7.434108071372017e-06,0.0557177856137029
full,265,0.0544866855088316,0.1297907177358865,21.977606709798177,0.834933869043986,91.37808465957642,0.0272330327234307,0.1045024145822056,0.007834462322997,0.0340940650002878,0.0279753348622165,0.0053308456868971,0.1218718329413992,7.050611799347976e-06,0.0544866855088316
full,266,0.0535427717583589,,,,91.39277148246764,0.0265853369730662,0.1039732465001403,0.007799467026088,0.0335525770473187,0.0273437658019486,0.0052347272390224,0.1199834369367263,6.812871911811435e-06,0.0535427717583589
full,267,0.0541797241531923,,,,91.3169813156128,0.0269189120774142,0.1050375651140682,0.0078536407968609,0.0338690290532884,0.0276221435242256,0.0052314358935157,0.1229980155581333,6.906363075288925e-06,0.0541797241531923
full,268,0.0534620465802364,,,,91.43997168540956,0.0264997261377875,0.1040660392065517,0.0078142445923791,0.0333985512709764,0.0272565795810984,0.0052842221520535,0.1207846534499501,7.089263432973036e-06,0.0534620465802364
full,269,0.0541857847424804,,,,91.29583835601808,0.0270104929194098,0.1041573642707262,0.0078069175570653,0.0338106442884099,0.0276997159006165,0.0052944683759916,0.12464578431405,7.294456131209436e-06,0.0541857847424804
full,270,0.0546743629775086,0.1302980333566665,21.519131469726563,0.8308160622914632,91.38090205192566,0.0274243215404328,0.1043928905588681,0.0078498066983139,0.0341896473384294,0.0281436119350742,0.0052204040493663,0.1208509652890631,7.173770460260827e-06,0.0546743629775086
full,271,0.0651193510313503,,,,91.5492250919342,0.0348807973787188,0.1093823196458034,0.0080358825650707,0.0406902096402205,0.0354711372619036,0.0052800298607373,0.1328749172389507,6.679342714102415e-06,0.0651193510313503
full,272,0.057707757276834,,,,91.44171667099,0.029700428018438,0.1050248414766593,0.0078305969888832,0.036194334096718,0.0303428642696044,0.0052028296660387,0.1240828592085936,6.89184093544422e-06,0.057707757276834
full,273,0.054763361109329,,,,91.33586621284483,0.0273516970365995,0.1054347445730303,0.0079260872386884,0.0342102207579329,0.0280930689826119,0.0051887883770386,0.1214771137618627,7.111284656177264e-06,0.054763361109329
full,274,0.0526413698299009,,,,91.36128664016724,0.0259716862079794,0.103398645510439,0.0078068923082996,0.0329486269687042,0.0267114865395133,0.005194967816828,0.1187844032452243,6.898588913902916e-06,0.0526413698299009
full,275,0.0514851886412647,0.1263367235660553,22.266842651367188,0.8339020252227783,91.29162168502808,0.0250499816611409,0.1030428346063269,0.0077919319508688,0.0321952938941902,0.0258139925169163,0.005131046686581,0.1220104733451468,6.924453338579018e-06,0.0514851886412647
full,276,0.0513915749358349,,,,91.3047251701355,0.0250775538400182,0.1025273560500535,0.0077545294637379,0.032174618120809,0.025863303451753,0.0051768975462153,0.1193167826802027,7.320744648154253e-06,0.0513915749358349
full,277,0.0507943477695349,,,,91.36656188964844,0.0246812368010277,0.1020238902725157,0.0077174532830287,0.0317881289014562,0.0254409396639246,0.0051199731352113,0.1191373806996423,7.06906600224083e-06,0.0507943477695349
full,278,0.0510627486910976,,,,91.41035771369934,0.0248643510410043,0.1023815279124213,0.0077429602884489,0.0319514759190258,0.0256447951065101,0.005202679219274,0.1176331402947668,6.612851629032822e-06,0.0510627486910976
full,279,0.0517187164943726,,,,91.39764618873596,0.0253220899183242,0.1026989392569807,0.007767469538223,0.0323659947874849,0.0260648001290735,0.0052252396956452,0.1191540148231338,7.295483419824807e-06,0.0517187164943726
full,280,0.0514483692460372,0.1233677007257938,22.557550557454427,0.8356659730275472,91.3345546722412,0.0250719373770913,0.1028438112774833,0.0078055206762596,0.0321984367872603,0.0258479949972424,0.0052857095696276,0.1195590679884934,7.14223044487089e-06,0.0514483692460372
full,281,0.050576028948436,,,,91.46027731895448,0.0245513878610046,0.1019572478825928,0.0077475666251705,0.0316141354927762,0.0253529273675846,0.005240406974631,0.1162328078243576,7.018654003256293e-06,0.050576028948436
full,282,0.0511657763272523,,,,91.51763701438904,0.0249276250890898,0.102443338417616,0.007760336977567,0.0319929245828849,0.0256772060710631,0.0051895775908573,0.1186760439858084,7.09071007433643e-06,0.0511657763272523
full,283,0.0506155872259472,,,,91.47672247886658,0.0245694795348605,0.1020120548420265,0.0077176431545102,0.0317846917715229,0.0253360356494295,0.0052700724574874,0.1163379799452472,6.9484558282578986e-06,0.0506155872259472
full,284,0.0505459215797361,,,,91.44443678855896,0.0245297620546255,0.1018623558224224,0.0077070793171306,0.0316324486534615,0.0252705465803747,0.0052137408390274,0.1174788875658004,7.007667751330772e-06,0.0505459215797361
full,285,0.0508788529722417,0.1265304442495107,22.35667928059896,0.8344566186269124,91.41843748092651,0.0247859899641671,0.1019226659516819,0.0077242332961043,0.0318844382666417,0.0255428387432313,0.0052430347795216,0.1169705984839162,7.373757810027343e-06,0.0508788529722417
full,286,0.0517107806794467,,,,91.43045711517334,0.0253578856984367,0.1024198409963826,0.0077568179485006,0.0324412943398366,0.026137107341993,0.0051625265976505,0.1183140518479659,6.945829778329172e-06,0.0517107806794467
full,287,0.0514154724288182,,,,91.48843383789062,0.0251541626716002,0.1022229004101675,0.0077599291269835,0.0322244156945924,0.0258702615306514,0.0051968052990917,0.1186027405936209,7.294202982962081e-06,0.0514154724288182
full,288,0.0513809718130553,,,,91.35248613357544,0.0250666363042641,0.102501490565597,0.0077516061185141,0.0321375050230837,0.0257641073530081,0.0052761051967953,0.12027730728637,7.440891747711258e-06,0.0513809718130553
full,289,0.0499811659521255,,,,91.50908088684082,0.0240903398342674,0.101684388078627,0.0077212323343045,0.0312786810252754,0.0248735842188117,0.0051762073732088,0.1180463974043482,7.06582256137349e-06,0.0499811659521255
full,290,0.0501555789750619,0.1218599583953619,22.5437983194987,0.83875945409139,91.38646459579468,0.0242076189425147,0.1017623314114867,0.0077028063156443,0.0314060905337578,0.0249814611294719,0.0051445569213266,0.1189027789247329,6.973078615323905e-06,0.0501555789750619
full,291,0.0505386023308898,,,,91.41973900794984,0.0245701202847918,0.1013543669317589,0.0076938586187411,0.0316055930815026,0.0253178161553672,0.0050826491635353,0.1190969235584384,7.2190058757095486e-06,0.0505386023308898
full,292,0.0507127691793148,,,,91.30870819091795,0.0246630550407972,0.1018105867456217,0.00771390389819,0.0317188596169723,0.0253748850072505,0.005200285689722,0.118192566986211,7.110444216077009e-06,0.0507127691793148
full,293,0.0508158029377704,,,,91.38029980659483,0.0247379238946271,0.1018657684326171,0.00773055254497,0.0318297476919948,0.0254501628032961,0.0052044740591778,0.1179321513618113,7.243081728473162e-06,0.0508158029377704
full,294,0.0520986755851839,,,,91.41480588912964,0.0256364107834266,0.1025619819516041,0.0077579653379125,0.0327062217793503,0.0263536664977914,0.0052361315608665,0.1191937371966291,7.265401853806999e-06,0.0520986755851839
full,295,0.0526696190879237,0.1262165252119302,22.51840209960937,0.8362263520558675,91.3749179840088,0.0261963082813337,0.1017095383073462,0.0077063111802105,0.0331292932272934,0.0268700629411662,0.0052277046240499,0.1194460434747523,7.0403530761369695e-06,0.0526696190879237
full,296,0.0503241726059894,,,,91.3776876926422,0.0244462838640711,0.1010778355793874,0.0076802146132485,0.0315241294561839,0.0251916090759341,0.0050562072514754,0.1183691344788817,7.088086586023056e-06,0.0503241726059894
full,297,0.0497741720135338,,,,91.41757369041444,0.0240612555005144,0.1008949885602857,0.0076683499014432,0.0312204895938029,0.0248005541468985,0.0051071238016984,0.1164430696517229,6.892033847702385e-06,0.0497741720135338
full,298,0.0515208445550476,,,,91.48035740852356,0.0253058620041511,0.101887005274413,0.007720130278164,0.0324067729906957,0.0260089074459965,0.0051451248048087,0.1169960478351253,7.061162675775205e-06,0.0515208445550476
full,299,0.0506583801852386,,,,91.36923551559448,0.0247210424439218,0.1012674521227351,0.0076920000843886,0.0318041475275989,0.0254710930262188,0.005111346700702,0.1157543940133735,7.303298140604489e-06,0.0506583801852386
full,300,0.0496263050123072,0.126719806343317,22.07001190185547,0.8350445588429769,91.420569896698,0.0239348977682043,0.1010709150892789,0.0076760386658801,0.0311220587826654,0.0246898747263018,0.0052148840794736,0.1150982027232158,7.346301978437762e-06,0.0496263050123072
full,301,0.0495934350507669,,,,91.28585124015808,0.0239508994549635,0.1007851240087728,0.007695243130896,0.0311708403293226,0.024707939536845,0.0051948508308803,0.1144545255686904,7.118113725636707e-06,0.0495934350507669
full,302,0.0510155397360442,,,,91.40607213974,0.0249403194814431,0.1014782503002979,0.0077123477306888,0.0320693371878539,0.0256686176585613,0.0051084831032566,0.1179920421210957,7.476705301892594e-06,0.0510155397360442
full,303,0.0534147448593475,,,,91.46434831619264,0.0265655457271171,0.1038737003920508,0.0078580627603395,0.0335534826898184,0.0272041889304508,0.005142660788642,0.1169320300343583,7.044005565836492e-06,0.0534147448593475
full,304,0.0498122259760733,,,,91.55608773231506,0.024114456508675,0.1008049747982963,0.0076705922990976,0.031233067364722,0.0248477992403214,0.0051806344665953,0.1155384804931331,6.792135120236081e-06,0.0498122259760733
full,305,0.0500342581482207,0.1259194612503051,22.45235595703125,0.8344692707061767,91.72873449325562,0.024274309081804,0.1008185768713716,0.007658678164217,0.0314225266366952,0.0249964369415137,0.0052565107156415,0.1160270907290157,7.643122608152009e-06,0.0500342581482207
full,306,0.0495754279898571,,,,91.33030009269714,0.0239459497197607,0.1005138671789013,0.0076549524769614,0.0310833353671382,0.0247052444343562,0.005107963881379,0.11666139960289,6.952214406604453e-06,0.0495754279898571
full,307,0.0490314638944434,,,,91.45046710968018,0.0235439981257573,0.1001854065011759,0.0076355065799272,0.0306997742106924,0.0243443655705109,0.0051252325790644,0.1171465074857238,7.470306501756893e-06,0.0490314638944434
full,308,0.0491286547335444,,,,91.42169952392578,0.0235995445934841,0.1004494399320883,0.0076685216006838,0.0308579029362709,0.0243312049596036,0.0050856773321684,0.116823230763195,7.520644316283773e-06,0.0491286547335444
full,309,0.0490717688483781,,,,91.47173190116882,0.0235894005898325,0.1005741401773984,0.0076626364263843,0.030834267038058,0.0243361683134905,0.0051076866258851,0.1135225939396463,7.22397960464668e-06,0.0490717688483781
full,310,0.0489219754598424,0.123521814122796,22.46498819986979,0.8362553278605144,91.4092733860016,0.0234637701975517,0.1005651003024617,0.0076724012481567,0.0307975936772637,0.0242046280993057,0.0051394690373973,0.1136928498439612,7.26469488545743e-06,0.0489219754598424
full,311,0.0488300725329117,,,,91.41247606277466,0.0234069427414262,0.1004227815104312,0.0076485694210487,0.0306124919414764,0.0241283645670189,0.0050788757059204,0.1148112142061601,7.743741551612062e-06,0.0488300725329117
full,312,0.0489151083146695,,,,91.43124222755432,0.0235016146888498,0.1000560277798136,0.0076354455095944,0.0307327867867272,0.0242585577834092,0.0050767838695376,0.1153384635499754,7.016912842478008e-06,0.0489151083146695
full,313,0.0489776576640176,,,,91.4152021408081,0.0234088722280547,0.101313975502233,0.007739476474063,0.0307741034623296,0.0241649632998665,0.0051004970598904,0.1140844442683165,6.5722691042644855e-06,0.0489776576640176
full,314,0.0485274598582601,,,,91.16784071922302,0.023174820712111,0.1001543446642453,0.0076476763972065,0.0304459609763055,0.0239056486361583,0.0051253277495442,0.1160099655389785,7.090454482943151e-06,0.0485274598582601
full,315,0.0489280038650651,0.1304331328719854,22.198546854654943,0.8333151817321778,91.37072443962096,0.0235200037294235,0.1001147564317359,0.0076388465565033,0.0307606271941398,0.0242806933209544,0.0050863103108999,0.114243899426255,7.227683175427678e-06,0.0489280038650651
full,316,0.0486660756659312,,,,91.51966691017152,0.023315708107147,0.1000189629734539,0.0076253355144843,0.0305600111510177,0.0240635670965812,0.0050631268026276,0.1151811342808555,6.85359481529717e-06,0.0486660756659312
full,317,0.0486601700578801,,,,91.30951070785522,0.0233562578157079,0.0999114909132973,0.0076412080947431,0.0305869610308379,0.0241085428469738,0.0050644825525642,0.1130612215607381,7.97099241597057e-06,0.0486601700578801
full,318,0.0479121481480657,,,,91.41410541534424,0.0228076148320172,0.0995771127646086,0.0076145458485564,0.0300711972303077,0.0235631186209741,0.0051844472420539,0.1127042957566312,7.744064006178193e-06,0.0479121481480657
full,319,0.0479731788156462,,,,91.3500747680664,0.0227124645512123,0.1005963624500837,0.007700496225343,0.0301576343166535,0.0234764506429678,0.0052177334322639,0.1130419881006733,7.544877724877336e-06,0.0479731788156462
full,320,0.0495331985723288,0.1213464625179767,22.402213033040365,0.8401867230733235,91.4261920452118,0.0239888474528418,0.1002045596232179,0.0076478811736661,0.0311177410032661,0.0247511116512974,0.0050688796966779,0.1143022366784146,7.622608520118816e-06,0.0495331985723288
full,321,0.0501320725459544,,,,91.36376070976256,0.0243702500783762,0.100941210496621,0.0076503783853755,0.031462638806857,0.0250856537127592,0.0050509126807303,0.1149918507234972,6.980801922711192e-06,0.0501320725459544
full,322,0.0501484787244288,,,,91.30118680000304,0.024300330959749,0.1011402489709072,0.0076745666113117,0.031451582297927,0.0249897063572387,0.0050885629397435,0.118607860608179,7.1676496979594e-06,0.0501484787244288
full,323,0.0479103569857409,,,,91.3207778930664,0.0228694218256678,0.099206622995314,0.0076104176391038,0.0301442642803074,0.0235969550052627,0.0051422458367239,0.1118518350432153,7.22927890375872e-06,0.0479103569857409
full,324,0.0478839998851056,,,,91.8860249519348,0.0228003169959563,0.0994328700128148,0.0075947934624235,0.0300537222752072,0.0235641215485138,0.0050366672851359,0.1134440218266405,7.65183178203448e-06,0.0478839998851056
full,325,0.0485498654335492,0.1223607175052166,22.413859049479168,0.8383562405904134,91.48686075210573,0.0233345304340979,0.0994918903366464,0.0076232491839738,0.030557776327993,0.0240393967566187,0.0049189620796346,0.1132145790291614,7.893343141187987e-06,0.0485498654335492
full,326,0.0477209990294497,,,,91.77428460121156,0.0227541149380143,0.0988349298961827,0.0075792318828342,0.0299804422118869,0.0234611016377562,0.005107910769274,0.1131660342216491,7.314733776182216e-06,0.0477209990294497
full,327,0.0477911180618112,,,,91.78456830978394,0.0227462276587354,0.0995953337090914,0.0076096075774002,0.0299669078810781,0.0234807522692641,0.0051320678703334,0.1110482499553043,7.67283722342493e-06,0.0477911180618112
full,328,0.0477575929988114,,,,91.6470274925232,0.0227217989454626,0.0991645997664967,0.0076007584995422,0.0299918666085014,0.023467525641327,0.0050579903238895,0.1141749175234896,7.3392973387061295e-06,0.0477575929988114
full,329,0.0480610588718144,,,,91.7627935409546,0.0229401622486651,0.0992363388421105,0.0076032809447497,0.0301762600811045,0.023694425134263,0.0050660932100698,0.1148466934434703,7.414300001778642e-06,0.0480610588718144
full,330,0.0476201142749336,0.1234947517514228,22.562810770670573,0.8379748026529948,91.34162783622742,0.0226814818690668,0.0987747712213484,0.0075916032894651,0.0299930697703947,0.0234440972066682,0.005049656607119,0.1125260048897051,7.827616040624118e-06,0.0476201142749336
full,331,0.048718686230847,,,,91.34734010696413,0.0234773102766055,0.0992781016670289,0.0076190906378333,0.0306454547909928,0.0241767260719273,0.005107639269659,0.1136519221100406,7.461468743736722e-06,0.048718686230847
full,332,0.0482559825186846,,,,91.59563136100768,0.023101642903429,0.0992927922577154,0.0075985548949082,0.0303860279563509,0.0238365496157622,0.0050434450996795,0.1139376887776812,7.111716045703141e-06,0.0482559825186846
full,333,0.0487803028988056,,,,91.57550001144408,0.0234746382281672,0.0995648899039284,0.0076169992728372,0.0307291825378283,0.0242251852130303,0.0051367119218024,0.1137848814308154,7.459605089115613e-06,0.0487803028988056
full,334,0.04812972788073,,,,91.38387084007265,0.0230757254557531,0.0988354726893002,0.007578845815275,0.0302199032615687,0.0237855441471348,0.0050950047987528,0.1133683606157781,7.056747964145528e-06,0.04812972788073
full,335,0.0482602266472626,0.120034385472536,22.712857564290363,0.8419644514719645,91.40193200111388,0.0231144251530898,0.0991107914291444,0.007590883466812,0.0303964180963449,0.0237864575379329,0.0051807305798484,0.1148049923301231,7.479386940621519e-06,0.0482602266472626
full,336,0.0482273389905935,,,,91.45888423919678,0.0230852952990375,0.0990048769067545,0.0075947153420172,0.0303705235118748,0.0237995511317839,0.0049925345267153,0.1161272239672844,7.71328260607542e-06,0.0482273389905935
full,337,0.0471656701115311,,,,91.63783574104308,0.0224103503555181,0.0984060158495043,0.0075551421328096,0.0296818529576307,0.0231556874073919,0.0049605221453229,0.1107030072722767,7.244511096358399e-06,0.0471656701115311
full,338,0.0473653948484141,,,,91.42705965042114,0.0225221266527278,0.0986954960666719,0.007570968646953,0.0297943352889574,0.0232201851293688,0.0050590095228561,0.1114006567379978,7.723650650701784e-06,0.0473653948484141
full,339,0.0471039942053497,,,,91.6823673248291,0.0223462471707922,0.0984535495765873,0.0075549769604609,0.0296785399378811,0.0230596786838208,0.0049913808642352,0.1113176580335273,8.255776989663229e-06,0.0471039942053497
full,340,0.0470927271869827,0.1233705226331949,22.4723876953125,0.8398411432902019,91.58745431900024,0.0221586351695119,0.099847529755264,0.0075863081213758,0.0295397134680972,0.0228992644544751,0.0050030808865291,0.1117148042396932,7.402416477731276e-06,0.0470927271869827
full,341,0.0473829665847244,,,,91.7262077331543,0.0225342609156228,0.0986677779526007,0.0076048021914712,0.0298380409138368,0.0232847531432988,0.0050411230510436,0.1110470102580844,7.406971378654158e-06,0.0473829665847244
full,342,0.0465323523786224,,,,91.89902329444884,0.0218914279592086,0.0985110372793479,0.0075900030291837,0.0293106308481732,0.0226536317667389,0.0049496390532366,0.1106572345082388,7.5922666297462e-06,0.0465323523786224
full,343,0.0476436252537809,,,,91.50354719161987,0.0227230592310184,0.0987806388589202,0.0075897349380567,0.030119892255571,0.0234204780493603,0.0049140331846829,0.1118548714906954,7.586581513494916e-06,0.0476436252537809
full,344,0.0471555565743417,,,,91.42501831054688,0.0223627562527773,0.0987674540183583,0.0075954120113804,0.0297177273963318,0.0231278476564854,0.0049074363730634,0.110112513064361,7.817950399496507e-06,0.0471555565743417
full,345,0.04757834497656,0.1243138406425714,22.24183807373047,0.8398801167805989,91.57528233528136,0.0227233013748878,0.0985639569212178,0.0075638415024722,0.0299547261665346,0.023427378386259,0.0049895681020971,0.1105582220937873,7.37844740321107e-06,0.04757834497656
full,346,0.047677234883924,,,,91.40744805336,0.0227093821177717,0.0992329511486116,0.0076090850729922,0.0300572131470334,0.0234148655789064,0.0050575604059229,0.1105113634992329,7.295444151979598e-06,0.047677234883924
full,347,0.046876243391975,,,,91.46573519706726,0.0222493645841958,0.0978155043281492,0.0075375408002892,0.0295549014919116,0.0229886377184483,0.0049605772288546,0.1109315897109078,7.804972660733521e-06,0.046876243391975
full,348,0.0469761875564934,,,,91.33626294136047,0.0222652597108581,0.0983110192369242,0.0075691223457516,0.0296287399670872,0.0230382266072709,0.0049854106514058,0.1104482211722213,7.670640310445141e-06,0.0469761875564934
full,349,0.0496839746893917,,,,91.43498063087463,0.0241517939940705,0.0995357574009504,0.007592964012817,0.0312411080221416,0.0247936045873116,0.0050214748642575,0.1181183045149826,7.452134437435347e-06,0.0496839746893917
full,350,0.0490542830990963,0.1263937000185251,22.34287414550781,0.8386019229888916,91.38943815231325,0.0236785260685643,0.100041133458497,0.0076683663293627,0.0309714672659508,0.0243840834095341,0.0050235880924327,0.1114836135787553,7.491962730365099e-06,0.0490542830990963
full,351,0.0473146423636401,,,,91.46348285675047,0.0225232665152212,0.0982843368756966,0.0075716259965642,0.0297971822962653,0.0232532779136519,0.0050012104243772,0.1117767058923596,8.24881332017041e-06,0.0473146423636401
full,352,0.0469948307717921,,,,91.44806170463562,0.0223312375563212,0.097722796631641,0.0075290578333508,0.029590467281151,0.023035782526751,0.0050363260699191,0.1125672367691505,7.529031094946944e-06,0.0469948307717921
full,353,0.0468397678227209,,,,91.67564940452576,0.0221872745829893,0.0979806477906274,0.0075475535790634,0.0295414691790938,0.0229387333250192,0.0050814563282536,0.1110183414926783,7.038838091271839e-06,0.0468397678227209
full,354,0.0461998983118377,,,,91.42855787277222,0.0218087005215223,0.0972562979479305,0.0075207783260428,0.0291111503468185,0.022556181035203,0.0049417625538256,0.1095584288056268,7.584289319913755e-06,0.0461998983118377
full,355,0.0458161537917178,0.1190721299499273,22.9056147257487,0.8416762987772624,91.31038188934326,0.0215004800635649,0.0974320060894137,0.0075268913976481,0.0288238449510736,0.0222324319947205,0.0050587420443408,0.1083682351974678,6.954721570253047e-06,0.0458161537917178
full,356,0.0453937766981906,,,,91.62533926963806,0.021200817696689,0.0970886012569802,0.0075065185598357,0.0285421737362859,0.021998033881737,0.0050133767205702,0.1085110093604345,7.1234828985775e-06,0.0453937766981906
full,357,0.0458382843062281,,,,91.45696878433228,0.0215362481101125,0.0974610418569846,0.0075415158109953,0.0290081726967311,0.0222674940605876,0.0050361241046033,0.1064343580701312,7.394185484520124e-06,0.0458382843062281
full,358,0.048238473318395,,,,91.37894415855408,0.0232554165661701,0.0982017629459256,0.0075505866295062,0.0303915568367868,0.0239302846145068,0.0049722207000204,0.1130013547410241,7.648409526759852e-06,0.048238473318395
full,359,0.0491556518512671,,,,91.37929701805116,0.0239505844999898,0.098378665134555,0.007551678933478,0.03104683885076,0.0246474865030069,0.0049297614652877,0.1131493320047366,7.122458870673361e-06,0.0491556518512671
full,360,0.0479027843866191,0.1268584616482257,22.0239496866862,0.8403907457987467,91.38879489898682,0.0230090895469193,0.0979068166896945,0.0075416586163346,0.0302135164498305,0.0237085581986142,0.0049799701282907,0.1136661654674127,7.575861518483021e-06,0.0479027843866191
full,361,0.0466653656092335,,,,91.5686628818512,0.0221068849787116,0.0976998571489678,0.0075303149852352,0.0294587657038794,0.0228088976143569,0.0049515579995073,0.1106150474277187,7.984605863278368e-06,0.0466653656092335
full,362,0.045913564621425,,,,91.22841382026672,0.0216276453059838,0.0969828347690769,0.0075312083602318,0.0290068570280172,0.0224005312536705,0.0049766468296407,0.10815356735934,7.539357492533808e-06,0.045913564621425
full,363,0.046841801022042,,,,91.3882143497467,0.0222714652047782,0.0977615230396145,0.0075470537489249,0.0295991876666418,0.0229556678687451,0.004910977372182,0.1088366759788306,7.424331491958838e-06,0.046841801022042
full,364,0.0458151218099672,,,,91.27438592910768,0.0215841301518385,0.0968248497267238,0.007499482875812,0.0289213414777253,0.0223480209815086,0.0048984310734772,0.1078513844824228,7.60946672500559e-06,0.0458151218099672
full,365,0.0455009475136633,0.1248700190335512,22.54647420247396,0.8377344131469726,91.43492197990416,0.0213539511896669,0.0966291667008009,0.0074868328892244,0.0287025849655514,0.0221576202645531,0.0049636725443186,0.107668907641143,7.615119145778831e-06,0.0455009475136633
full,366,0.045101980388653,,,,91.3097722530365,0.021046050381465,0.0966494449826537,0.0075003721171104,0.028468342345269,0.0218148570065004,0.0048459266697926,0.1077651390347813,7.824657096463389e-06,0.045101980388653
full,367,0.0458308953303294,,,,91.35467433929443,0.0214191712897087,0.0980320011006027,0.0075641902904102,0.028887810170284,0.0221643986134621,0.0049729733632449,0.1093449003566972,7.330693833284677e-06,0.0458308953303294
full,368,0.0460362485228259,,,,91.37623977661131,0.0217417555968048,0.0969913465077759,0.0074935186097062,0.0290650020307693,0.0224219361075856,0.004918307514449,0.108399426534039,7.380331776541858e-06,0.0460362485228259
full,369,0.0461642581542007,,,,91.3589346408844,0.0218155804151272,0.096992020235687,0.0074897372377578,0.0291669099881756,0.0225310407762156,0.0049179246416315,0.1096158611481307,7.502822380323981e-06,0.0461642581542007
full,370,0.0466659482812783,0.1218659710139036,22.50236562093099,0.8407632350921631,91.444833278656,0.0221261570123253,0.0974024368114158,0.0075272479148001,0.0294587101604117,0.0228775553710636,0.0049553747788896,0.1112172817964045,7.97557498947839e-06,0.0466659482812783
full,371,0.0475469328554683,,,,91.39986658096312,0.0227995820908394,0.0977593479586429,0.0075462749876753,0.0301377964282377,0.0234558217257994,0.0049196970171951,0.1105145985779703,7.856297098520723e-06,0.0475469328554683
full,372,0.0463904234748639,,,,91.45065808296204,0.0220381233108336,0.0968515677530257,0.0074889916548749,0.0293523236254199,0.0227405363770171,0.0048829556584022,0.1081553458801058,7.792511950180027e-06,0.0463904234748639
full,373,0.0462409633165988,,,,91.3853690624237,0.0219356037416785,0.0967780571491992,0.0074901016673347,0.0292098820209503,0.0226317234490005,0.0048944033514402,0.1079690652120797,7.64656945848428e-06,0.0462409633165988
full,374,0.045313631627159,,,,91.3357925415039,0.0212551007566393,0.0964300290482943,0.0074679652213683,0.0285653171022651,0.0219843212179228,0.0048789213980227,0.1074075019139735,7.446358661183352e-06,0.045313631627159
full,375,0.0462501052858643,0.1267756428569555,22.11945343017578,0.839583174387614,91.73534297943117,0.0219531932570895,0.0965589773459512,0.0074762956155311,0.029236061635931,0.0226389632224425,0.004921932471916,0.1089370776517469,7.654649982755158e-06,0.0462501052858643
full,376,0.0456334648073696,,,,91.34395265579224,0.0214877620827956,0.0964097385523749,0.0074676895346187,0.0288467111035448,0.022249663363165,0.0048873441782398,0.1081061143061665,7.771288014420248e-06,0.0456334648073696
full,377,0.0466256830077923,,,,91.46963000297546,0.02214300691257,0.0973246473757947,0.0075008891041955,0.0294492559843376,0.0228351479487829,0.0048272799582174,0.1099850144237279,8.118415398898831e-06,0.0466256830077923
full,378,0.0468683693191555,,,,91.39617729187012,0.0223918557243391,0.0968540291317173,0.0075127779254231,0.0296673576393332,0.0231128596380108,0.0047922772202701,0.1096676490345939,7.441817023588918e-06,0.0468683693191555
full,379,0.0457199283677046,,,,91.3734803199768,0.0215776063288088,0.0964476344038228,0.0074722868367479,0.0288654733907248,0.0222935391223577,0.0048784939266863,0.1071629496138604,7.796366001807901e-06,0.0457199283677046
full,380,0.0457268251167213,0.1226253472268581,22.8031255086263,0.8386823813120524,91.31341457366943,0.0215582772478705,0.0965003713232572,0.0074778411071747,0.0288693605479402,0.0222830744841914,0.0049077086780434,0.108037284163178,7.345694302199994e-06,0.0457268251167213
full,381,0.0456695028687598,,,,91.43305706977844,0.0215289892292902,0.0962934396306022,0.007457433005062,0.0288791301522831,0.0222475085651776,0.0048924610095068,0.1086160633713007,7.570779130194336e-06,0.0456695028687598
full,382,0.0459989143810311,,,,91.51320028305054,0.0217996436537655,0.0964681828608278,0.0074620011823679,0.0291246022174104,0.0224783719273009,0.0048103450404357,0.107269779702679,7.728387318000183e-06,0.0459989143810311
full,383,0.0452789829616419,,,,91.26730251312256,0.0213069264380047,0.0958578127329466,0.0074411383982686,0.0286238521765001,0.0220395587995404,0.0047768370771292,0.1070642287491775,7.5553735570611314e-06,0.0452789829616419
full,384,0.0446900065041712,,,,91.44007563591003,0.0208640868363321,0.0958480908245336,0.0074509671454119,0.0282928592632295,0.0216370091208669,0.0048577394069279,0.1048312526440522,8.213876743684748e-06,0.0446900065041712
full,385,0.0446481735399756,0.1234128382056951,22.3782470703125,0.8411411126454671,91.44029474258424,0.0207722269639861,0.0963287241146212,0.0074712751837844,0.028160683108402,0.0215066575185685,0.0048586456753985,0.1055057511100026,8.073181235393785e-06,0.0446481735399756
full,386,0.045438364987857,,,,91.32297420501708,0.0214009987052957,0.0959721652210735,0.0074479874055527,0.0287561589607694,0.0220953556174626,0.0048513834738768,0.1080696421263159,7.445502105947261e-06,0.045438364987857
full,387,0.0466015452030496,,,,91.47384357452393,0.022117138366963,0.0971953702754661,0.0074925792792842,0.0293780201282657,0.0227793699939597,0.0049157718914087,0.111550843953842,7.75220035093551e-06,0.0466015452030496
full,388,0.0451546168168548,,,,91.49853777885436,0.0212032728385729,0.0958961971470567,0.0074439569544352,0.0285356724024063,0.0219330447878627,0.0048732410039997,0.1067656589458223,8.11042056209168e-06,0.0451546168168548
full,389,0.0449532221575252,,,,91.35960030555724,0.0210761220545553,0.0957528181740495,0.0074327186391246,0.0284273775569239,0.0217876236152942,0.0048514612183188,0.1061315130075958,7.88772909690719e-06,0.0449532221575252
full,390,0.0445072091963203,0.1174768954515457,22.860911051432293,0.8416923840840658,91.3400650024414,0.0206744954768629,0.0960469172626245,0.0074615875854477,0.0281169298028603,0.0214148827019284,0.0049533691318308,0.1061957556998632,8.049312318634305e-06,0.0445072091963203
full,391,0.0441685754989014,,,,91.5277168750763,0.0205132449045777,0.0954076071254542,0.0074365816124882,0.0279550316178652,0.0212338458914615,0.0047999107026968,0.1052558337506212,7.859569976168126e-06,0.0441685754989014
full,392,0.0448565327974616,,,,91.43229579925536,0.0209541386298713,0.0961192685072539,0.0074436966535925,0.0283295676936624,0.0216847228298543,0.0047896104391481,0.106288023781581,7.932269408874192e-06,0.0448565327974616
full,393,0.0455524609500511,,,,91.36962127685548,0.0215555716947209,0.0954930459866758,0.007414464481923,0.0288312698515956,0.0222880146313519,0.0048336005525388,0.1075667773113876,8.04063670785889e-06,0.0455524609500511
full,394,0.0452837476079336,,,,91.43157148361206,0.0212723748666829,0.0959314635542572,0.007446759716287,0.0286287846135311,0.0219987971005869,0.0048795556153369,0.108440611358793,7.614591502346441e-06,0.0452837476079336
full,395,0.0451083765899548,0.1193015184253454,22.804860432942707,0.8415480931599935,92.03482389450072,0.0211882185893224,0.0956663489341735,0.0074333985923926,0.0285155502010564,0.0219274465467964,0.0048311331393349,0.1072616146907943,7.930412849453478e-06,0.0451083765899548
full,396,0.0447699423329752,,,,91.3186707496643,0.0210192215659457,0.0950869590532584,0.0074248587651575,0.0283200348589996,0.0217633572345996,0.0048759640480742,0.1054001059077802,8.00482798237191e-06,0.0447699423329752
full,397,0.0457005094981095,,,,91.5707995891571,0.0216879699089121,0.0954552512676989,0.0074201988659371,0.0289122511892289,0.0224000021250399,0.0047671796265439,0.107440295308584,8.045369417279793e-06,0.0457005094981095
full,398,0.0469997346279073,,,,92.1391248703003,0.0224886142007518,0.096762053302077,0.0074573195898203,0.0297204163841536,0.0231730173357197,0.0047945822799028,0.1114031375981256,8.019633352361041e-06,0.0469997346279073
full,399,0.0464680308903582,,,,92.35864281654358,0.0221642313647221,0.0965479114016548,0.0074957593107504,0.0293501801178103,0.0228788296798946,0.0048361879632212,0.1068034592527346,8.009809975178765e-06,0.0464680308903582
full,400,0.0457793437707863,0.1221387144178152,22.54081064860026,0.8412757873535156,91.21540141105652,0.0216808556808067,0.0959970496717046,0.0074327175818444,0.0289475048174623,0.0224175151040563,0.0048538032274113,0.1069803747852317,7.898146022540406e-06,0.0457793437707863
full,401,0.0454887705473381,,,,91.45390439033508,0.0215238804135044,0.0954167364073581,0.0074216367860065,0.0287964895642438,0.022231526161376,0.0048705090226636,0.1070777214147516,7.821731894563012e-06,0.0454887705473381
full,402,0.0449623349351716,,,,91.4590139389038,0.0210524256356426,0.0959111759897138,0.0074404518379539,0.0284540838729895,0.0218116023165525,0.004811713643769,0.106377419542338,7.782836943128596e-06,0.0449623349351716
full,403,0.0454185318476596,,,,91.33794903755188,0.0214636613019421,0.0955096673770029,0.0074368190043224,0.0287725103591553,0.0221947228581812,0.004898476229263,0.10619389876479,7.739729821069476e-06,0.0454185318476596
full,404,0.045416223618095,,,,91.45570635795592,0.0214799255682308,0.0955200073171834,0.0074304196846167,0.028787901960924,0.02213557182857,0.0048055506777018,0.1061053290108188,7.8098878217931e-06,0.045416223618095
full,405,0.044897294755964,0.123647466301918,22.541993713378908,0.8412215709686279,91.41731333732604,0.0211223494643192,0.0952188499638291,0.0073962731508263,0.0284584444779597,0.0218311709077021,0.0047979912869479,0.1047740333454042,7.375843046257387e-06,0.044897294755964
full,406,0.0442673151121764,,,,91.4633903503418,0.0207052668022205,0.0946282573410722,0.0073818059840438,0.0280935757289655,0.0214305886174323,0.0048207955503622,0.1039689375301365,7.252428669268967e-06,0.0442673151121764
full,407,0.0446214358184914,,,,91.3810739517212,0.0209824099495518,0.0946480153036899,0.0073786202921211,0.0283441401743253,0.0217038042705933,0.0047658480852689,0.1041625765320218,8.06736763127382e-06,0.0446214358184914
full,408,0.0444780101419472,,,,91.32349228858948,0.0207921332435407,0.0948630307541519,0.007386296090563,0.0281424960884891,0.0215189665494883,0.004751819059955,0.107584193074068,8.438217184240039e-06,0.0444780101419472
full,409,0.0436904413595062,,,,91.54515719413756,0.0202590108574291,0.0947190347265024,0.007420591263818,0.0277069931025387,0.0210281940345026,0.004806369728195,0.1022879869722929,7.802444561971799e-06,0.0436904413595062
full,410,0.0433302280477813,0.1163647696375846,23.02735137939453,0.8449646313985189,91.54865503311156,0.0200337480952138,0.0941749698803073,0.0073716894105137,0.0274737340505005,0.0208258508918348,0.0047202632785393,0.1030439303913077,8.162043589262746e-06,0.0433302280477813
full,411,0.043422288185016,,,,91.86111426353456,0.0201203814005387,0.0941978780949702,0.0073656457663345,0.0275378049519218,0.0208390386790403,0.0047868233132099,0.102503896400821,8.656034778775816e-06,0.043422288185016
full,412,0.0437073808957318,,,,92.95005559921265,0.0202752848339007,0.0944962418470226,0.0073753946888275,0.0277174762068469,0.0209958158265493,0.0047523707674327,0.1046032067388296,7.456513442194899e-06,0.0437073808957318
full,413,0.0448932770914474,,,,92.31428575515748,0.0210926938176032,0.0953322370521357,0.0074409886614465,0.0285086998654926,0.0218088307387394,0.0047977408222457,0.1051170641831198,7.512265945155744e-06,0.0448932770914474
full,414,0.0438252728829374,,,,92.37154412269592,0.0203528153618461,0.0945574172207566,0.007372985468017,0.027763932836471,0.0210694785718424,0.0047650435466136,0.1051951910323295,7.737404696647812e-06,0.0438252728829374
full,415,0.0442442566186922,0.1214171219617128,22.74543151855469,0.8424550533294678,91.34264993667604,0.0207187648496178,0.0941952432765335,0.0073685403646076,0.0281041881191681,0.0214045483344158,0.0048105791115705,0.1056808101043838,7.052508230975625e-06,0.0442442566186922
full,416,0.0448923234323986,,,,91.45343351364136,0.0211121916969413,0.0951548243155245,0.007420941168198,0.028496215150493,0.0218184314912459,0.004708681051375,0.1057852517019529,7.77342054604206e-06,0.0448923234323986
full,417,0.0443389096343126,,,,91.40482497215272,0.0207484688640373,0.0947045815772697,0.0073940621929426,0.0281118002307952,0.0214585640895195,0.0047387525851487,0.1047608157711439,7.699560023923054e-06,0.0443389096343126
full,418,0.044651894509548,,,,91.27665138244627,0.0209935973932752,0.0948020947761223,0.0073834039484624,0.0283123138284341,0.0217029858975991,0.0047673244643803,0.1040884064754746,7.668782402276683e-06,0.044651894509548
full,419,0.0440090769046887,,,,91.43240666389464,0.0205267242491856,0.0943517606766497,0.0073706421917151,0.0279258072498391,0.0212757737589542,0.0047006829389844,0.1047848916811044,8.420490345609166e-06,0.0440090769046887
full,420,0.044283242682453,0.1254478506743908,22.37513122558594,0.8402927080790202,91.39219331741332,0.0207427651087035,0.0945225162584273,0.0073726522873659,0.0280762955882265,0.0214404105132476,0.0047875354810785,0.1038098970397574,8.06837298223022e-06,0.044283242682453
full,421,0.0449877435524688,,,,91.4067838191986,0.0212078561670467,0.0947402930650554,0.0073901563997334,0.028515272453183,0.0218867315208447,0.0048824038612274,0.1075046408432917,8.199269647570383e-06,0.0449877435524688
full,422,0.04482106752999,,,,91.35881567001344,0.0211084741625751,0.0947778806334636,0.0074069435158591,0.0284773712580809,0.0217958457355738,0.0048144389130938,0.1051484574182111,8.061596976496292e-06,0.04482106752999
full,423,0.0470006571105513,,,,91.34754633903503,0.0225837315875487,0.0961456616393855,0.007441047523705,0.0297754617927015,0.0232359564970018,0.0047959351099142,0.1105019031550552,8.246365304496129e-06,0.0470006571105513
full,424,0.0479279543410559,,,,91.48979449272156,0.0232603866072585,0.0964662564582512,0.00746925686654,0.0304649512085025,0.0239211486912042,0.0047814904819013,0.1110071515756063,7.791335001279382e-06,0.0479279543410559
full,425,0.0461485000540975,0.1240791846066713,22.41060536702474,0.8427708943684896,91.57868719100952,0.0220605219393724,0.0955210308559605,0.0074276291291977,0.0293037974443592,0.0227564896044672,0.0047419315879614,0.1056702004470786,8.189007677750545e-06,0.0461485000540975
full,426,0.0450292905242961,,,,91.32639908790588,0.0212706273085758,0.094645941843752,0.0073990208119703,0.0285884364828711,0.0219847843829603,0.0047540287429955,0.1063693392350048,7.990301193236631e-06,0.0450292905242961
full,427,0.0439782174395733,,,,91.78244972229004,0.0205853209052173,0.0937957074798521,0.007351133306358,0.0279742274891401,0.0213309279795675,0.0046962070599442,0.1038040436621083,8.242245692755593e-06,0.0439782174395733
full,428,0.0460920455850294,,,,91.49815893173218,0.0220816309838632,0.0948372576080384,0.0074224070928319,0.0293204253539443,0.022763164630007,0.00474493294481,0.106788172737741,8.025315799374601e-06,0.0460920455850294
full,429,0.0451941955681951,,,,91.34843230247498,0.0214403228544187,0.0945817847720912,0.0073763908604617,0.0287224734354703,0.0221243005123783,0.0047208946465407,0.1048687582255386,8.0407294293132e-06,0.0451941955681951
full,430,0.0435039425329839,0.1232074126601219,22.68847503662109,0.841358995437622,91.39245367050172,0.0202311620757472,0.0937485186780085,0.0073369501108975,0.0275863709203043,0.0209938487587649,0.0046722089631299,0.1032056451210233,8.578050010685461e-06,0.0435039425329839
full,431,0.0449611627970074,,,,91.4182059764862,0.0212304608316206,0.0945433524788403,0.0073660218966056,0.0284812502013366,0.0219301357025616,0.0047672144519012,0.1067455264999241,8.271920415318229e-06,0.0449611627970074
full,432,0.043901937845789,,,,91.46924877166748,0.0204586027892398,0.0943747617182184,0.0073812285697728,0.0278563780832241,0.0211885346282945,0.0046865473230384,0.1038418095864233,8.180301050176939e-06,0.043901937845789
full,433,0.0434279060143916,,,,91.23498249053956,0.020176909673104,0.0935936438255622,0.0073464421143175,0.0275352168675573,0.0209226737516458,0.0046761264207727,0.104155298291904,7.906710766512334e-06,0.0434279060143916
full,434,0.043097018630656,,,,91.3235342502594,0.0199272276864188,0.0937538361940227,0.007366835242748,0.0274300610371789,0.0206926186706443,0.0047150407917797,0.1014079413086664,8.254805835362581e-06,0.043097018630656
full,435,0.0425830853064773,0.1250314097851514,22.37533569335937,0.8381884892781576,91.4384787082672,0.0195905788816878,0.0931647273360705,0.0073189262613715,0.0270349727027484,0.0203578509772043,0.0047751787752218,0.1017692985287943,8.19908373165552e-06,0.0425830853064773
full,436,0.0429406956632117,,,,91.49699878692628,0.0198702576539677,0.0930533096438548,0.007308657452861,0.0272951986274269,0.0206007924556854,0.0046816225942285,0.1034309723277072,8.454233700235686e-06,0.0429406956632117
full,437,0.0433979122823134,,,,91.4537308216095,0.0201445534123016,0.0937328367936806,0.0073328770555891,0.0275936959860999,0.0208881396693406,0.0047029561008189,0.1032672770871002,8.338264189012462e-06,0.0433979122823134
full,438,0.042911454103887,,,,91.36636662483215,0.0198743912528772,0.092974662292199,0.0073065014754528,0.0272867827538828,0.0206425514560742,0.0046904768573395,0.1019381328989736,8.42209301905212e-06,0.042911454103887
full,439,0.0426152673717893,,,,91.48366975784302,0.019598359593236,0.0933286034670032,0.0073221380723121,0.0270919620105233,0.0203578037622033,0.0047866745038935,0.1014786690595697,8.459881617031933e-06,0.0426152673717893
full,440,0.0434505942079131,0.1290870904922485,21.918292744954428,0.8386625448862711,91.30646657943726,0.0202369915443609,0.0934886546408543,0.0073371194303035,0.027594279528397,0.0209556912285749,0.0048004896399091,0.1020320757734971,8.675963144652831e-06,0.0434505942079131
full,441,0.0435641924163601,,,,91.48619556427002,0.0203051475319461,0.0933301531877674,0.0073193711434781,0.0276580610938492,0.0210340482976715,0.0047318512806668,0.1047733528386862,8.351777782040296e-06,0.0435641924163601
full,442,0.0434911143889681,,,,91.48586368560792,0.0201871956271104,0.0936072590898294,0.0073249970494051,0.0275440183086473,0.0209104743343396,0.0047085783616105,0.1067098200504408,8.043875079284236e-06,0.0434911143889681
full,443,0.043205438471842,,,,91.44954705238342,0.0200543605691951,0.0930496244156946,0.0073019980708686,0.0274307720943308,0.0208082258563916,0.0047026467624074,0.1048065240143752,8.488797571262707e-06,0.043205438471842
full,444,0.044371953798977,,,,91.30958890914916,0.020899071915411,0.0937993287063035,0.0073541217010285,0.0282454664864745,0.021610780283198,0.0046575306571226,0.1040399714876882,8.10590179937066e-06,0.044371953798977
full,445,0.0444384391923419,0.1284236088395118,22.114191182454427,0.8399566332499186,91.4739396572113,0.0209841588512063,0.0935838857635122,0.0073284526168536,0.0282121691089428,0.0216897997745602,0.0046389429013199,0.1042071049116918,8.350563442285407e-06,0.0444384391923419
full,446,0.0434315512567514,,,,91.39253449440002,0.0201629926755902,0.0938909571678912,0.0073433501577218,0.0275581019670992,0.0208881619065755,0.0047433281672324,0.1027957730483813,8.505864528010836e-06,0.0434315512567514
full,447,0.0429757156058168,,,,91.40178632736206,0.0199072131978683,0.0929429467584266,0.0073090990543457,0.0273380784439991,0.0206573273009452,0.004683985865339,0.1034147772693731,7.852971355207808e-06,0.0429757156058168
full,448,0.0429615269674629,,,,91.5794951915741,0.0198935810247527,0.0930832233585295,0.0073185558869793,0.0272904219808148,0.0206486845740162,0.0047160747029711,0.1024597441838657,8.279701229276415e-06,0.0429615269674629
full,449,0.0430389871881877,,,,91.6996488571167,0.0199767066181072,0.093053676554414,0.0073225517990067,0.0273597590304666,0.0207160924576589,0.0047610848855807,0.1012566590406855,8.187117670329655e-06,0.0430389871881877
full,450,0.0427914089599593,0.1189353056252002,23.03674570719401,0.8453714688618977,91.50735783576964,0.0198331750379722,0.0926518381619062,0.0073032150441994,0.0271988803917755,0.0206148843128295,0.0047203494106098,0.1009347722483951,8.613221552386683e-06,0.0427914089599593
full,451,0.0446120644843236,,,,91.47620010375977,0.0209446788047913,0.0949664707066582,0.0073608900763888,0.0283411950727955,0.0215981528773659,0.0047158338282196,0.1045045886555167,8.526234270788801e-06,0.0446120644843236
full,452,0.043625308674012,,,,91.4864785671234,0.0204101766719192,0.0929000763619532,0.0073048624030665,0.0277465110430952,0.0211691096745675,0.0047528447476444,0.1040510951434491,8.49328672566253e-06,0.043625308674012
full,453,0.04329423061343,,,,91.47155690193176,0.0200538253029961,0.0940253597791077,0.0073354266885454,0.0274600498836304,0.0208266538140348,0.0047563909511005,0.1013550015441218,8.347238430386674e-06,0.04329423061343
full,454,0.0432285887540363,,,,91.39200472831726,0.0201644977157721,0.0927150498648158,0.0072994058260877,0.0274870109240539,0.0208891258865106,0.0047638761585761,0.1016941161856788,8.4957789296662e-06,0.0432285887540363
full,455,0.0473508962628538,0.1238539610058069,22.598590087890624,0.8387670358022054,91.26139664649963,0.0229625566328158,0.0956953509909207,0.0074313277661128,0.0300280646741634,0.0235926911051644,0.0047495008816515,0.1080822081106608,8.278901956433264e-06,0.0473508962628538
full,456,0.045687583320942,,,,91.4960160255432,0.021835823314356,0.0943236741863313,0.0073509482193555,0.0290592145785445,0.0225326296506968,0.0047228072319546,0.1063247348685733,7.900493183040065e-06,0.045687583320942
full,457,0.0454234270317876,,,,91.49815893173218,0.0216245157338801,0.0944963195284859,0.0073669834470864,0.0288724913185492,0.0223065172245756,0.0047587156982817,0.1052115016662683,8.367886712931694e-06,0.0454234270317876
full,458,0.0435245247771505,,,,91.41362643241882,0.020315836832599,0.0931218124803949,0.0073145018188191,0.0277173489820761,0.0210475480626718,0.004665359181016,0.1037239531268839,8.496977042203807e-06,0.0435245247771505
full,459,0.0431662598838571,,,,91.42178583145142,0.0200719225647874,0.0930226787191922,0.0073265641942986,0.0274618201293661,0.020846492236816,0.0047352879716571,0.1014729483572186,8.06821819009767e-06,0.0431662598838571
full,460,0.0432243647175978,0.1194277927279472,22.983252970377603,0.8439458847045899,91.37089109420776,0.0201360188103968,0.0929738244072335,0.007331526471821,0.0275290127935223,0.0208769528821232,0.0047225838748463,0.1010047081002935,8.295101509690432e-06,0.0432243647175978
full,461,0.0419807347209482,,,,91.21974563598631,0.0192640678819696,0.0920458206387817,0.0072871467869606,0.0267540770964544,0.0200575688380564,0.0047359548845007,0.1007318398686217,8.27821061011996e-06,0.0419807347209482
full,462,0.0426584709679982,,,,91.39936256408691,0.0197433518230548,0.092488415417124,0.0073001382254125,0.0271729533636912,0.0204776966196225,0.0047316217554549,0.1014430796819143,8.295870024645827e-06,0.0426584709679982
full,463,0.0426495016292959,,,,91.29529285430908,0.0197797544895991,0.0922145765335833,0.0072850925641775,0.0271444749087095,0.0204651637888345,0.0046800997902135,0.1017112776514936,8.186899979275494e-06,0.0426495016292959
full,464,0.042511024237534,,,,91.21684622764587,0.0196626393933643,0.0921527386688795,0.0072647284250706,0.0270826857628636,0.0203982634454599,0.0046583185770136,0.102160976161478,8.431781271011457e-06,0.042511024237534
full,465,0.0423761085133816,0.1217953097075223,22.59918111165365,0.8435961882273356,91.32073736190796,0.0195754283855928,0.0919995581517454,0.0072719987985662,0.0269880126551037,0.0203260365552955,0.0046405759830882,0.1020787360116106,7.693157276717024e-06,0.0423761085133816
full,466,0.0427633718602725,,,,91.5345013141632,0.0198503078694348,0.0922574166391716,0.0072879792824692,0.0272682209300701,0.0205685705343475,0.0046362340541892,0.1021948425923703,8.51426953958236e-06,0.0427633718602725
full,467,0.0438495944330438,,,,91.43593740463255,0.0206357479690894,0.0927886132334099,0.0072863142895435,0.027964355805736,0.0213437218325914,0.0045941426441623,0.1028862073254145,8.960410941790639e-06,0.0438495944330438
full,468,0.0431486492610124,,,,91.28325986862184,0.0201499717783366,0.0920900692705248,0.0072511638835316,0.0275007479778323,0.0208914690559394,0.0046951056908449,0.1034280705403109,8.484179424492427e-06,0.0431486492610124
full,469,0.0431676664710289,,,,91.41439247131348,0.0201759791902464,0.0922735997887908,0.0072649475759597,0.0275302345055292,0.0208714929424592,0.0047154969947992,0.1016679655943737,8.326858420910841e-06,0.0431676664710289
full,470,0.043366466267187,0.1240031998604536,22.24142862955729,0.8437143484751384,91.3641595840454,0.020310139497284,0.0924222791781191,0.0072815845048696,0.0276411502530462,0.0210272541697152,0.0045933912786823,0.1022304922159089,8.115784050664467e-06,0.043366466267187
full,471,0.0420430785838942,,,,91.34201645851137,0.0193801387976549,0.0916916337169584,0.0072449050217744,0.026822186548446,0.020153830766861,0.0046606141841039,0.099874159023471,7.567365856352603e-06,0.0420430785838942
full,472,0.041938882916555,,,,91.2749981880188,0.0193436531899649,0.0914151072502136,0.0072460980116404,0.0267678016537159,0.0201048803760013,0.0046534746690637,0.0992945688242306,8.856719169012302e-06,0.041938882916555
full,473,0.0424790897666186,,,,91.26798152923584,0.0196788897050819,0.0920506026901182,0.0072790448492789,0.0270776468955102,0.0204154578587193,0.0047169301819178,0.1000962416168119,7.475977742276443e-06,0.0424790897666186
full,474,0.0426652133617489,,,,91.25917387008668,0.0198094574352879,0.0923004800178965,0.0072759074563557,0.0271673969558027,0.0205273705336158,0.0047222277126656,0.0995081066474562,8.162481058869549e-06,0.0426652133617489
full,475,0.0423946147937266,0.1201581470668315,22.77088826497396,0.8438240051269531,91.41548132896423,0.0196197270186709,0.091904804843371,0.0072523639365633,0.0270257657546488,0.020394986884699,0.0047010741479023,0.1004658829970438,8.608915959338545e-06,0.0423946147937266
full,476,0.0420262696465752,,,,91.4240312576294,0.0193892404299656,0.0916571607355211,0.007237287940549,0.0267959342521355,0.0201059972455144,0.0046487958437656,0.0994862384910954,8.800701939715888e-06,0.0420262696465752
full,477,0.0429013931635217,,,,91.4610879421234,0.0200204781836784,0.0916673130676394,0.0072497358797576,0.0273821850872186,0.0207401682760139,0.0046464482868151,0.1028960303815662,8.598725781312328e-06,0.0429013931635217
full,478,0.0431074082057495,,,,91.38544464111328,0.0201314602230415,0.0922178914312456,0.0072700333682301,0.0274857748147161,0.0208305201233654,0.0046335985887887,0.1022011962581853,8.406460247267402e-06,0.0431074082057495
full,479,0.0421701829544589,,,,91.46497750282288,0.0194711819764409,0.091614446190537,0.0072411419060386,0.0268449620725434,0.0202347472554347,0.0045379276051506,0.1018555584806399,8.474143693007975e-06,0.0421701829544589
full,480,0.0450417736820021,0.1218222118914127,22.45464884440104,0.8453136761983235,91.45483374595642,0.0214856553242587,0.0932817332080153,0.0073112009482488,0.0286718919018252,0.0222140958715902,0.0046446450630996,0.1045040250679508,7.564490433243629e-06,0.0450417736820021
full,481,0.0460433460710967,,,,91.42803835868835,0.0222496767833706,0.0933233890377107,0.0073249978814884,0.0293860521136981,0.0229291837799866,0.004595103759517,0.1062250715359801,8.038853788797232e-06,0.0460433460710967
full,482,0.0436360227615862,,,,91.38588404655457,0.0205354874602473,0.092166210295724,0.0072712628743382,0.0278810081148489,0.0212379559630253,0.0046962688860223,0.1029091659689047,8.372924649363111e-06,0.0436360227615862
full,483,0.0427799370658935,,,,91.40582180023192,0.0199480925488178,0.0917229838058596,0.0072538943953628,0.0272779173568868,0.0207301414739645,0.0045598244931945,0.1008781183694229,9.20662153908772e-06,0.0427799370658935
full,484,0.0424963534336353,,,,91.48167157173155,0.0197153069063654,0.0918972795126868,0.0072535502678546,0.0270853595441726,0.0204400572483046,0.0045159228115541,0.1008790572036485,8.173348137164114e-06,0.0424963534336353
full,485,0.0426496488851357,0.1199695281684398,22.796627298990884,0.845171324412028,91.44155859947205,0.0198545345777004,0.0916156636886909,0.0072382429965817,0.0272069571875646,0.0205824947763295,0.0045427996646154,0.1017146787804658,7.922854390694095e-06,0.0426496488851357
full,486,0.0422670708694418,,,,91.36696648597716,0.0196161611982789,0.0912522746891272,0.0072112118435993,0.0269695653839678,0.020347422202591,0.0045361525940204,0.1006244173059698,7.71164237226815e-06,0.0422670708694418
full,487,0.0425874000781627,,,,91.51321697235107,0.0198223959410288,0.0916375214936303,0.0072451866972336,0.0271707981763804,0.0205541720430626,0.0045707611554134,0.1003439032823824,7.907249672900827e-06,0.0425874000781627
full,488,0.0420510179867021,,,,91.3708848953247,0.0194703384272021,0.09102713133468,0.0072144257691001,0.0268979662052187,0.0202064528817036,0.0045795314811689,0.1003157140106939,8.300012684661401e-06,0.0420510179867021
full,489,0.0416975889477084,,,,91.37298703193665,0.019162684946214,0.0913975400025727,0.0072555436798539,0.0266808782108738,0.0199523142493162,0.0045831783705192,0.098541237566559,8.362005396167493e-06,0.0416975889477084
full,490,0.0416412757037848,0.1210435256361961,22.71666056315104,0.8432480812072753,91.69472408294678,0.0191586260210539,0.0910150394087932,0.007210580429795,0.0265800356864929,0.0199621767034662,0.0045853201280821,0.0992056626643313,8.72400621126377e-06,0.0416412757037848
full,491,0.0410847408300051,,,,91.42927193641664,0.0188095774959589,0.0905262954899522,0.007175006443772,0.0262201714833251,0.0196094757526135,0.0045237058456834,0.0977986343815678,8.995064952826162e-06,0.0410847408300051
full,492,0.0414412366684343,,,,91.53334760665894,0.0190484149030363,0.0907209789166685,0.0071871509225886,0.0264446672250623,0.0197995117728094,0.0045941568601907,0.0991114309882042,7.974596597534028e-06,0.0414412366684343
full,493,0.0416227541863918,,,,91.58917236328124,0.0191429281592002,0.0910875650702929,0.0072182832843028,0.0265606029691999,0.0199019503703371,0.0045276859977481,0.0994119730579559,8.433410622537651e-06,0.0416227541863918
full,494,0.0422323759584153,,,,91.28337264060974,0.0195904562829947,0.091228609202338,0.0072244564586578,0.0269672620247622,0.0203272982378352,0.004496335206538,0.1006885226205235,8.742500444210315e-06,0.0422323759584153
full,495,0.0420371176766567,0.1173229347914457,22.95966033935547,0.8463263193766276,91.50152921676636,0.0194483659779805,0.0910346737650574,0.0072537066193572,0.0268244114170064,0.0202268790911699,0.0046007484865573,0.1005694951984237,8.629190386180843e-06,0.0420371176766567
full,496,0.0416908043696254,,,,91.43171048164368,0.0192373827191405,0.0907467676967871,0.0072092782709839,0.0266408847996079,0.0199732661598407,0.0045226225591279,0.0996560507805132,8.69911293595384e-06,0.0416908043696254
full,497,0.0414820898965489,,,,91.54405045509338,0.0190754229370809,0.0907815103648138,0.0072221334577064,0.0265350792190579,0.0198311885650895,0.004593359018279,0.0985866283662006,8.824425426073412e-06,0.0414820898965489
full,498,0.0416485440963115,,,,91.490660905838,0.019095447662546,0.0915876104206335,0.0073083843119808,0.0266110701333792,0.0198619674708022,0.0045610765972342,0.0991642086720857,8.585419415539076e-06,0.0416485440963115
full,499,0.0418300540873506,,,,91.38428831100464,0.0193431363593725,0.0908435715026542,0.0071976755509061,0.0266954802037751,0.0200881796705796,0.0045988098088438,0.0989616090950907,8.709223732178235e-06,0.0418300540873506
full,500,0.0419161917153196,0.1222174391150474,22.520260111490884,0.8426486015319824,91.49794840812685,0.0194151477094312,0.090889852066509,0.0072052289930279,0.0267902192980295,0.0201658080942684,0.0045475427034601,0.0983517438967208,8.728348913481974e-06,0.0419161917153196
full,501,0.0420141341470059,,,,91.42217540740968,0.019522891921892,0.0904533877724506,0.0071901104882451,0.0268634631771777,0.0202678679335923,0.0045364207805699,0.099903883717832,8.64023774638143e-06,0.0420141341470059
full,502,0.0419805950530972,,,,91.73605489730836,0.019486847516821,0.0904286743187513,0.0071721178628351,0.0268466064065206,0.0202471210590762,0.004570222091403,0.1003993372814577,8.279642039111237e-06,0.0419805950530972
full,503,0.0429611179183741,,,,91.47645163536072,0.0201704841198735,0.0906511603808793,0.0071845019472854,0.0275304483967359,0.0208619697721766,0.0045352244375609,0.1047995908521726,9.43602176627044e-06,0.0429611179183741
full,504,0.0415897057315365,,,,91.3863832950592,0.0191882526440942,0.0905841251865762,0.0072013472252693,0.0266131429520786,0.0199575937261469,0.0045522044157059,0.0984465998948597,8.789799061533638e-06,0.0415897057315365
full,505,0.0413282264298835,0.1214528772979974,22.684603881835937,0.8422782897949219,91.32416939735413,0.019020778478169,0.0902663225033244,0.0071694822466672,0.0263781571363816,0.0197726120011972,0.0046280392208976,0.098696281217405,8.157383919311171e-06,0.0413282264298835
full,506,0.0427366609791996,,,,91.26830744743349,0.019967473577708,0.0913844093924663,0.0072140252564987,0.0272717657117325,0.0206622804026501,0.0045091124312555,0.1012906215657464,8.56063575064556e-06,0.0427366609791996
full,507,0.0420659826763096,,,,91.3287615776062,0.019518527721406,0.0906764513156453,0.0072200496711569,0.0268916990607976,0.0202772441915557,0.0046789231748304,0.1001901068404072,8.35131399659443e-06,0.0420659826763096
full,508,0.0409483834795776,,,,91.35309386253356,0.0187765390871733,0.0898689305196042,0.0071580234102019,0.0261668318913119,0.0195517707845104,0.0044822887933553,0.0985614905652941,8.972540951917219e-06,0.0409483834795776
full,509,0.0421302711255237,,,,91.45483231544496,0.0195948630876717,0.0905786029628065,0.0071990071818782,0.0269031287247284,0.0203455780770202,0.0046487935937055,0.0997651378761549,9.48678837544033e-06,0.0421302711255237
full,510,0.0427768101121802,0.1222797539085149,22.515736897786457,0.8436343987782796,91.50728011131288,0.0200686732413949,0.0907101885217135,0.0072011156847364,0.0273210729060114,0.0208032335017303,0.0045879231097909,0.1014052600462417,8.078834237896138e-06,0.0427768101121802
full,511,0.0427808532735607,,,,91.37487483024596,0.0200312886478715,0.0910353352789019,0.0072125783800834,0.0273514909547616,0.0207702190706842,0.0045263774036506,0.1014637946777167,8.589419436355799e-06,0.0427808532735607
full,512,0.0423108200527361,,,,91.65433669090272,0.0196863524844778,0.0909224963579021,0.0072162227598247,0.0270654236836755,0.0204159468946764,0.0045383935431629,0.1006852298761244,8.203537786016256e-06,0.0423108200527361
full,513,0.0421301164038357,,,,91.399023771286,0.0196535397305718,0.0902479061337768,0.0071714493488037,0.027007359431171,0.0204007405650298,0.0045914726854744,0.0986336560492388,9.006027959218657e-06,0.0421301164038357
full,514,0.0423771209984284,,,,91.39769506454468,0.0198075176430408,0.0902141655077699,0.0071726136585147,0.02711022955167,0.0205220993470828,0.0045256668522373,0.1021733404610489,8.901995973211148e-06,0.0423771209984284
full,515,0.0420787243752694,0.1201091185212135,22.86479237874349,0.8442642052968343,91.35771417617798,0.0195412225334248,0.0906625898157964,0.0071792141648894,0.026922926031908,0.0203042480880852,0.0045512441496105,0.1000139329460312,9.011704614380105e-06,0.0420787243752694
full,516,0.0417831240099717,,,,91.3493640422821,0.0193690361653561,0.0903627349704992,0.0071871920458239,0.0267748751937121,0.0201103690874259,0.0045962533665454,0.0984235169274396,8.308047569602646e-06,0.0417831240099717
full,517,0.0411521040330656,,,,91.41400289535522,0.0189060960652031,0.0900997998284511,0.0071814731984842,0.0263110350542625,0.0196707779694287,0.0046151879312256,0.0981810506982881,8.941850298627517e-06,0.0411521040330656
full,518,0.0410177752406137,,,,91.4468834400177,0.0188530588324074,0.0897397423376802,0.0071623673563304,0.0262426920235157,0.019649827639099,0.0045142948196162,0.0977512870716755,8.612521593009732e-06,0.0410177752406137
full,519,0.0406983959656514,,,,91.35845136642456,0.0186553903946988,0.0892820900580922,0.0071417077513197,0.0260570757549072,0.0194552512305071,0.004509016350446,0.0978590068025667,8.839084619124327e-06,0.0406983959656514
full,520,0.0415746194203613,0.1243918035179376,22.52732645670573,0.8420890808105469,91.47600388526917,0.0192799512525928,0.0898937592740918,0.0071586768417695,0.0266198063055511,0.0200200061558089,0.0045585026143912,0.0977160575814911,8.266890523218861e-06,0.0415746194203613
full,521,0.0425386235240052,,,,91.3384289741516,0.019923797678813,0.0905382222816592,0.0071820326924293,0.0272240693467195,0.0206415855371561,0.0045206502679216,0.1003505256271264,8.486405640458113e-06,0.0425386235240052
full,522,0.0416025272036185,,,,91.38313674926758,0.0192815194624002,0.0897930816548769,0.0071508459800274,0.0266094844116539,0.020054456983983,0.0046137810196177,0.0992831507178603,8.751770652146754e-06,0.0416025272036185
full,523,0.042158802635357,,,,91.3954005241394,0.0196862380157728,0.0901559860002799,0.0071726815973515,0.0270005964719858,0.0204139925218874,0.0045096067497964,0.0993415086575951,8.772262460820623e-06,0.042158802635357
full,524,0.0427517957496838,,,,91.54915237426758,0.0201159450607221,0.0903764572299894,0.0071806310824897,0.0274133457970179,0.0208509846010291,0.0045720918760558,0.0995618824343212,8.032139602743557e-06,0.0427517957496838
full,525,0.0446311265352319,0.1206291448324918,22.854607137044272,0.8428337415059407,91.3753559589386,0.0213846140541136,0.0916177161404343,0.0072345687916166,0.0285899854784251,0.0220242271612047,0.0045053285477896,0.1044787433853403,8.104458153566667e-06,0.0446311265352319
full,526,0.0441424361140024,,,,91.31260895729064,0.0210105567086549,0.0917724014305677,0.0072464159705111,0.0281618035963324,0.0217418359806303,0.0045675126011254,0.1018447733377335,9.050300421989172e-06,0.0441424361140024
full,527,0.04248655080551,,,,91.49270606040956,0.0199302839130529,0.0900517091399333,0.0071494804092179,0.0271771553995423,0.0207033235136969,0.0045089242869194,0.1007697964239804,8.885625741471304e-06,0.04248655080551
full,528,0.0418098048902437,,,,91.46215200424194,0.0194234079834012,0.0897820152220178,0.0071685381852029,0.026842635995174,0.0201766337497068,0.0044350970601357,0.1011516155339166,8.98560143010364e-06,0.0418098048902437
full,529,0.040764758622915,,,,91.4793300628662,0.0187479989053528,0.0892139829573084,0.0071135148573972,0.0261117433594753,0.019517873772649,0.0045133635905556,0.0962658063432232,8.685973396445252e-06,0.040764758622915
full,530,0.0407549396737432,0.1213621459901332,22.733900451660155,0.8435363133748373,91.3940167427063,0.0186507677369308,0.0896404146171007,0.0071480707589872,0.0260648448020219,0.0194561590944401,0.0044220688306253,0.0985214604889271,9.138756336381963e-06,0.0407549396737432
full,531,0.0408099810363816,,,,91.34000444412231,0.018706798324453,0.089518559272172,0.0071489653000455,0.0261092208112116,0.0194945725703947,0.0045441173963615,0.0983338819847243,9.063778390727626e-06,0.0408099810363816
full,532,0.0407219266549485,,,,91.6049120426178,0.0186671015165257,0.0892951454295486,0.0071238387589816,0.0260450731596497,0.0194376319051399,0.0045187426482892,0.0985819164846764,9.08236094354278e-06,0.0407219266549485
full,533,0.0415498338578665,,,,91.45837926864624,0.019246107807047,0.0895012294659849,0.0071256150907577,0.0265754325330623,0.0199964953983416,0.0045010611743162,0.1018374505468079,9.270902847624734e-06,0.0415498338578665
full,534,0.0415793148434308,,,,91.51096367836,0.0192491115818991,0.0901270733504998,0.0071725385763575,0.0266240546174469,0.0200006020117978,0.0045025431928911,0.0981086506279277,9.38993719889717e-06,0.0415793148434308
full,535,0.0406354451704709,0.119535032659769,22.928536478678385,0.8462264060974121,91.50748538970949,0.0186230628980232,0.0894891453571006,0.0071357737990004,0.0260408910174594,0.0193804308817889,0.0044710671731469,0.0957544840505865,8.88655388618518e-06,0.0406354451704709
full,536,0.0406157252699381,,,,91.45627641677856,0.0186261553088294,0.0887786110893624,0.007087042295664,0.0260077440714249,0.0193989239251393,0.0044537815379864,0.1000812337046763,9.400794617912482e-06,0.0406157252699381
full,537,0.0411255453850646,,,,91.48073291778564,0.0190136089203421,0.0891249648860243,0.0071074123643186,0.026334466427931,0.0197676002490715,0.0045007921957609,0.0983696700852425,8.638971811768596e-06,0.0411255453850646
full,538,0.0409212430603191,,,,91.30156207084656,0.0188721953967555,0.089002822754813,0.007108256039515,0.0262361859414176,0.0196456042133638,0.0045568896724735,0.097527409796832,9.588546412667654e-06,0.0409212430603191
full,539,0.0408038137724897,,,,91.43549156188963,0.0187826602811329,0.0889957483674659,0.0071124398286958,0.0261863252056426,0.0195770874756892,0.0044920065089083,0.0973199317689801,8.620248601969521e-06,0.0408038137724897
full,540,0.0406574778503081,0.124378377571702,22.41466827392578,0.84477113087972,92.18956112861632,0.018601443725409,0.0894232426510482,0.0071538979889916,0.0260849189715551,0.019414622153415,0.0044867120469447,0.0978053886382306,8.976135435349432e-06,0.0406574778503081
full,541,0.0413521439692036,,,,91.43727779388428,0.0191712672898515,0.0892307670390019,0.0071191497559308,0.0265385230514602,0.0198905889448694,0.0045134409647587,0.0988970828227332,8.722575464295465e-06,0.0413521439692036
full,542,0.0415247468522093,,,,91.41321897506714,0.0192739184808413,0.0895346471520721,0.0071391065062985,0.026614747498734,0.0200136984148841,0.0045482425923749,0.0983903894781089,8.914655299107449e-06,0.0415247468522093
full,543,0.0410927907548478,,,,91.48614001274107,0.0190016219514559,0.089089456640306,0.0071140221495669,0.0263326907545694,0.0197219131209078,0.0044633062903723,0.0981949919254564,8.683303879435498e-06,0.0410927907548478
full,544,0.040621924580487,,,,91.45416212081908,0.0186683035028151,0.0888476948269078,0.007108687075832,0.0260530753580273,0.0194449655436834,0.0046059745726496,0.096461301425197,8.889167803011042e-06,0.040621924580487
full,545,0.0402764042411915,0.1224068198353052,22.5151123046875,0.8458537419637044,91.44810581207275,0.018419989338908,0.0885660721630346,0.0070859493695382,0.0257894433271445,0.0192143598296603,0.0045230687714227,0.0974621956893166,8.956191764247323e-06,0.0402764042411915
full,546,0.0404286298778702,,,,91.75582432746889,0.0185794642378316,0.0884356879797138,0.0070857681204244,0.0259513256872897,0.0193415772490447,0.0044997882529268,0.0962516541791255,8.628514342796093e-06,0.0404286298778702
full,547,0.0406256021290529,,,,91.6792004108429,0.0186611702818362,0.0887081320168542,0.0071200965617432,0.0260795688287156,0.0194512672004763,0.0045117049374938,0.0982282189194296,8.6884185022523e-06,0.0406256021290529
full,548,0.0407376131500865,,,,91.48552703857422,0.0187881888409496,0.0886659265541639,0.0070859278422459,0.0261509340012171,0.0195739051311841,0.0044850419336532,0.0964744054391735,9.141837563957302e-06,0.0407376131500865
full,549,0.0408434636249649,,,,91.86957311630248,0.0188550141670542,0.0887042489208159,0.0070832177298143,0.0261834677705755,0.0196515039052264,0.0044828205728201,0.0972478106373646,9.119738051379667e-06,0.0408434636249649
full,550,0.0412035187797956,0.1200923454016447,23.00703125,0.8435390631357829,91.82179522514345,0.0190886880011587,0.0889529893632795,0.007110145412477,0.0263993400072709,0.019853058858912,0.0045337627325054,0.0985514367701577,8.580701775839208e-06,0.0412035187797956
full,551,0.0406395067140215,,,,91.9106740951538,0.0186862563485371,0.0887027539190698,0.0071043570709155,0.0260981174460688,0.0194967064746945,0.0044865686060921,0.0973207155456308,8.895575496330063e-06,0.0406395067140215
full,552,0.0410289376607683,,,,92.24349188804626,0.0189071151000432,0.0893588515578723,0.0071565207689389,0.0263595197991025,0.0197071497649198,0.004499091295388,0.0974982697516679,8.368039526381204e-06,0.0410289376607683
full,553,0.0407208598173055,,,,92.22393417358398,0.0187863046608743,0.088400342425362,0.0070842649467045,0.0260885647940831,0.0195545625155333,0.0044492736447327,0.0983130607570781,8.929437946160172e-06,0.0407208598173055
full,554,0.0405265047505009,,,,92.32749795913696,0.0186131275335296,0.0885647559752229,0.0070740252515667,0.0259755916404919,0.019393856079913,0.0045187417780369,0.0978278556197393,8.71247612323149e-06,0.0405265047505009
full,555,0.0403907176137703,0.1238181013613939,22.456551106770835,0.8422798951466878,91.4277048110962,0.0185830015002093,0.0880711679575873,0.0070587184631311,0.0259156908427716,0.0193799515560147,0.0044536908447253,0.0969235772175378,9.208983674049397e-06,0.0403907176137703
full,556,0.0418450296169421,,,,91.4667181968689,0.0196115206163681,0.0888138252203581,0.0070944951950251,0.0268536448692444,0.0203771051935485,0.004462432427347,0.0987958075081715,8.648981434442585e-06,0.0418450296169421
full,557,0.0469797613007611,,,,91.44899702072144,0.0232477703391284,0.0914081589120333,0.007212858024954,0.0301094065863089,0.0239159613771394,0.0044377990654807,0.105652977544509,9.594351915201478e-06,0.0469797613007611
full,558,0.0435067728375558,,,,91.36309480667114,0.0207390684145884,0.0899099849286626,0.0071357740032043,0.0278809822362954,0.0214348800907858,0.0044657798774051,0.1024805624037981,8.921554957156013e-06,0.0435067728375558
full,559,0.0424581852085033,,,,91.42996859550476,0.020006161175485,0.0891875732140462,0.0071099982215244,0.027197623976552,0.0207683204780103,0.0044264506040995,0.101735432097902,8.919339984639476e-06,0.0424581852085033
full,560,0.0416425028510513,0.1229569446295499,22.575998942057293,0.8403277238210042,91.56623387336732,0.0194892303743323,0.0886128515493674,0.0070804595187703,0.0267255436171029,0.0202581062378575,0.004388471113014,0.098324338768105,9.23608871517445e-06,0.0416425028510513
full,561,0.0409964476330358,,,,91.80958127975464,0.0190037922002375,0.0884946115681382,0.0070863407960192,0.0263711647970266,0.0198040825894987,0.0044192717101455,0.0970002196607042,9.03737551943157e-06,0.0409964476330358
full,562,0.0410822739702512,,,,91.52712774276732,0.0190962445845857,0.088215312508286,0.007063405962325,0.0263576445123944,0.0198314167162189,0.0044782466816212,0.0983658947478063,8.917668984413082e-06,0.0410822739702512
full,563,0.0405462643314824,,,,91.31303715705872,0.0187057670602788,0.088087402406286,0.0070548821469677,0.0260276734279315,0.019495539802325,0.0045109497990123,0.0966178385662983,8.80750617385035e-06,0.0405462643314824
full,564,0.0401071214162912,,,,91.39201331138612,0.0184140860286281,0.0877746680720907,0.0070393228766004,0.0257800182205487,0.0192040162328936,0.0044515422988133,0.095772901855287,8.253789631652258e-06,0.0401071214162912
full,565,0.0394199914833317,0.1207208819687366,22.81356201171875,0.8452293395996093,91.53699851036072,0.0179314877089784,0.0874530247977522,0.0070267645222302,0.0253163975449737,0.0187432610918386,0.0043235289097046,0.0949636639599673,9.165381680154651e-06,0.0394199914833317
full,566,0.039562802838131,,,,91.46159029006958,0.0179646804577625,0.0879456513240689,0.0070590422198664,0.0254241287799887,0.0187985187350604,0.0044442837653284,0.0952025393298903,9.48884457312558e-06,0.039562802838131
full,567,0.0395685811450735,,,,91.45801210403442,0.0180423511726567,0.0873121262573805,0.0070205883916894,0.0253941519338576,0.0188651481170024,0.0043987093424638,0.0960912913633663,9.664133873474027e-06,0.0395685811450735
full,568,0.0400987884151886,,,,91.48593759536745,0.0184217074000444,0.0875142675931336,0.0070337279524165,0.0257522232647313,0.01921659695809,0.0044108955246839,0.0970896760948368,9.162528755135931e-06,0.0400987884151886
full,569,0.0398449645698314,,,,91.46189069747923,0.0182723933754519,0.087393327326071,0.0070236378452419,0.0256064420214808,0.0190928508603914,0.00431510836428,0.0950002074546989,9.143370456913942e-06,0.0398449645698314
full,570,0.0398021118226842,0.1216180957853794,22.729166158040364,0.8440349419911702,91.53427839279176,0.0181912978668315,0.0875180583508288,0.0070157773319448,0.0255305272236954,0.0189833293943742,0.0044630961244559,0.0968037224756401,8.583153799626174e-06,0.0398021118226842
full,571,0.0402767719151299,,,,91.39011311531068,0.0185489060326677,0.0877568882996918,0.0070423162714043,0.0259001026250666,0.0193297024510923,0.0044518994743798,0.0959013852855709,8.778257530953798e-06,0.0402767719151299
full,572,0.0400451669835897,,,,91.46142530441284,0.0183847948267567,0.0876214626382608,0.0070665880606402,0.0257683866351965,0.0191898457629636,0.0044585785725474,0.0953802521050465,9.13602175619011e-06,0.0400451669835897
full,573,0.0405720527909818,,,,91.4698007106781,0.018759930124659,0.0878147458443876,0.0070638052058085,0.0261270157748558,0.019540135687614,0.0043827248908976,0.0968913467387195,8.668644631430926e-06,0.0405720527909818
full,574,0.0398816497477351,,,,91.44210696220398,0.0183291804869888,0.0871195778494975,0.0070075469652618,0.0256562240528645,0.0191566756789068,0.0044235569066139,0.0948170032352209,9.716941746016386e-06,0.0398816497477351
full,575,0.0396385373028575,0.1216161176562309,22.68428039550781,0.8434629281361897,91.44935655593872,0.0180950541369861,0.087189073445367,0.0070269292136501,0.0254770168484967,0.0189332429197479,0.0044398178865552,0.0966842992261785,9.4012519046046e-06,0.0396385373028575
full,576,0.0409218906195925,,,,91.45744252204896,0.0189953683875501,0.0880141228925986,0.0070678509645866,0.0263072610145709,0.0197365821690344,0.0043639232267121,0.0984959670449378,8.042103591131573e-06,0.0409218906195925
full,577,0.0404095911252938,,,,91.38331604003906,0.0186464834775103,0.0877503825992834,0.007070011089052,0.0260305846812295,0.0194226180539145,0.0043953783145998,0.0964183116972935,8.257837464043826e-06,0.0404095911252938
full,578,0.0396595981094192,,,,91.47319436073305,0.0181668882151363,0.08686562639768,0.0070008305473955,0.0255018197396983,0.0189880591771397,0.0043728919566196,0.0962571735020543,9.16986636419016e-06,0.0396595981094192
full,579,0.04005469522271,,,,91.31631922721864,0.0184230569704267,0.0871865636989718,0.0070211618764661,0.0257751513425199,0.0192446526994959,0.0044045297783936,0.096960054649437,8.89243330006248e-06,0.04005469522271
full,580,0.0401350464824526,0.1207713913172483,22.76274668375651,0.8423455874125163,91.34738516807556,0.018502105508366,0.0873067525566601,0.0070254035336041,0.0258318544747155,0.0193006429195281,0.0044091561270999,0.09530776558963,9.271768747499304e-06,0.0401350464824526
full,581,0.0403057420473606,,,,91.3499720096588,0.0186142752130256,0.08731488272792,0.0070095355813315,0.0259517619813807,0.0193984039341572,0.0044257556275296,0.0966892238462069,9.124867142866316e-06,0.0403057420473606
full,582,0.0399015491339759,,,,91.47247743606567,0.0183148080498346,0.0869361269669454,0.0070033645081776,0.0256597660023902,0.0190989360152209,0.0044133063142386,0.0985215272998712,9.01745214656846e-06,0.0399015491339759
full,583,0.0395719909613005,,,,91.47506260871889,0.0181140065742809,0.0868275551522364,0.0069935007753675,0.0254954743336458,0.0189234556813464,0.004370335138357,0.0955066132801966,8.749763604027707e-06,0.0395719909613005
full,584,0.0395987503322177,,,,91.396577835083,0.0181220409796252,0.086816382212717,0.0070036517295864,0.0254898807339248,0.0189473361433407,0.0043534149137157,0.0963524225183197,8.936152423483132e-06,0.0395987503322177
full,585,0.0397010913088184,0.1203234083950519,22.96219736735026,0.8452317237854003,91.37406468391418,0.0181813955108528,0.0870533522035254,0.0070208284248155,0.0255916206334091,0.0190149288334441,0.0043418925316607,0.0956448057330534,8.85131373909033e-06,0.0397010913088184
full,586,0.0394988647036132,,,,91.45161247253418,0.0180728705141876,0.0866652541473263,0.0069815697621737,0.0253862943805632,0.0189162877647847,0.0043978919943061,0.0955520820971883,9.343894238776378e-06,0.0394988647036132
full,587,0.0395586908352179,,,,91.49459314346312,0.0181043011243226,0.0868360219431705,0.0070059388898862,0.0254900178978921,0.0189205416035456,0.0043823774789505,0.0952347609840455,9.41217266661879e-06,0.0395586908352179
full,588,0.0398854628571721,,,,91.33555030822754,0.0183486539992641,0.0869660743924438,0.0070156670656421,0.0257091168008866,0.0191353664687666,0.0044355964169791,0.095118570004086,9.20747552424891e-06,0.0398854628571721
full,589,0.040582317248231,,,,91.55329704284668,0.0188529077673056,0.0871325345312962,0.0069958226140741,0.0261230162940308,0.0196116165349595,0.0043539466645538,0.0974580110279751,9.709588714541988e-06,0.040582317248231
full,590,0.0401868430103679,0.1198993530124425,22.932986450195312,0.844189437230428,91.3001194000244,0.0185051957664431,0.0875456860808075,0.0070253445606556,0.0258290302619093,0.0192979799705694,0.0043746981613307,0.0961272536059383,8.777916746586088e-06,0.0401868430103679
full,591,0.0403864204150731,,,,91.50520277023315,0.0187184814837013,0.0868486869530599,0.0069935776285643,0.0259982694062541,0.0195190568500366,0.0043992345072481,0.0977626036486176,9.296712360039064e-06,0.0403864204150731
full,592,0.0399654195262271,,,,91.50541234016418,0.0183820128898884,0.0871807507804182,0.0070215437778836,0.0257255145821903,0.0191888924550692,0.0044248044170194,0.0952662729398637,8.72452913255036e-06,0.0399654195262271
full,593,0.0408434040813905,,,,91.45989632606506,0.019011189939729,0.0874483043053111,0.0070515174693504,0.0263420682034043,0.0197665154262155,0.004492192670367,0.0971129252040972,8.96396075267119e-06,0.0408434040813905
full,594,0.0399054374362601,,,,91.40739679336548,0.0184354644009202,0.0863293839282676,0.0069785251121845,0.0257000483603018,0.0192656256487501,0.0043230359461616,0.0958288978540995,8.968547927698554e-06,0.0399054374362601
full,595,0.0392045219138753,0.1195948794484138,22.88193817138672,0.8462283134460449,91.52366018295288,0.0179414419976414,0.0858962359975595,0.0069520178548686,0.0252444638534769,0.0187967550009489,0.004350901926776,0.0951985690864871,9.14790291210482e-06,0.0392045219138753
full,596,0.0392966197467729,,,,91.49257445335388,0.0179917479666774,0.0860561689392465,0.0069484536528404,0.0253126333452394,0.0188201039907385,0.0043802779801495,0.0954737263869066,9.515779371037794e-06,0.0392966197467729
full,597,0.0395424624477497,,,,91.41851115226746,0.0181574913459356,0.0863810635981012,0.0069803351834111,0.0254850216041945,0.0190013762120707,0.0043997425208112,0.0943822286656645,9.372927359119574e-06,0.0395424624477497
full,598,0.0396575695819786,,,,91.44857668876648,0.0182496193399439,0.0862135994629781,0.0069573122786632,0.025586825963415,0.0190408330059564,0.0043772088504991,0.096132772348699,9.94909508715044e-06,0.0396575695819786
full,599,0.0400515876435598,,,,91.49471354484558,0.0185129511872398,0.0863667448036006,0.0069778879444099,0.025846625502664,0.0193512400337418,0.0043273864955198,0.0975231756990561,9.744289182019915e-06,0.0400515876435598
full,600,0.0400542906928257,0.1235319022089243,22.429532368977863,0.8432206153869629,91.20122599601746,0.0185332605462582,0.0864112171970429,0.0069617698137022,0.0258461033589527,0.0193246035287004,0.0043304430217802,0.0966064592853921,8.498662178398405e-06,0.0400542906928257
full,601,0.0405775574722983,,,,91.25444293022156,0.0189417733917715,0.0864248446753767,0.006969627262032,0.0261607224152224,0.0197137047338192,0.0043550944280215,0.096974138231551,8.691069617730402e-06,0.0405775574722983
full,602,0.0416671275542896,,,,91.5457682609558,0.0195713826745259,0.0875730387500075,0.0070267139063751,0.0267138181284802,0.0203207434674144,0.0044869311558479,0.1024074988348073,9.459107862764936e-06,0.0416671275542896
full,603,0.0411644507596483,,,,91.48724460601808,0.0193027799384149,0.0870880631149792,0.0070033281140762,0.0265319089054084,0.0201058546539212,0.0044072132908784,0.097595531615566,8.30783236840033e-06,0.0411644507596483
full,604,0.0409172526637061,,,,91.4261119365692,0.0190966768862038,0.0871271564335119,0.0070278819337426,0.0263170141909943,0.0199041925294355,0.0043827117588676,0.0981599200272657,9.30356734799805e-06,0.0409172526637061
full,605,0.0398406396757383,0.1217622626572847,22.733599853515624,0.8452566146850586,91.55556297302246,0.0184131670651621,0.0860533958575764,0.0069599723611332,0.0257325669765838,0.019240745557014,0.004314315348833,0.095973486508258,9.437669211242492e-06,0.0398406396757383
full,606,0.0394935321032268,,,,91.39797639846802,0.0181586649116189,0.0858720560542872,0.0069512840452008,0.025444092946585,0.0189747300350153,0.004333486383567,0.0964623527204404,9.506736802614113e-06,0.0394935321032268
full,607,0.0394822435270323,,,,91.32917618751526,0.0182145796181847,0.0856142620571324,0.0069344476338659,0.0254763520750232,0.0190333877461122,0.0043215135887234,0.0944102610171329,9.01545547997679e-06,0.0394822435270323
full,608,0.0402154392089511,,,,91.45978426933289,0.0186836077205714,0.0860731557744448,0.0069536185884451,0.0259143200199135,0.0195075110761357,0.0044591542978419,0.097084971450147,9.7232257131874e-06,0.0402154392089511
full,609,0.03926620531644,,,,91.36993598937988,0.018024027553677,0.0858889104890041,0.0069404995339907,0.0253468527321199,0.0188479894069863,0.0043395709028833,0.0933608298083065,8.769851267129378e-06,0.03926620531644
full,610,0.0390169022482682,0.1237180773168802,22.47264912923177,0.8428080399831136,91.44798302650452,0.0178460514508798,0.0854838104521642,0.0069226984499541,0.0251311569505172,0.018677691135128,0.0043681061799928,0.0953291057471613,8.264469087028783e-06,0.0390169022482682
full,611,0.0390252524864722,,,,91.4542224407196,0.0178816251029245,0.0851843342429301,0.0069046599588158,0.0251890411295118,0.0187310188718628,0.0043740453156566,0.0954704199474854,8.447751026306487e-06,0.0390252524864722
full,612,0.0394694076423518,,,,91.42804074287416,0.018131838424406,0.0858967817220531,0.0069384972343496,0.0254015957814503,0.018938022864158,0.0043553568281569,0.0968941112094726,8.341469993165567e-06,0.0394694076423518
full,613,0.0390291657207197,,,,91.33901858329772,0.0178952176337603,0.0852645962941842,0.0069150574883201,0.0252029666387033,0.0187352311140933,0.0043988870304138,0.0941612614837826,8.540346605591062e-06,0.0390291657207197
full,614,0.0388249703453945,,,,91.29968547821044,0.0177585901768847,0.0851817282496905,0.0069140046014313,0.025060179017362,0.0186068745039892,0.0043369113738633,0.093509249847199,9.322004806607886e-06,0.0388249703453945
full,615,0.0388878915214636,0.1216688193380832,22.592842610677085,0.8435384114583333,91.268239736557,0.0177767978691053,0.0852911990196978,0.0069300469896588,0.0251260637382014,0.0186651425710955,0.0043321351948209,0.0940564375859303,9.727423007488683e-06,0.0388878915214636
full,616,0.0389060125701495,,,,91.43631863594057,0.0178416529670357,0.0851005638231996,0.0069034065971089,0.0251383036909411,0.0186844376587599,0.0042961939909785,0.0931182098498598,9.246697412463484e-06,0.0389060125701495
full,617,0.0388702869293142,,,,91.52213883399963,0.0177788729245056,0.0852244198322296,0.0069012893516509,0.0251046447236029,0.0186478896066546,0.0043998851238551,0.0936324419606415,9.678483154710443e-06,0.0388702869293142
full,618,0.0397840753869443,,,,91.4809308052063,0.0183705827526626,0.0861062729944948,0.006980807140668,0.0256524909073944,0.0191931371638154,0.0043233405115449,0.0955860716458715,9.54752836928522e-06,0.0397840753869443
full,619,0.0395157619639009,,,,91.472891330719,0.0182179157377877,0.0856319905304517,0.0069288290258435,0.0255105712786927,0.0190656124385165,0.0043660421096185,0.0951627763751589,9.831185765249455e-06,0.0395157619639009
full,620,0.0390740811336235,0.1170619912445545,22.9972900390625,0.8449439843495686,91.4978199005127,0.0179191608760567,0.0854652436053166,0.0069341671836302,0.0252232219810124,0.0187754320728852,0.004370695630806,0.0932864605403337,9.62350197843642e-06,0.0390740811336235
full,621,0.0394065221466246,,,,91.49652242660522,0.0181463336969008,0.0854280869491764,0.0069123594391877,0.0254371689601999,0.0189519727785812,0.0043507353574434,0.0963416688342685,9.700916718399543e-06,0.0394065221466246
full,622,0.0390683203996693,,,,91.39853239059448,0.0179359564771417,0.0851716975696751,0.0069170658720932,0.0252268459403612,0.0187885529422735,0.0043523631604449,0.0943313541776332,8.158507784530368e-06,0.0390683203996693
full,623,0.0392005367998461,,,,91.38693571090698,0.0180235076008639,0.0853344895800606,0.0069051066978422,0.0253359632200149,0.0188606825702991,0.0043553061989426,0.0942036255155919,8.921954539758333e-06,0.0392005367998461
full,624,0.0392227343085115,,,,91.49887251853944,0.0180690930621912,0.0852554362328326,0.0069031067742187,0.0253618404757781,0.0189220317272988,0.004307555717981,0.0931059935847755,9.219259835467096e-06,0.0392227343085115
full,625,0.0392296971508958,0.1216183006763458,22.711602274576823,0.8428702354431152,91.48140692710876,0.0180187416720952,0.0852857510574528,0.0069175265256132,0.0252978616836862,0.0188465199021042,0.0043263232247659,0.0966441451465008,9.449097547839854e-06,0.0392296971508958
full,626,0.039147257606392,,,,91.41860556602478,0.0180360017435961,0.0847814776858345,0.0069011899253322,0.0253261993104805,0.0188895705247633,0.0043298865870771,0.0949236337461921,1.006993563601115e-05,0.039147257606392
full,627,0.0387705113341818,,,,91.47127437591551,0.0177797013359358,0.0844168355230425,0.0068665199920718,0.0250421445511403,0.018652307968892,0.0043331089879951,0.0952197489496625,8.146443613377904e-06,0.0387705113341818
full,628,0.0401228278508929,,,,91.40731477737428,0.0187312220910289,0.0852160141116283,0.0069187307314275,0.0259595231656901,0.0195354032940918,0.0043477187101103,0.0965760520308232,8.586348849168298e-06,0.0401228278508929
full,629,0.0397564903909309,,,,91.47786808013916,0.0184710670842743,0.0851795531687189,0.0068867141705342,0.0256832673702938,0.0192747225175749,0.0042884023459322,0.0955689865485078,9.599357825588312e-06,0.0397564903909309
full,630,0.0395099538393685,0.1199667509645223,22.802032470703125,0.8435599644978841,91.45741891860962,0.0183415443437998,0.0847476031936583,0.0068751453387657,0.0255464101591926,0.0191741684741783,0.004229119595247,0.0947770739859733,9.37938368061158e-06,0.0395099538393685
full,631,0.0390144148230797,,,,91.4884946346283,0.0179113552249113,0.0849771235809951,0.006907297889931,0.025223750743221,0.0187824628178457,0.0043412949355532,0.0944667723884836,9.381417292277935e-06,0.0390144148230797
full,632,0.0387216361056341,,,,91.5291826725006,0.0177669332545922,0.0845140941807481,0.0068933688615616,0.0250206975052591,0.0186362223485942,0.0042560329206562,0.0931718987031061,9.9136807132796e-06,0.0387216361056341
full,633,0.0393660696467659,,,,91.47552371025084,0.0182112658961263,0.0847790861716036,0.0068887453220906,0.0254592844361408,0.0190498679723651,0.0043156290861976,0.0950719777067176,9.701145040262868e-06,0.0393660696467659
full,634,0.0388595174051454,,,,91.30539417266846,0.0178042187538669,0.0846770742877585,0.0068859532933498,0.0251053833234749,0.0186821838428617,0.0042684924956716,0.0961500528405924,9.179379476699024e-06,0.0388595174051454
full,635,0.0390393351677988,0.1213990692049264,22.622562662760416,0.8420503457387288,91.54537987709044,0.017917562016576,0.0849342761469669,0.0068843608996907,0.0251893062816291,0.0187777036602501,0.0043448060197511,0.0959522330247965,9.928554259208324e-06,0.0390393351677988
full,636,0.0397962960032898,,,,91.38177108764648,0.0185092892955805,0.0851063747875026,0.0069031139003632,0.0257099025012528,0.0192959285035851,0.0042678900120291,0.0959199097954103,8.74727209001648e-06,0.0397962960032898
full,637,0.039444963249271,,,,91.40446090698242,0.0183001998124918,0.0845385931554387,0.0068642845259002,0.0254893974767478,0.0191459621485994,0.004365679548412,0.0951538991915886,8.332107248203044e-06,0.039444963249271
full,638,0.0394049027293431,,,,91.41210556030272,0.0182776544930138,0.084537460667188,0.0068764474288728,0.025487494670221,0.0191001535515438,0.0042827689378965,0.0950530853855316,9.325730570474708e-06,0.0394049027293431
full,639,0.0401751997682159,,,,91.38496828079224,0.0187453328570747,0.085668036683661,0.0069300265826254,0.0259601123493592,0.0195257617924057,0.0042812310848156,0.0954305913726814,8.815007301034908e-06,0.0401751997682159
full,640,0.0393922510633214,0.1231953185051679,22.549645487467448,0.841466506322225,91.3841314315796,0.0182148328310519,0.0846526969651706,0.006864499878978,0.0254493836679908,0.0190390961198899,0.0043509165989235,0.0972175109581869,9.49560194172104e-06,0.0393922510633214
full,641,0.0395352107426915,,,,91.44061636924744,0.018284833600714,0.0850528786416913,0.0069115675459081,0.0255898946712984,0.0191636304142045,0.0043466340800075,0.0959561599387985,9.502823683297627e-06,0.0395352107426915
full,642,0.0379819599148191,,,,91.30347514152528,0.017299423543889,0.0836855490676692,0.0068206042509342,0.0245686156033981,0.0181951003652982,0.0042985858888075,0.0920095830606144,8.59552205262917e-06,0.0379819599148191
full,643,0.038134714145763,,,,91.32617974281312,0.0173828391755213,0.0837317612327513,0.0068104715071252,0.0246440451973896,0.0182677061739759,0.0042927161843867,0.0941504450728658,9.598940264457062e-06,0.038134714145763
full,644,0.0379724818144421,,,,91.18882369995116,0.0172747652825029,0.0836619500254021,0.006821124087332,0.0245726377413165,0.0181813885182997,0.004276374041973,0.0931537460047202,9.350999977658772e-06,0.0379724818144421
full,645,0.0383684518212666,0.1231049709022045,22.41081899007161,0.8445449829101562,91.51610159873962,0.0175008605554944,0.0844318558935259,0.0069236169706602,0.0248787358678022,0.0183778301751638,0.0042840524797984,0.0923977176979428,8.815992923101339e-06,0.0383684518212666
full,646,0.0386257833785942,,,,91.52707886695862,0.0177283856910882,0.0840543699069101,0.0068458763168758,0.0250051870758904,0.0186036298601109,0.0042300002771567,0.0943655067230345,9.694056642763324e-06,0.0386257833785942
full,647,0.039517732306582,,,,91.4281039237976,0.0183436515679979,0.0846713463791081,0.0068714211687262,0.0255373834525464,0.0191517510054419,0.0043250180983183,0.0955181160605833,1.0315710213290996e-05,0.039517732306582
full,648,0.0391143576593184,,,,91.31655883789062,0.0180700400111372,0.0844878656942336,0.0068549361599029,0.0253085152429268,0.0189139096707594,0.004300902967845,0.0938381529642177,9.220188561574554e-06,0.0391143576593184
full,649,0.0400336426759108,,,,91.44949436187744,0.0187463937708955,0.084734592281404,0.0068766325635866,0.0259012282810738,0.0195645967605294,0.0042980235016553,0.0952140926917801,8.678400981316694e-06,0.0400336426759108
full,650,0.0393230489256684,0.1200829166918993,22.66860555013021,0.8482568422953288,91.45569896697998,0.018143115702589,0.0847810785301396,0.0069045165828505,0.0253961133908052,0.0190128296247271,0.0042784309404001,0.0970460294944341,9.529757291010904e-06,0.0393230489256684
full,651,0.040025442243233,,,,91.4893810749054,0.0187503959922516,0.0845768915825202,0.0068670476244793,0.0258958800772174,0.0195454587457609,0.0042960543288528,0.096031203056823,8.896759977482852e-06,0.040025442243233
full,652,0.0419697774665766,,,,91.45159578323364,0.0201197263906847,0.085608604990068,0.0069228149416138,0.0271472330434156,0.0209517075038957,0.0042873401706274,0.097871526984162,8.181570143824527e-06,0.0419697774665766
full,653,0.0418011374527313,,,,91.52691555023192,0.0199732948552633,0.0858338499655489,0.0069307849826443,0.0270719644995253,0.0207396791866201,0.0041745197291287,0.0979239276656117,9.238885251321912e-06,0.0418011374527313
full,654,0.0413137658606054,,,,91.36941289901732,0.0196437254303791,0.0853812386755083,0.0069107833799341,0.0266868324843464,0.0204167175488393,0.0041870370862211,0.0981986625425395,8.851640709296077e-06,0.0413137658606054
full,655,0.0383888075250338,0.1168060880154371,23.070147705078124,0.8496349811553955,91.46888875961304,0.0175785665843086,0.0838538007658036,0.0068217643849612,0.0248039584820632,0.0184650127623291,0.0041852883830452,0.0939425776605723,8.860033746539595e-06,0.0383888075250338
full,656,0.0382670808094935,,,,91.4489278793335,0.0175127963169065,0.0836097080199444,0.0068330527951208,0.0247747162204296,0.018406994900376,0.0041940291221329,0.0936091996607233,9.299199304523452e-06,0.0382670808094935
full,657,0.0384697575030512,,,,91.49603271484376,0.0175997410961961,0.0840458679394643,0.006865331004221,0.0249662944192036,0.0184413033201679,0.0041996179201991,0.0949119553122608,9.65065145372651e-06,0.0384697575030512
full,658,0.0380030602338861,,,,91.35122179985046,0.0173324432269838,0.0833594022227115,0.0068190792197605,0.02464303266654,0.0182593057435921,0.0042582362848257,0.0930845341110815,9.896346235372244e-06,0.0380030602338861
full,659,0.0378234009029435,,,,91.47244143486024,0.0172422561626576,0.0830253025547402,0.0067763634438275,0.0245076218070309,0.018118231030578,0.0042907824800884,0.0930460140902976,9.213365429192087e-06,0.0378234009029435
full,660,0.0380853579120069,0.1208343654870987,22.75594533284505,0.8438345114390056,91.55251479148863,0.0174631730836556,0.0831219319437371,0.0067848623195876,0.0246412752379403,0.0183560494257167,0.0042124005687255,0.0917525596183831,9.659740440591558e-06,0.0380853579120069
full,661,0.0382841686550222,,,,91.621684551239,0.0175719311247106,0.0831558245127318,0.0067877298159921,0.0247747723440654,0.0184568732473083,0.0042369582949847,0.0943533172678263,9.70347864362362e-06,0.0382841686550222
full,662,0.0377534578294783,,,,91.8011713027954,0.0171755937722007,0.0830507078131691,0.0067901917672181,0.0244427246698102,0.0180900347358012,0.0042462211854175,0.0933768101586181,8.947162751810703e-06,0.0377534578294783
full,663,0.0380102912513691,,,,91.40599775314332,0.0174423771162257,0.0827566282671006,0.0067578538714098,0.0246879292850489,0.0183238538485936,0.0042511906272533,0.0918262908540544,1.0091655945139604e-05,0.0380102912513691
full,664,0.0379288496419054,,,,91.62381267547607,0.0173420092762737,0.0828970480160635,0.006767976759994,0.0245709610247954,0.0182541872863276,0.0042197573166645,0.0929845010892289,9.924606263689022e-06,0.0379288496419054
full,665,0.0381434486843034,0.1202239543199539,22.90116984049479,0.8447162787119548,91.62768578529358,0.017339782659575,0.08434751922967,0.0068759111855484,0.0247446002637143,0.0182108011737954,0.004236411807112,0.0923505608358832,8.988030800972634e-06,0.0381434486843034
full,666,0.0382078894734626,,,,91.35965609550476,0.0175045629291505,0.0832671811346147,0.0067987167066512,0.0247368676068841,0.0183620260356635,0.0042178208527506,0.0942218929956682,9.51869037359552e-06,0.0382078894734626
full,667,0.0382502681774194,,,,91.49076509475708,0.0174980365106316,0.0836283887018922,0.0068023040581525,0.0247615819766384,0.0183889059670513,0.0042221762362073,0.0935638528317213,9.89579022587583e-06,0.0382502681774194
full,668,0.0378597173076428,,,,91.46134495735168,0.0172971743617023,0.0829235100355304,0.0067775239309173,0.024537621951494,0.0181981886920259,0.0042677238014847,0.0920488466890376,9.75528752181073e-06,0.0378597173076428
full,669,0.0378105023142988,,,,91.48344111442566,0.0172561593964451,0.0828777590736014,0.0067695050507967,0.0245224321871751,0.0181265040300786,0.004255307477624,0.0928293079229407,9.738615815335912e-06,0.0378105023142988
full,670,0.0381355363051178,0.1185285896062851,22.958188883463546,0.8453879356384277,91.40348720550536,0.0174927994318795,0.0830089933559542,0.0067655824002672,0.0246793011386619,0.0183376327889864,0.0042649560367505,0.0934974917012159,9.165087489485105e-06,0.0381355363051178
full,671,0.0378314619731219,,,,91.5707709789276,0.0172989116523598,0.0823682497759334,0.0067448866664294,0.0245235445069485,0.0182065020819179,0.0042556675234962,0.0948166221258093,9.841365945149825e-06,0.0378314619731219
full,672,0.0382508787586063,,,,91.2631905078888,0.017605810410908,0.0827334083494592,0.0067614523148103,0.0248331047487674,0.0184809965402132,0.0041904194456082,0.0939404023963896,9.464805920422657e-06,0.0382508787586063
full,673,0.0379551514891571,,,,91.60238289833067,0.0174301468049649,0.0823517842370955,0.0067505390024514,0.0246278323141522,0.0182991231348915,0.0042002980452275,0.0934272737959857,8.952340471082564e-06,0.0379551514891571
full,674,0.0392306269314445,,,,91.39939212799072,0.0182958354822314,0.0833046758761171,0.0068036740508358,0.0254836341091355,0.0191099949898656,0.0042786436865381,0.0947917384690925,9.039467985225783e-06,0.0392306269314445
full,675,0.037866532573568,0.1224623061716556,22.61823933919271,0.8459085623423258,91.57189297676086,0.0173404119664528,0.082641316730468,0.0067659833002835,0.0245829488410324,0.0182418934619206,0.0042925137419589,0.0916559045340438,9.00609094445954e-06,0.037866532573568
full,676,0.0382576486340067,,,,91.33236241340636,0.0176243988384843,0.0827298853241029,0.0067705124765481,0.0248522510080308,0.0184596655966683,0.0042034778324123,0.093437751510837,9.459606078769509e-06,0.0382576486340067
full,677,0.0377906015081728,,,,91.34957909584044,0.0173266231479337,0.0822212569049147,0.0067339851387364,0.0245285261208649,0.0182264375759929,0.0042640422680796,0.0922649529319806,9.792304697332298e-06,0.0377906015081728
full,678,0.037762634517228,,,,91.51093292236328,0.0172749401268656,0.082406860394556,0.006734342089106,0.024519987969247,0.0181801819364677,0.0042558683780953,0.092587385357159,9.539785278548135e-06,0.037762634517228
full,679,0.0391927509278547,,,,91.68753600120544,0.0182854565486434,0.0832613125199177,0.0067866664402736,0.0254028851288508,0.0191003712062097,0.0042539909940029,0.0943022389575594,9.51001457656619e-06,0.0391927509278547
full,680,0.0382949030332145,0.1207123138010501,22.723494974772134,0.8446820735931396,91.6115906238556,0.0176572649907626,0.0827879636991219,0.0067600229464959,0.0248765062052206,0.0185634966970222,0.004259022531008,0.0918902577374313,9.537943695120946e-06,0.0382949030332145
full,681,0.0378730345334185,,,,91.4386715888977,0.017383569324786,0.0822612838666947,0.0067348983711334,0.0245746640244224,0.0182906632983415,0.0042920552755202,0.0922984297341499,8.881517524883293e-06,0.0378730345334185
full,682,0.0383291184963261,,,,91.46185970306396,0.017680123478907,0.0827278035585997,0.0067711358920472,0.0249034689708811,0.0185517991099079,0.0041724040867669,0.0932372018817018,9.362039205198732e-06,0.0383291184963261
full,683,0.0381299717138048,,,,91.4399755001068,0.0175108077523649,0.0830485498318906,0.0067786244717502,0.0247720586380264,0.0183990983384065,0.004262847928941,0.0910123943763434,8.979799181302112e-06,0.0381299717138048
full,684,0.0386089403182268,,,,91.4357521533966,0.0177351347720403,0.0839077971997808,0.0068113363279243,0.0250150144680357,0.0186112026424437,0.0042176667952024,0.0943059296820496,9.465801849965066e-06,0.0386089403182268
full,685,0.0383088234812021,0.1209968868643045,22.750346883138025,0.8416956265767416,91.27497625350952,0.0176286864491393,0.0829824668462159,0.0067487854060152,0.0248036484127161,0.0184842391153339,0.004259453771529,0.0936665532530331,1.0009965125386062e-05,0.0383088234812021
full,686,0.0381312748631004,,,,91.8436906337738,0.0174774158226906,0.083105134182289,0.0067752514332227,0.024707293832583,0.0183454127447893,0.0042308670350304,0.0932545864374422,9.913903465205936e-06,0.0381312748631004
full,687,0.0384941636355685,,,,91.73386764526369,0.0177396301286997,0.0831310670883929,0.0067875438644627,0.0249995694449934,0.0185941749359252,0.004296537484882,0.0941437127099174,9.814712049614691e-06,0.0384941636355685
full,688,0.0378891059548639,,,,91.30404591560364,0.0173628237938172,0.0825074134302921,0.0067463630550831,0.024584247486391,0.018227058226151,0.0042480840385876,0.0930381070700336,9.099304817890308e-06,0.0378891059548639
full,689,0.0373312133959815,,,,91.3426878452301,0.0170132146736026,0.081960307770088,0.0067114115971308,0.0242199807153007,0.0179293704921471,0.0042233580406602,0.0913471390844368,9.773022192906358e-06,0.0373312133959815
full,690,0.038204576163629,0.1227635461837053,22.47964070638021,0.8434034824371338,91.50232696533205,0.0176346952813204,0.0823632635054041,0.0067385588810763,0.02480604458356,0.0184972852651701,0.0041847182017918,0.0929822348760532,1.0049036204582106e-05,0.038204576163629
full,691,0.0384760717785016,,,,91.33638834953308,0.0178385731977883,0.0822662129753925,0.0067206491052066,0.0249638895763725,0.018740096091308,0.0042125481012903,0.0939653419019257,9.236991465788466e-06,0.0384760717785016
full,692,0.0392894867624415,,,,91.67907071113586,0.0183860522343731,0.0826417554597385,0.0067426998694961,0.0255049531515993,0.0192590616643428,0.0042525364418101,0.0968760906672868,1.0257047682748316e-05,0.0392894867624415
full,693,0.0378024728480176,,,,91.8371193408966,0.0173639511903289,0.0819992540312595,0.0067239751825567,0.0245596783189866,0.0183036308277581,0.0041541564144713,0.0922252592310065,9.622030693321832e-06,0.0378024728480176
full,694,0.0372972033582017,,,,91.95773100852966,0.0170319348909571,0.081454327849091,0.0067046621134962,0.0242676285217653,0.0179483693810637,0.0041428459292949,0.0924641086002353,9.208577979242114e-06,0.0372972033582017
full,695,0.037293505290004,0.1171088274568319,23.04792989095052,0.84797256787618,92.07357239723206,0.0170282751749284,0.0813905660246239,0.0066778896429927,0.024221107027814,0.0179410402846263,0.0041618993502018,0.0931900910972083,1.000062306036991e-05,0.037293505290004
full,696,0.0370854901485755,,,,91.5649483203888,0.0169046267057906,0.0813301215406324,0.0066739723323004,0.0241105999247949,0.0178408191127122,0.0041509403839524,0.0909228743832619,1.0158021642098044e-05,0.0370854901485755
full,697,0.0369187551474229,,,,91.4712417125702,0.0167955808020883,0.0813653737795157,0.0066941584246691,0.0240346779436117,0.0177445424048871,0.0041265694527566,0.0890875647119322,1.008020084427538e-05,0.0369187551474229
full,698,0.037693794572451,,,,91.39632391929626,0.0172885834758521,0.0818727461040997,0.0067001346376587,0.0244751314892143,0.0181895130405538,0.0042637404718543,0.092608790692003,1.0398503073709236e-05,0.037693794572451
full,699,0.0377392616031355,,,,91.43173384666444,0.0173182000146537,0.0819918342301102,0.0066995888139258,0.0245035424920134,0.0182438545448125,0.0041222485053337,0.0924185378568582,1.01687887736951e-05,0.0377392616031355
full,700,0.0374657226818018,0.1204228922724723,22.72581990559896,0.8447787761688232,91.3609335422516,0.0171277216544038,0.0817557856684825,0.0067269364600909,0.0243634625536496,0.0180456254432802,0.0041547434339605,0.0923804681381729,9.49701958016836e-06,0.0374657226818018
full,701,0.0375322891765686,,,,91.49216794967651,0.017204822308277,0.0815729342523168,0.0067024622265188,0.0244038886024204,0.0181354887737724,0.0042013122974971,0.092039513844447,9.926074063279907e-06,0.0375322891765686
full,702,0.037346377861915,,,,91.54406094551086,0.017067836589928,0.0816256975541349,0.006682598350768,0.0242624760559592,0.017964625860885,0.0041620424876111,0.0916788960639082,9.147122895547328e-06,0.037346377861915
full,703,0.0373584496040569,,,,91.5591893196106,0.0170736998838723,0.0813854683618076,0.0066808926544656,0.0242503311820938,0.017996112182431,0.0041712651975819,0.0934915863527137,1.0288694327785076e-05,0.0373584496040569
full,704,0.0376123904143689,,,,91.53508639335632,0.0172258858782712,0.0817614891489998,0.0067159243149408,0.024453680855451,0.0181080708051191,0.0042051521137539,0.0936036883685432,9.006945279512035e-06,0.0376123904143689
full,705,0.0380870329032911,0.118942154571414,23.005593872070317,0.8454262256622315,91.4031035900116,0.0176122353687027,0.0817486692647465,0.0067061807990807,0.02477283652139,0.0185247728616365,0.0041687497220261,0.0928404162042453,9.7809827629137e-06,0.0380870329032911
full,706,0.0374739246870406,,,,91.51948618888856,0.0172493814444932,0.0809460609662728,0.0066635030814156,0.0244110498470483,0.0181749434301965,0.0041171478672472,0.0916056839107978,1.0042558975782068e-05,0.0374739246870406
full,707,0.0373854023389151,,,,91.44246983528136,0.0171537943352319,0.0811591182575851,0.006660329933721,0.0243304218623603,0.0180493024345792,0.0041465527038318,0.0918303020603832,9.94312019731438e-06,0.0373854023389151
full,708,0.0373980524934461,,,,91.35764575004578,0.0171826853203113,0.0809376811394926,0.0066385808626006,0.0243208450799594,0.0181104335552234,0.0041491216350133,0.0921501989369509,9.75359874112258e-06,0.0373980524934461
full,709,0.038662050606408,,,,91.45313334465028,0.0180570552751544,0.0816180109977722,0.0066984892005986,0.0251302735910552,0.018912333949301,0.0040781991556286,0.0954059534324485,1.0515737895246376e-05,0.038662050606408
full,710,0.0459857534342369,0.116747185587883,23.022491455078125,0.8427608489990235,91.35255932807922,0.0230659564239446,0.0863131152801826,0.0069332586231137,0.0296766948809877,0.0237427938454708,0.0042205671045058,0.1082869759592853,8.73699563020374e-06,0.0459857534342369
full,711,0.0430733542278653,,,,91.48272514343262,0.0211176492472286,0.0843110900433337,0.0067929575929693,0.0278162190873847,0.0218696055903297,0.0042391529432726,0.1015480498737487,8.16790805509973e-06,0.0430733542278653
full,712,0.0424159724173731,,,,91.50511407852171,0.0206486461302418,0.0840643717617285,0.0068164719745791,0.0274813011990951,0.0214405209284092,0.0041811763877659,0.0997831438225312,8.187163039544957e-06,0.0424159724173731
full,713,0.0390080335687418,,,,91.45308017730711,0.018266496767641,0.0820974644090308,0.0067051689304625,0.0253193927089088,0.0191271392643818,0.0041559687510254,0.0954057757177802,8.59230952705051e-06,0.0390080335687418
full,714,0.0377675119604243,,,,91.3637764453888,0.0173548490847231,0.0818179083652183,0.0067338522535092,0.0245905038595321,0.0182690785083248,0.0041298812110221,0.0925876035767256,8.513680631335738e-06,0.0377675119604243
full,715,0.037546206006139,0.117746977135539,23.170299275716147,0.8433892885843913,91.418199300766,0.0172950443430025,0.0811193951817809,0.006669645161429,0.0244395592112521,0.0182006160163732,0.0041638942584242,0.0910641068562132,8.82414911631248e-06,0.037546206006139
full,716,0.0373201271152642,,,,91.31688904762268,0.0171441428790815,0.0808307797205252,0.0066337186354594,0.0242762937531119,0.0180820440797165,0.0041802478820604,0.0913329365067794,9.00434379914132e-06,0.0373201271152642
full,717,0.0368364244455196,,,,91.40854144096376,0.0168416011834242,0.0802487076305952,0.0066232733222365,0.0240042755059653,0.017804577648945,0.0041284087556796,0.090736355357727,9.553499225446076e-06,0.0368364244455196
full,718,0.036902693451428,,,,91.67759466171265,0.0168551753015547,0.0804433871488102,0.0066351413165722,0.0240119414739921,0.0178028211745693,0.0041712445901615,0.0916971047943244,9.16882520981598e-06,0.036902693451428
full,719,0.0377817232253365,,,,91.34627032279968,0.0172033911326625,0.0833631133446927,0.0066800582486006,0.024473942869694,0.0181360480558798,0.0041117710194962,0.091285102099913,9.308250435338672e-06,0.0377817232253365
full,720,0.036889983295295,0.1192538402974605,23.018289184570317,0.844150718053182,91.44009637832642,0.0168208671794807,0.080698759340849,0.0066400978439411,0.0239882516430416,0.0177700114589123,0.0041568581488166,0.0913295075602707,9.541054069392183e-06,0.036889983295295
full,721,0.0367202515118434,,,,91.50031185150146,0.0167480267156831,0.0803891298223714,0.0066212426821441,0.0239414784171786,0.0176951236885468,0.004146930274981,0.0898299523491839,9.63808175815227e-06,0.0367202515118434
full,722,0.0372955164887377,,,,91.56699967384338,0.0171247859958742,0.0806096098462089,0.0066221212952962,0.024211773465647,0.0180539334055463,0.0041591727964915,0.0933810016293017,9.984479231488788e-06,0.0372955164887377
full,723,0.0373943389744543,,,,91.38879418373108,0.0172163269665764,0.0805666554169576,0.0066264068906302,0.024356242399052,0.0181175628142645,0.0042125079570887,0.0926291564723751,9.695212549843392e-06,0.0373943389744543
full,724,0.0374245653845003,,,,91.4248230457306,0.0172540758828037,0.0806456042117759,0.0066647913085571,0.0244192435543556,0.0181587100654962,0.0041889570458776,0.090995845705515,9.388921966839823e-06,0.0374245653845003
full,725,0.0368602077369807,0.1197416465729475,22.89806671142578,0.8453577677408854,91.49728274345398,0.0168648334907093,0.0804099552944058,0.006619780595399,0.0240432711043318,0.0177716048831333,0.004150092218178,0.0896504862447742,9.150772216691894e-06,0.0368602077369807
full,726,0.0367238412107356,,,,91.5687038898468,0.0167603010204849,0.0800803122950381,0.0065882782066301,0.0239240130959231,0.0176931766594653,0.0041140556148421,0.0920154951879235,8.84605540921225e-06,0.0367238412107356
full,727,0.0369974773255039,,,,91.50161290168762,0.0169361185313003,0.0804929655106341,0.0066291740980976,0.024133172420571,0.0178308095324967,0.0042048920629179,0.0911329671526785,8.871604340855596e-06,0.0369974773255039
full,728,0.0367037458650645,,,,91.4635066986084,0.0167239994558765,0.0803106651931512,0.0066072741966144,0.0238645631881033,0.0176490526264686,0.0041998813031852,0.0913860014044359,9.652120592176747e-06,0.0367037458650645
full,729,0.0367026232702077,,,,91.42068696022034,0.0168005558738454,0.0797201443891056,0.0065797963313239,0.0239477815549271,0.0177374990183676,0.0040982504829489,0.0911887173586692,9.916214940428457e-06,0.0367026232702077
full,730,0.0370680502173109,0.1176693644374609,23.064122009277344,0.8444172223409017,91.4551854133606,0.0170311287472971,0.080192111554693,0.006619886124934,0.024196091917206,0.0179436647516415,0.0041646927644758,0.0909707486079853,9.948616696569554e-06,0.0370680502173109
full,731,0.0369311319053417,,,,91.5565333366394,0.0169440028104992,0.0800323295788686,0.0065895781592756,0.0240515676769809,0.0178603018847767,0.0041435028647729,0.0912519728337399,9.485595408573416e-06,0.0369311319053417
full,732,0.0372527445376407,,,,91.38666224479675,0.0171109174958384,0.0805759967350568,0.0066385538866896,0.0242780254482001,0.0180368584458578,0.0041155342382882,0.0922273232250428,9.644164929103604e-06,0.0372527445376407
full,733,0.0369206585570192,,,,91.48466873168944,0.0169646211854014,0.0796828279729749,0.0065676263480096,0.0240903157038522,0.0179065984185235,0.0041507721237349,0.0917263389794064,9.78145861154961e-06,0.0369206585570192
full,734,0.0372534192579447,,,,91.53806352615356,0.0171811828908861,0.0802053985048513,0.006600997467968,0.0243004418024029,0.0180861916942674,0.004117101848843,0.0910318905457121,9.63508963458719e-06,0.0372534192579447
full,735,0.0371264902966432,0.1197455581277608,22.88524627685547,0.8443595409393311,91.52262377738953,0.0170892207333665,0.0800847083818717,0.0066009303955666,0.0242299798677568,0.0180294249573203,0.0041770079778125,0.0907986658152009,9.922053645958445e-06,0.0371264902966432
full,736,0.0363880411767568,,,,91.49827146530151,0.0165693660068218,0.0797575472808275,0.0065751320808423,0.023703395953921,0.0175298755362507,0.0041598714487321,0.0895576339184505,9.706828818700552e-06,0.0363880411767568
full,737,0.0368590023307526,,,,91.5285005569458,0.0168996477026309,0.0799723033045159,0.0065864412759079,0.0240211041537342,0.0178424795005531,0.0041229586597898,0.0907030647590023,1.0418739859541471e-05,0.0368590023307526
full,738,0.0365447724757135,,,,91.48576188087463,0.0166835659717927,0.0798384244324731,0.0065919146605874,0.0238275149318038,0.0176114177056511,0.0041009400242206,0.0899597004239187,9.308240095420514e-06,0.0365447724757135
full,739,0.0365823129741627,,,,91.4046790599823,0.0166901164214874,0.0799295623771479,0.0065705020698245,0.0238181607736671,0.0176439992778125,0.0041044174567567,0.0905770590131888,8.959780891681218e-06,0.0365823129741627
full,740,0.0368695003209544,0.120375994592905,22.95500996907552,0.8436624050140381,91.4966914653778,0.016908106432281,0.0799499676852929,0.0065889051260396,0.024030604827233,0.0178300669325179,0.0041096599249657,0.0911064759568601,8.936630245983278e-06,0.0368695003209544
full,741,0.0373495634736829,,,,91.62334632873537,0.017138597318811,0.0810300834843369,0.0066556709162035,0.024356181885986,0.018068942409314,0.0041349585584105,0.0915246371057678,9.729870730762752e-06,0.0373495634736829
full,742,0.0369397154322168,,,,91.49398446083067,0.0169663968129602,0.0799993980126302,0.0065871151526779,0.0240754082371465,0.0178887029789143,0.004066528334496,0.0907427749795014,1.0201161109472967e-05,0.0369397154322168
full,743,0.0371695361176475,,,,91.40430808067322,0.0171685977609919,0.0797829828301414,0.0065709194721898,0.0242843097991874,0.0180875203785959,0.0041226474434656,0.0907390225892428,1.0349724977678058e-05,0.0371695361176475
full,744,0.0372797880993514,,,,91.57511353492735,0.0171943415170077,0.0798896277537111,0.0065887245410656,0.0242991740891679,0.0180988566812555,0.0041007855554019,0.0940351212305612,9.559184071828876e-06,0.0372797880993514
full,745,0.0368242583649813,0.118077028542757,23.07632751464844,0.8454607645670573,91.47496509552002,0.0168720214917767,0.0798847904947937,0.0065931563597691,0.0240101106235849,0.0178122915800844,0.004136766230718,0.0912779757111776,9.22781748144965e-06,0.0368242583649813
full,746,0.0366946489809722,,,,91.48533415794373,0.0168513551766633,0.079365421514042,0.0065488951170023,0.0239449541053933,0.0177840836437754,0.0040751825941757,0.0906253312943411,1.0095979666440904e-05,0.0366946489809722
full,747,0.0369451341417724,,,,91.5203766822815,0.0170132058642071,0.0793632894265847,0.0065501487726101,0.0240786549726837,0.0179119416909506,0.004097133823365,0.0931694259653325,8.712161147793625e-06,0.0369451341417724
full,748,0.0377224292606115,,,,91.6832354068756,0.0175914671043025,0.0799539577765543,0.0066021082838844,0.0246637981827752,0.0184424192507247,0.0041019591144057,0.0908964228068218,8.97272372979953e-06,0.0377224292606115
full,749,0.0373487538490139,,,,91.4724268913269,0.0172798827702759,0.0799636835934685,0.006574928541057,0.0243732725560176,0.0181874093584349,0.004127128717688,0.0913979854648474,9.824675829405252e-06,0.0373487538490139
full,750,0.0371950640205721,0.1193855851888656,22.87780303955078,0.843286641438802,91.54116249084473,0.0172064918719354,0.0795452477502041,0.0065605937251363,0.0242744623683393,0.0181232396299477,0.0040498211880626,0.0919038263439643,8.779365355273755e-06,0.0371950640205721
full,751,0.0371366249336326,,,,91.48537611961363,0.017117935164114,0.0797239517579313,0.0065688451019222,0.0242054645033156,0.0180559253671252,0.0041126982255487,0.0927459641252873,9.708768323081909e-06,0.0371366249336326
full,752,0.036900171353558,,,,91.53230667114258,0.0169753598308831,0.079586419902864,0.0065579328640196,0.0240345772539005,0.0178686703372074,0.0040955705144518,0.0917352742408631,1.0013007500682198e-05,0.036900171353558
full,753,0.0367807544706786,,,,91.24752831459044,0.0169193465797016,0.0793755142415156,0.0065410530259527,0.0240379562448771,0.017846578762668,0.0040756532880401,0.0904760966230122,1.0121404064488584e-05,0.0367807544706786
full,754,0.0363859161581905,,,,91.53294205665588,0.0166471100748196,0.0789518410065135,0.0065238555362753,0.0237547710202023,0.0175998285641802,0.0041162693800526,0.0910045945497809,9.589949542026258e-06,0.0363859161581905
full,755,0.0362650513282564,0.1167875286191701,23.16044769287109,0.8473362604777018,91.47121286392212,0.0165618000872677,0.0789881265554271,0.0065512277155381,0.0237490442031841,0.0175509589159342,0.0040719524774028,0.0895747689560788,1.0320123120217285e-05,0.0362650513282564
full,756,0.0364687215445227,,,,91.68740797042848,0.0167168908615092,0.0788971991812596,0.0065189083603012,0.0238115514979743,0.0176653453057295,0.0040798447415476,0.091341247751576,9.947435368378091e-06,0.0364687215445227
full,757,0.0380826757793299,,,,91.5569989681244,0.0177613470291138,0.0803886046175096,0.0066015139359553,0.0247856552147718,0.0186670232548943,0.0040966579595153,0.09444371079568,9.779099179491863e-06,0.0380826757793299
full,758,0.0389477928917183,,,,91.38899493217468,0.0183330784154842,0.0813268691789908,0.0066581157887293,0.0253934308611711,0.0191755952985316,0.0040841476007013,0.0944674134132314,1.0477199105886234e-05,0.0389477928917183
full,759,0.0388520099986039,,,,91.54750418663023,0.0182726989103267,0.081059172505238,0.0066405876318267,0.0253011674818689,0.019118873669659,0.0041492609631606,0.0954252091831848,9.276823039843935e-06,0.0388520099986039
full,760,0.0381770554288733,0.1194699611514806,22.83206431070964,0.8444975694020589,91.40606880187988,0.0178956615540092,0.0799971340132541,0.0065807408813509,0.0249566277183714,0.0187860917620605,0.0041590103608571,0.0933105606036108,1.0557348923822733e-05,0.0381770554288733
full,761,0.0378367854587611,,,,91.93056011199953,0.0175327102226189,0.0808591217291159,0.0066261832548885,0.0246845759970487,0.0184234748594462,0.0041113970820318,0.0927711334995559,1.0229450051684987e-05,0.0378367854587611
full,762,0.0367702495337265,,,,92.18271684646606,0.0169684086911013,0.0789116816442521,0.0065140083535253,0.0240475475925524,0.0178579348902844,0.0040684703214582,0.0909212056974895,9.508488079650978e-06,0.0367702495337265
full,763,0.0361222443552535,,,,91.8742938041687,0.0165209475080253,0.0785761353422383,0.0065009894525082,0.0235853039308405,0.017465305865788,0.004063958970097,0.0892368223457062,8.831609269644428e-06,0.0361222443552535
full,764,0.0363212963718859,,,,92.01162576675416,0.016581490849618,0.0790677730177269,0.0065248555973263,0.023731447550178,0.0175280205325269,0.0040574141751333,0.0912298260592534,8.721078603484163e-06,0.0363212963718859
full,765,0.036595049344736,0.1214602626860141,22.72515513102213,0.844698969523112,91.0867805480957,0.016822054188271,0.0789842556734554,0.0065182308612971,0.0239148506222934,0.0177541440429135,0.0040998114015311,0.0903676338188472,9.022192696568325e-06,0.036595049344736
full,766,0.036678330484228,,,,91.5786988735199,0.0169049983569344,0.0787578269106442,0.0065220517915536,0.0239838475559945,0.0178612281919502,0.0040279603754093,0.0910133434093145,9.839517830476415e-06,0.036678330484228
full,767,0.0361000824505921,,,,91.26110625267027,0.0165059427333781,0.0785197146603318,0.0064972928671746,0.0236018757244236,0.0174873364921353,0.0040739038539287,0.0889841666536741,1.0443588308206916e-05,0.0361000824505921
full,768,0.0360506576348523,,,,91.4613869190216,0.0165105956743975,0.078301088731797,0.0064821933438146,0.0235774744851667,0.0174738462083041,0.0040247228137812,0.0883870461925131,1.0254148711083589e-05,0.0360506576348523
full,769,0.0368355422845629,,,,91.42929673194884,0.017022808731274,0.0788416276212598,0.006509918429446,0.0240567130967974,0.0179297761060297,0.0041145802013667,0.0910619396533145,9.55343642165889e-06,0.0368355422845629
full,770,0.036476255883081,0.1203775238245725,22.931189982096356,0.8435367743174235,91.28399777412416,0.0167781480236864,0.0785734741414179,0.0064984426688647,0.0238587207954804,0.0177091036190385,0.004038827925096,0.0906722362260105,9.451261783427778e-06,0.036476255883081
full,771,0.0365879953396124,,,,91.31753993034364,0.0168029081427538,0.0790836928320712,0.0065202631407463,0.0238723384185892,0.0177167625945122,0.0040938103796731,0.0907890292067752,9.49763207372162e-06,0.0365879953396124
full,772,0.0368329134357513,,,,91.39014911651611,0.0169950973196718,0.0791852112676276,0.0065251849038282,0.0240417273531927,0.0178674423425901,0.0039960946009845,0.0908581846866939,9.661301229057697e-06,0.0368329134357513
full,773,0.0363908920162281,,,,91.44182872772215,0.0166016907324312,0.0791696989145435,0.0065082468237483,0.0237080649106351,0.0175274045389817,0.0040429984238456,0.093133252938507,1.029698947377139e-05,0.0363908920162281
full,774,0.0359432318049376,,,,91.32907056808472,0.0163895382820704,0.0784247532242634,0.0064845019569773,0.0234783029824983,0.0173485359848767,0.0040912888257107,0.0895187465748826,1.0551124252902856e-05,0.0359432318049376
full,775,0.0367053807636753,0.1170956119894981,22.99446767171224,0.8455970287322998,91.4127938747406,0.0169327338302477,0.0787505610067336,0.0064822306329781,0.0239753900859199,0.0178635633993344,0.0040503580134636,0.0910536289886861,1.0570385283042724e-05,0.0367053807636753
full,776,0.0361177875034388,,,,91.36672616004944,0.0165230840688846,0.078420346877614,0.0064737827394951,0.0235814925695418,0.0174619097522169,0.0040438702734584,0.0902726780470521,9.740692196045812e-06,0.0361177875034388
full,777,0.0358088769659888,,,,91.35497426986694,0.0163441057942929,0.077956175217863,0.0064474572503908,0.0234021089864192,0.0173108522154268,0.0040129046890976,0.0896753812605728,9.25275812851182e-06,0.0358088769659888
full,778,0.036379971480394,,,,91.383154630661,0.0167418653603459,0.0782748905361675,0.0064790960378395,0.0238234325861711,0.0176713006326653,0.0040236265440547,0.0905402472822881,8.74830782008604e-06,0.036379971480394
full,779,0.0365731409430259,,,,91.42069721221924,0.0168905427877898,0.0783079119979358,0.006480881110307,0.0239417968836964,0.0178008176019934,0.0040049598872905,0.0908180919979683,1.0093976542808092e-05,0.0365731409430259
full,780,0.0365013203385179,0.1148948147892952,23.366534932454428,0.8456319808959961,91.41550016403198,0.0167903923887576,0.0785496620858301,0.0064877230410662,0.023840512912415,0.0177233341592745,0.0040316519873277,0.091477517099654,1.017171543665353e-05,0.0365013203385179
full,781,0.0360020019388834,,,,91.67714548110962,0.016440916417136,0.0784162258515592,0.0064774657328628,0.0235094514476959,0.01736552695759,0.0040630314147985,0.0897889399565145,9.550930438270392e-06,0.0360020019388834
full,782,0.0364086312989963,,,,91.45370292663574,0.0167573857594464,0.0780946192194203,0.006460424062231,0.0238139312027297,0.0176971869802743,0.0040363535994938,0.0923240348757779,9.035166928274032e-06,0.0364086312989963
full,783,0.0365304652387734,,,,91.45171618461607,0.016845796677116,0.0782844228822676,0.0064757541299141,0.023901866565718,0.0177466461557101,0.0040208241409912,0.0917487748761157,9.722422283329594e-06,0.0365304652387734
full,784,0.0367128640016327,,,,91.38857960700987,0.0169710343489881,0.078365579491756,0.0064871655891603,0.0240178449216802,0.0179134982821272,0.0040571621054264,0.0916917213834211,9.918466898168276e-06,0.0367128640016327
full,785,0.0372534775190421,0.1226498391479253,22.79580739339193,0.8448221683502197,91.4250831604004,0.0171621561767991,0.080266743409829,0.0065218547595756,0.0243223110809311,0.0180474914778329,0.0040640983488181,0.0922353004456543,1.0022659079745427e-05,0.0372534775190421
full,786,0.0362620282704468,,,,91.46019196510316,0.0166584774775461,0.0782364035238985,0.0064714288961172,0.023729598523713,0.0175967876814672,0.0040879376131476,0.0899832869467676,9.240649346179752e-06,0.0362620282704468
full,787,0.0364284296596392,,,,91.55258655548096,0.0167883509373078,0.0781446050425044,0.0064738051198636,0.0238202918076612,0.0177084976257603,0.0040382180557601,0.0912107971848034,1.011522941702406e-05,0.0364284296596392
full,788,0.0363395204767584,,,,91.45222520828248,0.0167319124304979,0.0779969951168435,0.0064657782586138,0.0238227838894627,0.0176779044043944,0.0040323649491107,0.0910339396691224,9.759432372679392e-06,0.0363395204767584
full,789,0.0366174525230145,,,,91.56216549873352,0.0169348105498146,0.0781307713907273,0.006464341197346,0.0239743307751954,0.0178345227156017,0.0039569592832389,0.0919150753771183,1.0006630391816178e-05,0.0366174525230145
full,790,0.0363282180070632,0.1171655897051096,23.15494588216146,0.845276419321696,91.51545476913452,0.0166911788162637,0.0783900437784976,0.0064843165741653,0.023791364989564,0.0176173288634688,0.0040281647892638,0.0902597186934264,9.388088180016996e-06,0.0363282180070632
full,791,0.0358703791118059,,,,91.40694332122804,0.0164017641428308,0.0779056641899171,0.0064645367292839,0.0234483421825971,0.0173742115329645,0.0039957841079621,0.0894531464417938,1.0329432245140589e-05,0.0358703791118059
full,792,0.035717216900504,,,,91.45013523101808,0.0162820587560656,0.0778052269435319,0.0064581757941909,0.0234042446083221,0.017270976929452,0.0039983592702259,0.0897481139810359,9.88521733886458e-06,0.035717216900504
full,793,0.0362842740857454,,,,91.32559275627136,0.0167041183983693,0.0778907332264009,0.0064598681733439,0.0237410315923148,0.0176336897430239,0.0039885758372695,0.0914173594019452,9.823072559589004e-06,0.0362842740857454
full,794,0.0361064923011132,,,,91.41365051269533,0.0165535540884879,0.0779319312728819,0.0064426698115058,0.0236189820971645,0.0175114183411857,0.0040502612169862,0.0912543393549372,1.0479547385560772e-05,0.0361064923011132
full,795,0.0360815391616254,0.1238348055630922,22.59321543375651,0.8416168530782063,91.40001034736632,0.0165630354713953,0.0778717872549275,0.0064493487779906,0.0236153203429135,0.017514600197128,0.0040027400952015,0.0901400956218359,1.0153186430014864e-05,0.0360815391616254
full,796,0.0358651744079638,,,,91.3725483417511,0.0164270849257219,0.0776596357587908,0.0064374453876717,0.0234662808829032,0.0173677141304876,0.0040329476726836,0.0896846988528478,9.671737792567913e-06,0.0358651744079638
full,797,0.0357087156200995,,,,91.3435447216034,0.0163217210897901,0.0774924027138069,0.0064282908589105,0.0233644476603166,0.0173020074754709,0.0040171308515471,0.0895343517396049,1.0421504618554578e-05,0.0357087156200995
full,798,0.0357906787091347,,,,91.29384231567384,0.0163688524053661,0.0774317349566788,0.0064081992108573,0.0234051675260922,0.0173109711651675,0.0039855692703582,0.0916552676162758,9.706470365706232e-06,0.0357906787091347
full,799,0.0358303072633313,,,,91.44289231300354,0.016403353971536,0.0776689169836826,0.0064266009550144,0.0234314274027577,0.0173374468033186,0.0039821823631398,0.089731060976132,8.60655914073286e-06,0.0358303072633313
full,800,0.0358603598214075,0.117192480713129,23.18697509765625,0.8453549067179362,91.44440150260924,0.0163669114336982,0.0780194157459696,0.006454991409555,0.0234639579430222,0.0172889151793645,0.0040049866990751,0.0906199269668489,8.892393745149289e-06,0.0358603598214075
full,801,0.0355545299005557,,,,91.48430252075195,0.0162307826389909,0.0773963742568844,0.0064295930730667,0.0232748461459748,0.0171670252151909,0.0040438257904005,0.0886910528433127,9.108609500246196e-06,0.0355545299005557
full,802,0.0356524845463086,,,,91.4546549320221,0.0162570991583901,0.0775980993372495,0.006422407627411,0.023300408202483,0.0172246152260264,0.0039805314507427,0.0903524668795652,1.0211075374665022e-05,0.0356524845463086
full,803,0.0360468932595409,,,,91.54469680786131,0.0165867529977418,0.0775906673220337,0.0064268562003786,0.0236144939315367,0.0175106582063876,0.0039929416732954,0.089468226340584,1.0559771873015562e-05,0.0360468932595409
full,804,0.0361556364223361,,,,91.45211267471312,0.0166108969934895,0.0780560598998773,0.0064555817134831,0.0236345960789161,0.0175529946420402,0.0039492540584388,0.0898070386076559,1.0322025338911749e-05,0.0361556364223361
full,805,0.0363720411159953,0.1197254136204719,23.00337270100912,0.8439207235972087,91.49283862113953,0.0167347324294511,0.0783173070579278,0.0064804659541848,0.0238071231507375,0.0176786728447577,0.0040774832758289,0.0899543786635164,9.88865436508553e-06,0.0363720411159953
full,806,0.0359585143503595,,,,91.4728353023529,0.0164788260552116,0.0778514703766244,0.0064424759112909,0.0235380575396731,0.0174231869015903,0.0039755840056774,0.0897003405528967,1.0770870404478566e-05,0.0359585143503595
full,807,0.0360442089283319,,,,91.0748085975647,0.0165662963065456,0.0777198042048782,0.0064685097017676,0.0236775192706922,0.017472951825647,0.0040648480167337,0.0891220544571759,9.517629740969624e-06,0.0360442089283319
full,808,0.0360955262984164,,,,91.35445833206175,0.0166143546583222,0.0775934399151411,0.0064388578375954,0.0236417564303904,0.0175387754837875,0.0040005217516245,0.0900492077296386,9.065641508254118e-06,0.0360955262984164
full,809,0.03574439037408,,,,91.48005247116087,0.0163889686180064,0.0773777907989064,0.0064160672863792,0.0234321694989062,0.0173223883173138,0.0040316658770115,0.0883137340978032,9.05641461302993e-06,0.03574439037408
full,810,0.0354449591889488,0.1202650461345911,22.806062825520836,0.8449606895446777,91.31636095046996,0.0161632824780755,0.0771066399871325,0.006405506603664,0.0232296200835558,0.0171390431704091,0.0039961643223116,0.0894715733459738,1.0229796360921685e-05,0.0354449591889488
full,811,0.0354717047427032,,,,91.39868235588074,0.0161819164564863,0.0771605841449049,0.006399204107154,0.0231958139825184,0.0171469513586432,0.0039244655531174,0.0898309648342308,1.082719402350596e-05,0.0354717047427032
full,812,0.036140934533638,,,,91.14877700805664,0.0165741099960735,0.0779034138702955,0.0064485857881544,0.023656611117061,0.0174992829866585,0.0040430373809926,0.0921476297996571,1.020130197445749e-05,0.036140934533638
full,813,0.036340677805367,,,,91.4168586730957,0.0167653265134355,0.0778884203707585,0.0064337480828532,0.0238172644062242,0.0176545858734333,0.0040206504626901,0.090617843613517,9.332293377313664e-06,0.036340677805367
full,814,0.0357460897782298,,,,91.40144109725952,0.0164095137619459,0.0770237162464954,0.0064112765439709,0.0234527514911577,0.0173508651691992,0.0039960027225773,0.0898141726607182,9.75902259169885e-06,0.0357460897782298
full,815,0.0360427920813443,0.1171147171407938,23.129509989420573,0.8470233122507731,91.30718183517456,0.0165416498240999,0.0778717740637357,0.0064620287348439,0.0236218146613386,0.0174781073144346,0.0040401035698405,0.0894299060350558,1.0153356251542378e-05,0.0360427920813443
full,816,0.0365285306985749,,,,91.30734181404114,0.0166291893978954,0.0803126756285057,0.0064787593074753,0.0238337553197853,0.0176013717656863,0.0039385562823688,0.0893168546503684,1.0520911960126014e-05,0.0365285306985749
full,817,0.0354375095702097,,,,91.09318614006042,0.0161723253530923,0.0770325807274365,0.0063906311836154,0.0232127160597287,0.0171161492920068,0.0039593261155131,0.0896841374332787,8.945281480685299e-06,0.0354375095702097
full,818,0.036313249973855,,,,91.3929958343506,0.0168317304847792,0.0771585219219082,0.0064073238506546,0.0238094143111441,0.0177154893696796,0.0039378610386162,0.0912195678617133,1.031509007584044e-05,0.036313249973855
full,819,0.0371428815739565,,,,91.37687277793884,0.0174098021854631,0.0777506075921605,0.0064440990672217,0.0243386427688671,0.018284388184242,0.0039816798153715,0.0912843446751109,9.263234473825392e-06,0.0371428815739565
full,820,0.036781581698871,0.1176134534180164,23.088101704915363,0.8425528367360433,91.54971694946288,0.0170798457044436,0.0779809121225701,0.0064421532652722,0.0240690414717451,0.0179701427410005,0.0039865703218937,0.0921953587991292,1.0622585326199614e-05,0.036781581698871
full,821,0.0367316653890932,,,,91.38948130607604,0.0170194873143537,0.0780166055335373,0.0064476403258893,0.0240029978153646,0.0179308054999249,0.004015574790919,0.0929780731924244,9.644285809157216e-06,0.0367316653890932
full,822,0.0361979471855476,,,,91.1674234867096,0.0166925498223329,0.0775839544710565,0.0064278821896028,0.0236785431529899,0.0176427072127822,0.0039373652143098,0.0904245754612273,1.040355091641667e-05,0.0361979471855476
full,823,0.0359331094278175,,,,91.2367820739746,0.0164648385825337,0.0778835323013243,0.0064483696449792,0.0235358850465568,0.0173989204063889,0.0039900402007929,0.0890679366153771,1.0526535458568424e-05,0.0359331094278175
full,824,0.035650984399387,,,,91.49891328811646,0.0163118600784266,0.0774371198943403,0.0064219651480403,0.0233653325770722,0.0172750378470318,0.0039596629832855,0.0880673960553573,1.025679791308321e-05,0.035650984399387
full,825,0.0357784280156502,0.1191286407411098,23.028766377766928,0.8432414054870605,91.38010263442992,0.016339724410142,0.0779238929514025,0.0064354640351547,0.0234067308197378,0.0172818108980895,0.0039915773506108,0.0890011241751127,9.665778684572134e-06,0.0357784280156502
full,826,0.0355774768948799,,,,91.40114665031432,0.0163242448823618,0.0768001602321374,0.0063847806953565,0.0233199781295461,0.0172696954830259,0.003975712589263,0.0888139481244028,9.54413157750786e-06,0.0355774768948799
full,827,0.0351051986980877,,,,91.44647693634032,0.0159931455464026,0.0766106941660896,0.00636953000193,0.0230116487373826,0.0169437495136603,0.0040211530142753,0.0875250629958559,9.668722124462702e-06,0.0351051986980877
full,828,0.0357904525962276,,,,91.4007933139801,0.0164856105264215,0.076772540807724,0.0063815610521457,0.023482698183812,0.0173957081374208,0.0039426938336739,0.0898310262099152,8.918139431690984e-06,0.0357904525962276
full,829,0.0354368904544437,,,,91.3593077659607,0.016241712075826,0.0765576220926691,0.0063668467718955,0.0232549526606549,0.0171880690976366,0.0039379501936682,0.0890026791479255,9.260396290372108e-06,0.0354368904544437
full,830,0.0356345730452019,0.1172411479055881,23.19259541829427,0.8441745122273763,91.44822478294373,0.016362673977054,0.0766750178376182,0.0063796590662515,0.0233619026305367,0.0173057435141479,0.003933658580998,0.0903383451590284,1.0250999984730168e-05,0.0356345730452019
full,831,0.035486253161655,,,,91.42102217674255,0.0162412076577788,0.0768493340640771,0.0064013688290705,0.0232630593198366,0.0171934001865323,0.0039600833036677,0.0890470735545529,1.0409885179522962e-05,0.035486253161655
full,832,0.0353227983854833,,,,91.4274673461914,0.0161183879435917,0.0767561407362828,0.0063912327760128,0.0232077110635086,0.017097506191215,0.0039485317996519,0.0889663061157601,1.0063964630990796e-05,0.0353227983854833
full,833,0.0351424059968014,,,,91.12040448188782,0.016032245284954,0.0762997074205367,0.0063489562274552,0.023066110069268,0.0169812343083322,0.0039170129495657,0.0896379251155208,1.010915761446088e-05,0.0351424059968014
full,834,0.035326398832754,,,,91.52675032615662,0.0161850550440979,0.0763595050475636,0.0063637372041426,0.0231711092924119,0.017119597048178,0.0039271153881764,0.0888677446599133,9.855776632628296e-06,0.035326398832754
full,835,0.0357025319588233,0.1166980676352977,23.288174438476563,0.8493038654327393,91.4087507724762,0.0164093316578474,0.0767585112423193,0.006362355463054,0.0234194699308422,0.0173541105535553,0.0039363810792565,0.0900961472118487,9.280055934832755e-06,0.0357025319588233
full,836,0.0357029166866521,,,,91.41367292404176,0.0164652042640525,0.076563045626781,0.0063678172997153,0.0234273967455278,0.017373649433988,0.0039779246445042,0.088380767398926,9.323176862748864e-06,0.0357029166866521
full,837,0.0358409915485831,,,,91.36244511604308,0.0164546123400452,0.0772155870179661,0.0064201160547796,0.0235023847170418,0.0173804146069727,0.0040314191585925,0.0902074119228808,1.0028943654590528e-05,0.0358409915485831
full,838,0.0349794710360345,,,,91.42074513435364,0.0159606123572123,0.0761525298728317,0.0063367900095086,0.0229583893765191,0.0169295948456789,0.0039111977790436,0.0871776175669959,1.009973679748679e-05,0.0349794710360345
full,839,0.0351889371322315,,,,91.49661779403688,0.0160822469939584,0.0763393826172,0.0063430229049237,0.0231007559866201,0.0170392066499859,0.0039974936116181,0.0881412060412227,1.0553946255970644e-05,0.0351889371322315
full,840,0.0359350229140187,0.1170916259288787,23.080731709798176,0.8463359673817953,91.5319526195526,0.0165931271450197,0.0768427589877707,0.0063855354521484,0.023594955455695,0.0174997303421135,0.0039468594000399,0.0896409110273005,9.535149111814377e-06,0.0359350229140187
full,841,0.0353092394433304,,,,91.420401096344,0.0161266146136111,0.0767285892220794,0.0063722340874831,0.0231486787698918,0.0170875984152443,0.00399089713016,0.088296719383998,1.038194546408691e-05,0.0353092394433304
full,842,0.0355558905475696,,,,91.42235207557678,0.0163349670922902,0.0765331475461115,0.0063566645840182,0.0233357138931751,0.0172866632184777,0.0039179839067863,0.0892693324350431,1.0235681418464292e-05,0.0355558905475696
full,843,0.0357915222278383,,,,91.44458317756651,0.0164848011384,0.0769557024611801,0.0063950477118344,0.0234892450837937,0.017420528517639,0.0039695100458033,0.0881354470172377,9.798388255864972e-06,0.0357915222278383
full,844,0.035861978246296,,,,91.34760093688963,0.0165429244688177,0.0767792859038368,0.0063726606389477,0.0235270778724893,0.0174535200015076,0.0039527565889732,0.0897165699022226,1.0557240928807252e-05,0.035861978246296
full,845,0.0352778595979096,0.1190816611051559,23.140027872721355,0.8431169668833415,91.42333579063416,0.0161471418944782,0.0762864028821226,0.0063435325597519,0.0231197464172957,0.0170675823541327,0.0039771848556692,0.0894608665563044,9.16639802508864e-06,0.0352778595979096
full,846,0.0357252100299372,,,,91.42549395561218,0.0163707395740708,0.0774138139896705,0.0064219756063348,0.0234712069609858,0.0172898428148177,0.0039390900485278,0.0885204555253025,9.75881584252283e-06,0.0357252100299372
full,847,0.0350748724533153,,,,91.4467785358429,0.0160130522534495,0.0761911702937767,0.0063567603575676,0.0230343621987544,0.0169513987255145,0.0039684570195977,0.0882350612798186,1.0011111285399955e-05,0.0350748724533153
full,848,0.0348475839728947,,,,91.27103304862976,0.0158684340412499,0.0759297633757356,0.0063280640895188,0.0228550612666934,0.0168371261402842,0.0039036789284942,0.088252918764216,9.92349748442572e-06,0.0348475839728947
full,849,0.0350800773861711,,,,91.4692199230194,0.0160431627978066,0.0760566514046465,0.0063250374457356,0.0230406174420944,0.01697930964626,0.0039743947239256,0.0877502048388123,9.780496639473302e-06,0.0350800773861711
full,850,0.0353173750345824,0.1174024231731891,23.066866556803387,0.8455480098724365,91.3479905128479,0.0161689360335957,0.0763402151279762,0.0063654776876334,0.0232098254634708,0.0171234210052329,0.0039465388141908,0.0890921749113524,9.58345939573974e-06,0.0353173750345824
full,851,0.0351326325755627,,,,91.5562937259674,0.0160738539607187,0.0760960749915388,0.0063452420195137,0.0231009280522827,0.0170362555635634,0.0039324393308889,0.0878540410919756,1.0357261071655187e-05,0.0351326325755627
full,852,0.0356148819087958,,,,91.37056732177734,0.016290858754369,0.0770976919619763,0.0063975404119729,0.0233488342587332,0.0172196026799864,0.0039196534112828,0.0906992364430525,1.0782646587901328e-05,0.0356148819087958
full,853,0.0353444491925298,,,,91.44416618347168,0.0161960845599409,0.0763716443640286,0.0063653936567639,0.0232467351893543,0.0171282473172931,0.0040141655548216,0.0883861638483454,1.0327601481702652e-05,0.0353444491925298
full,854,0.0354013108022388,,,,91.5195951461792,0.0162549507880552,0.0763942995032326,0.0063412541668617,0.023267587570504,0.0171703403571345,0.0038984966117003,0.0881346320947174,1.0475617782222237e-05,0.0354013108022388
full,855,0.0352240828033842,0.1215865798294544,22.909734598795573,0.8438704013824463,91.42598962783812,0.0161445252062966,0.0759194747346346,0.0063123820983178,0.0231450757805685,0.0170696564858443,0.0038820434768195,0.0899904239006706,1.077827168987005e-05,0.0352240828033842
full,856,0.0392708811206651,,,,91.3266429901123,0.0189107827475813,0.0784656253994488,0.0064556121398679,0.0256878028272605,0.0196866121020962,0.0039663499900613,0.0978848769589037,1.2164253306383028e-05,0.0392708811206651
full,857,0.0383067958850841,,,,91.45194411277772,0.0182316815785941,0.0783585534721124,0.0064729512650061,0.0251479285662291,0.0190454660380472,0.004021283575013,0.0927479619190829,9.408991446286548e-06,0.0383067958850841
full,858,0.0379799802589123,,,,91.34790468215942,0.0179828134380647,0.0780790775525765,0.0064292483558481,0.0247938442120298,0.0188457111018847,0.003973526002259,0.094660628678613,9.81565243287716e-06,0.0379799802589123
full,859,0.0360844340328066,,,,91.4677164554596,0.0167334078292011,0.0765690407792075,0.0063622170929476,0.0236435898075826,0.0176817860500123,0.0039427276055679,0.0902095481478532,1.057696174472651e-05,0.0360844340328066
full,860,0.0350551551177364,0.1178303174674511,23.06233876546224,0.8465924739837647,91.3652241230011,0.0160466413486932,0.0758761504634482,0.0063158134437456,0.0230195075426189,0.0170124808677517,0.0039282413352219,0.0876442805451692,9.800628492063185e-06,0.0350551551177364
full,861,0.0342811552471801,,,,91.372638463974,0.0155149243665156,0.0753336065128201,0.0062844315887291,0.0225120165889136,0.0165160635532047,0.003853570868368,0.0869700042072866,1.082027001029982e-05,0.0342811552471801
full,862,0.0343946231773397,,,,91.36875939369202,0.0155463802750359,0.0757936429781992,0.0063089652742701,0.0225920195950836,0.0165219984902832,0.0039067704986292,0.0869669644620086,1.053630172854558e-05,0.0343946231773397
full,863,0.0343088523530569,,,,91.44847083091736,0.0155440209906731,0.0751424138663245,0.006277710731813,0.0225473560744011,0.0165319754513072,0.003924763898869,0.087766110316896,9.66351886963201e-06,0.0343088523530569
full,864,0.0341503401515913,,,,91.52516388893127,0.015431387319428,0.0752027044530774,0.0062782184572004,0.0224558257833733,0.0164264027624711,0.0038631660882841,0.0866868545255455,9.874314301459056e-06,0.0341503401515913
full,865,0.0345331945716113,0.1171917244791984,23.053809611002603,0.8475412050882976,91.49369311332704,0.0156700838601491,0.0756635025876467,0.0063049943743609,0.0226936714387819,0.0166559656700272,0.0038392715619831,0.0872202693011428,1.0124946407762966e-05,0.0345331945716113
full,866,0.0349672688476619,,,,91.35023617744446,0.0159296225298379,0.076291410649409,0.0063378350488597,0.0229679384864256,0.0169027146318408,0.0039259092290656,0.0872447089765404,9.758316224707109e-06,0.0349672688476619
full,867,0.0350563114692197,,,,91.6136872768402,0.0158856468214119,0.0770816162961428,0.0063746760839779,0.022989443694165,0.0168712673418712,0.0038897339483631,0.0882498597207128,1.0350133753836377e-05,0.0350563114692197
full,868,0.0349028131878766,,,,91.60550856590272,0.0158249237269285,0.0766718104237415,0.0063512215188505,0.0228877392689102,0.0167978308926962,0.0039456131139037,0.0876607436869965,1.0732114604805245e-05,0.0349028131878766
full,869,0.0347141132796885,,,,91.4047920703888,0.0157641386689587,0.0759372935920465,0.0062974904182931,0.0227921569689375,0.0167168466618559,0.0039343653804027,0.0881462805583828,8.92745460142992e-06,0.0347141132796885
full,870,0.034448698804271,0.1177681535482406,23.07166951497396,0.8465078830718994,91.3507206439972,0.0156217039654367,0.0754830930076661,0.0062898608691776,0.0226370394382564,0.0165916533957495,0.0038919331960105,0.0874649228864028,9.066632954159682e-06,0.034448698804271
full,871,0.0346885625975298,,,,91.50626850128174,0.0158099016770109,0.0754264842291347,0.006295863132481,0.02280347982849,0.0167608165151638,0.0038543323047275,0.0882507594699253,9.154835076389702e-06,0.0346885625975298
full,872,0.0351155540432597,,,,91.46461725234984,0.0160837990048601,0.0757580423941377,0.0063136038103247,0.0230761817885471,0.0169909622627081,0.0038966030764133,0.0898124040944165,1.0448867440852631e-05,0.0351155540432597
full,873,0.0352451178688006,,,,91.40123915672302,0.0161709620342513,0.0759007442192953,0.0063164339622207,0.0231372993439435,0.0170848773425964,0.0038273374590121,0.0899488001939703,9.980885818849564e-06,0.0352451178688006
full,874,0.0350274280263263,,,,91.4344117641449,0.0159800645712091,0.0762151181697845,0.0063476720786668,0.0230566689240761,0.0169220554153816,0.0038957980644629,0.0878501994779608,9.93497726729183e-06,0.0350274280263263
full,875,0.034574575080979,0.1201215405017137,22.79121398925781,0.8464689572652181,91.46583700180054,0.0157552537065548,0.0752946543888967,0.0062923652910031,0.0227545793473598,0.0166936675086617,0.0038874507557264,0.0870158498282315,9.16009142930803e-06,0.034574575080979
full,876,0.0351745743212885,,,,91.42162251472472,0.0160732432879263,0.0763029099487867,0.0063437829786514,0.0231275598625423,0.017010036634556,0.0039168412388745,0.0886526406422013,9.300470806185811e-06,0.0351745743212885
full,877,0.0345902916990586,,,,91.43470215797424,0.0157364958393402,0.0752526423970206,0.0062866294031321,0.0227143363569115,0.0166784295293151,0.0038771838346709,0.0894229894839837,1.0039080063838692e-05,0.0345902916990586
full,878,0.0344776684479391,,,,91.42526507377625,0.0157306028881156,0.0749109929702321,0.0062564186309082,0.0226840692129535,0.0167069974828694,0.0038884262645953,0.086514696723125,1.0183960794090593e-05,0.0344776684479391
full,879,0.0348769240844689,,,,91.54558563232422,0.0160138093652661,0.0751355090102211,0.0062680351872333,0.0229653561808413,0.0169479035253285,0.003853780755651,0.0872084155495538,1.064114093774393e-05,0.0348769240844689
full,880,0.0345136115907645,0.1152257863432169,23.17691396077474,0.8477585156758626,91.39817786216736,0.0156759133745656,0.0753839963772257,0.0062881687018623,0.0226776679886169,0.016643749107225,0.0038708785384679,0.088147933793361,9.775632945141315e-06,0.0345136115907645
full,881,0.0345781696807654,,,,91.42874574661256,0.0157726551558761,0.0751718673549714,0.0062794837944179,0.0227355909701742,0.0167243266401842,0.0038749618974865,0.0870974341743305,1.0185881134956424e-05,0.0345781696807654
full,882,0.0348006400020151,,,,91.37601733207704,0.015867754007827,0.0756775932233841,0.0063040327742604,0.0229235684544947,0.0168120328367489,0.0038820621023168,0.0879544225658793,9.969059158857613e-06,0.0348006400020151
full,883,0.0351449907833679,,,,91.44161367416382,0.0161877698646705,0.0752292246115012,0.0062737093730753,0.0231375266935248,0.0170924016732539,0.0038250577082613,0.0891785595993526,9.30319755898934e-06,0.0351449907833679
full,884,0.0353065050344486,,,,91.44536685943604,0.0162628280594334,0.0755018171716909,0.0062904436271026,0.0232186089346154,0.0172002246206412,0.0038864233256241,0.0897666778354371,1.0121027623566004e-05,0.0353065050344486
full,885,0.0349495966811893,0.118911612778902,22.94032491048177,0.8466298580169678,91.49015498161316,0.0160429480363477,0.0753384882309397,0.0062788086027273,0.0230345369133426,0.0169979180896379,0.0038481771442123,0.0870812440321582,1.0901455299019206e-05,0.0349495966811893
full,886,0.0348629313444749,,,,91.44536304473876,0.0159443372814748,0.0755492971568811,0.0062818946908457,0.0229235508357037,0.0168883975091405,0.0038753129431183,0.0875206976273998,1.0179808989300829e-05,0.0348629313444749
full,887,0.0348906747569314,,,,91.493150472641,0.015957600826428,0.075640748758785,0.0062962797676503,0.0229527564780389,0.01687394545154,0.0038540417129998,0.087635471088598,1.051175766910453e-05,0.0348906747569314
full,888,0.0345532869553712,,,,91.47313666343688,0.015726863353162,0.0752701739795872,0.0062716502398557,0.0227049123037789,0.0166861266737467,0.0038688030975611,0.0879542669739391,1.0679590052352014e-05,0.0345532869553712
full,889,0.0342571163153062,,,,91.55637001991272,0.0155418136340306,0.0750801279896595,0.0062865089189994,0.0225678056203683,0.0165027537016717,0.0038848264623799,0.08610524988321,9.118953756527436e-06,0.0342571163153062
full,890,0.0344884487510216,0.1171936523169279,23.26938273111979,0.8461879253387451,91.42933917045592,0.0157163609811639,0.0750654691555461,0.0062723979964608,0.0227038607108177,0.0166501096129173,0.0039011761794233,0.0870062939089829,9.67349755344164e-06,0.0344884487510216
full,891,0.0349339179114484,,,,91.4016420841217,0.0160392637853129,0.075203851598208,0.0063000551298963,0.0229981637666704,0.0169602586643495,0.0038037643363302,0.0881383544231047,1.0051602370595108e-05,0.0349339179114484
full,892,0.0352372459029076,,,,91.3940064907074,0.016234362635334,0.0754252911591139,0.006293434441685,0.0232111838050797,0.0171474166687761,0.0038444578521655,0.0890188967106772,1.0523151499356763e-05,0.0352372459029076
full,893,0.0348758081157432,,,,91.39719295501708,0.015990065013776,0.0751035614091841,0.0062753618752095,0.0229259769539119,0.0169206464311993,0.0038759161538795,0.0889028666205093,1.026123047733454e-05,0.0348758081157432
full,894,0.0345875267397429,,,,91.40372133255003,0.015771433596545,0.0751829176652627,0.0062768118566696,0.0227528393390725,0.0167124380937731,0.0038283939824485,0.0877862785194741,1.0251282820889714e-05,0.0345875267397429
full,895,0.0341399708671159,0.1203786171972751,22.814283243815105,0.8475382804870606,91.470276594162,0.0154639101266616,0.0749235172740748,0.0062798441380079,0.0225039652365519,0.016450957150855,0.0038129174184878,0.0863945182473933,1.0853358945293448e-05,0.0341399708671159
full,896,0.0341204186351817,,,,91.50690484046936,0.0154523137101873,0.0748035199329501,0.0062641486521718,0.0224244005397939,0.0164147071525088,0.0038697961145309,0.0873892568662518,1.0708945217819754e-05,0.0341204186351817
full,897,0.0344664198117422,,,,91.37910556793211,0.0157179924140333,0.0748530108420575,0.0062543923916966,0.0226788208056546,0.0166603250383231,0.0038312216113764,0.0877393339226236,1.0061751753732312e-05,0.0344664198117422
full,898,0.0348833112931642,,,,91.48699140548706,0.0160262336053687,0.0749931447818631,0.0062669567805791,0.0229879316919651,0.0169482000904982,0.003858629219066,0.0878644659351862,1.0331456250519183e-05,0.0348833112931642
full,899,0.0353772262355587,,,,91.5354301929474,0.0163234544185097,0.0757251567527896,0.0063213121955145,0.0233115615536932,0.017214951464204,0.0038932467654316,0.0879727168405642,1.032215372939988e-05,0.0353772262355587
full,900,0.0352254223964009,0.1210385933518409,22.917480977376304,0.8440187136332195,91.38335514068604,0.0162796961433696,0.0750075075470033,0.0062642021421495,0.0231879066340014,0.0171723183259734,0.0038734417901084,0.0890962298440395,9.382080789602189e-06,0.0352254223964009
full,901,0.035654477805632,,,,91.53338170051576,0.0165071117493217,0.0758571341389515,0.0063364938603805,0.023504420878274,0.0174029727435869,0.0038764286084009,0.0890403341990513,1.0163456731432464e-05,0.035654477805632
full,902,0.0350579937584087,,,,91.46334505081175,0.0161190945578769,0.075404874125465,0.0062784561410271,0.0230615034500961,0.0170542515478417,0.0038442847406735,0.0875415371761458,1.0070229827239664e-05,0.0350579937584087
full,903,0.0345756720110285,,,,91.30853390693665,0.0157835102624824,0.0750128861333503,0.0062687155221909,0.0227493628874787,0.0167231022792517,0.0038455317396151,0.0877239221065747,1.0209613991119198e-05,0.0345756720110285
full,904,0.0343544669754681,,,,91.41868209838869,0.0156443423179329,0.0747575916227747,0.0062468885138753,0.0226405307528425,0.016602771349068,0.0038488274898196,0.0872167490544866,1.0328980211483724e-05,0.0343544669754681
full,905,0.0345849427623582,0.1204487513750791,22.95336456298828,0.8446384270985922,91.56046652793884,0.0158255079333655,0.0746764452731023,0.0062438361518481,0.0228054469115421,0.0167736981491573,0.0038734030371653,0.0878309504907639,1.0956955269975406e-05,0.0345849427623582
full,906,0.0345797022331322,,,,91.51061153411864,0.0158267024461729,0.0746425795750539,0.0062363316671403,0.0227813339853262,0.0167621920022686,0.0038383987056641,0.0881339982457336,9.928218084194724e-06,0.0345797022331322
full,907,0.0344779632955056,,,,91.4011640548706,0.0157531054354593,0.0746807231277716,0.0062415235748392,0.022712529652187,0.0167063927033641,0.0038289547416946,0.0872986120339788,1.0338554849367262e-05,0.0344779632955056
full,908,0.0344808495099671,,,,91.47885370254517,0.0157513668470573,0.0747355984859779,0.0062375157693645,0.0226821836206268,0.0166972194584544,0.003799708159335,0.0874581238651861,1.08989935441509e-05,0.0344808495099671
full,909,0.0343288550397656,,,,91.4772355556488,0.0157008728806356,0.0743015232633371,0.0062238450360591,0.0226696037427812,0.0166409478568639,0.003800892414235,0.0862815012758384,1.019323469913113e-05,0.0343288550397656
full,910,0.0349807585513249,0.1178448013961315,23.173351542154947,0.8458982308705648,91.3057656288147,0.0160596023817531,0.0751580405430715,0.006268496657569,0.0230379660277948,0.0169938888522933,0.0038100638423023,0.0893657359554142,8.999964914555193e-06,0.0349807585513249
full,911,0.0344560137323913,,,,91.55522847175598,0.0157294013216847,0.0747230683193832,0.0062486234075221,0.0226855847877679,0.0166861978588534,0.0037986177456809,0.0874819503028373,1.0576114130939064e-05,0.0344560137323913
full,912,0.0341500988169038,,,,91.48440265655518,0.0155482108887956,0.0743522551216063,0.0062344907057761,0.0225021860287448,0.0165087524648816,0.0038404209180506,0.0864030000921644,1.0583570612802257e-05,0.0341500988169038
full,913,0.0344830825924873,,,,91.49671578407288,0.0157662351676797,0.0745970030299952,0.0062324586477069,0.0227538010594053,0.0167190618431348,0.0038031049046024,0.0873600712015492,1.074754205865882e-05,0.0344830825924873
full,914,0.0348300612455264,,,,91.39600467681883,0.0159236948677628,0.0754882698176337,0.0062899031756506,0.0229203212456625,0.0168522027031075,0.0038013258990908,0.0880178552975908,1.010317799959131e-05,0.0348300612455264
full,915,0.0343380478348155,0.1174291316419839,23.110045878092446,0.8471098264058431,91.4079442024231,0.0156760959061564,0.0744824116347266,0.0062298952930103,0.0226403338315545,0.0166099151199469,0.003812063941503,0.0869906493691635,1.073253851867692e-05,0.0343380478348155
full,916,0.0344220450850295,,,,91.5240273475647,0.0157313733514337,0.0745357983425015,0.006223115524216,0.022656207156108,0.016656107650917,0.0037867352175602,0.0876194258510577,1.006451426199453e-05,0.0344220450850295
full,917,0.0343466294685103,,,,91.50372290611269,0.0156962211762906,0.0743478424236422,0.0062171448151901,0.0226331562658802,0.0166365496860053,0.0037913487052361,0.0873003974251571,9.605608703562924e-06,0.0343466294685103
full,918,0.0342427081901763,,,,91.45724153518675,0.0156155762140501,0.074337927044415,0.0062121911695776,0.0225580500087655,0.0165874099694803,0.003777691386411,0.0870692244746157,1.0715634036788288e-05,0.0342427081901763
full,919,0.0347191442231662,,,,91.57448840141296,0.0158817412285897,0.0750870900075943,0.0062574483835917,0.0228631743229925,0.016829295427401,0.0038272623033797,0.0880131281790186,1.1015431490857735e-05,0.0347191442231662
full,920,0.0345696978362613,0.1226406469941139,22.59062296549479,0.8458694299062093,91.87798380851746,0.0158433286686901,0.0744359717994439,0.0062264117248142,0.0228058369219547,0.0167726362887464,0.0038002107643568,0.0883266677866216,1.08186162654502e-05,0.0345696978362613
full,921,0.0342204500844732,,,,91.39265894889832,0.0156045193921347,0.0743783829642123,0.0062297692552941,0.0225486139629463,0.0165646648278734,0.0037572463901835,0.0865086979370136,1.091159126514301e-05,0.0342204500844732
full,922,0.0343755937990595,,,,91.50652980804443,0.0157031135435109,0.0744858354818625,0.0062243153806775,0.0226460472589022,0.0166539177985587,0.0038302193670609,0.086969728444199,1.0961816697237748e-05,0.0343755937990595
full,923,0.0347444928083263,,,,91.37981462478638,0.0159465076294956,0.0748413483627506,0.0062476743421074,0.0229160548111454,0.0168778754877628,0.0038393370494185,0.087164718581394,9.809079379790503e-06,0.0347444928083263
full,924,0.0354706733258532,,,,91.52886867523192,0.0163972186855971,0.0755761216898433,0.0063172132654695,0.0233474460460978,0.0172902780478117,0.0038563520933852,0.0893359450379111,9.705284195464628e-06,0.0354706733258532
full,925,0.0350048474539987,0.1199706625193357,22.96516927083333,0.8469484488169352,91.30352258682252,0.0160839984529331,0.0752967586282823,0.0063092050879247,0.0230375944224537,0.0170243072369303,0.0038367764314361,0.0877984663563185,9.425385469883764e-06,0.0350048474539987
full,926,0.034325093488957,,,,91.52649474143982,0.0156243069814976,0.0747903536577693,0.0062800087950757,0.0226473346367844,0.0165910170123469,0.0038133636651346,0.0866536314248061,1.0054569530562745e-05,0.034325093488957
full,927,0.0342106743578295,,,,91.64959979057312,0.0156317595239789,0.0741012135490042,0.0062165771263697,0.0225644396755416,0.0165699320295672,0.0037893906834947,0.0865252399359081,1.0603659708247696e-05,0.0342106743578295
full,928,0.0347484498758052,,,,91.72736859321594,0.0159515634133312,0.0747896447533466,0.00625676645508,0.0229263770638308,0.0168694122618094,0.0037944619639272,0.0876971135435045,1.090431319159685e-05,0.0347484498758052
full,929,0.034432448431483,,,,92.04315567016602,0.0157534643839739,0.0742380496908406,0.0062164526535808,0.0226910297881017,0.0166807418734934,0.0038196489856135,0.0887670433606769,1.1002423439938333e-05,0.034432448431483
full,930,0.0339910373030627,0.1180909778922796,23.120924377441405,0.845617930094401,91.90047359466551,0.0154776155918103,0.0739817707265009,0.0062071554664308,0.022427468194214,0.0164446206305359,0.0037845950917203,0.0859903924045015,1.0060321625071551e-05,0.0339910373030627
full,931,0.0343155818762349,,,,91.96075081825256,0.0157108409177573,0.0740754022950031,0.0062202701791662,0.0226744890945856,0.0166676372564474,0.003821519020273,0.0864554348966625,1.0015696049476994e-05,0.0343155818762349
full,932,0.0341026879785979,,,,92.0992865562439,0.0155267926070411,0.0743539709536755,0.0062079863168574,0.0224560242772224,0.016483834227089,0.0037468268419615,0.0859648991437232,1.069962170026157e-05,0.0341026879785979
full,933,0.033932479434326,,,,92.0307915210724,0.0154195795919685,0.0740061993481683,0.0061946787688209,0.0223886077750291,0.0163923170356476,0.0037812270094319,0.0865037788743855,1.0954505756840956e-05,0.033932479434326
full,934,0.0341710078178859,,,,92.1127588748932,0.0156154035147829,0.0740105465787356,0.0062035428814315,0.022565205772331,0.0165489343620958,0.0038067995709916,0.0862091168547507,1.1514647121039838e-05,0.0341710078178859
full,935,0.0350035012501185,0.1233069635927677,22.623780314127604,0.8439607461293538,91.95842933654784,0.0161661017289171,0.0747202967034011,0.0062554582560312,0.0231508723704419,0.0170758439869177,0.0038126651483939,0.0872117989375943,9.372832417025073e-06,0.0350035012501185
full,936,0.0345462810889375,,,,91.51374793052672,0.0158194996202822,0.0745504244429166,0.00621152471667,0.0227552316930206,0.0167747961784728,0.0038223242574203,0.0876184993225042,1.0720651352639894e-05,0.0345462810889375
full,937,0.0338179614455973,,,,91.41966152191162,0.0153549828215456,0.0738610581296389,0.0061815831329307,0.0223260820217308,0.0163459264535884,0.0038022393280579,0.0857591947204754,1.05483735745079e-05,0.0338179614455973
full,938,0.0342762565209728,,,,91.49990034103394,0.0156860662563169,0.0741144672769014,0.0062167082691839,0.0226642202479062,0.0166197824520898,0.0037747914024979,0.0861502912842103,1.0123773392938612e-05,0.0342762565209728
full,939,0.0342640384237785,,,,91.54147982597352,0.0156852008209976,0.0738868630323253,0.006189983633927,0.0225721972567014,0.0166228822142374,0.0038033431399705,0.0875795807567287,9.72879170398987e-06,0.0342640384237785
full,940,0.0342344880623162,0.1174613870680332,23.170215861002603,0.848161268234253,91.4782407283783,0.0156508637363182,0.0741247344212453,0.0062098307649559,0.022570439889172,0.016586143034892,0.0037877572181283,0.0864215225714152,1.0731230437430228e-05,0.0342344880623162
full,941,0.0334878627546742,,,,91.47606992721558,0.0151322507910186,0.0735463910415524,0.006187449741849,0.0220924107296789,0.0161063326217356,0.0037776943025194,0.0861647599605751,1.1078939244475887e-05,0.0334878627546742
full,942,0.033637744160827,,,,92.01517033576964,0.0152199194522299,0.0736811757087707,0.0061838235019049,0.0221694903524562,0.0161954283439477,0.0038136601711424,0.0869312094005405,9.504100617785163e-06,0.033637744160827
full,943,0.0337932656870269,,,,91.71290230751038,0.0153570440979521,0.0736915991931665,0.0061776481900883,0.0223011639442478,0.0163148356540525,0.0038108223854548,0.0860786750668385,9.905205473756805e-06,0.0337932656870269
full,944,0.0344345144408403,,,,91.44662022590636,0.0157487137838587,0.0746450350909936,0.006227007276974,0.0226907155736059,0.0166948284938565,0.0037695755542744,0.0860901583505214,1.0249504488204183e-05,0.0344345144408403
full,945,0.0344006016117627,0.1209243107587099,22.930744934082032,0.8455275535583496,91.39086985588074,0.0157537745372926,0.07425606446188,0.0062308337646307,0.0226938225267851,0.0166826737265972,0.0037413808769073,0.0872707771534313,1.089694718384531e-05,0.0344006016117627
full,946,0.0345130029027579,,,,91.81710290908812,0.0157803442771928,0.0747447463332629,0.0062559413528985,0.0227620538598934,0.0167025788610831,0.0037553638170213,0.0873068703918672,1.0246930681243094e-05,0.0345130029027579
full,947,0.0347028133291445,,,,91.51694583892822,0.0160187807880708,0.0740505022103669,0.0062047871951868,0.0229348671912658,0.016901309182104,0.0037888430085674,0.0873978980740562,1.0075855120123265e-05,0.0347028133291445
full,948,0.034297851845622,,,,91.52853393554688,0.015753617090341,0.0737371102708285,0.0062031306433262,0.0226988150722912,0.0166892607345199,0.0037968705530415,0.0857950353720149,1.0339073015508404e-05,0.034297851845622
full,949,0.0345948206596687,,,,91.38332724571228,0.0159803235017862,0.0738607102730235,0.0061964110593448,0.0228715293628514,0.0168861619914408,0.0037334988878459,0.0859915588325897,1.036458106950167e-05,0.0345948206596687
full,950,0.0351901793486026,0.1222517061978578,22.85882110595703,0.8443979104359944,91.61898064613342,0.0163201148637005,0.0743791172738935,0.0062232199812033,0.0231679793386185,0.0172423833950621,0.0037900712035718,0.089840504539306,1.0530977900172267e-05,0.0351901793486026
full,951,0.0347047799770705,,,,91.23824954032898,0.0159595280534542,0.0746250328470449,0.0062416111496964,0.0229282349683955,0.0169052917617144,0.0037691563570139,0.086123133536245,1.0374952584416782e-05,0.0347047799770705
full,952,0.0344346461390129,,,,91.5615746974945,0.0158077461538134,0.0738953972449068,0.006194571970168,0.0227405602707848,0.0167268041490775,0.0037984813880328,0.0882137230307352,1.0307301032088984e-05,0.0344346461390129
full,953,0.0338646813646936,,,,91.44712281227112,0.0154442163184285,0.0735687193323354,0.006176077283644,0.0223733566655609,0.0164293257565405,0.0037482847348924,0.0850323547349601,1.0924335157280388e-05,0.0338646813646936
full,954,0.0333847060616387,,,,91.30124592781068,0.0151031719383279,0.0733078615587265,0.0061721056718837,0.0220691531011071,0.0160841578159664,0.0037848896816464,0.0845743668738935,1.0678414151993968e-05,0.0333847060616387
full,955,0.0339124369602955,0.118733387440443,22.91021270751953,0.8463709990183512,91.56013059616087,0.0154597976199183,0.0736850172769827,0.0061762556777198,0.0224027161516982,0.0163909921453135,0.0037783152732967,0.0859146351452733,1.0030901159298378e-05,0.0339124369602955
full,956,0.0336452569873606,,,,91.54525804519652,0.0152718070818141,0.0735946063135491,0.0061679419042298,0.0222135360627511,0.0162323177334104,0.0037467168838732,0.0851243744589022,9.02779602340864e-06,0.0336452569873606
full,957,0.0340739902047837,,,,91.5454077720642,0.0155777539523532,0.073577341486196,0.0061743359031827,0.0225088082895171,0.0165135242487685,0.0037378630864235,0.0874189759345084,1.0009196504432292e-05,0.0340739902047837
full,958,0.0339622900928141,,,,91.43432354927064,0.0154941381474376,0.0738025962329301,0.0061861739921398,0.022416403883549,0.0164285939812782,0.0037388103521719,0.0855100033804774,1.171668854077035e-05,0.0339622900928141
full,959,0.0339634939112135,,,,91.4855124950409,0.0154953334541594,0.0736411438613641,0.0061835636533644,0.0224369598674725,0.016452899508056,0.0036976348988513,0.0865682258469159,9.851008288066655e-06,0.0339634939112135
full,960,0.0339533659919607,0.1177099775522947,23.130682881673177,0.8460957209269205,91.40756845474245,0.0154989693756596,0.0736127769360776,0.0061627959214211,0.0224203265531629,0.0164425811791395,0.0037354977541893,0.0861623042003541,1.1150812128514212e-05,0.0339533659919607
full,961,0.0343410400673747,,,,91.37371587753296,0.0157697719185933,0.0738827937939128,0.006193697860953,0.0227035364426183,0.0167134388838513,0.0037234714770017,0.0861107358922723,1.0107060665695235e-05,0.0343410400673747
full,962,0.0336220793456572,,,,91.46816396713255,0.0152896436343549,0.0732428275170873,0.0061477046959926,0.0222187187354706,0.0162349019550764,0.0037464382008603,0.0857162108247886,1.0866951328314936e-05,0.0336220793456572
full,963,0.0339130563203428,,,,91.4133312702179,0.0154523768263762,0.0737025415311094,0.006181226493638,0.0224068251697987,0.0163935523052684,0.0037440461217288,0.0862678943782067,9.868234584428693e-06,0.0339130563203428
full,964,0.0341073030483771,,,,91.4072699546814,0.0156269656097302,0.0735770615397906,0.0061576795939844,0.0225277275427198,0.0165238865025219,0.0037392594099624,0.0864827072889101,1.03477801730653e-05,0.0341073030483771
full,965,0.0344770854247398,0.1203444823622703,22.79028167724609,0.8459496815999349,91.481374502182,0.0157708204580379,0.074655538699666,0.0062528745553715,0.0227982986901627,0.0167208603186319,0.0037913184983228,0.0861921352257982,1.0613312161549392e-05,0.0344770854247398
full,966,0.0340599408525912,,,,91.4833447933197,0.0156050582691172,0.0734468566589668,0.0061637356278074,0.0225149198572655,0.0165287086541657,0.0036969108442149,0.086343384164645,1.110045257378969e-05,0.0340599408525912
full,967,0.0346414949286912,,,,91.38006138801576,0.0159622007660323,0.0741785012307714,0.0061952589331652,0.022868116447305,0.016873586151871,0.0037713469708429,0.0868389526473694,1.02179404922196e-05,0.0346414949286912
full,968,0.0336073997934333,,,,91.5411820411682,0.0152737222016468,0.0733506405939821,0.0061548058397793,0.0221842615025453,0.0162312918357917,0.0037305797889187,0.0851892561758639,1.1013746924265035e-05,0.0336073997934333
full,969,0.033908726800172,,,,91.5034282207489,0.0154710107895194,0.0735652979280127,0.006181176786204,0.0224223105984999,0.0164161660845895,0.0037567017229701,0.085810471020761,9.86740425078532e-06,0.033908726800172
full,970,0.0341426350756502,0.1174854096025228,23.249471028645832,0.8468544642130534,91.40577125549316,0.0156054277446304,0.0739310012489068,0.0061867075750879,0.022541066181281,0.0165178162106847,0.0037798673853461,0.0864440166376164,1.0310923588032652e-05,0.0341426350756502
full,971,0.0339749997298492,,,,91.3207061290741,0.0155195624979793,0.0735819647546674,0.0061605424528605,0.0224465136339918,0.0164733283053778,0.0037379078013578,0.0860297277142278,1.01317415641368e-05,0.0339749997298492
full,972,0.0336197573905352,,,,91.45010995864868,0.0152293985602674,0.0736435436811603,0.0061554129895769,0.0221880038849032,0.016199204704312,0.0037436807436532,0.0860786226074226,1.0807089368543277e-05,0.0336197573905352
full,973,0.0338587442138155,,,,91.39206266403198,0.0154465895420948,0.0733147600635153,0.006153226122031,0.0223529631210888,0.0164048885926604,0.0037326655488033,0.086966990966533,1.1129757257370175e-05,0.0338587442138155
full,974,0.0346198571906959,,,,91.31371879577635,0.0159420541976196,0.0740837806560954,0.0062222962618851,0.0228474944310842,0.0168843516835668,0.0037980795337925,0.0872750629777791,1.034381079798235e-05,0.0346198571906959
full,975,0.0338752887013261,0.1194558572024107,22.89077657063802,0.8461958567301432,91.46220636367798,0.0154687996465163,0.073367923009591,0.0061526491028088,0.0223839509255084,0.0164172302198703,0.0037556265912125,0.0859473980657878,1.0791907279819557e-05,0.0338752887013261
full,976,0.0341700123103915,,,,91.40134310722352,0.0156496510398192,0.0735007050584574,0.0061648805553215,0.0225360906209613,0.0166022360294324,0.0037815606939133,0.0880520838450212,1.1014952841773598e-05,0.0341700123103915
full,977,0.0341392722072415,,,,91.60303902626038,0.0156650091979469,0.0734318670679311,0.0061607373702782,0.0225782279825967,0.0165968768481836,0.0037738882142622,0.0861894980256186,1.109536455188198e-05,0.0341392722072415
full,978,0.0339362342673979,,,,91.43487119674684,0.0155008024475002,0.0734103463712285,0.0061732635825689,0.022451188705373,0.016450623271712,0.0037474358057389,0.0864549122567548,1.0360014020870317e-05,0.0339362342673979
full,979,0.0331072336612421,,,,91.38208317756651,0.014952686439711,0.0728174457784558,0.0061254478994848,0.0218899634773614,0.0159466029602851,0.0037457386001211,0.0842686949419926,1.0714699868283555e-05,0.0331072336612421
full,980,0.033401340887439,0.1208606529980897,22.884073384602864,0.8448850631713867,91.49458646774292,0.015142495133227,0.0729544094351471,0.0061334577259286,0.0220774690864882,0.0161008216120058,0.0037306373400735,0.0862044612342705,1.0876454548001027e-05,0.033401340887439
full,981,0.033515090962536,,,,91.50180792808531,0.0152352185935148,0.0730244468470088,0.0061417674458753,0.0221547322485168,0.0162148809396341,0.0037163513021726,0.0853170998333418,1.1205645592594395e-05,0.033515090962536
full,982,0.0336677363203441,,,,91.67870450019836,0.0153318785253118,0.0732111403199493,0.0061627581723217,0.0223078100758864,0.0162866358019289,0.0037491694932467,0.0852026407469491,1.1022319564921404e-05,0.0336677363203441
full,983,0.0338666052023162,,,,91.47607278823853,0.0154809132371036,0.0731059459389233,0.0061650916983633,0.0223955285399541,0.0164149485940693,0.0037323117874501,0.0869110914588463,1.0648112605037826e-05,0.0338666052023162
full,984,0.0340373278213817,,,,91.48860001564026,0.0155991732723033,0.0733673191461406,0.0061530056982072,0.022508953858289,0.0164994466286457,0.0036905917384829,0.0864721208383313,1.1074352427666092e-05,0.0340373278213817
full,985,0.0338809201646535,0.1191736571490764,22.93270060221354,0.8459304332733154,91.47744607925416,0.0155122599060662,0.0730275125777135,0.0061325810479427,0.0223840110721524,0.0164437347977254,0.0037321348781468,0.0864877922948999,1.0954054861395204e-05,0.0338809201646535
full,986,0.0343986531475284,,,,91.54379177093506,0.0157614893539518,0.0741470759032202,0.0061995943046373,0.0227030857359288,0.0166473805553234,0.0037856434174187,0.0878229356050247,8.903282071410418e-06,0.0343986531475284
full,987,0.0339151511701648,,,,91.44804310798644,0.0154861053604571,0.073425077512616,0.0061497471589198,0.0224026395084305,0.0164012374722811,0.0037078921125865,0.086930829054508,8.998855807842669e-06,0.0339151511701648
full,988,0.0344054950706538,,,,91.5042209625244,0.0158223051684679,0.0737713482536253,0.0061939747175812,0.0227551303162682,0.0167185553105273,0.0038393586721332,0.0868213079320114,9.230155972712305e-06,0.0344054950706538
full,989,0.0340287089347839,,,,91.30183506011964,0.0156006833660553,0.0730364855195655,0.0061460734062568,0.0225265061742336,0.0165224966028186,0.0037057148607554,0.0881037656981192,9.649932124763906e-06,0.0340287089347839
full,990,0.0342259979730502,0.1173508614301681,23.100187174479167,0.8477184931437175,91.57049751281738,0.0157348353140911,0.0733738204494851,0.0061598424456219,0.0226188092263507,0.0166499302951527,0.00369405094725,0.0870990106439004,1.024458133196536e-05,0.0342259979730502
full,991,0.0340778614989802,,,,91.8594570159912,0.0156534417593454,0.0732866779702608,0.0061704328085188,0.0225405186094099,0.016567616128042,0.003733155958843,0.0853684858159452,1.0907022600577948e-05,0.0340778614989802
full,992,0.033396910387473,,,,91.56018352508544,0.0151799292395227,0.0728008405106966,0.0061350208783491,0.0220758320580496,0.016149927808552,0.0037131043547978,0.0848449337311455,1.0465328318601844e-05,0.033396910387473
full,993,0.0335631285656671,,,,91.44343519210815,0.0152995995566493,0.0728623901234298,0.0061313822659373,0.0222161542547897,0.0162349331696502,0.0037036547494563,0.0853467933436642,9.349752764702602e-06,0.0335631285656671
full,994,0.0333661764982293,,,,91.543395280838,0.0151376808291209,0.0729010574153212,0.0061182384665475,0.0220643869433246,0.0160897087809614,0.0037510977794614,0.0852074883878231,9.450632141944538e-06,0.0333661764982293
full,995,0.0343224424258118,0.1211688444018364,22.884038798014323,0.8438132286071778,91.35453248023988,0.0157572385916089,0.0738360456755903,0.0061774270467796,0.0226214187005992,0.0166884692477398,0.003726108637104,0.0867664778269216,9.95384324878198e-06,0.0343224424258118
full,996,0.0356399828537565,,,,91.43699932098389,0.0166374363356315,0.0746805511537145,0.0062393272070397,0.0234883540752725,0.0174809265652763,0.0037462247466882,0.090672386718578,9.781889939739645e-06,0.0356399828537565
full,997,0.0348671661140244,,,,91.40530395507812,0.0161623776218563,0.0737855107080741,0.0061843262080744,0.023040235370825,0.0170532429941975,0.0037489707131305,0.0886926150071572,1.0766707333553235e-05,0.0348671661140244
full,998,0.0351037870726135,,,,91.52734017372131,0.0162714183040451,0.0744001181399236,0.0062214955821114,0.0231595446630457,0.017145412332821,0.0037610674902918,0.0889217749115873,1.0896437219453486e-05,0.0351037870726135
full,999,0.0337380315100804,,,,91.57964563369752,0.0153929637897698,0.0730219825369412,0.0061415845593132,0.0223105813330802,0.0163373441328523,0.003692606603345,0.0868430009386578,1.0709374554104004e-05,0.0337380315100804
full,1000,0.0332977575417913,0.118980647996068,23.03456319173177,0.8457398573557536,91.46252179145812,0.0151319364696496,0.0724306536502525,0.0061049658660089,0.0220292387377531,0.0161281893045076,0.003717601091265,0.0855238772928714,1.1228435742540832e-05,0.0332977575417913
