Loss_Variant,Epoch,Train_Loss,Val_Loss,Val_PSNR,Val_SSIM,Time,recon,ssim,edge,wav,base,illum,col,oe,total
woG2,1,0.2100493696014412,0.2124442085623741,17.0841313680013,0.707819668451945,92.0304708480835,0.122779675652502,0.2938461811816106,0.0156093014969078,0.0,0.1793311894184253,0.0103943751033273,0.2857251927012302,8.315958168516718e-07,0.2100493696014412
woG2,2,0.172674364547749,,,,91.67416524887084,0.1035013821464581,0.2402020472972119,0.0135680031962692,0.0,0.1318574411580797,0.0126010533498569,0.2542347195939939,7.002559198657883e-07,0.172674364547749
woG2,3,0.1636962367252248,,,,91.9140121936798,0.100677499059038,0.2305394005580026,0.0130484297176914,0.0,0.1093687389778797,0.013093380120079,0.2432088872692624,1.0534907357720804e-06,0.1636962367252248
woG2,4,0.1561940243376083,,,,92.2110161781311,0.0968160694312365,0.2208709531143063,0.0126283397577458,0.0,0.0994507805978665,0.012698907733391,0.2354908110421212,1.1322200801138335e-06,0.1561940243376083
woG2,5,0.1542050351129203,0.1587918661534786,19.415354919433597,0.7671628634134928,92.09694266319276,0.0962723241355575,0.2148474024944618,0.0123367596371862,0.0,0.0967650849860711,0.0120851912489924,0.2384459787949187,1.1440870012389515e-06,0.1542050351129203
woG2,6,0.1480090579048532,,,,91.31835341453552,0.0921771268619865,0.2073067187285814,0.0119930678352591,0.0,0.0926938661847446,0.0116884861080372,0.2331202750811811,1.201034769433544e-06,0.1480090579048532
woG2,7,0.1438259428031132,,,,91.44513177871704,0.0896263358900781,0.2001941282241071,0.0116999348373625,0.0,0.090198084437212,0.011253028978273,0.2322809368860526,1.2760844022517726e-06,0.1438259428031132
woG2,8,0.1424067262254777,,,,91.3662793636322,0.0890392589337024,0.196575857088214,0.0114970228245451,0.0,0.0893904982043094,0.0109985194314026,0.2274121554171452,1.4200220153782914e-06,0.1424067262254777
woG2,9,0.1382535201970671,,,,91.23758578300476,0.0861162818724014,0.1925833137308965,0.0114341615050359,0.0,0.0864581661756898,0.0107762494284781,0.2262143015128667,1.4266545100886134e-06,0.1382535201970671
woG2,10,0.1374835821448779,0.1454493086785078,20.22144953409831,0.7819311618804932,91.35633659362792,0.0859139033089407,0.1893822394433569,0.0111736919173634,0.0,0.086554981187963,0.0103261074028359,0.2233278956569609,1.509144415459275e-06,0.1374835821448779
woG2,11,0.1322043276101839,,,,91.17943120002748,0.0822874392520208,0.183354945944958,0.0110211175347327,0.0,0.0830053262962181,0.0104799108831669,0.2211559129054429,1.4061665295854476e-06,0.1322043276101839
woG2,12,0.1336585445726504,,,,91.26867747306824,0.0836743632423096,0.1828368692124476,0.0109333159272238,0.0,0.0839089922240523,0.0101481745340174,0.2209158771839298,1.608262628491296e-06,0.1336585445726504
woG2,13,0.1299225096209127,,,,91.2795729637146,0.0810940922161594,0.1786459444976244,0.010793874513541,0.0,0.0815428954350655,0.0100264569026891,0.2190559179079337,1.6123322977504432e-06,0.1299225096209127
woG2,14,0.1308422950936145,,,,91.26562118530272,0.0816999802701786,0.1798302316274799,0.0107906393393813,0.0,0.0822114620785244,0.0099966392936337,0.2193103328835768,1.6708741372899388e-06,0.1308422950936145
woG2,15,0.1269847150953089,0.1369864121079445,20.65292485555013,0.7941064675649007,91.23563146591188,0.0792599590342553,0.1733934874417352,0.0106029628058437,0.0,0.0799218370105888,0.0096635969057984,0.2214057450411749,1.5394089842547875e-06,0.1269847150953089
woG2,16,0.1239428642954005,,,,91.21058225631714,0.0771443612384991,0.1711260515158293,0.0105007158203019,0.0,0.0777976154426082,0.0096087081617385,0.2138161792984751,1.627935733750478e-06,0.1239428642954005
woG2,17,0.1230343727425473,,,,91.23229146003725,0.0764885238814549,0.1703061202510458,0.0105056716014676,0.0,0.0770469560425301,0.0097929394506223,0.2140900714964163,1.922093100250927e-06,0.1230343727425473
woG2,18,0.1222903012740807,,,,91.32539534568788,0.0760962018651551,0.1684593177232586,0.0104543644835653,0.0,0.0767182872065755,0.0095928306920362,0.214568943884529,1.937940830925132e-06,0.1222903012740807
woG2,19,0.1220320360582383,,,,91.24771976470949,0.0762202163516986,0.1668269160341044,0.0103682129506449,0.0,0.0762447069292185,0.0095056582654475,0.2129975521906477,2.664741788156528e-06,0.1220320360582383
woG2,20,0.1192529433880184,0.1667185164988041,19.146685791015624,0.7832400639851888,91.36098527908324,0.0740894868847776,0.1648868464055608,0.0102839599226097,0.0,0.0748471919691464,0.009414035697147,0.2096826608796588,1.7418772912947134e-06,0.1192529433880184
woG2,21,0.1192242376750609,,,,91.1715612411499,0.0743211552073232,0.1635314147980486,0.0101524812215175,0.0,0.0746839491986349,0.0091971286618318,0.2096581004682134,2.347758698924262e-06,0.1192242376750609
woG2,22,0.1181499212369567,,,,91.21925449371338,0.0735594546575038,0.1627067811176425,0.0101728393833656,0.0,0.0740304257659638,0.0091583164118718,0.2068517738800556,2.1512349510121834e-06,0.1181499212369567
woG2,23,0.1173845327108121,,,,91.26424932479858,0.0727836567236751,0.1639585167658133,0.0102562851341227,0.0,0.0731933792961425,0.0089558127458344,0.2069560294879264,2.3094721644495897e-06,0.1173845327108121
woG2,24,0.1158440790337617,,,,91.23391509056091,0.0717520245091348,0.1618403567642462,0.0101979745964168,0.0,0.0723157334523122,0.0089309234401119,0.206423143688284,1.91628446557476e-06,0.1158440790337617
woG2,25,0.1128479292402502,0.1310315057635307,20.94073181152344,0.7996486028035482,91.2314784526825,0.0696144154081579,0.1592653589170487,0.0100541368783375,0.0,0.0702033224591954,0.008953923038894,0.2042001753923345,2.108154707218557e-06,0.1128479292402502
woG2,26,0.1136683991453686,,,,91.39536714553832,0.0705808417596778,0.1575641798191383,0.0099594635148456,0.0,0.0710096938810387,0.0088591810972353,0.2022126152134332,3.141343685200283e-06,0.1136683991453686
woG2,27,0.1136537090432448,,,,91.26323199272156,0.0706377539050872,0.1571190029871268,0.0099760166857941,0.0,0.0710211732104176,0.0087695757430962,0.2021741325982281,2.093185197442736e-06,0.1136537090432448
woG2,28,0.1114741475245014,,,,91.34736466407776,0.0689951900514911,0.1559161387506078,0.0099097236219915,0.0,0.0695321678687803,0.0085447349119931,0.2003002310874032,3.3495700340771164e-06,0.1114741475245014
woG2,29,0.1109485337358029,,,,91.26164984703064,0.0685955143426774,0.155519282720128,0.0099013306498222,0.0,0.0690499071459301,0.0083992822920201,0.2024056770396037,2.265928894181291e-06,0.1109485337358029
woG2,30,0.1097140996793254,0.1311943288892507,20.969737752278647,0.8011596043904622,91.24527740478516,0.0678916227713715,0.1530173704272411,0.0098067472352966,0.0,0.0685058913392121,0.008787131238515,0.1987676235740302,3.224116255184313e-06,0.1097140996793254
woG2,31,0.1086036877126478,,,,91.22436213493349,0.0668658946075888,0.1540462438200341,0.0099085828129079,0.0,0.0673614561435629,0.0086308459361984,0.19863222008113,2.337931262558259e-06,0.1086036877126478
woG2,32,0.1071426722785977,,,,91.2549409866333,0.0661383786345603,0.1509897953174153,0.0097134364387173,0.0,0.0666642800645261,0.008484478433021,0.1929255915714092,2.5660868969621424e-06,0.1071426722785977
woG2,33,0.1079266844469992,,,,91.10454773902892,0.0662928375675052,0.1546493910375188,0.0098554254127819,0.0,0.0667617926221402,0.0086365520083879,0.1950177654746126,2.8822788313123352e-06,0.1079266844469992
woG2,34,0.1064951683043456,,,,91.25650024414062,0.0654999465666344,0.1517405768886941,0.0097552479023388,0.0,0.0661772692606585,0.0086491817883292,0.1909478227989595,2.779625911577689e-06,0.1064951683043456
woG2,35,0.10810386401708,0.1379816383123397,20.67396291097005,0.8081564903259277,91.62662529945374,0.066836337268841,0.1520380661135814,0.0097503869366816,0.0,0.0671707611897441,0.0081693716080034,0.1943282662722908,3.0196832098383403e-06,0.10810386401708
woG2,36,0.1065471983957486,,,,91.32512640953064,0.0656115554547945,0.1511237186486603,0.0097153773264135,0.0,0.0658631568133342,0.0085384820198609,0.1962785223101983,3.5850303610568447e-06,0.1065471983957486
woG2,37,0.1033309057477067,,,,91.24448442459106,0.0633896682869459,0.1475305606107242,0.0096023019792542,0.0,0.0638856466890114,0.0082301466504386,0.1947979554533958,3.801841847097495e-06,0.1033309057477067
woG2,38,0.1039908894444586,,,,91.17730236053468,0.0639669026446635,0.148001243345073,0.0096289082430303,0.0,0.064375958848195,0.0082201007448258,0.1904762096580911,3.0400905893007797e-06,0.1039908894444586
woG2,39,0.1029801540015662,,,,91.30461621284483,0.0631119858351398,0.1481312425410161,0.0095789985326653,0.0,0.063599914373433,0.0081646441840795,0.1898174020232724,2.813530882359437e-06,0.1029801540015662
woG2,40,0.1025417022040632,0.1159336604177951,21.945997111002605,0.8132482369740804,91.37575602531432,0.0628037845990696,0.1481505539573606,0.0096686296966537,0.0,0.0633297842301306,0.0081514755080713,0.1856894433864804,3.870203697509745e-06,0.1025417022040632
woG2,41,0.1017298844994091,,,,91.28848195075987,0.0624292286448791,0.1458810514113942,0.0095404134719769,0.0,0.0628831477560958,0.0081080741699418,0.1858083615537549,3.378312981914667e-06,0.1017298844994091
woG2,42,0.1008131708949804,,,,91.25444173812866,0.0614801515809825,0.1469094723951621,0.0095434870883883,0.0,0.0619802550397446,0.0081947067996761,0.1883879547602817,3.80668735832848e-06,0.1008131708949804
woG2,43,0.1006115552831868,,,,91.56322050094604,0.0615229391202819,0.1456441063372815,0.0095206874338757,0.0,0.0618645825163751,0.0080852881264796,0.1873098628931358,2.8960219205081687e-06,0.1006115552831868
woG2,44,0.0990764877957398,,,,91.27171778678894,0.0604440107269853,0.1439565043957507,0.0094887590738104,0.0,0.0609849565128078,0.0082012949412169,0.185571510039392,3.8065464167093343e-06,0.0990764877957398
woG2,45,0.0989790712712241,0.1226602606475353,21.856442260742188,0.8109726270039876,91.35949063301086,0.0603905426124568,0.1441623470822318,0.0094381746889443,0.0,0.0609514757868696,0.007964785584844,0.1832376733788701,3.685690758307195e-06,0.0989790712712241
woG2,46,0.0989125555106362,,,,91.3173553943634,0.0605844138953529,0.1427977119312911,0.0094351970712791,0.0,0.0609757848633605,0.0080538113891589,0.1798613508705233,3.5568504531297827e-06,0.0989125555106362
woG2,47,0.096011272799529,,,,91.1334388256073,0.0582867902321893,0.1419172790206846,0.0094093711413137,0.0,0.0589327795705834,0.0077022766679158,0.1781823856175923,3.603790509909145e-06,0.096011272799529
woG2,48,0.0952889837141408,,,,91.34793853759766,0.0578218911789724,0.1411793896409331,0.0093330006634236,0.0,0.0584321979616509,0.0075982162904482,0.1764598187120234,3.986579532257787e-06,0.0952889837141408
woG2,49,0.0990058984912809,,,,91.38551306724548,0.0605742340510497,0.1430693605884176,0.0093732087178247,0.0,0.0611596008548971,0.0079130300771078,0.181879847875384,4.059860993427756e-06,0.0990058984912809
woG2,50,0.0968045226191399,0.1238709725439548,21.04713846842448,0.8091671784718831,91.27572584152222,0.0588212647918062,0.1427040549575305,0.009425240225296,0.0,0.0592357601939899,0.0078391041873847,0.1816036718302085,3.329751914417799e-06,0.0968045226191399
woG2,51,0.0958921316950047,,,,91.27650213241576,0.0581355607289759,0.1417560934043321,0.0093881066308402,0.0,0.0587106748468807,0.0077227560925434,0.1831877960777673,3.97853386214017e-06,0.0958921316950047
woG2,52,0.0964188603836982,,,,91.57469272613524,0.0587336608040772,0.1414863985092913,0.0093926995206379,0.0,0.0592599540460305,0.0075666706925105,0.1767621655322489,3.710875852526327e-06,0.0964188603836982
woG2,53,0.0934824009166389,,,,91.27464842796326,0.0565078799750228,0.1397744627272496,0.0093313160268437,0.0,0.0569712118108253,0.0076128882470494,0.1769234943585317,4.231788250952048e-06,0.0934824009166389
woG2,54,0.0916309123400782,,,,91.28618597984314,0.0550103064504314,0.1390346293566657,0.0092715242358504,0.0,0.055585555335293,0.0077900299191719,0.1780740320071822,4.123264497136172e-06,0.0916309123400782
woG2,55,0.0941377097710234,0.1274804454296827,21.27333246866862,0.8123574097951253,91.1622040271759,0.0569088417029038,0.1412231423815743,0.009374604003168,0.0,0.0574104954320632,0.0076586219566095,0.1740916561274255,4.396756051394139e-06,0.0941377097710234
woG2,56,0.0923205810125734,,,,91.26728892326356,0.0557925979469399,0.137769517839932,0.0092312467368472,0.0,0.0564632627685539,0.0077139878966158,0.1745590686065251,3.980507906848377e-06,0.0923205810125734
woG2,57,0.0946879683092969,,,,91.20070767402648,0.0572952918677789,0.1408693340958142,0.009340480637935,0.0,0.0578819725693005,0.0075407912572998,0.1807778262701191,3.815283834280214e-06,0.0946879683092969
woG2,58,0.0901601378363175,,,,91.0449230670929,0.054155700580507,0.1363948998881168,0.0091772988843197,0.0,0.0547934020029716,0.0077347316985308,0.1754416646893884,4.498211887707154e-06,0.0901601378363175
woG2,59,0.0930808880290047,,,,91.5170509815216,0.0564594776140617,0.1378464127173189,0.0092673582085942,0.0,0.0568602170459315,0.0072938038120198,0.1762743890285492,4.387216892090744e-06,0.0930808880290047
woG2,60,0.0912118108912569,0.1277314089238643,21.23699544270833,0.8101785977681478,91.614919424057,0.0550440589240828,0.1367787010357028,0.00916880651255,0.0,0.0556347458699687,0.007511257945911,0.173230520586987,4.5731519441503855e-06,0.0912118108912569
woG2,61,0.0903509686716267,,,,91.23965406417848,0.0544108271934702,0.1363703408202187,0.0091500165108896,0.0,0.0550221735306206,0.0074772430110539,0.1712217075047923,4.080909160405543e-06,0.0903509686716267
woG2,62,0.0883734297373744,,,,91.20444250106812,0.0529577990566365,0.1347575490591956,0.0091022133338646,0.0,0.0535843948696236,0.0073397284617922,0.1721394174411648,4.179130738037529e-06,0.0883734297373744
woG2,63,0.0887761976814172,,,,91.2650876045227,0.0532025120633303,0.1352580385129959,0.0091144616188878,0.0,0.0537922893513421,0.007454554099956,0.1737194789848366,4.451882437179828e-06,0.0887761976814172
woG2,64,0.091518852218497,,,,91.29535627365112,0.0554718464521355,0.1359239611469331,0.009160893079901,0.0,0.0558220194194649,0.0072424295053008,0.1728261987693974,4.425336507302056e-06,0.091518852218497
woG2,65,0.090980515616839,0.1296361051499843,21.001210021972657,0.8170029640197753,91.34662294387816,0.0548792588448182,0.1364028629709462,0.0091307598517322,0.0,0.0553733193178157,0.0071525504988175,0.1768690316525639,3.985181088228722e-06,0.090980515616839
woG2,66,0.086982749036101,,,,91.23292875289916,0.0522070980523941,0.1323881237233271,0.0090065084619172,0.0,0.0528383616541252,0.0071504484579638,0.1663677511645145,4.296152247146301e-06,0.086982749036101
woG2,67,0.0892168310638822,,,,91.29393291473389,0.0537368782231065,0.1348788474426895,0.0090770025920794,0.0,0.0543692676258868,0.0071168555839933,0.1675517441796474,3.727869472824157e-06,0.0892168310638822
woG2,68,0.089920790988158,,,,91.38272356987,0.0543137944654607,0.1352179397325046,0.0091110096030609,0.0,0.0546965035686238,0.007000325480476,0.1684689077808231,4.998120020339661e-06,0.089920790988158
woG2,69,0.0880366190657264,,,,91.17326140403748,0.0528243100728656,0.1343851885834678,0.0090610785371639,0.0,0.0533231161840137,0.0069720872265637,0.1689524714697579,3.6571589030940414e-06,0.0880366190657264
woG2,70,0.0882518301244641,0.1274749338626861,21.3767827351888,0.8151074250539144,91.14700365066528,0.0530078048039166,0.1341529268710339,0.0090950266267249,0.0,0.0535281270162248,0.0073008706113781,0.1688297058715195,4.460412626558195e-06,0.0882518301244641
woG2,71,0.0875158201842034,,,,91.2963080406189,0.0525457525747965,0.1330320527319048,0.0090155773376282,0.0,0.0530356435471626,0.0068999365559916,0.1702655361446201,4.553959893493962e-06,0.0875158201842034
woG2,72,0.0855479982727375,,,,91.21850037574768,0.0511819095824097,0.1312666208040518,0.0089451668089347,0.0,0.0517834176721631,0.006842518084087,0.1662351832893051,4.848044515687959e-06,0.0855479982727375
woG2,73,0.0865859005172721,,,,91.18821144104004,0.0518779005458364,0.1323369756096699,0.0089819707953539,0.0,0.0525230885803943,0.0068529799244687,0.1677727842184364,4.298342247355315e-06,0.0865859005172721
woG2,74,0.0867480366322838,,,,91.23071098327635,0.0521564682121159,0.1318886890763142,0.0089777617822172,0.0,0.0526697377017775,0.0069148146020645,0.1636097014072488,4.9846142187978485e-06,0.0867480366322838
woG2,75,0.0850299512509439,0.1181124672293663,22.077733357747395,0.8212356567382812,91.1691632270813,0.0507270000172687,0.1317044364624336,0.0089832932352409,0.0,0.0513503876224648,0.0067201084361915,0.1645195998373579,4.150480039583458e-06,0.0850299512509439
woG2,76,0.084786474826883,,,,91.17459058761597,0.0505567155778408,0.1314495787268779,0.0089762070842209,0.0,0.051224813643904,0.0069583157023995,0.1630916663247053,4.990381894384767e-06,0.084786474826883
woG2,77,0.0841208613309704,,,,91.15450096130373,0.0501639958104637,0.1302913813317408,0.0089274366943501,0.0,0.050670650329624,0.0067060539903516,0.1648062022372347,4.7495560685233525e-06,0.0841208613309704
woG2,78,0.084773504129443,,,,91.31323671340942,0.0506076559149583,0.1310875171520671,0.0089319647579896,0.0,0.0512288873251832,0.0067411979248167,0.1635502773474474,4.329337104777928e-06,0.084773504129443
woG2,79,0.085340225946952,,,,91.09700512886047,0.0508696214586007,0.1329974835036231,0.0090522216594793,0.0,0.0514697709013936,0.0068926131543627,0.161147948049131,4.837348724167703e-06,0.085340225946952
woG2,80,0.0834603105961787,0.1289868745952844,21.06247914632161,0.8132183233896891,91.19386529922484,0.0496717120871924,0.1300302421460386,0.0089081058576397,0.0,0.0502397864904315,0.0065539205240726,0.1633169439728142,4.65131606671502e-06,0.0834603105961787
woG2,81,0.0832709586705829,,,,91.14313316345216,0.049494237929094,0.1304485915137119,0.00890818148943,0.0,0.0501605211070082,0.0066204777399658,0.1601116376333549,4.704740867501468e-06,0.0832709586705829
woG2,82,0.0844005225989662,,,,91.2204132080078,0.0504485940499628,0.1297520848571277,0.0088596843740307,0.0,0.0509966396589259,0.0066289625733663,0.1658218727737176,4.855322888158254e-06,0.0844005225989662
woG2,83,0.082086578072583,,,,91.10016918182372,0.0486976581732513,0.1285321922575841,0.0088480530100584,0.0,0.0493310415720353,0.0067135093535189,0.1631673495666902,5.20901643859785e-06,0.082086578072583
woG2,84,0.0822209482249177,,,,91.1366183757782,0.0488954066283634,0.1284217604848205,0.0088428216604668,0.0,0.0495201471246412,0.006558726209628,0.1595683398000041,4.201221801088351e-06,0.0822209482249177
woG2,85,0.0822760107942291,0.121946033090353,21.96255086263021,0.8172404130299886,91.21952676773073,0.0488634522179843,0.1285639776558172,0.0088362562561743,0.0,0.049499383990149,0.0065874354074113,0.1629615247127462,4.698594100637922e-06,0.0822760107942291
woG2,86,0.0814983707654183,,,,91.22152352333067,0.048360042503012,0.1277985680298727,0.008796719998335,0.0,0.0489460311555227,0.0066887425663346,0.1602176981138401,4.728570910340285e-06,0.0814983707654183
woG2,87,0.0811295699267113,,,,91.13699555397034,0.0480840248895473,0.1273792112459902,0.0087960853096341,0.0,0.0487223503897424,0.0066127342584191,0.161266093859907,4.94265985193588e-06,0.0811295699267113
woG2,88,0.0833987857169303,,,,91.12436628341676,0.0497437377811455,0.1291871432398186,0.0088334132985929,0.0,0.0503179113395878,0.0064676924204056,0.162712746528817,5.275522720028859e-06,0.0833987857169303
woG2,89,0.0828286101888926,,,,91.15319967269896,0.0494009439268561,0.1288488443757666,0.0088500349522858,0.0,0.0499712833065967,0.0065869904871358,0.156828472970939,5.1161444126678175e-06,0.0828286101888926
woG2,90,0.0805709238973308,0.1259861756116151,21.472330729166668,0.8229387283325196,91.12389922142027,0.0476992024017162,0.1272622542303116,0.0088252567831182,0.0,0.0484082893483707,0.0064623529992264,0.1571212219165974,4.948805739310492e-06,0.0805709238973308
woG2,91,0.0794850177757564,,,,91.29499745368958,0.0468639897365794,0.1263647782998007,0.0087463016598867,0.0,0.0475510997300753,0.0064290415411662,0.1602200228781973,5.223191606027958e-06,0.0794850177757564
woG2,92,0.0816120444873317,,,,91.26686954498292,0.0484895999009003,0.1278537462969295,0.0088286250562513,0.0,0.0490755216203263,0.00633399121532,0.1590540004802532,4.758467805521067e-06,0.0816120444873317
woG2,93,0.0814603438265011,,,,91.25575232505798,0.0484458421066891,0.1271194830292561,0.0088103797141706,0.0,0.0490899081570936,0.0062397516935636,0.1594423706047847,5.036896308907943e-06,0.0814603438265011
woG2,94,0.0792796242615727,,,,91.25022792816162,0.0467713000252842,0.1264469452568742,0.0087700926652941,0.0,0.0474222365949974,0.0062724408983695,0.1558239764121712,5.551832138256112e-06,0.0792796242615727
woG2,95,0.0785707249077128,0.1223303582519292,21.738999938964845,0.8240711688995361,91.34346342086792,0.0461979883982509,0.125968756245785,0.0087502987933207,0.0,0.0468853382760139,0.0063443497685929,0.1577620793317185,5.018030950874453e-06,0.0785707249077128
woG2,96,0.0784868038274714,,,,91.17905497550964,0.0462109817375169,0.1257286687366298,0.0087340247634126,0.0,0.0468308730050921,0.0062376584983659,0.1557288546054089,5.604369401619167e-06,0.0784868038274714
woG2,97,0.0779655998664312,,,,91.30531907081604,0.0458080355902431,0.1252417598591476,0.0087256274132638,0.0,0.0465446644172561,0.0064034944354388,0.155687610328686,5.447050751511781e-06,0.0779655998664312
woG2,98,0.0802042742610954,,,,91.3211784362793,0.047530649306222,0.1262581534073001,0.0087134848944232,0.0,0.0480729591895322,0.006072889841696,0.159937741143293,4.957621736015464e-06,0.0802042742610954
woG2,99,0.0783067385009566,,,,91.52319073677064,0.0460520880602178,0.1254140788414439,0.0087417842911892,0.0,0.0467111416252665,0.0063208819473864,0.1578748780073689,5.312591063802213e-06,0.0783067385009566
woG2,100,0.0775903492372055,0.1232185680419206,21.747190856933592,0.8250470002492268,91.26272797584534,0.0456249067620908,0.1239655809324295,0.008639428310371,0.0,0.0462411138244339,0.0062310202848776,0.1595935479539339,5.821295219526537e-06,0.0775903492372055
woG2,101,0.0766886498046214,,,,91.27600049972534,0.044945454118071,0.1239530449030829,0.0086407226350036,0.0,0.0456125106601441,0.0061684392552944,0.1551085956638953,5.333508889894602e-06,0.0766886498046214
woG2,102,0.0762919922221879,,,,91.2204840183258,0.0446421096376219,0.1239204352996388,0.0086759960004052,0.0,0.0453819655889614,0.0061218940355189,0.1530909630485245,5.2645282575302025e-06,0.0762919922221879
woG2,103,0.0782071080242024,,,,91.24663591384888,0.0461064247322864,0.1244385423230343,0.0086650516318737,0.0,0.0467832484511566,0.0061420344129265,0.1576788219638535,5.946776317275334e-06,0.0782071080242024
woG2,104,0.0765584776880311,,,,91.24007368087769,0.0449502091763205,0.1232781283190993,0.0086291922470096,0.0,0.0456576285975389,0.006169833945202,0.1529961616167279,5.404306173665948e-06,0.0765584776880311
woG2,105,0.0765771383694449,0.1317985951900482,21.15295206705729,0.8200491269429525,91.23161697387695,0.0448888927759205,0.123528597784824,0.0086253495108275,0.0,0.0455015456212348,0.0059895328776605,0.1574079168990987,5.738399870422871e-06,0.0765771383694449
woG2,106,0.0775049623773723,,,,91.2641625404358,0.0456697005381593,0.1234184826006654,0.0086358996054737,0.0,0.0463151978939527,0.0060704718649265,0.1570981907673546,5.2416029687045e-06,0.0775049623773723
woG2,107,0.0777493178783381,,,,91.2641215324402,0.0457199993008961,0.1248346029735002,0.0087041734969701,0.0,0.04630356002599,0.0061481883272253,0.1558150246617246,5.188621920409757e-06,0.0777493178783381
woG2,108,0.0756232984302962,,,,91.28684329986572,0.0440747042293431,0.1241816179674179,0.0086854014156355,0.0,0.044813279154115,0.0062690952880552,0.1511417963221425,6.204520385106938e-06,0.0756232984302962
woG2,109,0.0777847500914921,,,,91.27193021774292,0.0458298621882425,0.1243871215914116,0.0086617200123909,0.0,0.04641832096777,0.0060421121039534,0.154831728668975,6.553526907611566e-06,0.0777847500914921
woG2,110,0.0763161870360863,0.1229904256761074,21.73275349934896,0.8238831361134847,91.2705557346344,0.0447915986363516,0.1228608533007199,0.008596227576834,0.0,0.0454879228911194,0.0061232811794234,0.1539070739975718,5.964245761438389e-06,0.0763161870360863
woG2,111,0.075506091698027,,,,91.12703847885132,0.0441375703047044,0.1226062212811141,0.0085779006486056,0.0,0.0448222884175474,0.0061625967443477,0.1545583220412496,6.114471749389459e-06,0.075506091698027
woG2,112,0.0755518308428467,,,,91.29718589782716,0.0441258859774861,0.1231458177332018,0.0086269676685333,0.0,0.0448699024979208,0.0060635463880436,0.1531802103167674,5.514934549316073e-06,0.0755518308428467
woG2,113,0.0732545575401822,,,,91.28549146652222,0.0425048811727615,0.1212777329272911,0.0085726832574019,0.0,0.0432598141983884,0.0059993888373624,0.14987043963104,5.857388404988436e-06,0.0732545575401822
woG2,114,0.07791760856988,,,,91.45885491371156,0.0459851541815966,0.1237369233467539,0.0086416068838023,0.0,0.046544029591147,0.0059129666617201,0.1578968655256951,5.468456836909368e-06,0.07791760856988
woG2,115,0.0750133617185666,0.1298003438860178,21.517868041992188,0.8196497917175293,91.20452928543092,0.0437985496961923,0.1223134076009031,0.0086173284188157,0.0,0.0444584544442716,0.0058506505724164,0.1538568383357564,5.501526322031236e-06,0.0750133617185666
woG2,116,0.0744957952897568,,,,91.33982038497923,0.043521147068651,0.1214101690737927,0.0085336471045176,0.0,0.0442254426812783,0.0058851101221974,0.1510244120584159,5.493810563029047e-06,0.0744957952897568
woG2,117,0.0760673647899119,,,,91.32876443862916,0.0445663486836386,0.1227613931796589,0.0085819558828275,0.0,0.0452363540525319,0.0059937792295803,0.1565439630238736,5.513589746569957e-06,0.0760673647899119
woG2,118,0.0732190137820654,,,,91.30227494239809,0.0424769654045583,0.1214132558126918,0.0085102796027833,0.0,0.0431608840456751,0.0057898881982584,0.1504558738259995,6.0270573162960414e-06,0.0732190137820654
woG2,119,0.0731799627852733,,,,91.36392331123352,0.0425141102283215,0.1207878301378156,0.0085307931199242,0.0,0.0431427143392015,0.0058154838281821,0.151365147262323,5.364254408567489e-06,0.0731799627852733
woG2,120,0.0718053351232751,0.1290684901177883,21.39032897949219,0.8239383697509766,91.28157329559326,0.0414192015763189,0.1204841224873652,0.0084920177907973,0.0,0.0421112280827565,0.006045688600203,0.1491476198444601,6.024444510233459e-06,0.0718053351232751
woG2,121,0.0727436570603339,,,,91.2933669090271,0.0421817277817696,0.1206388703135193,0.0085254971579205,0.0,0.04286057030263,0.0058600350519733,0.1499425442736656,5.534115547680831e-06,0.0727436570603339
woG2,122,0.070969276985184,,,,91.2016305923462,0.0408725315918687,0.1192870501612053,0.0084137124711739,0.0,0.041612665352152,0.0058759171840139,0.1495169153223272,5.713980647533892e-06,0.070969276985184
woG2,123,0.0723866494525162,,,,91.27710676193236,0.0419664104148501,0.1202382743358612,0.0084746783431314,0.0,0.0425894143151455,0.0059761112158904,0.1482365956438369,5.964988857771546e-06,0.0723866494525162
woG2,124,0.0727564814637918,,,,91.21575117111206,0.042322812708797,0.11954037527569,0.0084711596575855,0.0,0.0430354740104225,0.005781231787758,0.1504701963457904,5.685155460453454e-06,0.0727564814637918
woG2,125,0.0720210127593552,0.1207200586795806,21.734005228678384,0.8283918698628744,91.40325021743774,0.0416340902142348,0.120002266813497,0.0084792771071317,0.0,0.0423302453347161,0.0057972886553797,0.1516363892521037,5.892067775948843e-06,0.0720210127593552
woG2,126,0.0714165089865688,,,,91.23441290855408,0.0412022020118158,0.1195365390816673,0.0084577579753565,0.0,0.0418691671468683,0.0059241794477232,0.1506551970712474,6.563890302398645e-06,0.0714165089865688
woG2,127,0.0730315940912629,,,,91.41104650497437,0.0425580888986587,0.1198497126336957,0.008481106785752,0.0,0.0431924727210988,0.005876368144527,0.1481665164598676,5.772851169948476e-06,0.0730315940912629
woG2,128,0.0731500185354322,,,,91.28272318840028,0.0424933759495615,0.1206076125629612,0.0085084025068666,0.0,0.0431760744970352,0.0058610793928325,0.151796140020988,5.633617324496614e-06,0.0731500185354322
woG2,129,0.0701271503186616,,,,91.17208075523376,0.0402498861591591,0.1186933629825467,0.00843097751609,0.0,0.0409644118617059,0.0058741511979338,0.1494418404629973,5.942123733651868e-06,0.0701271503186616
woG2,130,0.0719485282287245,0.1268131006509065,21.40382588704427,0.8260569890340169,91.25407528877258,0.0418491592691814,0.1186420360549551,0.0084145926702462,0.0,0.0424968570806696,0.0057649176575426,0.146085253504456,6.356114819054377e-06,0.0719485282287245
woG2,131,0.0722937729270731,,,,91.59922790527344,0.0418686845538313,0.1199761971098477,0.0084777912124991,0.0,0.0425726291341859,0.0058314930552189,0.1511831518079413,6.0197147496269375e-06,0.0722937729270731
woG2,132,0.0714408856679181,,,,91.43865132331848,0.0413283888158983,0.1193749679893743,0.0084668671765715,0.0,0.0419149958055283,0.0058957794375839,0.1464091972371594,6.2284139415201485e-06,0.0714408856679181
woG2,133,0.0695056324427733,,,,91.27988123893738,0.0398284380828015,0.1180646018903763,0.0084281432152283,0.0,0.0405949431883751,0.0057827138006076,0.1482214269945856,6.198849577648506e-06,0.0695056324427733
woG2,134,0.0723264027753325,,,,91.29534244537354,0.0420290726221731,0.1191186323517658,0.0084328836394993,0.0,0.042643432459626,0.0056024582266471,0.1515474609542088,5.80113711988086e-06,0.0723264027753325
woG2,135,0.071878526817824,0.1357888970524072,20.74797668457031,0.8227500279744466,91.23228454589844,0.0416043146864556,0.1195422156912381,0.0084460087761771,0.0,0.0422946972406057,0.0057254331625356,0.1501771169485616,6.264086856721175e-06,0.071878526817824
woG2,136,0.0725080551060496,,,,91.41267037391664,0.0422194685145724,0.118932837345561,0.0083966255226157,0.0,0.042863353827327,0.0056130151592622,0.1503531782597792,5.388640696522772e-06,0.0725080551060496
woG2,137,0.0717985207428697,,,,91.31181263923644,0.041507617784206,0.1197559398705842,0.0084917633030868,0.0,0.0421768813317672,0.0056765702854628,0.1506680703920419,5.980648012198408e-06,0.0717985207428697
woG2,138,0.0695640780031681,,,,91.29195642471312,0.0399241544092532,0.1180660866323064,0.0083773169002388,0.0,0.0406315972814794,0.0056901986111474,0.1464774369827059,6.0160362019352015e-06,0.0695640780031681
woG2,139,0.0697380501899074,,,,91.15878415107728,0.0401041440390905,0.1179056807619626,0.0083881487466822,0.0,0.0408133404085137,0.005505112133401,0.146275517026909,5.883312409052877e-06,0.0697380501899074
woG2,140,0.0688455828511324,0.1334506813436746,21.022954813639323,0.8250767072041829,91.17410683631896,0.0394368531243478,0.1172566154941183,0.008355938703524,0.0,0.0401052337628407,0.0056693994146237,0.1463889631396923,6.218420059652137e-06,0.0688455828511324
woG2,141,0.067896890866219,,,,91.18008732795715,0.0387318412941254,0.1163810657673194,0.0083381925388926,0.0,0.0395135470803399,0.0055969684751185,0.147022540024558,6.194411942067328e-06,0.067896890866219
woG2,142,0.0683610002953009,,,,91.2040877342224,0.0391870381799144,0.1161504451368675,0.0082989329430198,0.0,0.0399024217832283,0.0056496978447329,0.145196405834839,6.002586338466452e-06,0.0683610002953009
woG2,143,0.0690341998563438,,,,91.3155243396759,0.0396347672938079,0.1168780463640807,0.0083719146987575,0.0,0.0404037088155746,0.005745755636408,0.1454334223001706,5.920695301859866e-06,0.0690341998563438
woG2,144,0.0686766788913089,,,,91.24707627296448,0.039452601407395,0.1164854628140809,0.0083237028237981,0.0,0.0401661311138848,0.0055957698171622,0.1427063312320435,5.791853052148937e-06,0.0686766788913089
woG2,145,0.0699783316584395,0.1340313870459795,21.06179453531901,0.8201724529266358,91.36719393730164,0.0403183190549006,0.1178370655560102,0.0084213011623283,0.0,0.0408828833491587,0.0057038867418638,0.1465219414686082,6.046347816920973e-06,0.0699783316584395
woG2,146,0.0696047068130774,,,,91.1562066078186,0.0400268537923693,0.1175430290034559,0.0083746513405234,0.0,0.0406890231810632,0.0054978366032792,0.1474986847673283,6.0718085206355e-06,0.0696047068130774
woG2,147,0.0673642700202152,,,,91.4184217453003,0.038352468096819,0.1162824870133009,0.0083041440611552,0.0,0.0390891678264883,0.005642079700502,0.144247971047632,6.174807444516601e-06,0.0673642700202152
woG2,148,0.0680437985746586,,,,91.49206638336182,0.0389482885538066,0.1160022181565644,0.0082860154149382,0.0,0.0396443131059163,0.0055143835202439,0.1455401704326027,5.8931210215349135e-06,0.0680437985746586
woG2,149,0.069082908546094,,,,91.30582928657532,0.0397750758336948,0.116525265525599,0.0083144242669165,0.0,0.0404755010529131,0.0054596399327312,0.144069525306342,5.916156459082648e-06,0.069082908546094
woG2,150,0.0708496592877829,0.1245080549269914,22.03874816894531,0.8261743704477946,91.24704504013062,0.0410218451202648,0.1177036532613097,0.0083336607308783,0.0,0.0417196225130655,0.0054739735959494,0.1486841204469321,5.81362444649975e-06,0.0708496592877829
woG2,151,0.0677388441122946,,,,91.22859382629396,0.0386726000483651,0.1163201117124713,0.0083239188906354,0.0,0.039397156262984,0.0055990987419166,0.1437304470932386,6.2926781195405525e-06,0.0677388441122946
woG2,152,0.0684312606749475,,,,91.14496755599976,0.0392111560451935,0.1165470930396533,0.0083758860719619,0.0,0.0399742402655423,0.0055283681932287,0.1441031886173076,6.452406961542022e-06,0.0684312606749475
woG2,153,0.0682679438566575,,,,91.16147327423096,0.0391558412554078,0.1163049403761254,0.0083361317014291,0.0,0.0397393087413711,0.0055494679645711,0.1428835567270146,6.415139558810531e-06,0.0682679438566575
woG2,154,0.0675552991508948,,,,91.29868865013124,0.0385765411173466,0.1157332536627034,0.0083006640636652,0.0,0.0392171126317049,0.0055811138457206,0.145687974409246,6.542290112220313e-06,0.0675552991508948
woG2,155,0.0681746898249524,0.1155667472630739,22.2861577351888,0.8378147919972737,91.13407373428343,0.0390174269951025,0.1165553018695018,0.0083530934443544,0.0,0.0396682474395779,0.0056207953478957,0.1436470737833468,5.835202615907686e-06,0.0681746898249524
woG2,156,0.0672832503914833,,,,91.1061999797821,0.0384841781170641,0.1153245011314016,0.0082860517269763,0.0,0.0391724466300401,0.0055305334590528,0.1404550758297326,6.091694361826552e-06,0.0672832503914833
woG2,157,0.0667274931415182,,,,91.26726174354552,0.0379998247581915,0.1152025143631169,0.0083012986607605,0.0,0.0387320917893628,0.0054651341366688,0.1424267412941963,6.236124640152108e-06,0.0667274931415182
woG2,158,0.0651865209162723,,,,91.25980305671692,0.0368680707102672,0.114000060519234,0.0082319782680419,0.0,0.0375733092182972,0.0054278907014942,0.1428942180192861,6.460604347493616e-06,0.0651865209162723
woG2,159,0.0667761069890417,,,,91.27911591529846,0.038106208483948,0.1146709278958742,0.0082370305918615,0.0,0.0388023705053769,0.0053613152847335,0.1433981890927572,6.427851752516529e-06,0.0667761069890417
woG2,160,0.0662746529904056,0.1271874438971281,21.585992940266927,0.8250843048095703,91.28383946418762,0.0377829319598977,0.1141352096541983,0.0082297724152564,0.0,0.0384842742570355,0.0054119242962113,0.1415040533317894,6.019327899175575e-06,0.0662746529904056
woG2,161,0.0651688006569127,,,,91.15664672851562,0.0368298373078225,0.1144203035557856,0.0082319504047026,0.0,0.0375359371823609,0.0053270011071543,0.1415454094282916,6.364260667484915e-06,0.0651688006569127
woG2,162,0.0667364703582935,,,,91.16740345954896,0.0380138768432814,0.1152756326511258,0.0083240679595008,0.0,0.0387090223032187,0.0053757542045786,0.1421560920530655,5.78576176809241e-06,0.0667364703582935
woG2,163,0.0657154550836956,,,,91.13418531417848,0.0372709911316633,0.1144623258074776,0.0082365188167476,0.0,0.0379236389684384,0.0053516305967798,0.1425184028559043,6.210391315540199e-06,0.0657154550836956
woG2,164,0.0656673681662708,,,,91.3632800579071,0.0371510147071275,0.1152081611703653,0.0082643508956935,0.0,0.0378238597090859,0.0054301738884055,0.1411331466047978,6.275897608756934e-06,0.0656673681662708
woG2,165,0.0653350959669371,0.1190583948045969,22.274156697591145,0.8316563924153646,91.2375874519348,0.0369684500314417,0.1142131207419223,0.0082340156468639,0.0,0.0376463479011273,0.0053929190025435,0.1431105963763643,6.1140621072652834e-06,0.0653350959669371
woG2,166,0.0642817724862548,,,,91.25211024284364,0.0361635276406514,0.1136320853819612,0.0081950831360595,0.0,0.0368538670486114,0.0052633735572644,0.1435881849439417,7.019629669192655e-06,0.0642817724862548
woG2,167,0.0647812703715973,,,,91.36338591575624,0.0365825614846143,0.1144309073198037,0.0082805491067835,0.0,0.0373430912092816,0.0053216438095436,0.1362815763434914,6.368794165487268e-06,0.0647812703715973
woG2,168,0.0639579639021979,,,,91.34651160240172,0.0359250548310944,0.1138062350085524,0.0082189305876305,0.0,0.0366499684293006,0.0056331889058814,0.1385157632901043,6.2546919325734815e-06,0.0639579639021979
woG2,169,0.0641874236619619,,,,91.7134313583374,0.0361256574540108,0.1134084042955617,0.0081947300140364,0.0,0.0368387528969982,0.0053709756075328,0.142164067441567,5.8468975621912e-06,0.0641874236619619
woG2,170,0.0639236505891455,0.1229561101645231,22.0355224609375,0.828114366531372,91.35192775726318,0.0359759386628866,0.112967096879834,0.0081989592910728,0.0,0.0366726022854935,0.0054445016526113,0.1411278938844067,6.037385901324128e-06,0.0639236505891455
woG2,171,0.0659135183105703,,,,91.27972078323364,0.0374335866329855,0.1142023020103329,0.0082158089088672,0.0,0.038139003328979,0.0053716377034539,0.1440601591326174,5.9770588062828935e-06,0.0659135183105703
woG2,172,0.0628806769420377,,,,91.23123717308044,0.0351523048717711,0.112612462923175,0.00819468892897,0.0,0.0358954615677233,0.0054575587454877,0.1405504441774282,6.195658133935492e-06,0.0628806769420377
woG2,173,0.0626011734797817,,,,91.25330567359924,0.0349806581516979,0.1123628215711625,0.0081339888198331,0.0,0.0356525627774049,0.0053561308562419,0.1400161830738919,6.540450523989023e-06,0.0626011734797817
woG2,174,0.0637885272869321,,,,91.25154757499696,0.0358371082387986,0.1131560822002223,0.0082203598776984,0.0,0.0364662928079239,0.0052406465497295,0.1427210692743786,5.63364344585696e-06,0.0637885272869321
woG2,175,0.0615022902178471,0.1196491755545139,22.217104085286454,0.8315963586171468,91.33730459213255,0.0341779559117848,0.1118315868690365,0.0081399883769574,0.0,0.0348825595784382,0.0052013547125379,0.1374956140386276,6.377236970045524e-06,0.0615022902178471
woG2,176,0.0649242877776994,,,,91.21158528327942,0.0366791057415673,0.1137974775228344,0.0082146307819935,0.0,0.0373083049675724,0.0052825993968967,0.1440245459680674,6.842065537766089e-06,0.0649242877776994
woG2,177,0.0654883370963765,,,,91.21624064445496,0.0370987142268262,0.1144862052847127,0.008223734727343,0.0,0.0376825697994867,0.0053377884924869,0.1420955864376709,5.611593361960785e-06,0.0654883370963765
woG2,178,0.0628541280805576,,,,91.37098217010498,0.0351901910435713,0.1123847697601943,0.0081981751060143,0.0,0.0359336518392455,0.0052307875880391,0.1395525981473629,6.684376448369146e-06,0.0628541280805576
woG2,179,0.0618796701252949,,,,91.33465456962584,0.0344570253471859,0.1120028510445454,0.0081487686304589,0.0,0.0351257557507421,0.0051831162752217,0.1387456122358314,6.5338679360038565e-06,0.0618796701252949
woG2,180,0.0606112525966323,0.1194980796426534,22.19258066813151,0.8335666974385579,91.18728613853456,0.033513667352009,0.1111128149462527,0.0081277189005288,0.0,0.034254734663934,0.0053377633143338,0.1373121782404477,6.4838112254092194e-06,0.0606112525966323
woG2,181,0.0616915640955577,,,,91.18498635292052,0.0343018027449973,0.111968067337255,0.0081512644909871,0.0,0.0350752810749118,0.0052579355361245,0.1375614906065776,6.666449053316734e-06,0.0616915640955577
woG2,182,0.0624044664265191,,,,91.33382773399352,0.034727130298976,0.1128535798338593,0.0081832375469022,0.0,0.0354079226886884,0.0052149394378218,0.1420645732127252,6.533715465357547e-06,0.0624044664265191
woG2,183,0.0604226664930093,,,,91.2503981590271,0.0332715881866265,0.112242510084246,0.008184671749315,0.0,0.0339980257949868,0.0053069950768449,0.1340619186092107,6.416776634659797e-06,0.0604226664930093
woG2,184,0.0621527857834198,,,,91.46974802017212,0.034760774693406,0.1115882318527972,0.0081297319619076,0.0,0.0354290046713879,0.0050735783278484,0.1377768632421483,6.501281109896121e-06,0.0621527857834198
woG2,185,0.0598839718359904,0.1228986736387014,22.040887959798177,0.8316420873006185,91.25043988227844,0.0329393927832363,0.1108897445631808,0.0081130240463697,0.0,0.033637038676343,0.0051952902987202,0.1381182810749675,6.849611662357785e-06,0.0598839718359904
woG2,186,0.058408503161102,,,,91.38482117652892,0.0318274420121165,0.110249148529084,0.0080865763173606,0.0,0.0326037334400366,0.0051501382134671,0.135326722667354,6.741138367520992e-06,0.058408503161102
woG2,187,0.0635295826025673,,,,91.2288966178894,0.035690939603526,0.1130502243511012,0.0081881380555998,0.0,0.0363164410972204,0.0051212109029903,0.1399325974529884,6.51310947406904e-06,0.0635295826025673
woG2,188,0.0607424539010055,,,,91.18579602241516,0.0334677299881567,0.1125021635508928,0.0082331087104365,0.0,0.0341536481788412,0.0051640430961537,0.1371913513199227,6.3363653181700975e-06,0.0607424539010055
woG2,189,0.0595304176333497,,,,91.2877368927002,0.032750925369805,0.1104665672192808,0.0081223983233641,0.0,0.0334550376492934,0.0049456927742137,0.135832918777329,6.5797758982119815e-06,0.0595304176333497
woG2,190,0.0613429482537703,0.119054676964879,22.367393493652344,0.8317895412445069,91.29963994026184,0.0339841643562082,0.1120976370866181,0.0082310459378068,0.0,0.0346399777889496,0.005130344385388,0.1397047095367166,6.7858345519655735e-06,0.0613429482537703
woG2,191,0.0588493995429551,,,,91.23485922813416,0.0322389946639782,0.1099633071266236,0.0081139526474976,0.0,0.0329762159648244,0.0051975485021401,0.1349547599732387,6.868542156683884e-06,0.0588493995429551
woG2,192,0.0576520023226249,,,,91.27626991271973,0.0312493557690596,0.1099496532659061,0.0080760103787799,0.0,0.0319898492183353,0.0049939207125791,0.1354424311916847,6.575770027518992e-06,0.0576520023226249
woG2,193,0.0578517364490716,,,,91.2981779575348,0.031553768140615,0.1091519467166212,0.0080327731709866,0.0,0.0323030256101342,0.0051130803385902,0.1326910284821127,6.486439034228107e-06,0.0578517364490716
woG2,194,0.0574834709529016,,,,91.17965364456175,0.0312462209067383,0.1091813684486951,0.008029105393674,0.0,0.0319553716413554,0.0051135078557293,0.1329183083210812,6.838317697966681e-06,0.0574834709529016
woG2,195,0.0577627837841139,0.1236937213689088,21.97080637613932,0.8312878608703613,91.4662265777588,0.0314597386378245,0.1093122573172459,0.0080382493343662,0.0,0.0322003216162079,0.0050274716388647,0.1330982317201426,6.609777359816633e-06,0.0577627837841139
woG2,196,0.0557227342038369,,,,91.245534658432,0.0298435060673805,0.1087654325805726,0.0080212029804032,0.0,0.0306017400055635,0.005083675648956,0.1318121317957268,6.815179988855234e-06,0.0557227342038369
woG2,197,0.0569313553879495,,,,91.23758864402772,0.0308120986904765,0.1086836848102632,0.0080203527630474,0.0,0.0315824102182857,0.0050414373895886,0.1347912182939834,6.445881997241282e-06,0.0569313553879495
woG2,198,0.0571966943193654,,,,91.28379964828493,0.0309764667887423,0.109323501586914,0.0080194884136349,0.0,0.0316697139689912,0.0050684606664065,0.1340618320267464,7.089761918405612e-06,0.0571966943193654
woG2,199,0.0576424020357796,,,,91.25824475288393,0.0312717210531967,0.1096368891293885,0.0080752590686449,0.0,0.0319434137953842,0.0050715586078948,0.1363453725200207,6.909479146520515e-06,0.0576424020357796
woG2,200,0.0571200599680181,0.1158603448420763,22.51821034749349,0.8336596330006917,91.35008645057678,0.030912326038128,0.1089863156686063,0.0080165775477519,0.0,0.0316302831757996,0.0049438364956466,0.136866318825327,6.744361482153706e-06,0.0571200599680181
woG2,201,0.0555548726535234,,,,91.32077407836914,0.0296393019284625,0.108977411125527,0.0080190103951475,0.0,0.0303668586964734,0.0050381297955564,0.1345758432003318,6.918163973025615e-06,0.0555548726535234
woG2,202,0.055871551764793,,,,91.24798345565796,0.029995738192782,0.1083087457008049,0.0080020965657151,0.0,0.0307264960844252,0.0050328069626063,0.1340703464067373,6.556001746655674e-06,0.055871551764793
woG2,203,0.0553606113449471,,,,91.21328663825987,0.0296647621043881,0.1078529225998237,0.0079604137200312,0.0,0.0303848520012908,0.00516434099342,0.1314851242865695,6.9529519741069725e-06,0.0553606113449471
woG2,204,0.0559404814829591,,,,91.3069543838501,0.030068030993103,0.10824559360254,0.0079986681917407,0.0,0.0308520176035703,0.0051650949562976,0.1325999349355697,6.77277638574516e-06,0.0559404814829591
woG2,205,0.0547838736264432,0.1217588949948549,21.903277079264324,0.8349838733673096,91.27030730247498,0.0292031088172168,0.1076457231748299,0.0079620686096337,0.0,0.0299784035315034,0.0050881065554214,0.1316501447228623,7.0368600159303545e-06,0.0547838736264432
woG2,206,0.0554418349791257,,,,91.31583261489868,0.0297446144042445,0.1080401466518151,0.0079956624931732,0.0,0.0304389954773617,0.0050010022394298,0.1301732361316681,7.039440182028473e-06,0.0554418349791257
woG2,207,0.0565325009224356,,,,91.21469116210938,0.0304949439481877,0.1085620488299698,0.0080080998862986,0.0,0.0312212587135737,0.0050472147900183,0.135237375732328,6.807874812588102e-06,0.0565325009224356
woG2,208,0.0557414175423442,,,,91.22274899482728,0.0299033754978512,0.108393197665449,0.0080222730471401,0.0,0.030604353327243,0.0050495017422973,0.1326524943846171,6.781967608861307e-06,0.0557414175423442
woG2,209,0.0546375601018061,,,,91.15986967086792,0.029134022606323,0.1076623699704154,0.0079673573176269,0.0,0.0298621437100113,0.004970426373489,0.129283989855989,7.123877690847307e-06,0.0546375601018061
woG2,210,0.0546485456470094,0.1153187807649374,22.573755900065105,0.838859208424886,91.29548478126526,0.0291235761594821,0.1075209628363124,0.0079632179437541,0.0,0.0298597409588391,0.0051195609295496,0.1308539811155346,7.106099954246048e-06,0.0546485456470094
woG2,211,0.0542600905278422,,,,91.2614049911499,0.0288377721855019,0.1071909343610044,0.0079416580971513,0.0,0.0295279670628856,0.0050248198867699,0.1319466908691359,8.212712985657919e-06,0.0542600905278422
woG2,212,0.0548677542475891,,,,91.49562668800354,0.0293096385926741,0.1077397524333391,0.007968928798514,0.0,0.0300328426032525,0.0050387095553098,0.129448671901568,6.746117553237733e-06,0.0548677542475891
woG2,213,0.0547168264318196,,,,91.35947346687315,0.0290942893470408,0.1080220507793739,0.0080255361228082,0.0,0.0298303213336917,0.0050805035509077,0.132268898952447,6.959213852483224e-06,0.0547168264318196
woG2,214,0.0556622432453221,,,,91.18258261680604,0.0299355455781104,0.1077306251056858,0.0079741243036372,0.0,0.0305881731853377,0.0050218398281999,0.132447281760759,6.937424364841032e-06,0.0556622432453221
woG2,215,0.053674590972359,0.1176111754029989,22.23957926432292,0.8367468516031901,91.33518433570862,0.0283445995148332,0.107086848040096,0.0079246815103182,0.0,0.0290476730337641,0.0049380667938957,0.1333040047253741,7.009584131371676e-06,0.053674590972359
woG2,216,0.0539593420861685,,,,91.17584609985352,0.028656797605704,0.1069880494328796,0.007936667211995,0.0,0.0293315249632616,0.0050497542375881,0.1293575524612039,6.709023841564502e-06,0.0539593420861685
woG2,217,0.0537036751381686,,,,91.23280596733092,0.028415443436777,0.1073161207261632,0.0079498917826252,0.0,0.0291333397483972,0.0049380441845135,0.1285767439813887,7.270782192849675e-06,0.0537036751381686
woG2,218,0.0528166031495469,,,,91.28391695022584,0.0277780731071214,0.106389546003498,0.0079233996020477,0.0,0.0285198628352802,0.0049716921591917,0.1291077384022904,6.548351542330883e-06,0.0528166031495469
woG2,219,0.0526922387299967,,,,91.29137659072876,0.0276827119886264,0.1065154163563837,0.0079269489048232,0.0,0.0284580166879125,0.0050755130856099,0.1269076844585723,6.828305339261323e-06,0.0526922387299967
woG2,220,0.0521405753908587,0.1177860498428344,22.2968017578125,0.835654099782308,91.2227222919464,0.0273004499432004,0.1060485834958123,0.0079051837493039,0.0,0.028058772540239,0.0050428275583831,0.1261163833627446,7.04216085602604e-06,0.0521405753908587
woG2,221,0.0535585948372962,,,,91.3732078075409,0.0280141775023008,0.1094846261329338,0.0079802322911373,0.0,0.0287734091770453,0.0049324542375617,0.1286682671577227,6.7749842516727975e-06,0.0535585948372962
woG2,222,0.053414938940865,,,,91.21243524551392,0.0282744183586757,0.1065389015635506,0.0079494755768568,0.0,0.0289962808677896,0.0049982034356989,0.1281514696960078,6.987326173113302e-06,0.053414938940865
woG2,223,0.0533330161124467,,,,91.19365310668944,0.02820977312131,0.1064325302350716,0.007918405724445,0.0,0.0289278828126729,0.0049471923734107,0.1290511774723647,6.712117910848654e-06,0.0533330161124467
woG2,224,0.0548447476486202,,,,91.25633645057678,0.0293641911789042,0.1069638494585381,0.0079434714165562,0.0,0.0300232008343837,0.0049372634251189,0.1319555951373987,7.184929563599834e-06,0.0548447476486202
woG2,225,0.0548220349506276,0.1200114600360393,21.972607421875,0.8363087336222331,91.14131546020508,0.0293211935423925,0.1070666909217834,0.0079336725213549,0.0,0.0299998957846985,0.0049722655714474,0.1323160894031896,7.105610382492692e-06,0.0548220349506276
woG2,226,0.0534448959544056,,,,91.24100828170776,0.028298514605057,0.1066731204752062,0.0079149403532997,0.0,0.0290045034689981,0.0049556197071844,0.1276121855270667,7.1471733371095045e-06,0.0534448959544056
woG2,227,0.0524782544215683,,,,91.21572852134705,0.027549085222551,0.106246857858095,0.0079244440421462,0.0,0.0283009658460734,0.0050868032839851,0.1264357985165275,6.388312859763756e-06,0.0524782544215683
woG2,228,0.0514189329792241,,,,91.21070337295532,0.0267523102706573,0.1057307461246115,0.0078825441066969,0.0,0.0275336232219563,0.0049860031557742,0.1253604488599984,6.8826677915478735e-06,0.0514189329792241
woG2,229,0.0508360689292188,,,,91.23756074905396,0.0263541674729986,0.1050341652065026,0.0078616257199681,0.0,0.0271654777137226,0.0051712293032801,0.1243415815664119,6.940995356224489e-06,0.0508360689292188
woG2,230,0.0511654523186019,0.1169263459742069,22.16024729410807,0.840629768371582,91.20534229278564,0.0266131039968401,0.1051400416210049,0.0078689688167794,0.0,0.0273247274844983,0.0049702068122836,0.126263151891896,6.8156383591989625e-06,0.0511654523186019
woG2,231,0.0512360776850923,,,,91.19595551490784,0.0266825709430897,0.1053369670617775,0.0078845645423184,0.0,0.0274271568222368,0.0049425666926611,0.1238913389502978,6.930550283820952e-06,0.0512360776850923
woG2,232,0.0504566270735908,,,,91.15739393234252,0.0260801180494857,0.105019960735665,0.0078621810210532,0.0,0.026835215415378,0.0050466876977016,0.1229779483353505,6.867157025538856e-06,0.0504566270735908
woG2,233,0.0499638369245851,,,,91.1649124622345,0.0257406129165873,0.1043739822067198,0.0078270554057795,0.0,0.0265102416551748,0.0050302604900398,0.1235615722529712,7.243487918276493e-06,0.0499638369245851
woG2,234,0.0509228991405641,,,,91.36857843399048,0.026540174797849,0.1045305123094652,0.0078233208537834,0.0,0.0272509036585688,0.0049140091248803,0.1234303474975902,7.206863728717742e-06,0.0509228991405641
woG2,235,0.0531574608910767,0.122732600197196,21.81883290608724,0.8352216879526774,91.20367050170898,0.0281733441181847,0.1057625564395404,0.0078863961561048,0.0,0.0288525626032811,0.0049559345800948,0.1279178974753032,6.789146762244193e-06,0.0531574608910767
woG2,236,0.0524850226328021,,,,91.19365286827087,0.0276763595213167,0.1057128295546672,0.0078704384781542,0.0,0.0284425255796704,0.0049776232698321,0.1235716387507368,6.799070317059963e-06,0.0524850226328021
woG2,237,0.0514621164832935,,,,91.3236961364746,0.0269122244179493,0.1051715876235336,0.0078875921880368,0.0,0.0276127822208599,0.0051398743096677,0.1222981544303112,6.474740309038508e-06,0.0514621164832935
woG2,238,0.0527229967114866,,,,91.32109427452087,0.0278725180103153,0.1053532073732282,0.0078544117105727,0.0,0.0285923581600922,0.0048556468911377,0.1273891330986726,7.0943849749338506e-06,0.0527229967114866
woG2,239,0.050411139691218,,,,91.3213369846344,0.0261193830367238,0.1045193168960633,0.0078174328530726,0.0,0.0268545437329372,0.0048637609169284,0.1231452496264313,7.234028655327516e-06,0.050411139691218
woG2,240,0.0503806581293217,0.1162413377314806,22.379931640625,0.8343150774637859,91.33170986175536,0.0260880963922646,0.1043241131501119,0.0078253772865492,0.0,0.0268422224879509,0.0049586765502472,0.1243729960234438,7.696387612117835e-06,0.0503806581293217
woG2,241,0.050338862860789,,,,91.24463248252869,0.0260424989077155,0.104657731583861,0.0078334017736898,0.0,0.0268300038869263,0.0049407569973989,0.1222351176022994,6.989753596449979e-06,0.050338862860789
woG2,242,0.0529017960500033,,,,91.25855660438538,0.0280249490723258,0.1056081716154442,0.0079095145901207,0.0,0.0286638452137102,0.0050360231477095,0.1252211848976182,7.073188713565348e-06,0.0529017960500033
woG2,243,0.0520585233376163,,,,91.61299180984496,0.0274365014075988,0.1048624241938356,0.0078466903364865,0.0,0.0280809233911701,0.0047892344863627,0.1250467339500052,6.528477235260825e-06,0.0520585233376163
woG2,244,0.0511238425359374,,,,91.58597230911256,0.0266909508385741,0.1043112502723443,0.0078292866313799,0.0,0.0274282938525935,0.0049121512203156,0.1258017092515699,7.388353509948794e-06,0.0511238425359374
woG2,245,0.0521429258047557,0.1139293294399976,22.52714335123698,0.8452303727467855,91.42897200584412,0.0274561304049413,0.1048274157477206,0.0078333478924803,0.0,0.0281661293606777,0.0049280235410255,0.1271740100728195,6.707242369189929e-06,0.0521429258047557
woG2,246,0.0498788614650485,,,,91.25344562530518,0.0257179935569645,0.1041562977384348,0.0078119533899866,0.0,0.0264341974111854,0.0049270270258707,0.123287629946822,7.080405730855944e-06,0.0498788614650485
woG2,247,0.0512451906154146,,,,91.3661093711853,0.0268053494271684,0.1045769130597349,0.0078531306305686,0.0,0.027480604325528,0.0048665131774318,0.1237566508658108,7.1947573011940215e-06,0.0512451906154146
woG2,248,0.0501012999381198,,,,91.13387417793274,0.025974856078869,0.1034125700348713,0.0077797677329756,0.0,0.0266899203454129,0.0049071340710993,0.1247471369741881,7.157511687719754e-06,0.0501012999381198
woG2,249,0.0494711168232511,,,,91.30152869224548,0.0255112804961009,0.1031498337378267,0.0077865814396989,0.0,0.0262579950427667,0.0049744666244865,0.122419856366564,7.805917586112243e-06,0.0494711168232511
woG2,250,0.0487129185348749,0.1194753516465425,21.96539459228516,0.8370766957600911,91.26016783714294,0.0249303338713333,0.1027599753903561,0.0077738991068279,0.0,0.0256873820679353,0.0050268212779898,0.1220098640159016,7.368645290538755e-06,0.0487129185348749
woG2,251,0.0501361217991006,,,,91.08445835113524,0.0260384503110754,0.1036074542608417,0.0077928380304031,0.0,0.0267019329104022,0.0049197527591413,0.1216434025831642,7.619037734581498e-06,0.0501361217991006
woG2,252,0.0499484157953106,,,,91.22604966163637,0.0257490753486263,0.1045558276723642,0.0078672118042214,0.0,0.0264901346908729,0.0048173711478679,0.1219557218070401,7.430628361162265e-06,0.0499484157953106
woG2,253,0.049223311627131,,,,91.3992953300476,0.0253727855466184,0.1031100789054495,0.0077700720619043,0.0,0.0260873042871473,0.0049328067240717,0.1191677221203925,7.037087953124103e-06,0.049223311627131
woG2,254,0.050784341685596,,,,91.4154691696167,0.026485497009803,0.1039871861700151,0.0078217395940093,0.0,0.0271904980916468,0.0048888549380401,0.1240201516412809,6.842936307524243e-06,0.050784341685596
woG2,255,0.0506724369269414,0.1098790764808654,23.06346384684245,0.8428965409596761,91.2625687122345,0.0263957644766959,0.1045326673593677,0.0078642189456913,0.0,0.0271262247420725,0.0049325384688181,0.1191818569405157,7.561450947250588e-06,0.0506724369269414
woG2,256,0.0492534505539253,,,,91.25235056877136,0.0254397754725374,0.1026619389408924,0.0077566378444555,0.0,0.0262257046081492,0.0048591796648459,0.1196301758716829,7.272354262964017e-06,0.0492534505539253
woG2,257,0.0503504997821616,,,,91.31643652915956,0.0261860893520175,0.1037886367469537,0.0078157435942319,0.0,0.02694159923274,0.0049195207643979,0.1211688546616523,6.86515184975405e-06,0.0503504997821616
woG2,258,0.0497012192413943,,,,91.27272891998292,0.0257093197757714,0.1033084465832006,0.0077866179960184,0.0,0.0264573281356057,0.0047989051777594,0.1215428222031867,6.64681079655189e-06,0.0497012192413943
woG2,259,0.0497072350050582,,,,91.28385424613953,0.025721954960437,0.1029809185715972,0.0077673544664485,0.0,0.0264446333997318,0.004896902068915,0.1234513759979459,6.780437584690196e-06,0.0497072350050582
woG2,260,0.0510182400829479,0.1181905642151832,22.24575907389323,0.8384359200795491,91.2276542186737,0.0267124769705363,0.1038218008690193,0.0077959530047889,0.0,0.0273581604152673,0.0050036369948876,0.1235351564637461,6.90756607201302e-06,0.0510182400829479
woG2,261,0.0483297108687826,,,,91.14847588539124,0.0247511384840749,0.1018741208998883,0.0077234900167181,0.0,0.0255112740684483,0.0047597115855572,0.1214088349923735,7.060126498550695e-06,0.0483297108687826
woG2,262,0.0490250765941426,,,,91.2502589225769,0.0253093126153603,0.1022625360332551,0.007741462828622,0.0,0.0260687052867695,0.0047617537984777,0.1197279000990703,7.05189928122389e-06,0.0490250765941426
woG2,263,0.0505928689705543,,,,91.237211227417,0.0264882186855204,0.1033026282904578,0.007785987063143,0.0,0.0271876179078807,0.0048660562492021,0.1196537929296982,7.215620436397152e-06,0.0505928689705543
woG2,264,0.0508642305665817,,,,91.3724057674408,0.0266044069707515,0.1037506334117201,0.0078025179739552,0.0,0.0272708449314241,0.004848409778072,0.123249521570616,7.006373447781838e-06,0.0508642305665817
woG2,265,0.0497178406927917,0.1176397651433944,22.34605458577474,0.838637113571167,91.18965435028076,0.0257707588893712,0.1032537417333634,0.0077567442289752,0.0,0.0264674200844325,0.0049627640620484,0.1190303418724263,7.025372877365323e-06,0.0497178406927917
woG2,266,0.0504769812658673,,,,91.3144383430481,0.0263156678191706,0.1036119309605145,0.0077809323136862,0.0,0.027075518502808,0.0046701690823328,0.1220845700409568,6.814609844372429e-06,0.0504769812658673
woG2,267,0.0503051089214496,,,,91.33850121498108,0.026194107085161,0.1034753928419019,0.0077972055076942,0.0,0.0268703955912687,0.0049459984312292,0.1215000103426272,7.303436049947558e-06,0.0503051089214496
woG2,268,0.0487080569241623,,,,91.22897291183472,0.0250789553354509,0.1024821635152472,0.007734122796778,0.0,0.0258634352567987,0.0047475022672232,0.1158755264840409,7.278776404630384e-06,0.0487080569241623
woG2,269,0.0478880906508105,,,,91.2248318195343,0.0244504424560143,0.1019093936584034,0.0077131376220066,0.0,0.0251852127830268,0.0047949520130565,0.1172436931033115,6.9427648998108304e-06,0.0478880906508105
woG2,270,0.0470575172087696,0.1197858117520809,22.09657999674479,0.8400667349497477,91.21441984176636,0.0238355373139264,0.1014376566058299,0.0077202846830497,0.0,0.024610028266296,0.0048395474803954,0.1155538327503399,7.0893808820660645e-06,0.0470575172087696
woG2,271,0.047797100236792,,,,91.33717679977416,0.0243044755971211,0.1021263477255086,0.0077439816382362,0.0,0.0250532175490602,0.0048395843420666,0.1194294261761376,7.395294224888112e-06,0.047797100236792
woG2,272,0.0477864142873736,,,,91.247061252594,0.0244571206266762,0.1011440094377173,0.0076801171545397,0.0,0.0252182106182101,0.0046685987026201,0.1178240491779612,7.489075247367451e-06,0.0477864142873736
woG2,273,0.0477824156157306,,,,91.36129450798036,0.0242494570976886,0.1025532987274107,0.0078222883758364,0.0,0.0250003501681275,0.004785047907031,0.1187951450892647,7.217559100583844e-06,0.0477824156157306
woG2,274,0.0488210168407588,,,,91.44658470153809,0.0252157371933953,0.1020278451872653,0.0077607614316473,0.0,0.0259434794854433,0.0047929088001093,0.117043241980623,7.061606064506332e-06,0.0488210168407588
woG2,275,0.0490621932950176,0.1194168198853731,21.92779439290365,0.8384735902150472,91.3604724407196,0.0253036153792846,0.1022909679373756,0.0077613101447703,0.0,0.0259823382633631,0.0047598410584795,0.1224770405192355,7.098167047346365e-06,0.0490621932950176
woG2,276,0.0481396567870359,,,,91.30074095726012,0.024700831339435,0.1014935134864244,0.0076968945165882,0.0,0.0254169415117653,0.0049047975716959,0.1177055716331376,6.993261298357033e-06,0.0481396567870359
woG2,277,0.0471934974956952,,,,91.3211019039154,0.0240220562325882,0.1007424925194412,0.0076676971225648,0.0,0.0247521290219709,0.0048191117802176,0.1170328831086393,6.961343107890545e-06,0.0471934974956952
woG2,278,0.0473665236571773,,,,91.33936882019044,0.024129955021695,0.1010509846640414,0.0076954399510363,0.0,0.0248743198644064,0.0048030791785109,0.1167482692198675,7.254180380750663e-06,0.0473665236571773
woG2,279,0.0469024247321926,,,,91.34848141670228,0.0237991472813071,0.1008684527678567,0.007683786481512,0.0,0.0245395453310892,0.0047877284041682,0.1148912445260364,6.7484469000724585e-06,0.0469024247321926
woG2,280,0.0481772501265904,0.1142187230288982,22.706231180826823,0.8404192288716634,91.32882976531982,0.0246840952513892,0.1018232766722069,0.0077592093863936,0.0,0.0254152379777343,0.0047642456302724,0.118372210255656,7.111515866281833e-06,0.0481772501265904
woG2,281,0.0476964543130798,,,,91.5023274421692,0.0244041975419663,0.1011516930627041,0.007721262167162,0.0,0.0251513939946279,0.0048384572432727,0.1158005267259527,7.357897048901591e-06,0.0476964543130798
woG2,282,0.0473840930270122,,,,91.40418863296507,0.0241553852960589,0.1010367249856229,0.0077064002245725,0.0,0.0249035604924085,0.0047100176004173,0.1165145822174725,7.342966780098945e-06,0.0473840930270122
woG2,283,0.0470190432960869,,,,91.2638087272644,0.0239302983018951,0.1006619549188457,0.0076598110723263,0.0,0.0246966005012881,0.0048537257157998,0.1139384710275736,7.311350472724439e-06,0.0470190432960869
woG2,284,0.0459327085829171,,,,91.14694929122923,0.0230956870573954,0.1000066267662361,0.0076376235753786,0.0,0.0238349995514774,0.0047395282260859,0.1153955971974818,7.139336168801896e-06,0.0459327085829171
woG2,285,0.0466924085297056,0.117922119796276,22.1336903889974,0.8392166296641032,91.41373038291933,0.0237379319904769,0.1001669422524874,0.0076538840858418,0.0,0.0244755319426538,0.0048122782237278,0.113328343440519,8.492581410136083e-06,0.0466924085297056
woG2,286,0.0482511631839099,,,,91.22233557701112,0.0249064769748537,0.100991630163349,0.0077002950157725,0.0,0.0256470904884035,0.0048393307188831,0.1147146097949293,6.926865491945454e-06,0.0482511631839099
woG2,287,0.0495957541050481,,,,91.14478850364684,0.0257979725166911,0.1022518922070988,0.0077643742265759,0.0,0.0264277943852739,0.0047693897485275,0.1202297021069976,7.449125400537267e-06,0.0495957541050481
woG2,288,0.0482176646407021,,,,91.09251260757446,0.0248203888596569,0.1010430279325266,0.00769237358291,0.0,0.0255377369581675,0.0048318703765751,0.1181017572029692,7.038900504072301e-06,0.0482176646407021
woG2,289,0.0503709372743719,,,,91.16961789131165,0.0263614604310666,0.10249205055784,0.0077350009728955,0.0,0.0270266645114685,0.0048754010521272,0.1226742817241637,6.794950852641472e-06,0.0503709372743719
woG2,290,0.0478766665290125,0.1089683976024389,23.027537027994796,0.844065793355306,91.3529200553894,0.0246054977789276,0.1006712786486891,0.0076647460361423,0.0,0.0253177502299429,0.0047074653624297,0.1173507948635054,7.634668775819727e-06,0.0478766665290125
woG2,291,0.0471959442022393,,,,91.16075921058656,0.024148173538632,0.1003659264963181,0.0076624732960748,0.0,0.0248682037774534,0.0047666720614661,0.1127354572603448,7.384785566192321e-06,0.0471959442022393
woG2,292,0.0471051977794678,,,,91.31227707862854,0.0240476125255837,0.1000156812980526,0.0076405551345621,0.0,0.0248202234506607,0.0048141856448816,0.1161974415060926,7.653532226546985e-06,0.0471051977794678
woG2,293,0.046719917447352,,,,91.13858485221864,0.0237807774091841,0.1001110208816215,0.0076643803889756,0.0,0.0245223109014943,0.0046786677481637,0.1130217811184339,7.644580603881415e-06,0.046719917447352
woG2,294,0.0475457172657622,,,,91.30617809295654,0.0242829425871127,0.1010189764812344,0.007690065402965,0.0,0.0249812639791701,0.0047105408204933,0.1176128553867828,7.17694163747441e-06,0.0475457172657622
woG2,295,0.0468298633445481,0.110383378341794,22.96247812906901,0.8434099038441976,91.2030267715454,0.0238729378010039,0.0997405306237642,0.0076095505262587,0.0,0.0245998491548368,0.0046832475727271,0.1160329024566978,8.018756657432242e-06,0.0468298633445481
woG2,296,0.0466191215807052,,,,91.2250874042511,0.0237054678031289,0.0998858926726169,0.0076370164332147,0.0,0.0244430037688647,0.0047310272319486,0.114088164428707,7.215725349761265e-06,0.0466191215807052
woG2,297,0.0458479252506475,,,,91.17681360244752,0.023101695469718,0.0995775905788921,0.007606573315093,0.0,0.0238575888415951,0.0046869301519616,0.114135611893945,7.77454191339611e-06,0.0458479252506475
woG2,298,0.0455625928846783,,,,91.249915599823,0.0229276877247774,0.0992814883834025,0.0076097679232842,0.0,0.0236853763125226,0.0047415277374847,0.1122861388521116,7.262822572472933e-06,0.0455625928846783
woG2,299,0.0456440086155885,,,,91.18923950195312,0.0229773310119988,0.0992541845704688,0.0076048302342046,0.0,0.0237455301169977,0.0046826892620196,0.1137254839671439,7.684198341465012e-06,0.0456440086155885
woG2,300,0.046712048962468,0.1169080231338739,22.34529673258464,0.8403849601745605,91.21230816841124,0.0237586849185897,0.0999024212360382,0.0076297676137297,0.0,0.0244637953392306,0.0047301657986445,0.115763223897971,7.520636004042168e-06,0.046712048962468
woG2,301,0.0451221440414913,,,,91.30649495124815,0.0226064801872631,0.0989606541688325,0.007617229278978,0.0,0.023359634661589,0.0046643427607496,0.1122776319379689,7.698086437008479e-06,0.0451221440414913
woG2,302,0.0461597799277696,,,,91.56982469558716,0.0233862720216151,0.0994140696330148,0.0076293338387899,0.0,0.0241390003624265,0.0047672166008135,0.1135337269697033,7.809164763480978e-06,0.0461597799277696
woG2,303,0.0469906304001075,,,,91.31473660469057,0.0238752197703255,0.1007769088276097,0.0077429872796275,0.0,0.0246102756011437,0.0048449458020021,0.1150998060942673,7.751091943967311e-06,0.0469906304001075
woG2,304,0.0462750553413004,,,,91.45463228225708,0.0234423623435565,0.0996016210219899,0.0076287867134956,0.0,0.024161530719673,0.0046335042847442,0.1153972370580571,7.892307831316684e-06,0.0462750553413004
woG2,305,0.0454574541387255,0.1152699496597051,22.54106241861979,0.8409358819325765,91.22796297073364,0.0228606208120701,0.0988793148369085,0.0075827465988084,0.0,0.0235939319016503,0.0046661119606559,0.1146822148231697,7.845929870056472e-06,0.0454574541387255
woG2,306,0.0448747378636579,,,,91.33305716514587,0.0224287214643153,0.098455473047788,0.0075639082332614,0.0,0.023176314759633,0.0046268982305115,0.1147002336859214,8.016488097778531e-06,0.0448747378636579
woG2,307,0.0452211235237659,,,,91.32858633995056,0.0227867415419123,0.0984981573018871,0.0075701258133822,0.0,0.0235761160824875,0.0046836092522306,0.1095584496306102,7.064442443835144e-06,0.0452211235237659
woG2,308,0.0453187930626703,,,,91.39985823631288,0.0228561248676088,0.0983272683425027,0.0075651652191109,0.0,0.0235839382149889,0.0046963831734248,0.1121370420165237,8.011426621253805e-06,0.0453187930626703
woG2,309,0.0456788395149785,,,,91.24734044075012,0.0230453563930436,0.099098229017414,0.00758499175417,0.0,0.0237591728781823,0.0046139027919528,0.1134239328933543,7.344466303848652e-06,0.0456788395149785
woG2,310,0.0454831592830233,0.1177609339356422,22.110371398925786,0.8399948279062907,91.34689140319824,0.0229239252808152,0.0988553957860978,0.0075912718607692,0.0,0.0236924085842414,0.0046204626064014,0.1121581752830352,7.828239524221619e-06,0.0454831592830233
woG2,311,0.0457196343751227,,,,91.31942343711852,0.0230553301326075,0.0991053591009046,0.0075965132392545,0.0,0.0237929685285589,0.0046729943257008,0.1143079835494033,8.166399718906848e-06,0.0457196343751227
woG2,312,0.0451993334916282,,,,91.31823348999023,0.0226997680901015,0.098729700338645,0.0075720571073108,0.0,0.0234559104380915,0.0047657202383442,0.1119495102311255,7.66495189702363e-06,0.0451993334916282
woG2,313,0.0457419135653581,,,,91.43183302879332,0.0230472309163725,0.0997623752375118,0.0076684915140026,0.0,0.0238064485754756,0.0046881894966526,0.1105238550999125,7.924008505374115e-06,0.0457419135653581
woG2,314,0.0459143532989699,,,,91.38171601295473,0.023198922424287,0.0992179127013097,0.0076044096046539,0.0,0.0239005626072404,0.0046537285403455,0.1150017659500485,7.68472669542055e-06,0.0459143532989699
woG2,315,0.0451854075015079,0.1155303176492452,22.228165181477863,0.8438010692596436,91.3613259792328,0.0227604941541298,0.0979996006019779,0.0075457958069431,0.0,0.0235159273763171,0.0046779287742359,0.1135091274121745,8.07549068547015e-06,0.0451854075015079
woG2,316,0.0450766097265677,,,,91.29790472984314,0.0226704470401049,0.0984655726151388,0.0075576605397413,0.0,0.0234483812905115,0.0046975370172075,0.1096442601353418,7.908971783924738e-06,0.0450766097265677
woG2,317,0.0459654583733101,,,,91.24109363555908,0.0233714689928122,0.0986218247257295,0.0075823093085076,0.0,0.0240763193149058,0.0046418219419257,0.1117456467730588,7.759363973445814e-06,0.0459654583733101
woG2,318,0.0458216991916787,,,,91.25330138206482,0.023190479443149,0.098853946709242,0.0075921663121305,0.0,0.0239356909038834,0.0047044659044868,0.1129972820826729,7.815521732640285e-06,0.0458216991916787
woG2,319,0.0456246102198225,,,,91.34940791130066,0.0229520484515023,0.099667947800433,0.0076549721931366,0.0,0.0236823586823388,0.0046827133256392,0.1114226964714585,7.759010090846817e-06,0.0456246102198225
woG2,320,0.0445893750693954,0.1152969058603048,22.432455444335936,0.840705410639445,91.21235370635986,0.0223140780523907,0.0979983962950159,0.0075614536219261,0.0,0.0231107091683833,0.0046163916103083,0.1102965530313429,7.991522037672195e-06,0.0445893750693954
woG2,321,0.0452247760334952,,,,91.2222683429718,0.0227604951999592,0.0985827807520256,0.0075659380240946,0.0,0.0234982525838203,0.0046869000939072,0.111194189576829,7.990182676118837e-06,0.0452247760334952
woG2,322,0.0445683656535187,,,,91.30185461044312,0.0222265535400661,0.0984444271345607,0.0075546462836934,0.0,0.022984726453719,0.0045683357528731,0.1117461006477719,8.100657562635446e-06,0.0445683656535187
woG2,323,0.045764730464606,,,,91.21185612678528,0.0232196077170064,0.0986995271971968,0.0075902371003185,0.0,0.0239676572535125,0.0046803157101003,0.1096325267839138,7.416438978284804e-06,0.045764730464606
woG2,324,0.0455867296206902,,,,91.2702476978302,0.0230917017448876,0.0983758353796161,0.0075524654773781,0.0,0.023838434658456,0.0046566444941506,0.1110366303168359,7.79474829254172e-06,0.0455867296206902
woG2,325,0.0465334495834884,0.1155075561255216,22.343499247233076,0.8432202180226643,91.29327201843262,0.0237453740441286,0.0992064129133693,0.0076241886365364,0.0,0.0244199740471409,0.0045215283486167,0.1140051625943819,8.300006873069983e-06,0.0465334495834884
woG2,326,0.0457892000339314,,,,91.27862691879272,0.0232750992596027,0.0980660851861609,0.0075539440340286,0.0,0.0240144288533779,0.0046486641608606,0.1125818496783737,7.451781789876935e-06,0.0457892000339314
woG2,327,0.0452745551182354,,,,91.3478889465332,0.0228490596637129,0.0981990670571561,0.0075431997529002,0.0,0.0235837225527426,0.0047238765238616,0.1111872411165081,7.576477148677613e-06,0.0452745551182354
woG2,328,0.045425563882731,,,,91.3513617515564,0.0230083689398941,0.0980999098449456,0.0075511131053943,0.0,0.0236867580058999,0.0046631924781307,0.1107085190530194,7.500731135984171e-06,0.045425563882731
woG2,329,0.0454391421078414,,,,91.30046343803406,0.0230258098101151,0.0979789231644302,0.0075482360171306,0.0,0.0237703594974562,0.0046346352195184,0.1107078538444198,8.151145807173158e-06,0.0454391421078414
woG2,330,0.0442204639834703,0.1107063982635736,22.85374145507813,0.8466264565785726,91.28239226341248,0.0221039220751797,0.0975344816192251,0.0075294384236645,0.0,0.0228753158914261,0.0045891148591658,0.1083811445802938,8.233701196802345e-06,0.0442204639834703
woG2,331,0.0452151070119904,,,,91.30145788192748,0.0228737522542598,0.0975851533842868,0.0075322640563559,0.0,0.0236281119668703,0.004597530255598,0.111673355102539,7.593300372116252e-06,0.0452151070119904
woG2,332,0.045597921812632,,,,91.20033383369446,0.0230909748934209,0.0982170144065481,0.0075501313768937,0.0,0.0238114243190063,0.0045810709383002,0.1134017126054548,8.274057007096047e-06,0.045597921812632
woG2,333,0.0441217698065228,,,,91.2889609336853,0.0220639788179246,0.0971708947517832,0.0075336494712067,0.0,0.0228072486314006,0.0044501965586859,0.1093965814006133,7.655866810223636e-06,0.0441217698065228
woG2,334,0.0438319880698548,,,,91.25148487091064,0.0218752222059325,0.0968807549750218,0.0074891162249946,0.0,0.0225978928740273,0.0045201364755783,0.1084465667849681,7.511162333807262e-06,0.0438319880698548
woG2,335,0.0433921262041711,0.1144880317151546,22.50526123046875,0.8429011662801107,91.29981732368468,0.0214892187247388,0.0967850944057839,0.0075026707834426,0.0,0.02223022866872,0.0044895300458444,0.1102361810683715,7.758418747323316e-06,0.0433921262041711
woG2,336,0.0432371155007696,,,,91.40407729148863,0.0213933795400452,0.0967924047688968,0.0074988774283499,0.0,0.0221871146932244,0.004488482141913,0.1076674371286005,8.063050528006508e-06,0.0432371155007696
woG2,337,0.0439509663608719,,,,91.31251287460329,0.021946678289258,0.0969929172367346,0.0074869657477333,0.0,0.0226690196508511,0.0045753608927222,0.109054405303275,8.063611271386118e-06,0.0439509663608719
woG2,338,0.044437127004637,,,,91.32622027397156,0.022317592802717,0.097192396394542,0.0075077002326057,0.0,0.0230599125450263,0.004532685965208,0.1095305933754463,8.015597711192576e-06,0.044437127004637
woG2,339,0.0447219745332344,,,,91.24246382713318,0.0224949765538216,0.0972892085059744,0.0075255630110375,0.0,0.0232005272610265,0.0045492299527052,0.1126602700621378,8.872458138487463e-06,0.0447219745332344
woG2,340,0.0463249009469004,0.1151576470583677,22.57171223958333,0.8388211091359457,91.2912666797638,0.0234719540954369,0.1000739946717121,0.0076028165735731,0.0,0.0241514936272726,0.0046200216785989,0.1130864120653418,7.790361517222157e-06,0.0463249009469004
woG2,341,0.0462017304218206,,,,91.31934356689452,0.0236744477764749,0.0978397360590637,0.007558506146287,0.0,0.0243691802940896,0.0046773692917414,0.1112647714001722,7.516205863234804e-06,0.0462017304218206
woG2,342,0.0477362730708278,,,,91.22033429145812,0.0247936502984556,0.0994134965490122,0.0076130061318761,0.0,0.0254178139091026,0.0045821379553373,0.1099867057665938,7.953202833920062e-06,0.0477362730708278
woG2,343,0.0473934303755398,,,,91.28047728538512,0.0245239332196165,0.0990570812928872,0.0075940979171361,0.0,0.025200680959359,0.0047207019562817,0.1106681461278043,7.414392136769678e-06,0.0473934303755398
woG2,344,0.0467636097436312,,,,91.30775737762453,0.0240207893209012,0.0989325535101968,0.0076148328142332,0.0,0.0247030654296156,0.0045759970413856,0.1107711657637455,7.918226228000787e-06,0.0467636097436312
woG2,345,0.0447736130416637,0.112675467506051,22.70686492919922,0.8439675490061442,91.38840556144714,0.0225814994287173,0.0971897596218547,0.0075083317170224,0.0,0.0233288849856643,0.0046420391481064,0.1100507147426976,7.793026048685996e-06,0.0447736130416637
woG2,346,0.0438459375109828,,,,91.29201412200928,0.0217934521907543,0.0976276549159503,0.00754593518471,0.0,0.0225227778914888,0.0045094625054873,0.1082821767166501,8.362947515797982e-06,0.0438459375109828
woG2,347,0.0422357370252492,,,,91.31517958641052,0.0207238686805377,0.0957716722957423,0.0074586265750962,0.0,0.0215296387351805,0.0044684216693104,0.1054849205385954,8.551471971568014e-06,0.0422357370252492
woG2,348,0.0432738543747634,,,,91.2965624332428,0.0214494120436491,0.0965824977296297,0.0074923013367491,0.0,0.022199721602326,0.0045084009656957,0.1080876966236067,8.201669533586162e-06,0.0432738543747634
woG2,349,0.0435342372501971,,,,91.22923994064332,0.0216532833034508,0.096671952087371,0.0074810193637843,0.0,0.0223739703460672,0.0045873929906758,0.1082122463305465,7.90992466265839e-06,0.0435342372501971
woG2,350,0.0433556368024867,0.1156572122126817,22.503543599446616,0.8430581251780193,91.1864755153656,0.0214143801541602,0.0974854680358386,0.0075745021802235,0.0,0.0221731412972583,0.0045316981048643,0.1071231745977382,8.31689342732758e-06,0.0433556368024867
woG2,351,0.0427257236032212,,,,91.23080110549928,0.0210406439699476,0.0962547449792017,0.007482239071921,0.0,0.0217878308498346,0.0044760026732368,0.1078512478375532,8.40311913833178e-06,0.0427257236032212
woG2,352,0.0426356685576868,,,,91.22246956825256,0.0210297479767535,0.0957058448283398,0.007443433324043,0.0,0.0217944418125953,0.0045672723523447,0.1076760969933916,7.991971948503464e-06,0.0426356685576868
woG2,353,0.0429659201534556,,,,91.28059554100037,0.0212677855685841,0.0962108012105597,0.0074701466078518,0.0,0.0220546701648196,0.0044698817063825,0.1062200070954248,8.171720275727234e-06,0.0429659201534556
woG2,354,0.0433283696622877,,,,91.42642569541933,0.0215622395597642,0.0959393040078585,0.0074681541538934,0.0,0.0223064856664811,0.0045032091667784,0.1090094788519085,8.332091717243557e-06,0.0433283696622877
woG2,355,0.0429467577334554,0.1120492443442344,22.81604919433594,0.842714770634969,91.32184219360352,0.0213264744408184,0.0955898971831212,0.0074481789641021,0.0,0.0220487409607186,0.0045763846166187,0.1066726473328031,7.736167002124779e-06,0.0429467577334554
woG2,356,0.0424523651905235,,,,91.246187210083,0.0209370128520321,0.0953532130014701,0.0074400698468394,0.0,0.0217380872851268,0.0045600529363165,0.1063931107704268,8.242091641135317e-06,0.0424523651905235
woG2,357,0.042307266064721,,,,91.27609610557556,0.0207739201618633,0.0958384128867602,0.0074602078310534,0.0,0.021531303092593,0.0045713546998859,0.1056259710372227,8.45611563688535e-06,0.042307266064721
woG2,358,0.0439395114443585,,,,91.16303539276124,0.0220681397305404,0.0962168613418203,0.0074651342297553,0.0,0.0227534605464974,0.0045672236201277,0.1074717532171577,8.063809147476575e-06,0.0439395114443585
woG2,359,0.0431197614515902,,,,91.20836091041564,0.0214555664369683,0.0955600982806721,0.0074371589618719,0.0,0.0222027220564787,0.0045590407289488,0.1076485830069076,8.271214521786988e-06,0.0431197614515902
woG2,360,0.0435745176385904,0.1138527635484933,22.64463857014974,0.8418102582295736,91.27406144142152,0.0217880951316996,0.0960218158901714,0.0074480901907396,0.0,0.0224785157708359,0.0045334740282326,0.1076143952849947,7.565284055667782e-06,0.0435745176385904
woG2,361,0.0428911238969838,,,,91.3244833946228,0.0212536793751794,0.0958382829290921,0.0074628746274431,0.0,0.0220367764351797,0.0044624433837464,0.1062061018692176,8.496480702935476e-06,0.0428911238969838
woG2,362,0.0426405779559348,,,,91.30805158615112,0.0210927267116112,0.0953917303046242,0.0074703083488113,0.0,0.0218782705239585,0.0045652286661025,0.1062309954498635,8.325196183277898e-06,0.0426405779559348
woG2,363,0.0424268732580249,,,,91.3138816356659,0.0208873884966138,0.0957111115338372,0.0074576237277112,0.0,0.0216287026471901,0.0044924616317463,0.1062359106650606,8.049698201094188e-06,0.0424268732580249
woG2,364,0.0427182741524254,,,,91.22001767158508,0.0211652541136155,0.0954677164554596,0.0074343295676297,0.0,0.0219050196350597,0.0044795030892109,0.1060849380236668,8.253418763319973e-06,0.0427182741524254
woG2,365,0.0431933598898229,0.1125225704163312,22.605435689290363,0.8449303944905598,91.17049860954285,0.0215425487974139,0.0955602292154656,0.0074444191805163,0.0,0.0222769535726821,0.004462671710453,0.1066037561805521,7.597524699223403e-06,0.0431933598898229
woG2,366,0.0434895609887164,,,,91.30563998222352,0.0217393506776358,0.0957151001594105,0.0074584543014128,0.0,0.0224757736212894,0.004567028992794,0.1079709922253596,8.527057322917338e-06,0.0434895609887164
woG2,367,0.0439183844833589,,,,91.00295424461363,0.0219503058822917,0.097028199766503,0.0075263375508003,0.0,0.0226480399227899,0.0045313639108274,0.1072666060606964,8.173206592007142e-06,0.0439183844833589
woG2,368,0.0439928588991771,,,,91.25924181938171,0.0221104863496711,0.095935191287369,0.0074414750217597,0.0,0.0228132162105719,0.0045745875438308,0.1095664501800888,8.018570748122995e-06,0.0439928588991771
woG2,369,0.0427941556287104,,,,91.20825552940369,0.0212415901211197,0.0953132109563858,0.0074282219351009,0.0,0.0219789350970236,0.004424097409594,0.1067187688695114,8.248676244590896e-06,0.0427941556287104
woG2,370,0.0419511679773692,0.1145585384219884,22.559742736816407,0.8420676549275716,91.2103235721588,0.020633704380178,0.0947540206987349,0.0074030839395327,0.0,0.0213849186423982,0.0044661114797698,0.1049925070255994,8.363227046128615e-06,0.0419511679773692
woG2,371,0.0428612264728204,,,,91.13857102394104,0.0213339831909073,0.0952191768122501,0.0074429299002971,0.0,0.0220594644760254,0.0044171594132928,0.1053435538330527,8.32971223870335e-06,0.0428612264728204
woG2,372,0.0429505681863329,,,,91.2519509792328,0.0214115322155297,0.0950110124759986,0.0074010205180307,0.0,0.0221255546298305,0.0045211689974196,0.1065225548981154,7.756364856143917e-06,0.0429505681863329
woG2,373,0.0475807982481649,,,,91.288836479187,0.0246723547547322,0.0988337793311134,0.0075771845400058,0.0,0.0252542677793468,0.0045284539571825,0.114565866526033,6.997047287875508e-06,0.0475807982481649
woG2,374,0.0452504515892169,,,,91.2869930267334,0.023144583202532,0.0963216712240312,0.0074670035201201,0.0,0.023835705715369,0.0044857348739093,0.1079096874130553,7.334886745928627e-06,0.0452504515892169
woG2,375,0.043664404068936,0.1163281202316284,22.40257314046224,0.8419937133789063,91.16163229942322,0.0218808877007028,0.0956357287578895,0.007429430013156,0.0,0.0225717772225864,0.0045304853892808,0.1094907269065008,7.653265816628269e-06,0.043664404068936
woG2,376,0.0440719276819317,,,,91.32948780059814,0.0221943091830147,0.095727691396338,0.0074359072128035,0.0,0.0229009762635362,0.0045000948698916,0.1103194008474467,7.79340850313375e-06,0.0440719276819317
woG2,377,0.0435765747164116,,,,91.2770974636078,0.0218665595471736,0.095686992172335,0.007440682471974,0.0,0.0225980939404642,0.0044352545089958,0.1055206470191478,7.95083644110464e-06,0.0435765747164116
woG2,378,0.042567078680655,,,,91.34730505943298,0.0211407881474397,0.094664092923774,0.0074206302896691,0.0,0.021941224174177,0.0045098979102417,0.1053259733026144,8.830398977833439e-06,0.042567078680655
woG2,379,0.0423496084776325,,,,91.15005779266356,0.0209705209222118,0.0947444409620566,0.0074004861335346,0.0,0.021725417855272,0.0044383435609338,0.1048581371480812,8.318291117007422e-06,0.0423496084776325
woG2,380,0.0415624948523816,0.113427560776472,22.72006174723307,0.8433043638865153,91.14930605888368,0.0203663740597176,0.094423193912037,0.0073940578378645,0.0,0.0211411767685022,0.0045132558033267,0.1036780810930201,8.100328519157645e-06,0.0415624948523816
woG2,381,0.0418324157076536,,,,91.22979950904846,0.0206093959983621,0.0943342838131013,0.0073735036784172,0.0,0.0213574691003829,0.0044486296256301,0.1038366637085793,8.3901078505884e-06,0.0418324157076536
woG2,382,0.0425909462186401,,,,91.29751181602478,0.0211353716135147,0.0948385351993998,0.007394574754337,0.0,0.0218392240845399,0.0044511466432118,0.1068020886817916,8.691767687358717e-06,0.0425909462186401
woG2,383,0.0425649960448996,,,,91.42161464691162,0.0211851538815459,0.0945427925860295,0.0073755310245285,0.0,0.0218980859766607,0.0044490159183862,0.1047010695653372,8.65218723256613e-06,0.0425649960448996
woG2,384,0.0424021139557732,,,,91.33066654205322,0.0209862442809294,0.0947072945657323,0.0073967419572357,0.0,0.0217222924359509,0.0044276553213779,0.1070591028718674,8.486198852089339e-06,0.0424021139557732
woG2,385,0.0417735067455739,0.1152067855000495,22.4693120320638,0.8439195156097412,91.3517735004425,0.0205147597160129,0.0946112602460579,0.0073983394120987,0.0,0.0213140990188131,0.0044034688092279,0.1040978428648143,8.635621163077264e-06,0.0417735067455739
woG2,386,0.0425551574310806,,,,91.24451541900636,0.0211604972537912,0.0945321297059293,0.0073917614807542,0.0,0.0218922312096616,0.004455381607423,0.1055143999515986,8.748423790204794e-06,0.0425551574310806
woG2,387,0.0434061852512789,,,,91.14981174468994,0.0217662402810376,0.095119365414635,0.0074112433692073,0.0,0.0224593790232768,0.0043454600162193,0.1080940534040087,8.373678092925888e-06,0.0434061852512789
woG2,388,0.0424968458742636,,,,91.257954120636,0.021195556105832,0.0941562139597095,0.0073743490654914,0.0,0.0219220250280054,0.0043545197561902,0.1038148136443046,7.699239535311796e-06,0.0424968458742636
woG2,389,0.042017820917192,,,,91.30795407295228,0.0207951019411204,0.0939060327459554,0.0073607298621877,0.0,0.0215227921554421,0.0043939841953182,0.10563057841214,8.824274336342523e-06,0.042017820917192
woG2,390,0.0422964880823111,0.1107058506458997,22.918575541178384,0.8441672960917155,91.3968551158905,0.0209499660757232,0.0946643728701794,0.0074068090809722,0.0,0.021721590020251,0.004457643122,0.1037756011012147,8.369474903900233e-06,0.0422964880823111
woG2,391,0.0417459505136872,,,,91.36248469352722,0.0205941582251279,0.0938869929704509,0.0073750443245116,0.0,0.0213211015874489,0.004440534516375,0.1040223873235651,7.998446676554531e-06,0.0417459505136872
woG2,392,0.0418446665996166,,,,91.25508689880373,0.0206284571408492,0.0942416318127366,0.0073733008237647,0.0,0.0213686985757629,0.004420890906047,0.1041902067353491,8.416454094246948e-06,0.0418446665996166
woG2,393,0.0418636141741862,,,,91.32580995559692,0.0207395857337434,0.0935635977104061,0.0073446668340961,0.0,0.0214866227470338,0.0044352666085555,0.1035009691583328,8.971051107202067e-06,0.0418636141741862
woG2,394,0.0413033935836836,,,,91.39681363105774,0.0202391311282017,0.0938470910807124,0.0073642600518574,0.0,0.0210243781158303,0.0044745198111278,0.1028032991119095,8.226432899859923e-06,0.0413033935836836
woG2,395,0.0411102977108027,0.1097094919532537,22.980161539713546,0.8469767252604167,91.2018585205078,0.020148700530656,0.0934056830210764,0.0073342691175639,0.0,0.0209261504246196,0.0043784021896111,0.1024219610224493,8.951689139365776e-06,0.0411102977108027
woG2,396,0.0420312022210144,,,,91.22670578956604,0.0208228286966437,0.0938034326326651,0.0073624547097648,0.0,0.021544863126378,0.0044394110245477,0.1052767114377901,7.589904277824481e-06,0.0420312022210144
woG2,397,0.0428479535993738,,,,91.31314396858215,0.0214059178289942,0.0945264408822919,0.0073675298757973,0.0,0.0221281834710084,0.0044479567469784,0.1056569250850159,8.077698884090632e-06,0.0428479535993738
woG2,398,0.0432155955827138,,,,91.24809575080872,0.0216991535891763,0.0945775137572992,0.0073823780699281,0.0,0.0223997153540248,0.0044876330848935,0.1060830688134568,8.04313696985524e-06,0.0432155955827138
woG2,399,0.0421309216161731,,,,91.27606248855592,0.0208856003343692,0.0940839320909781,0.0073995404269882,0.0,0.0216037251864422,0.0044442561329113,0.1043193788863107,8.08121675473592e-06,0.0421309216161731
woG2,400,0.0414465566425294,0.1098181046545505,23.15629170735677,0.8456145922342936,91.18101119995116,0.0204381425483304,0.0931142246136899,0.0073262716445033,0.0,0.0211983327830179,0.0043673424401366,0.1042912618608259,8.706488015166475e-06,0.0414465566425294
woG2,401,0.0411918249256053,,,,91.24550199508668,0.0202622539058449,0.0932073744594073,0.0073207452717679,0.0,0.02100904217967,0.0043461220434363,0.1016423264060352,8.248988771557662e-06,0.0411918249256053
woG2,402,0.0416212307564059,,,,91.19940209388731,0.0204413153963987,0.0938978297788588,0.0073615515558812,0.0,0.0211940037208746,0.0043935206142391,0.1068399013249112,8.234467419960426e-06,0.0416212307564059
woG2,403,0.0406976331819276,,,,91.30187821388245,0.019860764598993,0.093012832715863,0.0073292723582049,0.0,0.0206317522975265,0.0043738433675168,0.1021068681825379,8.459059362342051e-06,0.0406976331819276
woG2,404,0.0404648700515266,,,,91.24145483970642,0.0197247067756462,0.0926783060441251,0.0073020412800375,0.0,0.0205094242453208,0.0044273342708217,0.1008579804729975,8.382301762051452e-06,0.0404648700515266
woG2,405,0.0412835085642386,0.1123275104910135,22.996672058105467,0.8421116987864177,91.32446384429932,0.0203331388823199,0.0931877244691379,0.0073115473277256,0.0,0.0210769458246402,0.0043603454861545,0.1021165308832633,8.590677134315977e-06,0.0412835085642386
woG2,406,0.04177024890287,,,,91.25325107574464,0.0206898989110085,0.0932577379414292,0.0073323537038303,0.0,0.0214000873450861,0.0044509690564095,0.104444889992964,7.853907533720138e-06,0.04177024890287
woG2,407,0.0415701267507965,,,,91.32220649719238,0.020585480329321,0.0930230422098128,0.00732296344931,0.0,0.021284300337744,0.0043532336646019,0.102991908567301,8.475022073503704e-06,0.0415701267507965
woG2,408,0.0420032148631136,,,,91.25061702728271,0.0208315036152718,0.0936284509838604,0.0073353763303307,0.0,0.0215675148532771,0.0043160682047915,0.1050899745133079,8.616067817649945e-06,0.0420032148631136
woG2,409,0.0420871134389375,,,,91.6732246875763,0.0208746399654106,0.09419383133044,0.0073828673100892,0.0,0.0215952945262437,0.0043303833732412,0.102433959693938,8.607633337167845e-06,0.0420871134389375
woG2,410,0.0415243267493902,0.1090581584721803,22.96019032796224,0.848150634765625,91.20478558540344,0.0205155188813194,0.0929962675102421,0.0073150379132845,0.0,0.0212897424677722,0.0044208718043919,0.1040955790486492,8.570607647561687e-06,0.0415243267493902
woG2,411,0.041738538880695,,,,91.47477221488953,0.0206772757571984,0.093075151814789,0.0073175324321739,0.0,0.0214418543456885,0.0043799950451147,0.1047625771616814,9.112254559595994e-06,0.041738538880695
woG2,412,0.040910737756945,,,,91.25974464416504,0.0200656073122117,0.0928058809921389,0.0073064027132741,0.0,0.0208076318405324,0.0044435318215887,0.1020916244778476,8.613443910307176e-06,0.040910737756945
woG2,413,0.0412935255492319,,,,91.19754266738892,0.0203665195597854,0.0929508775961203,0.0073254111329795,0.0,0.0211285192702637,0.0043068117630042,0.1023883091927063,8.860162469984067e-06,0.0412935255492319
woG2,414,0.0413397210879159,,,,91.2397153377533,0.0204235967096002,0.0926001589806353,0.0072934336914512,0.0,0.0211528264688419,0.0044209039235701,0.1038555403652249,7.996875854674858e-06,0.0413397210879159
woG2,415,0.0414530357468079,0.1103595793247222,22.741251118977864,0.8463251113891601,91.30698680877686,0.0204516555579592,0.0931354306760381,0.0073107980882565,0.0,0.0211937786766984,0.0043803813168779,0.1038127284435952,8.47172585645724e-06,0.0414530357468079
woG2,416,0.0410850058905169,,,,91.35868167877196,0.0202270733253633,0.0926661232455832,0.0073213752504193,0.0,0.0210032437195176,0.004413381699839,0.1019069086760282,8.733739056486614e-06,0.0410850058905169
woG2,417,0.041440707234452,,,,91.21115756034852,0.0204638240355082,0.0931087595517518,0.0073273676432302,0.0,0.0212038790226959,0.0043776429346075,0.102656591653091,8.130738224035082e-06,0.041440707234452
woG2,418,0.0412516165677397,,,,91.25528979301453,0.02036340367507,0.0927550064735725,0.0073034470274922,0.0,0.021113571107815,0.0043557509799014,0.101926386783846,8.695958137908998e-06,0.0412516165677397
woG2,419,0.0407029789277031,,,,91.20592617988586,0.0199429553429611,0.0926260923753019,0.0072925572100355,0.0,0.0206891410052776,0.0043623731920083,0.1007286498292547,9.057849092429264e-06,0.0407029789277031
woG2,420,0.0415034756430836,0.107469618320465,23.285457356770834,0.8459302266438802,91.31163382530212,0.020618985605533,0.0925335038880832,0.0072958412137432,0.0,0.0213251954066704,0.0043787099516446,0.1012126101089305,8.383317229153024e-06,0.0415034756430836
woG2,421,0.0409319356969389,,,,91.23229026794434,0.0201361486306566,0.0923550275505566,0.0072822873785969,0.0,0.0208715022251498,0.0043762428266164,0.1026967642065442,8.303335865086231e-06,0.0409319356969389
woG2,422,0.0410459386032135,,,,91.18882369995116,0.0202260330075123,0.0922992048693484,0.0072967615665593,0.0,0.0209987119420385,0.0042668792961134,0.1034502325060426,8.88573812831378e-06,0.0410459386032135
woG2,423,0.0411418371482706,,,,91.36061525344849,0.0202672012211357,0.0928198196848884,0.0072996021882004,0.0,0.0209731673211103,0.0043187325335581,0.1023232007368666,8.672270196967811e-06,0.0411418371482706
woG2,424,0.0408664091536011,,,,91.24448895454408,0.020115499537377,0.0922845567836136,0.0072936292252976,0.0,0.020841936535034,0.0043386915244436,0.1013986901914487,8.784155322748128e-06,0.0408664091536011
woG2,425,0.041242960641985,0.1109632197767496,22.87811686197917,0.846667734781901,91.24738931655884,0.0203628311407004,0.0926794277839973,0.0072988852644797,0.0,0.0210976585379389,0.0042821396882722,0.1025541661093469,8.418596207776076e-06,0.041242960641985
woG2,426,0.0413482319105599,,,,91.224591255188,0.0204124859091444,0.0928593717637609,0.0073132363365596,0.0,0.021100083488177,0.004331354028927,0.1037283197472818,8.63289641371306e-06,0.0413482319105599
woG2,427,0.0413463548680798,,,,91.2214810848236,0.020533336944817,0.0920988550928772,0.0072745780716268,0.0,0.0212361232347053,0.0043701685194048,0.1018772524644116,7.760550623336641e-06,0.0413463548680798
woG2,428,0.0408508959607999,,,,91.31118202209473,0.0200686907609466,0.0922897458076477,0.0072966302195411,0.0,0.0208219420775526,0.0044839142585081,0.1025360362207303,8.85400722099045e-06,0.0408508959607999
woG2,429,0.0412299356835543,,,,91.25157165527344,0.0204055359296989,0.092213112311285,0.007285862867186,0.0,0.0211052388700916,0.004324083466495,0.1030538401215291,8.803756066922718e-06,0.0412299356835543
woG2,430,0.0417054913266271,0.1097443792968988,23.086572265625,0.8453075726826985,91.14953780174255,0.0207591795622081,0.0924666323622719,0.0072727944801149,0.0,0.0214453807299132,0.0042851109107284,0.1040353132564513,8.533327209374353e-06,0.0417054913266271
woG2,431,0.0417262562779618,,,,91.29089951515198,0.0206861522995301,0.092923239117763,0.0073041768256025,0.0,0.0214184296821228,0.0043601010139787,0.1051913344560832,8.806961094020436e-06,0.0417262562779618
woG2,432,0.0407270033706407,,,,91.26521253585815,0.0199500177757906,0.0925079496180425,0.007287730027723,0.0,0.0207115973910835,0.0043499542659789,0.1023001151434222,8.813501371416482e-06,0.0407270033706407
woG2,433,0.0402470548774619,,,,91.19270849227904,0.0196603042394167,0.0917985585869335,0.0072640425880576,0.0,0.0204266268744698,0.0042686043192678,0.1013432636124188,8.512276977643884e-06,0.0402470548774619
woG2,434,0.0402321265247024,,,,91.23640131950378,0.0196316867883576,0.0921034768956606,0.0072880330510803,0.0,0.0204050054269858,0.0043137458374448,0.0997163316570833,8.882266904141221e-06,0.0402321265247024
woG2,435,0.0402346404696829,0.1129136309027671,22.744837443033852,0.843474292755127,91.2765429019928,0.0196762330387337,0.0915064284058868,0.0072468733376838,0.0,0.0204613326560156,0.0042992371581036,0.1016898581788676,9.67591031459599e-06,0.0402346404696829
woG2,436,0.0402848116564946,,,,91.2153697013855,0.0197818021244201,0.0912511265668712,0.0072331535744434,0.0,0.0205371472984552,0.0042555476500668,0.1002860885479899,8.722178630504655e-06,0.0402848116564946
woG2,437,0.0406707892896699,,,,91.21652936935423,0.0200010362523989,0.0920760914927623,0.0072693404050727,0.0,0.0207528287285297,0.0042904850064975,0.1000491799023307,8.377291117937802e-06,0.0406707892896699
woG2,438,0.0413630845055717,,,,91.17660617828368,0.0205681898447944,0.0918398538573843,0.0072518165631708,0.0,0.021311480773338,0.004315009170792,0.1024371261296213,8.543075041473236e-06,0.0413630845055717
woG2,439,0.0401256637434001,,,,91.23098611831664,0.0196104292437189,0.0915368223776582,0.007247892658791,0.0,0.0203744169843734,0.0043383000063572,0.1000139973141619,8.865084075908325e-06,0.0401256637434001
woG2,440,0.0406497443919299,0.1129330284893512,22.48218994140625,0.8462408701578776,91.21348929405212,0.0200130924063383,0.0915845984318217,0.0072576538087097,0.0,0.020741978179297,0.0043418330205299,0.1020124183326471,8.876655639270124e-06,0.0406497443919299
woG2,441,0.0407059896340379,,,,91.16352462768556,0.0200428009399625,0.0916627777404472,0.0072371505666524,0.0,0.0207952090508503,0.0042669884536079,0.1025710767287699,9.166767453915878e-06,0.0407059896340379
woG2,442,0.0414346930738843,,,,91.29116201400755,0.0205149774546506,0.0926462240883561,0.0072865767259395,0.0,0.021258410547295,0.0042436981237814,0.1033596043154353,8.298620500139023e-06,0.0414346930738843
woG2,443,0.040189691727645,,,,91.22080683708192,0.0196532454173706,0.0915027856826782,0.00723611366874,0.0,0.0204219131761032,0.0043227313216164,0.1009465103327739,9.076323575574744e-06,0.040189691727645
woG2,444,0.0407937512595634,,,,91.16827344894408,0.0201473213182609,0.0915161796280595,0.0072493209373816,0.0,0.0208554442544452,0.0042829592006097,0.1021366092208467,7.845436202423061e-06,0.0407937512595634
woG2,445,0.039943566438971,0.1114445365965366,22.78111877441406,0.8467329025268555,91.27729487419128,0.0195555280069591,0.090830738427209,0.0072074992673807,0.0,0.0203024670787033,0.0042897940224006,0.0999644811524719,8.55762310095801e-06,0.039943566438971
woG2,446,0.0408015438645589,,,,91.26996684074402,0.0200999915737231,0.0917446789194326,0.0072478915786095,0.0,0.0208531564758082,0.0042513474806776,0.1033314952596289,8.637052265604732e-06,0.0408015438645589
woG2,447,0.0401994896380872,,,,91.22157955169678,0.0196965118625857,0.0912662778721481,0.0072372919101206,0.0,0.0204355575861867,0.004216999746859,0.1013306736885035,8.596596669631574e-06,0.0401994896380872
woG2,448,0.0409927569543484,,,,91.18454575538637,0.0202914629757526,0.0918530059642479,0.0072596674502567,0.0,0.0210298603079968,0.0043078206162747,0.1004835096050481,9.124638056408863e-06,0.0409927569543484
woG2,449,0.0407776255923949,,,,91.01188349723816,0.0201411525352445,0.0915514939144009,0.007253637873247,0.0,0.020871335663451,0.0042656838157229,0.1012731107165579,8.26163379246007e-06,0.0407776255923949
woG2,450,0.0403315866915661,0.1089179385453462,22.95979207356771,0.8492538928985596,91.31341862678528,0.0198330353090509,0.0910051792371468,0.0072213163423794,0.0,0.0205894706114271,0.0042328551644459,0.1015048544609644,8.875825248030604e-06,0.0403315866915661
woG2,451,0.0399689049169909,,,,91.27074384689332,0.0194218293611021,0.0919898421060843,0.0072346218960878,0.0,0.020191835773895,0.0042400963520478,0.1004603486202779,8.58721546439475e-06,0.0399689049169909
woG2,452,0.0397789318755757,,,,91.3474667072296,0.0194167651953633,0.0908024355036313,0.0072014113624778,0.0,0.0201703950258918,0.0042519075128051,0.1003705189242714,8.845691478100228e-06,0.0397789318755757
woG2,453,0.0404825639743052,,,,91.1954860687256,0.0198053170117687,0.0922974753575246,0.0072452146559953,0.0,0.0205577448254725,0.0042554715106294,0.1009143815665948,8.993296570268857e-06,0.0404825639743052
woG2,454,0.0398782814898696,,,,91.15337300300598,0.0194715318789125,0.0910464598507177,0.007218044743583,0.0,0.0201885274718286,0.0042883437756662,0.1004011316499749,8.230307492043449e-06,0.0398782814898696
woG2,455,0.0410446036973449,0.1094467584043741,22.98069203694661,0.8460749785105387,91.27485251426695,0.0203745004064479,0.0915062857455894,0.0072465073050106,0.0,0.0211373317574502,0.0042653883822628,0.1006523386926436,9.071986735817098e-06,0.0410446036973449
woG2,456,0.0406508417952744,,,,91.21572518348694,0.0201008526883164,0.0912190499852915,0.007217231092089,0.0,0.0208248017340532,0.0041893862691692,0.1003039369329077,7.967630686329554e-06,0.0406508417952744
woG2,457,0.0406686135063894,,,,91.24398708343506,0.0200304713665095,0.0916432923957949,0.0072361277454517,0.0,0.0207817079804715,0.0041875569875062,0.1019206451038356,8.19822385041659e-06,0.0406686135063894
woG2,458,0.0401308712106747,,,,91.30412530899048,0.0197153705874549,0.0908453752760027,0.0072084661901424,0.0,0.0204528068329711,0.0042572407811483,0.0998520754949479,8.822352981755309e-06,0.0401308712106747
woG2,459,0.0422404608307558,,,,91.26181268692017,0.0212452262563661,0.0922472999721276,0.0072791161107235,0.0,0.0219219137883943,0.0042661582272438,0.1034211331337201,8.506290416021943e-06,0.0422404608307558
woG2,460,0.0420670435443276,0.1108783390372991,22.827303568522137,0.8479300498962402,91.26287937164308,0.0211497743949904,0.091901174334229,0.0072798771615766,0.0,0.0218269816279167,0.004297716720564,0.1029398000997598,8.914154956542255e-06,0.0420670435443276
woG2,461,0.0401340725785884,,,,91.2802369594574,0.0197566641403026,0.0904493537105497,0.0072150940503009,0.0,0.0205368324427208,0.0043334605727634,0.0997559980290835,8.704235733166682e-06,0.0401340725785884
woG2,462,0.0400812779171545,,,,91.23010516166688,0.0197178410427247,0.0905303422544823,0.0072100340774221,0.0,0.0205052444619722,0.0043371247841411,0.0987637657366815,8.91069842862764e-06,0.0400812779171545
woG2,463,0.0414008794840974,,,,91.28013372421265,0.0206718810788187,0.091359977839423,0.0072460854044336,0.0,0.0213668428620964,0.00427661900462,0.1023553426942375,9.237428794628188e-06,0.0414008794840974
woG2,464,0.0425909829677128,,,,91.42068696022034,0.0215655014789128,0.0917345759321431,0.0072482902304742,0.0,0.0222579360725816,0.0042151946624069,0.1056995527421841,8.661303798443567e-06,0.0425909829677128
woG2,465,0.0420778036483975,0.1110823191702365,23.0785634358724,0.8443586190541585,91.28733229637146,0.0211907776347437,0.0915888699351764,0.0072518735780518,0.0,0.0219142136591501,0.0042496629853229,0.1031600554763782,8.41615838038729e-06,0.0420778036483975
woG2,466,0.0406526306369265,,,,91.21372270584106,0.0201488306409999,0.0907573519182986,0.0072186572217672,0.0,0.0208314600110542,0.0042639045907398,0.10108910085725,7.784859947268428e-06,0.0406526306369265
woG2,467,0.0400646551374773,,,,91.31374382972716,0.0197403751481629,0.0904466343707725,0.0071842530875878,0.0,0.0205049008344773,0.0042017039930692,0.0980435233624255,8.491757315817794e-06,0.0400646551374773
woG2,468,0.0397686511430828,,,,91.34670639038086,0.0195594245079355,0.0899638430994065,0.0071684788172056,0.0,0.0203093596978387,0.0042242279188463,0.0978162603788688,9.049405085574418e-06,0.0397686511430828
woG2,469,0.03893136077362,,,,91.40071606636047,0.0188844424718227,0.0897530507845956,0.0071586106052683,0.0,0.0196459375963103,0.0041288216331149,0.098322595820808,8.455600825220286e-06,0.03893136077362
woG2,470,0.0390751013287999,0.1139872465282678,22.53376007080078,0.8464998404184977,91.27980160713196,0.0189815098267109,0.0897950832961035,0.0071479248218849,0.0,0.0197589658964119,0.0040930210150869,0.0993802773720416,9.221385309403977e-06,0.0390751013287999
woG2,471,0.0395555196665838,,,,91.39341187477112,0.0194176626773398,0.0895795509463451,0.0071448227581491,0.0,0.0201498268966059,0.0041792491092117,0.0989643827416613,8.93970688348997e-06,0.0395555196665838
woG2,472,0.0395468635576181,,,,91.20754361152648,0.0193555944019043,0.0897772688357556,0.0071643516650331,0.0,0.0201394255273044,0.0042336677605683,0.0999897270478674,8.772761343818361e-06,0.0395468635576181
woG2,473,0.040035665722289,,,,91.2247383594513,0.0197577102293,0.0899641323285024,0.007178734591017,0.0,0.0205065240228518,0.0041666048097989,0.0994836905452071,9.169146924012077e-06,0.040035665722289
woG2,474,0.0395498753479513,,,,91.32136392593384,0.0193670471656884,0.0898761104364864,0.0071680826501401,0.0,0.0201199621374367,0.0043147465626358,0.0986870290619916,9.441680906548816e-06,0.0395498753479513
woG2,475,0.0391556735410064,0.1119652856141328,22.71805623372396,0.847889518737793,91.28537631034852,0.0190682049886491,0.0896936513361383,0.0071528603601437,0.0,0.0198378679953271,0.004253791797845,0.0983910484269994,7.952858267868028e-06,0.0391556735410064
woG2,476,0.0392673409956156,,,,91.1076009273529,0.0192264973063815,0.0894157417484971,0.0071315481289305,0.0,0.0199690266191715,0.0041593427075164,0.0972629410260524,9.268779113283344e-06,0.0392673409956156
woG2,477,0.0389946859299403,,,,91.224871635437,0.0189773053175113,0.0893075666466697,0.0071368054563149,0.0,0.0197892848203783,0.0042370162163784,0.0983750541679194,8.575219458564446e-06,0.0389946859299403
woG2,478,0.0394742298474321,,,,91.21613192558289,0.019315497781776,0.0898881554603576,0.0071733640354187,0.0,0.0200794436587173,0.0042692390270531,0.0979659686200931,9.266196195389203e-06,0.0394742298474321
woG2,479,0.0400465767922215,,,,91.18349647521973,0.0197664420883797,0.0899778892759416,0.0071684858860967,0.0,0.0204701826556539,0.0042924198806743,0.0993753486908361,8.948918627652511e-06,0.0400465767922215
woG2,480,0.0399903571233153,0.1121072135865688,22.82420145670573,0.8464145183563232,91.16130113601685,0.0196657634080677,0.0902107568060765,0.0071941678084005,0.0,0.0204139573072068,0.0042397607782031,0.1005603384959404,9.226852609520028e-06,0.0399903571233153
woG2,481,0.0392606599012115,,,,91.21730065345764,0.0191813437268137,0.0895942063605199,0.0071656317679119,0.0,0.0199549086544601,0.0041808982391185,0.097818311777149,8.321499166015102e-06,0.0392606599012115
woG2,482,0.0391394411992342,,,,91.29814434051514,0.0191027765299697,0.0891112010987078,0.0071233000270411,0.0,0.0199101914376875,0.0041840153414236,0.0998484047099215,9.161752695232434e-06,0.0391394411992342
woG2,483,0.0392989202814756,,,,91.41021680831908,0.0192766458131983,0.0889873187072941,0.0071268925695206,0.0,0.0200544594802328,0.004121149678287,0.0988575684242561,9.608155431412251e-06,0.0392989202814756
woG2,484,0.0393043741828105,,,,91.213711977005,0.0191797802652247,0.0896617091092907,0.0071442794058563,0.0,0.0199110391244414,0.0041503352800109,0.1001904187571318,8.043072612369141e-06,0.0393043741828105
woG2,485,0.0391764126443227,0.1078906487673521,23.08437957763672,0.8468920230865479,91.16912269592284,0.019176030111667,0.0892340350346487,0.0071259867438099,0.0,0.0199233233531723,0.0041984892431188,0.0969178288808611,7.698351613570084e-06,0.0391764126443227
woG2,486,0.0388866181592228,,,,91.34754157066344,0.0189418386759572,0.0890253108055865,0.0071119415501254,0.0,0.0197090593273522,0.004156838154008,0.0980473219371232,8.020886061997202e-06,0.0388866181592228
woG2,487,0.0392292819489709,,,,91.21968150138856,0.0192099634832778,0.0891856800337306,0.0071427505921389,0.0,0.0199585226211757,0.0042673360354068,0.0975576448941328,8.4373354392479e-06,0.0392292819489709
woG2,488,0.0392709732605297,,,,91.31362676620483,0.0192502086188216,0.0890221341711575,0.0071285708051663,0.0,0.0200192488531475,0.0041733132484445,0.0986609833589831,8.095049543550814e-06,0.0392709732605297
woG2,489,0.0392858447262742,,,,91.34320211410522,0.0192024131290248,0.0894974323569751,0.0071628746809437,0.0,0.0199625809814353,0.0042127037638431,0.0985525168295277,9.006824772396026e-06,0.0392858447262742
woG2,490,0.039246005647373,0.107159037142992,23.331126912434897,0.8486391226450603,91.31978797912598,0.0191894097894918,0.0893521699749055,0.0071315496747733,0.0,0.019963809915009,0.0042994252833553,0.0980194065964124,8.83307943109056e-06,0.039246005647373
woG2,491,0.0440738168926756,,,,91.3393907546997,0.0228618934567345,0.0912882016330468,0.0072141123523355,0.0,0.0235218791077371,0.0042229842177027,0.1057840971673121,9.096546741514417e-06,0.0440738168926756
woG2,492,0.0457214757372609,,,,91.29759573936462,0.0240106991736493,0.0926578289172688,0.0072674628454031,0.0,0.0246843198451717,0.0042147624390352,0.1087301921282635,7.965039478146195e-06,0.0457214757372609
woG2,493,0.0433838411890825,,,,91.4149022102356,0.022232601571767,0.0918163305423298,0.0072311922358196,0.0,0.0229240023439414,0.0041534519586406,0.1050034796849626,8.39317750249993e-06,0.0433838411890825
woG2,494,0.0414480585910257,,,,91.31800770759584,0.020753061353061,0.0909204878767982,0.007212507298033,0.0,0.0214773116587493,0.0042363277247145,0.1030920201027002,8.865167402385647e-06,0.0414480585910257
woG2,495,0.0394820232310744,0.1077374275773763,23.162368774414062,0.8499851544698079,91.22522711753844,0.0193774149234055,0.0892640664929249,0.007165544513674,0.0,0.0201544281263209,0.0042298110316461,0.0993680039451259,8.98513598749819e-06,0.0394820232310744
woG2,496,0.0391476271735107,,,,91.27817273139954,0.0191724419318994,0.0888344391447598,0.0071219212898495,0.0,0.0199127246579918,0.0042511017202995,0.0985601893702491,8.549109169127533e-06,0.0391476271735107
woG2,497,0.0390086882274414,,,,91.34647703170776,0.0190836655311897,0.0888966199804525,0.0071273317587271,0.0,0.0198677796946807,0.0042189042175524,0.0961501955924952,9.05264355313229e-06,0.0390086882274414
woG2,498,0.0387016960923544,,,,91.43988299369812,0.018739233098802,0.0894946881005021,0.0072059371340714,0.0,0.0195141637117647,0.004164003404468,0.0970962502245531,8.423973581617537e-06,0.0387016960923544
woG2,499,0.0383382542669528,,,,91.2517294883728,0.0185609316209056,0.0885656822900303,0.0071023059970714,0.0,0.0193475419579104,0.0041374902099706,0.0968378729751852,8.96170977514526e-06,0.0383382542669528
woG2,500,0.0383013771297257,0.111186871305108,23.002784729003903,0.846521011988322,91.21044945716858,0.0185589674234268,0.0884715753500578,0.0070896729345998,0.0,0.0193327941595897,0.0041692260992484,0.0958499847071581,9.26779041057848e-06,0.0383013771297257
woG2,501,0.0385459047116217,,,,91.23037385940552,0.0187871079113273,0.0880174050565625,0.0070691162808111,0.0,0.0195759832019322,0.0041922084284854,0.0976035346383931,8.605565007809082e-06,0.0385459047116217
woG2,502,0.0375411440694674,,,,91.30522918701172,0.0180196613684052,0.0875492115489772,0.0070444449141133,0.0,0.0188720548281171,0.0041618401100706,0.0964716242351493,8.753992513587488e-06,0.0375411440694674
woG2,503,0.0377629595335389,,,,91.23190212249756,0.018199152855172,0.0876033271922439,0.0070371603074132,0.0,0.0190226822389198,0.0041981014904001,0.0965479903350599,1.0497886102142504e-05,0.0377629595335389
woG2,504,0.0386657129637286,,,,91.26822233200072,0.0188765924912495,0.0882662925563874,0.0070840430361997,0.0,0.019653840708073,0.0041937260873249,0.0964305493369942,9.707499597091348e-06,0.0386657129637286
woG2,505,0.0387059653208392,0.1120159868150949,22.83728942871094,0.8442676544189454,91.26976728439332,0.0188844768620538,0.0883705327745343,0.0070822655078267,0.0,0.0196500484617885,0.0041948144923376,0.0973054087247516,9.168076278773116e-06,0.0387059653208392
woG2,506,0.0386222314975056,,,,91.24071669578552,0.0188173099619443,0.0884485083525298,0.00707674977278,0.0,0.0196068122311205,0.0041876398046027,0.0963671859506456,9.039843678813903e-06,0.0386222314975056
woG2,507,0.0386390447250155,,,,91.2514946460724,0.0188474349265337,0.0881534648723289,0.0071060451007158,0.0,0.0196439782386554,0.0041846538393865,0.0974811756464301,9.557903895700749e-06,0.0386390447250155
woG2,508,0.0380530573855169,,,,91.21732425689696,0.018447834089948,0.0877536613433087,0.0070501954684064,0.0,0.0192455310664582,0.0041525777501863,0.0954126590771264,9.847030633830956e-06,0.0380530573855169
woG2,509,0.0388330426525141,,,,91.28864121437071,0.0190042500750573,0.0880058823061771,0.0070654076340867,0.0,0.0197690689905745,0.004198265317293,0.0992431828721625,1.0063621497634823e-05,0.0388330426525141
woG2,510,0.0395342494040483,0.1068887542933225,23.192267354329427,0.8496512413024903,91.41983294487,0.019521641606068,0.0884659485738785,0.0070913329655609,0.0,0.0202656173620556,0.0041234560432981,0.1002526197765694,9.591207468560596e-06,0.0395342494040483
woG2,511,0.0407525956264284,,,,91.32991886138916,0.0203630368713839,0.0898118947373061,0.0071487995742469,0.0,0.0211418374120944,0.0041175851193791,0.1001232627351753,9.48761434546722e-06,0.0407525956264284
woG2,512,0.0398136846660102,,,,91.26300168037416,0.0196621233566862,0.0892763890203882,0.007124839026145,0.0,0.0204384040209602,0.0041278473227513,0.0992929790871309,9.234726881929916e-06,0.0398136846660102
woG2,513,0.0389852404258534,,,,91.3054780960083,0.0191729003029157,0.0880205777824902,0.0070661578697656,0.0,0.0199434272944927,0.0041031899029908,0.0969455375442983,9.39324681355191e-06,0.0389852404258534
woG2,514,0.0391861530723141,,,,91.37637066841124,0.019330165165736,0.0879319583783384,0.0070594343925505,0.0,0.0200904373339087,0.0041985335362861,0.0979581469761543,8.886594464027484e-06,0.0391861530723141
woG2,515,0.0383565218080995,0.1104774177074432,22.825169372558594,0.8478490988413493,91.32892107963562,0.0186266072216581,0.0878084868681235,0.0070522678939656,0.0,0.0194520376179916,0.0040694640607756,0.0994986695405401,8.938146265048572e-06,0.0383565218080995
woG2,516,0.0383330588916041,,,,91.3676426410675,0.018640041107037,0.0879374561739749,0.007067842909028,0.0,0.0194028884050298,0.0041645551672907,0.0967589221955811,8.591320448495966e-06,0.0383330588916041
woG2,517,0.0377578949555754,,,,91.36032152175903,0.0182198647287536,0.0875985461180327,0.0070623903703249,0.0,0.0190142595713011,0.0041957010980695,0.0953264531419902,9.148087296533196e-06,0.0377578949555754
woG2,518,0.037460820016558,,,,91.12453818321228,0.0180260793565482,0.0870374319006185,0.0070237252426135,0.0,0.0188703727374067,0.0041808227676379,0.0959650893680384,9.688339847902508e-06,0.037460820016558
woG2,519,0.0378921144321316,,,,91.2666037082672,0.0184122187879364,0.086947277921145,0.0070289993891492,0.0,0.0192258867862649,0.0041496414485097,0.0954555596728793,9.373984880030717e-06,0.0378921144321316
woG2,520,0.0385804019990514,0.11274990811944,22.74100392659505,0.847652530670166,91.16493773460388,0.0188955626847436,0.0876092729998416,0.0070511395241454,0.0,0.0196686481797426,0.0041141486783954,0.0963967726794911,9.393722117981831e-06,0.0385804019990514
woG2,521,0.0390505933462352,,,,91.29239201545715,0.0192179423756897,0.0879531932658836,0.0070663688315048,0.0,0.0199702802022583,0.0042030860242418,0.0977983255794302,8.400939238800061e-06,0.0390505933462352
woG2,522,0.0384718617119017,,,,91.347510099411,0.0188293754749122,0.08744714054905,0.0070425404090678,0.0,0.0196024729091613,0.0041219026411379,0.0961474235184857,9.268051891014143e-06,0.0384718617119017
woG2,523,0.0382397929053814,,,,91.06499719619752,0.0186365741137109,0.0873543102233136,0.0070356232816445,0.0,0.0194331140593305,0.0041780789825515,0.0963667597560608,8.633903370082185e-06,0.0382397929053814
woG2,524,0.0382577967600988,,,,91.37103009223938,0.0186906149534539,0.0870962841588942,0.0070234902210716,0.0,0.0195061010842929,0.0041364527261648,0.0959668224830119,9.15555520654671e-06,0.0382577967600988
woG2,525,0.0383951774355573,0.1120860036462545,22.856530253092448,0.8458722273508708,91.34189796447754,0.0186775300773929,0.0879099427676591,0.007045129586973,0.0,0.019467404944303,0.0041896085002932,0.097507808143731,9.329948373975295e-06,0.0383951774355573
woG2,526,0.0392561883161791,,,,91.29292154312134,0.0192260110491245,0.0893189193772488,0.0070990503872515,0.0,0.0199796699491314,0.0040741884493131,0.0977711884274346,9.350517923313586e-06,0.0392561883161791
woG2,527,0.0392072257723231,,,,91.203697681427,0.019341591669277,0.0879149617718868,0.007031169630297,0.0,0.0201178173549839,0.0041803918076587,0.0984373110667115,8.995489108061687e-06,0.0392072257723231
woG2,528,0.0385659791712389,,,,91.29843592643738,0.0188961200584031,0.0874194913223141,0.0070456148880976,0.0,0.0196696767491883,0.0040860491591032,0.0971871228797025,9.252422785211988e-06,0.0385659791712389
woG2,529,0.0382522448561474,,,,91.35509300231934,0.0186601308113361,0.0870145495797767,0.0070064546479309,0.0,0.0194298190629628,0.0041545654998206,0.0985595452614495,8.901190717965117e-06,0.0382522448561474
woG2,530,0.0378379133056666,0.1098305378109216,23.041861979166665,0.8480549653371176,91.29222917556764,0.0183483054250723,0.0872164422371348,0.0070219423572273,0.0,0.0191440019893963,0.004126900824199,0.0948500641789592,9.007040989232698e-06,0.0378379133056666
woG2,531,0.0383382756568369,,,,91.37560272216795,0.0187793532386422,0.087042468493102,0.0070351337876598,0.0,0.0195544936969021,0.0041120726935809,0.0955419161158507,9.23823984618492e-06,0.0383382756568369
woG2,532,0.0389891855082795,,,,91.28800511360168,0.0192065598275207,0.0878082274413499,0.0070496508679887,0.0,0.0199716638117173,0.004111789966567,0.0967772833880831,8.664372870602093e-06,0.0389891855082795
woG2,533,0.0377712430218692,,,,91.22652626037598,0.0183489240675431,0.0864508034753017,0.006973659926949,0.0,0.0191925326743941,0.0041289832290323,0.0968545921696502,9.80131481347387e-06,0.0377712430218692
woG2,534,0.038062737017992,,,,91.23378252983092,0.0185212493400837,0.087219912009161,0.0070247668868358,0.0,0.0193483556513903,0.0041103783086491,0.0954338796436786,8.27742107582546e-06,0.038062737017992
woG2,535,0.0383785257390776,0.1071296799927949,23.387610880533853,0.847125752766927,91.3665783405304,0.0187970034274287,0.087129322231793,0.0070172751047572,0.0,0.0195881357248567,0.0041182856361732,0.0957038786079062,9.19197301488853e-06,0.0383785257390776
woG2,536,0.03855409332719,,,,91.29940962791444,0.0189787324395824,0.0865621342033636,0.0069856042916443,0.0,0.0197718607903015,0.0040843766717026,0.0980273060439551,9.14344640790898e-06,0.03855409332719
woG2,537,0.038305473116944,,,,91.38701224327087,0.0187727001907884,0.0867485926776635,0.0069977602478666,0.0,0.0195616176351904,0.0041420072771334,0.0963406390281485,9.823858396353876e-06,0.038305473116944
woG2,538,0.0386478474791176,,,,91.24506545066832,0.018988585130113,0.0871329419925564,0.0070122288898793,0.0,0.0197276319300786,0.0041347941398987,0.0981152528805322,9.442364115020228e-06,0.0386478474791176
woG2,539,0.0380253832420853,,,,91.20503830909728,0.0185788692372133,0.0866221580349031,0.0070004666712684,0.0,0.0193813009584536,0.0041175533933412,0.0948703398042526,9.524975455284676e-06,0.0380253832420853
woG2,540,0.0381036016204562,0.1098016742616891,22.8325185139974,0.8484088102976481,91.24087905883788,0.0185803527653705,0.087054964948873,0.0070344752242758,0.0,0.0193588931159284,0.0041355937452162,0.0955282974316448,8.861726412847255e-06,0.0381036016204562
woG2,541,0.0382790479686905,,,,91.3526062965393,0.0188183160117048,0.0863542283167604,0.0069876101295479,0.0,0.0196081258158092,0.004117589405753,0.0953548545109444,8.762133828568492e-06,0.0382790479686905
woG2,542,0.0382592822959432,,,,91.12007546424866,0.0187762650798578,0.0865464713729795,0.0069906325098585,0.0,0.019550995863058,0.0041902563114818,0.0953004622496053,8.549124259774373e-06,0.0382592822959432
woG2,543,0.0375683387955192,,,,91.22488498687744,0.0182346249472533,0.086275862377198,0.0069718282120149,0.0,0.0190305753962182,0.0041106235804646,0.0954344482390118,8.952979037880468e-06,0.0375683387955192
woG2,544,0.0378022596972887,,,,91.39674377441406,0.01843475159563,0.0860725567966211,0.0069760307593301,0.0,0.0192279062142259,0.0041031062614447,0.0966952244949634,8.832224363405756e-06,0.0378022596972887
woG2,545,0.0377354488753881,0.1119267344474792,22.877180989583334,0.8489390214284261,91.3699550628662,0.0183262623022081,0.0863447321242973,0.0069675122418242,0.0,0.0191327985757809,0.0041227290525146,0.0976314623153112,9.365809532896797e-06,0.0377354488753881
woG2,546,0.0374950019825921,,,,91.18313765525818,0.0182092903701008,0.0860834981574386,0.006956872583718,0.0,0.0190238161928585,0.004062292667976,0.0947749770750276,9.659893315834532e-06,0.0374950019825921
woG2,547,0.0379793079356189,,,,91.23465514183044,0.0185724808681817,0.0859991590507694,0.0069737874093602,0.0,0.0193663352611856,0.0040830314048703,0.0979130014960394,9.37766131696229e-06,0.0379793079356189
woG2,548,0.0385792400290975,,,,91.46694564819336,0.0190341425143548,0.0865536659467415,0.0069798316814188,0.0,0.0197726425516312,0.0040608496504423,0.096678279492943,9.372055114183572e-06,0.0385792400290975
woG2,549,0.0391130495327906,,,,91.2246708869934,0.0193673864037531,0.087222968457175,0.0070085722063744,0.0,0.0201147785104933,0.00414898442906,0.0978410076349973,9.435175690308192e-06,0.0391130495327906
woG2,550,0.0381338621840858,0.1081577260047197,23.120352681477865,0.8480151971181233,91.07197308540344,0.0186865651964774,0.0862472658274603,0.0069726415009039,0.0,0.0195079606682917,0.0040967046019819,0.0966081126730461,8.435077125543827e-06,0.0381338621840858
woG2,551,0.0381119713858991,,,,91.327960729599,0.0186259026608628,0.0865446167891142,0.0070022111796758,0.0,0.0194468294102393,0.0040986316992336,0.0968457827436142,9.328918429456256e-06,0.0381119713858991
woG2,552,0.0380045073106884,,,,91.31361055374146,0.0184965502150112,0.0870421426218064,0.007025791427548,0.0,0.0193035195535812,0.0041757103143504,0.0952745001824175,9.487492538830496e-06,0.0380045073106884
woG2,553,0.0374322114970351,,,,91.321608543396,0.0181981390342116,0.0857670771293952,0.0069449193294724,0.0,0.0190040384510867,0.0041297180721246,0.0945245648627398,8.821384004086202e-06,0.0374322114970351
woG2,554,0.0386680566293538,,,,91.355286359787,0.0190833929971959,0.0866337736121943,0.0069720572811078,0.0,0.0198208730377745,0.0041102102392765,0.09739546083891,9.383262852381355e-06,0.0386680566293538
woG2,555,0.0376404112846147,0.1137287653982639,22.66410115559896,0.848727019627889,91.39544439315796,0.0183648357060966,0.085741607380695,0.0069335290959837,0.0,0.0191648915394774,0.004146995347329,0.0951415762671681,8.791615898432233e-06,0.0376404112846147
woG2,556,0.0378064531680257,,,,91.38139581680298,0.0184827335636879,0.0856975575939553,0.0069265664730709,0.0,0.0193005092289359,0.0040592354985686,0.0968912116816786,9.23638186756479e-06,0.0378064531680257
woG2,557,0.036881179655673,,,,91.30764985084534,0.0178591004175851,0.0849230944133195,0.0069031392617273,0.0,0.0187146160751581,0.0041045506969552,0.0933537275881552,9.631337382230616e-06,0.036881179655673
woG2,558,0.0370256152675777,,,,91.22632932662964,0.0179617075157947,0.0850083002301513,0.0069091139460501,0.0,0.0188104040981804,0.0040562032229557,0.0940266122705623,9.73595525357002e-06,0.0370256152675777
woG2,559,0.0374884013483514,,,,91.33309841156006,0.018268015289099,0.0854354290688624,0.0069188008611624,0.0,0.0190790455223473,0.0041535515872547,0.0955473335734644,9.133088371076362e-06,0.0374884013483514
woG2,560,0.0383522818781069,0.1089527271687984,23.002823384602863,0.8478699207305909,91.26808571815492,0.0189358513558008,0.0858296908316065,0.0069371271118918,0.0,0.0196991802162689,0.0040943953246794,0.0963817160943004,9.749194070011352e-06,0.0383522818781069
woG2,561,0.0392207535533387,,,,91.3024389743805,0.0194858176572645,0.0868924650989595,0.0069873628443198,0.0,0.02024002641928,0.0041436798465972,0.0986053051701823,9.211316322694276e-06,0.0392207535533387
woG2,562,0.0380612098321807,,,,91.23835158348083,0.0187212376259878,0.0856543925941967,0.0069323397264434,0.0,0.0195157404561511,0.0040894849321301,0.0957398667442994,9.179700310857673e-06,0.0380612098321807
woG2,563,0.0375953549671857,,,,91.33796572685242,0.0183870131684253,0.0852227010687843,0.0069070008495578,0.0,0.01921366812417,0.0041312231342537,0.095312874764204,9.714704221565318e-06,0.0375953549671857
woG2,564,0.0376749409240533,,,,91.38320088386536,0.0184556825437628,0.0853871097330187,0.0069081605560924,0.0,0.0192680618206619,0.0040460779583539,0.0944196988263579,9.07222173735138e-06,0.0376749409240533
woG2,565,0.0372602518678444,0.1062969304621219,23.137272135416666,0.8494952996571858,91.40089821815492,0.0181432722182181,0.0850971912751432,0.0068947866055198,0.0,0.018964553305299,0.0040214839754015,0.0946467092535534,9.78585101867934e-06,0.0372602518678444
woG2,566,0.0385426889921798,,,,91.34840178489684,0.018990658040418,0.0864860806308808,0.0069756189124567,0.0,0.0197596891370953,0.0041559435327949,0.0972917428637137,8.936893133832292e-06,0.0385426889921798
woG2,567,0.0380698832240505,,,,91.34764528274536,0.0186974465175241,0.085714191198349,0.0069344030181709,0.0,0.0194873530341342,0.0040690210976134,0.0972750777470283,9.389472984877031e-06,0.0380698832240505
woG2,568,0.0371461252788784,,,,91.30701875686646,0.018046007422944,0.0850847778750247,0.00690816337487,0.0,0.0188751066729548,0.0040874590688827,0.0944940181540661,9.417585371131528e-06,0.0371461252788784
woG2,569,0.0371958867448275,,,,91.35098099708556,0.0181711926048652,0.0844749397918826,0.0068716398062428,0.0,0.018985664136097,0.0039779051325329,0.0947202750038905,9.987397318307587e-06,0.0371958867448275
woG2,570,0.0375222820391664,0.1095624156296253,22.98571014404297,0.8500142733256022,91.2749924659729,0.0183449440299853,0.0850299108223836,0.0068871657226662,0.0,0.0191560082717752,0.0040889279592446,0.0960044867252228,8.678901894276598e-06,0.0375222820391664
woG2,571,0.0372265273186027,,,,91.32350063323976,0.0181296634045047,0.0847974908156473,0.0068914678985955,0.0,0.0189784134997696,0.0041424590296524,0.0952745629321844,9.561237046365974e-06,0.0372265273186027
woG2,572,0.0370402149398063,,,,91.29497385025024,0.0179769929009871,0.0850334157709215,0.0069309233470254,0.0,0.0188213192445577,0.0040730677132845,0.0935728715152525,9.617519583922804e-06,0.0370402149398063
woG2,573,0.0373101318102391,,,,91.18112659454346,0.0182011444884978,0.0850257194433056,0.0069174916181927,0.0,0.0190213148436341,0.0040297309322221,0.0941257479249454,9.833767091114748e-06,0.0373101318102391
woG2,574,0.0369554564784296,,,,91.34393525123596,0.0179699140020691,0.0845204098302809,0.0068618571576586,0.0,0.0187927795054971,0.004092342119099,0.0939172446178119,9.926419263934855e-06,0.0369554564784296
woG2,575,0.0372527688436332,0.1097874827682972,22.981534322102863,0.8498799959818523,91.29590916633606,0.0181855130940675,0.0848008511496371,0.0069009187883224,0.0,0.0189807199735621,0.0040470077961561,0.094104425279332,8.866095256941584e-06,0.0372527688436332
woG2,576,0.0372176687614839,,,,91.31830263137816,0.0181074743082777,0.0849722491913154,0.0069159542240935,0.0,0.0189468049612201,0.0040242862773173,0.0953580691616554,9.385599746602124e-06,0.0372176687614839
woG2,577,0.0378960944925908,,,,91.22639989852904,0.0186225454414599,0.0855273750961804,0.0069426403182451,0.0,0.0193848288007324,0.0041332572553551,0.094479689191355,9.04990378254566e-06,0.0378960944925908
woG2,578,0.0374638952284318,,,,91.38681745529176,0.0183405082932383,0.0846997856116685,0.0068792888997733,0.0,0.0191721686726955,0.0040420633120477,0.0958271513647232,1.1246971837080556e-05,0.0374638952284318
woG2,579,0.0369489007308834,,,,91.30909204483032,0.0179831818448471,0.0842863057480483,0.0068630260648205,0.0,0.0188291569957967,0.0040480344781468,0.0944927263638523,9.251373794231189e-06,0.0369489007308834
woG2,580,0.0365815394725955,0.1124523542821407,22.775152587890624,0.8461541652679443,91.36359071731567,0.0176752754639773,0.0843895874062522,0.0068624046741847,0.0,0.0185286020783738,0.004066238960358,0.0936794322839037,9.687993560437502e-06,0.0365815394725955
woG2,581,0.036866447399752,,,,91.2685821056366,0.0178975164813951,0.0843245484789863,0.0068550295173572,0.0,0.0187468467753563,0.004034705168079,0.0952625679554509,9.983812474188404e-06,0.036866447399752
woG2,582,0.0378607881606602,,,,91.35731768608092,0.018661334645003,0.084916496374568,0.0068929131203865,0.0,0.0194435687735676,0.0040654290341543,0.0951644840848739,9.547163210753887e-06,0.0378607881606602
woG2,583,0.0376304535378442,,,,91.2475368976593,0.0184758223791713,0.084925719460503,0.0068940044510498,0.0,0.0192663358127484,0.0040917924403014,0.0945185829015051,9.013097370479958e-06,0.0376304535378442
woG2,584,0.0374337159952179,,,,91.36674427986144,0.0183232766499773,0.084679755519648,0.0068856162767185,0.0,0.0191163784274678,0.0040657825855782,0.0957785457311595,8.567957948704276e-06,0.0374337159952179
woG2,585,0.0373243726637275,0.1140399537980556,22.58568369547526,0.8461098829905193,91.28572487831116,0.0181845004945138,0.0849364277769307,0.0068909172865669,0.0,0.0189839478460003,0.0040508696149088,0.0966951138355204,9.992877910975808e-06,0.0373243726637275
woG2,586,0.0371014388033845,,,,91.2421488761902,0.0180888651091544,0.0844103166314422,0.0068602069742886,0.0,0.0189140819807033,0.0040156589601509,0.0951925140545993,9.58718443375913e-06,0.0371014388033845
woG2,587,0.036966621249792,,,,91.19738268852234,0.0180123176303554,0.0841925710928244,0.0068676187465975,0.0,0.0188557467438647,0.0040048561726895,0.0945198248583273,1.0248698595315062e-05,0.036966621249792
woG2,588,0.0369797361037525,,,,91.10288667678832,0.0179865196057152,0.0844575625951172,0.0068796985004036,0.0,0.0188172053179291,0.0040377851033613,0.0947018252136033,9.638116509781211e-06,0.0369797361037525
woG2,589,0.0367709148797344,,,,91.31491994857788,0.0178794148072722,0.0838142394042406,0.0068306749224754,0.0,0.018733147157692,0.0039970611954932,0.0955670637490808,9.479801819226077e-06,0.0367709148797344
woG2,590,0.0367078351650814,0.1145079862326383,22.51343129475912,0.8472296873728434,91.17017817497252,0.0178455479107186,0.0839092286883807,0.006834987692199,0.0,0.0186495380857806,0.0040366678349826,0.0940608219777951,9.555088922373338e-06,0.0367078351650814
woG2,591,0.0368929936962782,,,,91.07124662399292,0.0180039988510066,0.0836939562539585,0.006817745682249,0.0,0.0188209235164352,0.0040014057370574,0.0954813071999882,9.057345043263472e-06,0.0368929936962782
woG2,592,0.0369998053876591,,,,91.22758650779724,0.0180479733990963,0.0840981710152547,0.0068425942693272,0.0,0.0189039515346655,0.00408162364782,0.0943779531927382,9.691338455477296e-06,0.0369998053876591
woG2,593,0.036889761319903,,,,91.28753757476808,0.0179441853304256,0.0841834354596059,0.0068680248719441,0.0,0.0188018247088203,0.0040831440605498,0.094377194454924,9.870517469887006e-06,0.036889761319903
woG2,594,0.03651581145823,,,,91.239164352417,0.0177326349495742,0.0835248476169148,0.0068190873096712,0.0,0.0185704851736787,0.0040028300079074,0.0939539454449884,9.225034810930096e-06,0.03651581145823
woG2,595,0.0364535976598253,0.1117057986557483,22.785549926757813,0.8490808169047038,91.2011444568634,0.0176822673834738,0.0834636439065464,0.0067993089533792,0.0,0.0185247468227734,0.0039991226455685,0.094342241796558,9.40429328379874e-06,0.0364535976598253
woG2,596,0.0365881134038333,,,,91.14148354530334,0.0177760010615724,0.0835133356149079,0.0068108016609779,0.0,0.018628906977714,0.0040216869922721,0.0948484735716073,8.568743176099221e-06,0.0365881134038333
woG2,597,0.0369659501784404,,,,91.31410932540894,0.0180720211098306,0.0836743087065024,0.0068256331371051,0.0,0.0188602288558957,0.0040174405506552,0.0953982835177515,9.404968584581818e-06,0.0369659501784404
woG2,598,0.037173738580991,,,,91.15518808364868,0.0182257882304123,0.0839000529930239,0.0068268219875477,0.0,0.0190112992021881,0.0040120144554062,0.0949143146882291,9.341579782131145e-06,0.037173738580991
woG2,599,0.0370893553357388,,,,91.31857824325562,0.0181569087807638,0.0837757514148462,0.0068411780444935,0.0,0.0189571868796206,0.0040600234346815,0.0953849148860231,8.681935212163086e-06,0.0370893553357388
woG2,600,0.0374578896787811,0.1094941515475511,23.04608561197917,0.8488686879475912,91.15247797966003,0.0184446580509548,0.0839115718349081,0.0068245515280754,0.0,0.0192643753252923,0.0040098755395223,0.0955753701387858,9.543155087324612e-06,0.0374578896787811
woG2,601,0.0368273721427702,,,,91.16322803497314,0.0180126515323998,0.0833403131023782,0.0068020445626748,0.0,0.0188822124275516,0.0039743484955922,0.0939543295468463,9.40159179228362e-06,0.0368273721427702
woG2,602,0.0361335265954009,,,,91.19793367385864,0.0175099301945845,0.0829005798355477,0.0067766523561211,0.0,0.0183541110304535,0.0039959896344416,0.0929537094579856,1.0023036633063044e-05,0.0361335265954009
woG2,603,0.0365458846428111,,,,91.1796452999115,0.0177811551610099,0.0835086131682161,0.0068047242200948,0.0,0.0186125043489527,0.0040022373604053,0.092771350818335,9.39681571148501e-06,0.0365458846428111
woG2,604,0.0370233192826147,,,,91.1955065727234,0.0181486048109707,0.0835496499890186,0.0068177356170948,0.0,0.0189647663415211,0.0040134464402026,0.0943626511964153,9.765489621930807e-06,0.0370233192826147
woG2,605,0.0366312912741645,0.1116083767265081,22.782188924153647,0.8479660034179688,91.15222549438477,0.0178505584490714,0.0831353683940699,0.0067850975014391,0.0,0.0186675774834317,0.0039684556989518,0.0960046873107308,8.69459586522272e-06,0.0366312912741645
woG2,606,0.0365897187291354,,,,91.24780988693236,0.0178455583842807,0.0832286770226525,0.0068036879710547,0.0,0.0186719429740285,0.0040428093157433,0.0930880956412827,9.874149344726812e-06,0.0365897187291354
woG2,607,0.0369502587824082,,,,91.23616433143616,0.0180988289858596,0.0832566242726122,0.0067948103867104,0.0,0.0188714698659347,0.004017448581404,0.0963708084443065,8.928287371311206e-06,0.0369502587824082
woG2,608,0.0371218793949142,,,,91.22248148918152,0.0182524562782806,0.0833792994256879,0.0067942047026008,0.0,0.0190488161503902,0.0039957412938419,0.0946650884312684,9.343535693300738e-06,0.0371218793949142
woG2,609,0.038233384566351,,,,91.2709186077118,0.0189838501563692,0.0843714719913044,0.0068437469604073,0.0,0.0197147143485604,0.0040311894578034,0.0993046634448844,9.459524427051334e-06,0.038233384566351
woG2,610,0.0383647741810953,0.1139789540320634,22.71356404622396,0.8465331077575684,91.19786953926086,0.0191418397255608,0.0841670573734846,0.0068214704000131,0.0,0.0199064348641111,0.0040720936910966,0.0974824942770551,9.7345668872107e-06,0.0383647741810953
woG2,611,0.0373316278650623,,,,91.12372064590454,0.0184146340203578,0.0830307666395531,0.0067634845828087,0.0,0.0192113901625891,0.0039842469697879,0.098154599671481,9.429623278674353e-06,0.0373316278650623
woG2,612,0.0375083283841854,,,,91.32126307487488,0.0185387846479406,0.0834973987008704,0.0067896751274705,0.0,0.019341043876026,0.0039640791794346,0.0960009049502064,9.669982127133663e-06,0.0375083283841854
woG2,613,0.036141249549682,,,,91.24693870544434,0.0175293866606032,0.0828598918484859,0.0067692138998937,0.0,0.0183853444979205,0.0039813686772936,0.092437293411034,9.377880939034e-06,0.036141249549682
woG2,614,0.0359443568120725,,,,91.1138505935669,0.0174012970957966,0.0825831035121542,0.0067365420257031,0.0,0.0182898044433505,0.00399751077429,0.0920448844916507,1.0756961943047277e-05,0.0359443568120725
woG2,615,0.0357651504855908,0.1093879211694002,23.103428649902344,0.8501830101013184,91.18596744537354,0.0172679265121333,0.0825120093392544,0.0067661810269365,0.0,0.0181567998847267,0.0040481151272466,0.0913407660593263,8.901442281250925e-06,0.0357651504855908
woG2,616,0.035779460577569,,,,91.33137249946594,0.0173091945146805,0.0822594903531621,0.006722196820192,0.0,0.0181823551013577,0.003977712493802,0.0920223878604955,9.636968362157676e-06,0.035779460577569
woG2,617,0.0360232280323007,,,,91.21240139007568,0.0174669251990977,0.0825472874719588,0.0067461635993763,0.0,0.0183154984270451,0.0039564894806196,0.0928591232380417,9.98944356006844e-06,0.0360232280323007
woG2,618,0.0363466717974572,,,,91.05271339416504,0.0177085020075567,0.0828551000258961,0.00678930452979,0.0,0.0185653964347648,0.0039453541566083,0.0920817900571178,9.524123831108274e-06,0.0363466717974572
woG2,619,0.0361386565491557,,,,91.37007284164427,0.0175531000265332,0.0828044302150851,0.0067602482177775,0.0,0.0184138081204451,0.00399076205976,0.0912377940887799,1.0087733073115811e-05,0.0361386565491557
woG2,620,0.0360817189068823,0.1090240757912397,23.13057149251302,0.849324639638265,91.39447093009947,0.0174877683204583,0.0827456380500168,0.006769097753663,0.0,0.0183608800508692,0.0039522903713733,0.0927596527350242,9.7273115952718e-06,0.0360817189068823
woG2,621,0.0355501308976138,,,,91.13722825050354,0.0171168323636787,0.0824241701696739,0.0067433473161711,0.0,0.0179742885997793,0.0039789676046014,0.0909614499856824,1.0118712516183946e-05,0.0355501308976138
woG2,622,0.0360163077254031,,,,91.2715711593628,0.0174841848965428,0.0823516088430998,0.0067430715492666,0.0,0.0183400498077151,0.0039347930263621,0.0929667381417067,9.950520081495547e-06,0.0360163077254031
woG2,623,0.0359020093913938,,,,91.22082996368408,0.0173669405983852,0.0825329041871868,0.0067342469873303,0.0,0.0182407761801828,0.0039557967350253,0.0926850957215809,9.943044057963864e-06,0.0359020093913938
woG2,624,0.036135599062946,,,,91.18154215812685,0.0176312401585403,0.0820573563458489,0.0067160663893446,0.0,0.0184591837746442,0.0039733960350486,0.0925075392864766,9.277086023139134e-06,0.036135599062946
woG2,625,0.0364220956126686,0.1115799620747566,22.70903727213541,0.8478737831115722,91.20719909667967,0.0177888464961262,0.0821653868331283,0.006729936276822,0.0,0.01861827573968,0.0040058274257195,0.0963864837635736,9.321368449004636e-06,0.0364220956126686
woG2,626,0.03627338129111,,,,91.08531355857848,0.0176928334823641,0.0822871498397139,0.0067441654735107,0.0,0.018544299955495,0.0039526242037593,0.0937550856014255,9.51012232191061e-06,0.03627338129111
woG2,627,0.0361342484009314,,,,91.11683797836304,0.0176035388617119,0.0821361092270397,0.0067118555021121,0.0,0.0184253732536415,0.0039608954341288,0.093633160361501,9.05358350581128e-06,0.0361342484009314
woG2,628,0.0363024602354061,,,,91.1937174797058,0.017712239466119,0.0822280611171097,0.0067383930522215,0.0,0.0185509471787658,0.0039868675836468,0.094492956812753,9.404615372259268e-06,0.0363024602354061
woG2,629,0.0359877332220556,,,,91.19883823394775,0.0174844838205541,0.0818877733144603,0.0066986912460692,0.0,0.0183203862674656,0.0039764009931384,0.0951428608816178,1.0174789375280396e-05,0.0359877332220556
woG2,630,0.036362309802751,0.1107700765132904,23.016585795084637,0.847235647837321,91.23073387145996,0.0177717386958662,0.0823170000412425,0.00672049976725,0.0,0.0185886597581452,0.0040019854910854,0.093450742651571,9.009619522776144e-06,0.036362309802751
woG2,631,0.0360578483917185,,,,91.19582009315492,0.0175426790383873,0.0822097600483503,0.0067407947747403,0.0,0.0184086695023369,0.0039526160432361,0.0924310686952266,1.0063781230321387e-05,0.0360578483917185
woG2,632,0.0359556246854242,,,,91.12531733512878,0.0174995193822828,0.0819534468846242,0.0067260602153226,0.0,0.0183509812827725,0.0039698583260941,0.091945429744779,9.10947196165676e-06,0.0359556246854242
woG2,633,0.0355524150960025,,,,91.19620943069458,0.0171802694084825,0.0817776214881021,0.0066936657702947,0.0,0.0180615848922705,0.0039172632405992,0.0922514305556895,9.22161338000668e-06,0.0355524150960025
woG2,634,0.0355188944300667,,,,91.14254426956175,0.0171317173106992,0.0817619909028538,0.0066965775484158,0.0,0.0180078374496737,0.0039674911025881,0.0934489637491155,1.0318747340125174e-05,0.0355188944300667
woG2,635,0.03606622707343,0.1129610352218151,22.81864674886068,0.8474210421244304,91.14515209197998,0.0174870605305692,0.0823331714653577,0.0067259241391706,0.0,0.0183378983762298,0.0039813759685188,0.0953354629703232,9.522018484069662e-06,0.03606622707343
woG2,636,0.0360621130704635,,,,91.29730653762816,0.0175662104376271,0.0819957490827216,0.0067131217763774,0.0,0.0183985853094424,0.0039193513536001,0.093376175592058,9.480653998961324e-06,0.0360621130704635
woG2,637,0.0358474096283316,,,,91.01822090148926,0.0174315615908288,0.0816856236731419,0.0066715147418779,0.0,0.0182567567595082,0.0038861798000384,0.0933541347440637,9.922801651090778e-06,0.0358474096283316
woG2,638,0.0358235377543529,,,,91.2940318584442,0.0174526114887023,0.0815351751984142,0.0066759632824019,0.0,0.0183018822085539,0.0039649049438475,0.0914591680296131,9.918299603600962e-06,0.0358235377543529
woG2,639,0.0364725077219429,,,,91.46448969841003,0.0178650780046572,0.0823660531982046,0.0067319461930787,0.0,0.0186818598189437,0.0039257499461871,0.0932693815500032,1.0426842130621567e-05,0.0364725077219429
woG2,640,0.0363377779874889,0.1140742339193821,22.55373229980469,0.8456572691599528,91.2542760372162,0.0178068076550471,0.0818790700591978,0.0066943236848064,0.0,0.0186390657527524,0.0039280375874158,0.093612581980033,8.543802607142932e-06,0.0363377779874889
woG2,641,0.0363396961150355,,,,91.40672874450684,0.0177802075708254,0.0822471604972589,0.0067281368432841,0.0,0.018616438912014,0.0039751812124808,0.092230157361778,1.0179501896264946e-05,0.0363396961150355
woG2,642,0.0360360561763165,,,,91.1147050857544,0.0176523911583496,0.0812216552554584,0.0066557931351154,0.0,0.0185064814572573,0.0039765667246624,0.0924054373238907,9.63721222359703e-06,0.0360360561763165
woG2,643,0.0354487095791541,,,,91.36525559425354,0.017174716519772,0.0810991408394985,0.0066493718339069,0.0,0.0180163553106735,0.0039145386411396,0.093005978761882,9.8958157737493e-06,0.0354487095791541
woG2,644,0.0357996737889823,,,,91.21805095672607,0.0174541747823479,0.0812310136732508,0.0066644970774192,0.0,0.018307572070387,0.0039747825940139,0.0924013192597471,9.85567554310971e-06,0.0357996737889823
woG2,645,0.0360802417376735,0.1089197415858507,23.154015096028647,0.8496755758921305,91.13922762870789,0.017582096273965,0.0821199671166842,0.0067735503954415,0.0,0.0184580903103361,0.0038843714616826,0.0919502032004663,1.0066530546949728e-05,0.0360802417376735
woG2,646,0.0356753137817636,,,,91.30032896995544,0.0173397312307211,0.0814408879788195,0.0066823125664205,0.0,0.0181731390156096,0.0039462779198208,0.0917456452353078,9.023303291014266e-06,0.0356753137817636
woG2,647,0.0352307880663725,,,,91.255357503891,0.0170183297643651,0.0807953579503981,0.0066520287521702,0.0,0.0178950003989529,0.0039512980967897,0.0932672831428344,1.0297566708563004e-05,0.0352307880663725
woG2,648,0.0357558263435226,,,,91.25519704818726,0.0174416072101744,0.0810488990095795,0.0066448775402529,0.0,0.0182772013893137,0.0039331141504321,0.0927226448920173,9.752533908786429e-06,0.0357558263435226
woG2,649,0.0363479675725102,,,,91.27666187286376,0.017878747606253,0.0815126265658706,0.0066667841709234,0.0,0.0187048529748056,0.0039503432401898,0.0925942571093252,1.0291029488257168e-05,0.0363479675725102
woG2,650,0.0365345011938546,0.1117382384836673,23.03630879720052,0.8465829213460286,91.44508266448976,0.0179563582661088,0.0821024809704452,0.006736105292669,0.0,0.0187759193836054,0.0039821761759517,0.0926052788425175,1.0178338360972014e-05,0.0365345011938546
woG2,651,0.0359978021931697,,,,91.38285946846008,0.0175674350733761,0.0814956094397873,0.0066565102515894,0.0,0.0183823010273522,0.0039528783765758,0.0940210240602981,8.887377410895113e-06,0.0359978021931697
woG2,652,0.0361471262714657,,,,91.2908787727356,0.0176927127386825,0.0814567047064421,0.0066684251956519,0.0,0.0185629546443824,0.0039319672056886,0.093762082612661,9.631612076713637e-06,0.0361471262714657
woG2,653,0.0358528151619629,,,,91.4067723751068,0.0174951388531166,0.0813070008012115,0.006663484731689,0.0,0.0183502901192815,0.0039345700690736,0.0921766755522274,9.455648595903504e-06,0.0358528151619629
woG2,654,0.0358706448440913,,,,91.18121099472046,0.0175297375249325,0.0811873952873417,0.0066429981885508,0.0,0.0183468269046823,0.0039523730405652,0.0922496599282641,9.924152711424288e-06,0.0358706448440913
woG2,655,0.0359145630242638,0.1107515469193458,23.05347137451172,0.8501761436462403,91.27596998214722,0.0175013862107498,0.0815803335338342,0.0066685519356769,0.0,0.0183606057076669,0.0039543720882111,0.0927064490245014,9.904178836454768e-06,0.0359145630242638
woG2,656,0.0350796767647881,,,,91.0178406238556,0.0169212926850944,0.0807682158517055,0.0066453499975232,0.0,0.0178236408372882,0.0038917560214329,0.0917357794146557,9.953933217722414e-06,0.0350796767647881
woG2,657,0.0359621758984982,,,,91.28959774971008,0.0175692330145078,0.0814725233883154,0.0067040306462555,0.0,0.0183766005774501,0.0039206893606966,0.092389801807213,9.115367117336873e-06,0.0359621758984982
woG2,658,0.0351136198542157,,,,91.20876336097716,0.0169557690177662,0.0806379337779811,0.0066293564121254,0.0,0.0178432032985032,0.0039223036099011,0.0924083974945252,9.968218214767292e-06,0.0351136198542157
woG2,659,0.0347185931092158,,,,91.28320360183716,0.0166578901488883,0.0804788528895769,0.0065943845814918,0.0,0.0175357199823636,0.0039072451162625,0.091966407831575,1.0324523586363085e-05,0.0347185931092158
woG2,660,0.0350799574287699,0.1137690488249063,22.727134704589844,0.844468895594279,91.18886351585388,0.0169445082438407,0.0805906687603622,0.0066075330432199,0.0,0.0178023237032724,0.0038805659287838,0.0922733351710389,9.53001816470114e-06,0.0350799574287699
woG2,661,0.0351331101913676,,,,91.35149002075195,0.0170010050193818,0.0803939387446544,0.0066136114917634,0.0,0.017866321037844,0.003886726969227,0.09290202986449,9.038423264532234e-06,0.0351331101913676
woG2,662,0.0355605006706519,,,,91.31212306022644,0.0172674928898694,0.0811690380338762,0.0066453861015406,0.0,0.0180984796482886,0.0039525560187328,0.0924696304881181,8.944388935592514e-06,0.0355605006706519
woG2,663,0.0354922569708013,,,,91.20795249938963,0.0172852648070967,0.0806430138525415,0.0066197312295772,0.0,0.0181509529958005,0.0038658827810441,0.0919994024376644,1.0361221767379222e-05,0.0354922569708013
woG2,664,0.0352850031779437,,,,91.34961366653442,0.0170810990890518,0.0809580566453152,0.0066441850255808,0.0,0.0179506174487168,0.0039101700932092,0.0912475315090574,9.813303705171838e-06,0.0352850031779437
woG2,665,0.0361714195307405,0.1127631813287735,22.69788970947265,0.8493886311848958,91.20922708511353,0.0176826203928985,0.0819285111349137,0.0067172941053286,0.0,0.0184965388482955,0.0039782776596543,0.0922998327029044,9.08893061847617e-06,0.0361714195307405
woG2,666,0.0373823617081173,,,,91.34362125396729,0.0186530969670561,0.0817977185132073,0.0066917833154563,0.0,0.0194056487535355,0.0040007598763026,0.096186700109087,9.305019771770269e-06,0.0373823617081173
woG2,667,0.0370000696542566,,,,91.11363768577576,0.0183652326556258,0.0816941461602195,0.0066653075189039,0.0,0.0191571482182404,0.0039358642391219,0.0950531898158007,8.705853982123876e-06,0.0370000696542566
woG2,668,0.0359988089986756,,,,91.30971384048462,0.0176951857665401,0.0806533894577964,0.0066320317201927,0.0,0.018542103935033,0.0038893691199205,0.0927174138668619,9.41588899976694e-06,0.0359988089986756
woG2,669,0.035732661786138,,,,91.2722225189209,0.017531012948297,0.0802987418213828,0.0066073195527872,0.0,0.0183880365545265,0.0038961690457415,0.0918537150976843,9.629778814107535e-06,0.035732661786138
woG2,670,0.0361946945032868,0.1114771179854869,22.895584106445312,0.8479517300923666,91.26460194587708,0.0178852066794624,0.0805494628968786,0.0066035956289374,0.0,0.0187044696057917,0.003870210465288,0.0923140868239226,9.596655984899971e-06,0.0361946945032868
woG2,671,0.0358031836231468,,,,91.11339926719666,0.0175491488828766,0.0804679427967696,0.0066091097570711,0.0,0.0183807762690865,0.0038639710496607,0.0934004370794921,1.0574500059774656e-05,0.0358031836231468
woG2,672,0.0354160989680495,,,,91.2503035068512,0.0172955571963894,0.0800266075329702,0.0065837672884866,0.0,0.0181488328628608,0.0038496103179717,0.0924761524179675,1.0360423717550274e-05,0.0354160989680495
woG2,673,0.0359542039452029,,,,91.31224489212036,0.0176800195142993,0.0804681054881361,0.00660528258619,0.0,0.0185038194777902,0.003877904061915,0.0931302559424619,1.024915451702261e-05,0.0359542039452029
woG2,674,0.0353347638194434,,,,91.23534274101256,0.0171790412306541,0.0804549055021317,0.006605601940136,0.0,0.0180406042481543,0.0038883731124128,0.0918961281842384,9.28660252741801e-06,0.0353347638194434
woG2,675,0.0346279679568576,0.1110601965337991,22.852044169108076,0.8510818481445312,91.23380827903748,0.0167091852970054,0.0796623469376173,0.006575268700902,0.0,0.0176194943563982,0.0039012643420824,0.090228611756055,9.44927330679085e-06,0.0346279679568576
woG2,676,0.0354809103167203,,,,91.2430498600006,0.0173974607643656,0.0796844675892689,0.0065714447972838,0.0,0.0182160865210118,0.0038688312757943,0.0924690534956142,1.0213597101631607e-05,0.0354809103167203
woG2,677,0.035390128060931,,,,91.17472863197328,0.0172806591879515,0.079912288755667,0.006577742301294,0.0,0.0181429471790057,0.0039066894048611,0.092625635416537,1.0078241480501464e-05,0.035390128060931
woG2,678,0.0350247746883112,,,,91.25140118598938,0.0170000081607064,0.0798758019189365,0.0065727519428693,0.0,0.0178753263164372,0.0039180280320102,0.0913074139322413,1.0263983656528152e-05,0.0350247746883112
woG2,679,0.0352084944024682,,,,91.23391723632812,0.0171485844785805,0.0798732618816563,0.0065724462629524,0.0,0.0180058627251963,0.0039217263635736,0.0917646549642086,9.448331011013924e-06,0.0352084944024682
woG2,680,0.0349728659283919,0.1098168585449457,23.072296142578125,0.8495286146799723,91.2644362449646,0.0169674081911073,0.0799449110617403,0.0065842238064,0.0,0.0178358715760414,0.0039489268359621,0.0900658723882964,1.0353692348460724e-05,0.0349728659283919
woG2,681,0.0352136867853706,,,,91.16993165016174,0.0171416201934096,0.0798055685934473,0.0065776598983306,0.0,0.0180019212153847,0.0038220791268299,0.0933048847726866,9.968298521643196e-06,0.0352136867853706
woG2,682,0.0350329877014775,,,,91.21743941307068,0.017021003438801,0.0796626977256087,0.006573834578644,0.0,0.0178856269883938,0.0038869457613279,0.0922854382727967,9.78170629282826e-06,0.0350329877014775
woG2,683,0.0345553732858818,,,,91.23573756217957,0.0166323813686116,0.0797887659463726,0.0065841734271924,0.0,0.0175293694616707,0.0038798737519069,0.0904557853326445,8.847732354797803e-06,0.0345553732858818
woG2,684,0.0350062293534884,,,,91.33563661575316,0.0169154720258761,0.0804149640388176,0.0066078094895318,0.0,0.0177571155420947,0.0038625494496835,0.0918797914427323,9.88188916777937e-06,0.0350062293534884
woG2,685,0.035193035272179,0.1110601089894771,23.059333292643228,0.848711633682251,91.29920840263368,0.017157816557122,0.0796973998429345,0.0065622953125504,0.0,0.0179742094068253,0.0038446984234739,0.0924990752284399,9.44348904951369e-06,0.035193035272179
woG2,686,0.0350976055335314,,,,91.26981139183044,0.0170046636972148,0.080277886547026,0.0065990855600532,0.0,0.0178449560017859,0.003940482866248,0.0918494058375964,8.630672470907732e-06,0.0350976055335314
woG2,687,0.0352710864399788,,,,91.25598907470705,0.0171488089196872,0.0803292442540653,0.0066224731004903,0.0,0.0179655335034381,0.0038399771237593,0.0920684968167152,9.226716585045102e-06,0.0352710864399788
woG2,688,0.035365494777311,,,,91.723126411438,0.0172640822873618,0.079970254272711,0.0065848842324292,0.0,0.0180964903432692,0.003870129925924,0.0923815635567317,9.011127538451307e-06,0.035365494777311
woG2,689,0.0359181688915266,,,,91.42270517349245,0.0177312489812735,0.0798686229791797,0.0065719550170126,0.0,0.0185192107131368,0.003874619647891,0.0932057714547778,1.0132147905808336e-05,0.0359181688915266
woG2,690,0.0353077933436534,0.1082848645746707,23.11029510498047,0.8524739106496175,91.22487020492554,0.0172590620082909,0.0797581188991421,0.0065795142302808,0.0,0.018135102419946,0.0038893886509763,0.0908880526291542,1.0477228950229989e-05,0.0353077933436534
woG2,691,0.0348657625345665,,,,91.24780821800232,0.0169181102108149,0.0794813290971224,0.0065461171363465,0.0,0.0177888866193348,0.0038605554164845,0.0915711333700379,1.022387041647797e-05,0.0348657625345665
woG2,692,0.0347739696716431,,,,91.23304390907288,0.0168139633692068,0.0795466450394177,0.0065534740541374,0.0,0.0176666220192049,0.003875765661312,0.0928425348867647,9.899344373073236e-06,0.0347739696716431
woG2,693,0.0348441238805163,,,,91.34407305717468,0.0169230802061005,0.0793587672905843,0.0065471474749234,0.0,0.017783210154806,0.0038427473942856,0.0912859372977839,9.042360347452333e-06,0.0348441238805163
woG2,694,0.034584142740999,,,,91.30032324790956,0.0167492565729456,0.0790766311473533,0.0065368782255615,0.0,0.0176453701388396,0.0038713379400461,0.0903833116725331,9.985969304734562e-06,0.034584142740999
woG2,695,0.0354384081896211,0.1086972095072269,23.048295084635416,0.8509202162424724,91.52961134910583,0.0173536009063608,0.079776252879471,0.0065678440980979,0.0,0.0181744801048494,0.0038600160557104,0.0923091043092188,9.71847977628391e-06,0.0354384081896211
woG2,696,0.034914978535571,,,,91.33891439437866,0.0170000802542342,0.0792703447771854,0.0065342289907094,0.0,0.0179041232455705,0.0037991811567154,0.0906388805721138,9.773308706945968e-06,0.034914978535571
woG2,697,0.0348971354637722,,,,91.20677185058594,0.0169600188945893,0.079518722217591,0.0065653757993742,0.0,0.0178443654822032,0.0038166867118695,0.0903365857227415,9.959453082656932e-06,0.0348971354637722
woG2,698,0.0350829262713916,,,,91.36272382736206,0.0171094202421239,0.0794920510933047,0.0065508661944358,0.0,0.0179699118951427,0.0038898018165873,0.0908441862060887,1.0448619012458996e-05,0.0350829262713916
woG2,699,0.0351615369350451,,,,91.21016216278076,0.01714298111524,0.0796634569519856,0.0065486005995972,0.0,0.0180049088905702,0.0038679864211771,0.0915539508654934,1.0695537503228177e-05,0.0351615369350451
woG2,700,0.0347312841197994,0.1099527273327112,22.9530751546224,0.8501015663146972,91.37981605529784,0.0168350636501048,0.0793551621867007,0.0065640196410297,0.0,0.017717740574821,0.0038054300735506,0.0908330394962772,1.013385783306261e-05,0.0347312841197994
woG2,701,0.0347767542192681,,,,91.27409076690674,0.0168853198544534,0.0793395921832225,0.0065469775791661,0.0,0.0177775256595284,0.0038310222472751,0.0900532733954367,9.384222120262332e-06,0.0347767542192681
woG2,702,0.034637973949191,,,,91.38569688796996,0.016812763741759,0.0789929589287179,0.0065192644117919,0.0,0.0176549354247504,0.0038676333544989,0.0904909121025292,8.666127240474792e-06,0.034637973949191
woG2,703,0.0345683515713107,,,,91.59367275238036,0.0167101577657168,0.0793044078545492,0.0065452304905372,0.0,0.017573252266853,0.0038525282718302,0.0906164156669964,9.002666602952467e-06,0.0345683515713107
woG2,704,0.0343057612628966,,,,91.25227808952332,0.0165278068361956,0.0791068692676356,0.0065313789775961,0.0,0.0174271497478494,0.0038769336247465,0.0894836692108971,9.658358929037428e-06,0.0343057612628966
woG2,705,0.0345052833989506,0.1107034087181091,22.861864217122395,0.8494310696919759,91.32774996757507,0.0166906275496375,0.0791852767350243,0.0065298863671353,0.0,0.0175643107380534,0.0038687753410948,0.0893953223941756,9.879915574504853e-06,0.0345052833989506
woG2,706,0.0345241420398481,,,,91.34906530380248,0.016734151009348,0.0788393523849424,0.0065153107031813,0.0,0.0176035773665567,0.0038244956579502,0.0905772907445665,1.0140421637075676e-05,0.0345241420398481
woG2,707,0.0344547322783313,,,,91.16985487937929,0.01669045940011,0.0788188136991907,0.0065061710297786,0.0,0.0175564888116644,0.0038521477750304,0.0898286904834333,9.844906735115698e-06,0.0344547322783313
woG2,708,0.0343700457730742,,,,91.35134077072144,0.0166520965132923,0.0784781247865958,0.0064814372224824,0.0,0.0175075134125034,0.0038162419080093,0.0907633010847646,9.030765565942186e-06,0.0343700457730742
woG2,709,0.0344732030462779,,,,91.15634441375732,0.0167120214185265,0.0786985305489086,0.0065165901686385,0.0,0.0175877418216378,0.0038392735782583,0.0902890226208284,1.013741494296546e-05,0.0344732030462779
woG2,710,0.0349709784276172,0.1107084453105926,23.0575185139974,0.8495742638905843,91.2516679763794,0.0170861406434999,0.0788471693875359,0.0064952637118546,0.0,0.017918160948597,0.0038012348050556,0.0922577393806127,1.1293882268702932e-05,0.0349709784276172
woG2,711,0.0348816024078453,,,,91.30218076705933,0.0170094150759768,0.0788871113394127,0.0065038211922329,0.0,0.0178485969921238,0.003848798794397,0.0918102320589003,1.0123475501497792e-05,0.0348816024078453
woG2,712,0.0348810396141937,,,,91.31967902183531,0.0170408746181819,0.0787587356371957,0.0065059904219033,0.0,0.0179364401083744,0.0038420497067654,0.0903146455339232,1.09870123899025e-05,0.0348810396141937
woG2,713,0.0356908833730171,,,,91.30229353904724,0.0176181970469531,0.0792030213309116,0.0065162744731871,0.0,0.0184823398737878,0.003800488626737,0.0932903389034212,1.0532275715991393e-05,0.0356908833730171
woG2,714,0.0375066344916331,,,,91.21623229980467,0.0189164185927051,0.0807960609920689,0.006646827222077,0.0,0.0197054787432072,0.0038341816837258,0.0945268374119625,9.773092130549893e-06,0.0375066344916331
woG2,715,0.0414335663262449,0.1114996429532766,22.91850433349609,0.8492830753326416,91.34455132484436,0.0216965499547783,0.083691332672463,0.0067912616049412,0.0,0.0223038785052714,0.0039011226398259,0.1035395628604732,9.668386183957323e-06,0.0414335663262449
woG2,716,0.0368086925448208,,,,91.29393768310548,0.0183114465555084,0.0809152492734252,0.0065903421147863,0.0,0.0190749458022049,0.0038814932932374,0.0952421295700869,9.02348176963292e-06,0.0368086925448208
woG2,717,0.0352623842687147,,,,91.2811496257782,0.0172891923699711,0.0791538269793401,0.0065294937249731,0.0,0.0181141386617769,0.0038093775873393,0.0922985078736406,9.459647533341522e-06,0.0352623842687147
woG2,718,0.0353964526114649,,,,91.21736216545104,0.0174395771178065,0.0789898194250513,0.0065305357718779,0.0,0.0182734268610594,0.0038003917119358,0.091152850874379,1.0185464961949166e-05,0.0353964526114649
woG2,719,0.0352838272686864,,,,91.17231702804564,0.0169971055030578,0.0816292406105604,0.0065456642483009,0.0,0.0178634011583616,0.0038273679951327,0.0918041580952093,9.939570735788112e-06,0.0352838272686864
woG2,720,0.0343791159236284,0.1110806111246347,22.95732727050781,0.8501549084981282,91.34323525428772,0.0166430222328569,0.0786764089201317,0.0065001055624977,0.0,0.0175130796069126,0.0038133725814032,0.090092645698517,8.83004064132076e-06,0.0343791159236284
woG2,721,0.034198371983576,,,,91.24672889709473,0.0165766601633952,0.0781529350358931,0.0064707244135683,0.0,0.0174408762135588,0.003780214886036,0.0892276768190939,8.91823392125309e-06,0.034198371983576
woG2,722,0.03375588620051,,,,91.0503716468811,0.0161973525403586,0.0779282113567727,0.0064606073610179,0.0,0.0170907896683841,0.0037633605954069,0.0913474275196184,9.558588717945652e-06,0.03375588620051
woG2,723,0.0337782256976991,,,,91.13168692588806,0.0162642060885908,0.077776585934592,0.0064446571336478,0.0,0.017167356414873,0.0037946813419216,0.0894079685180646,9.314611017889226e-06,0.0337782256976991
woG2,724,0.0342227287101941,,,,91.22695779800416,0.0165563398346182,0.0782626349417889,0.0065056872134264,0.0,0.0174312344904927,0.0038644047186816,0.090311012429292,8.948359807837809e-06,0.0342227287101941
woG2,725,0.0340800284575976,0.111467245966196,22.906722513834637,0.8501184622446696,91.26887798309326,0.0164779658108705,0.0780760987860257,0.0064556227890072,0.0,0.0173308346573202,0.0038198839651695,0.0898010007059965,8.908903061197409e-06,0.0340800284575976
woG2,726,0.0335308745747706,,,,91.33733797073364,0.0160809508524835,0.0776379191484607,0.0064263482497943,0.0,0.0169870677999541,0.0037629946094907,0.0892186563034526,9.182357129147858e-06,0.0335308745747706
woG2,727,0.0336522406089257,,,,91.26082110404968,0.0161478220347742,0.0777974065209998,0.0064454569240848,0.0,0.0170321977682045,0.003819626276992,0.0900216113440081,9.239238369259351e-06,0.0336522406089257
woG2,728,0.0340421300411957,,,,91.29196619987488,0.0164314306066295,0.0782805476032319,0.0064711524555306,0.0,0.0172931847742712,0.0038450064526901,0.0889359664965848,1.0271922773577944e-05,0.0340421300411957
woG2,729,0.0343069885323037,,,,91.23955059051514,0.0166888009970549,0.0779415432546959,0.0064519731495834,0.0,0.0175485172247911,0.0038006880347326,0.0895250924542302,9.66228108524404e-06,0.0343069885323037
woG2,730,0.0339747094014873,0.1176680289208889,22.21564076741537,0.8472722371419271,91.31687593460084,0.0163605170568726,0.0782758153852869,0.0064778682760527,0.0,0.0172131178503642,0.0038312888269114,0.0899853192147661,9.32775541695463e-06,0.0339747094014873
woG2,731,0.0340006657433314,,,,91.22072267532349,0.0164377350039535,0.0779749492152792,0.0064466702656392,0.0,0.0172817423619085,0.0037632733850633,0.0893421365772603,1.0140202301103876e-05,0.0340006657433314
woG2,732,0.0344288439688379,,,,91.28883481025696,0.0166844947828499,0.0785987645876212,0.0065007547076913,0.0,0.017579413042022,0.003849634206014,0.090277029689951,1.0264677753558332e-05,0.0344288439688379
woG2,733,0.0338692267379555,,,,91.23459815979004,0.0163225933878881,0.077911616837392,0.0064520920859649,0.0,0.0172067498177534,0.0038073900686271,0.0895620199286791,1.0408068717010226e-05,0.0338692267379555
woG2,734,0.0340779572419944,,,,91.20651435852052,0.0164974472088525,0.0779109880572459,0.0064376551451802,0.0,0.0173792348273831,0.0037871056205791,0.0896529732882732,1.0364988621712228e-05,0.0340779572419944
woG2,735,0.0344426998349486,0.1104344632476568,22.971719360351564,0.8505254745483398,91.27140402793884,0.0167021030163178,0.0783976086827575,0.0064714522039914,0.0,0.0175922767976756,0.0038024462305284,0.0917317885600152,9.5574772274249e-06,0.0344426998349486
woG2,736,0.0340718816599396,,,,90.92810702323914,0.01650850417581,0.077773032129788,0.0064363366481466,0.0,0.0173739122272637,0.0037823557342234,0.0899067171925648,1.001897398054038e-05,0.0340718816599396
woG2,737,0.0343344711439042,,,,91.24236702919006,0.0166946082131662,0.078054095389413,0.0064517201256526,0.0,0.0175628038962967,0.0038096702831308,0.0895863290662404,1.0110882883188189e-05,0.0343344711439042
woG2,738,0.03431646373184,,,,91.28961420059204,0.0166849846127214,0.078006665726177,0.0064636551294109,0.0,0.017544922395991,0.0038089983863756,0.0896745542461266,1.0077615942621836e-05,0.03431646373184
woG2,739,0.0342054511191415,,,,91.33895540237428,0.0165601833494471,0.078237916602463,0.0064498174851607,0.0,0.0174098310106601,0.0038333782281146,0.0899179897530645,9.247260388228306e-06,0.0342054511191415
woG2,740,0.034111171105846,0.1107498407363891,23.00285034179688,0.8495112419128418,91.2253143787384,0.0165201052488972,0.0780152961856029,0.0064575721960148,0.0,0.0173849890649807,0.0037617361169216,0.0893930876169536,9.399406834075637e-06,0.034111171105846
woG2,741,0.0343866178185724,,,,91.27700996398926,0.0165956526780959,0.0791282385099129,0.0065313026835744,0.0,0.0174690932569811,0.0038736090159471,0.0895684705894501,8.71630446995076e-06,0.0343866178185724
woG2,742,0.0338007205883499,,,,91.1938934326172,0.0163430988208436,0.0774610032800768,0.0064235842618785,0.0,0.0172336706662642,0.0037427864564185,0.088551627472043,1.0182978149091751e-05,0.0338007205883499
woG2,743,0.0345968273697329,,,,91.2123794555664,0.0169769753625646,0.0775682002794547,0.0064298834586821,0.0,0.0178184843179388,0.0037931572134438,0.0897940212524816,9.750311925841796e-06,0.0345968273697329
woG2,744,0.0346970673742108,,,,91.2866861820221,0.0169835835237239,0.0779491799776671,0.0064582626781899,0.0,0.0178345526858675,0.003842810785291,0.0911880670206957,9.6536290132029e-06,0.0346970673742108
woG2,745,0.0344237944141763,0.1086165588349103,23.13729807535807,0.8515048185984294,91.21548175811768,0.0167543884046131,0.0779715243910179,0.0064638653735737,0.0,0.0175977174925511,0.0038076598010193,0.0913113786793146,9.9696369813856e-06,0.0344237944141763
woG2,746,0.0337126000219436,,,,91.243066072464,0.016246748614873,0.0775186629568944,0.0064208695977987,0.0,0.0171396635762858,0.0037769657010059,0.0893411480317838,9.49431327552748e-06,0.0337126000219436
woG2,747,0.0341757298065502,,,,91.2022500038147,0.0166423997047861,0.0772973084058917,0.0064100590572677,0.0,0.0174735587655154,0.0037087887033178,0.0913362683209239,8.998660786029329e-06,0.0341757298065502
woG2,748,0.0348095628051239,,,,91.48736882209778,0.0170848789533264,0.0778965544505197,0.0064640234770314,0.0,0.0179303031353676,0.0038441250207604,0.0911651883030035,1.0490738772697922e-05,0.0348095628051239
woG2,749,0.0345211969230507,,,,91.36037039756776,0.0168529062257072,0.0779718878816385,0.0064440634937529,0.0,0.0176749722116061,0.0037643931840439,0.0907027439870795,1.0301793185225508e-05,0.0345211969230507
woG2,750,0.0342431839891388,0.110719246789813,22.970128377278645,0.8492425123850504,91.3370885848999,0.0166960509845101,0.0774393917107191,0.0064106715010998,0.0,0.0175646434186911,0.003731020928559,0.0899588155300646,1.0373982451020125e-05,0.0342431839891388
woG2,751,0.0345565798982489,,,,91.17977023124696,0.0168937334149587,0.0778076751310317,0.0064428188937303,0.0,0.0177559932831247,0.0037176576948755,0.0910419049199487,1.0475231965111736e-05,0.0345565798982489
woG2,752,0.0338645503535622,,,,91.25182056427002,0.016406442840263,0.0774007683894673,0.0064171547009075,0.0,0.017285837830029,0.0037385021015757,0.0885393195403892,9.96844582012626e-06,0.0338645503535622
woG2,753,0.0342135046624013,,,,91.27993083000185,0.01664859282433,0.0774010195106756,0.0064029458769001,0.0,0.0175008169589106,0.003748080125422,0.0917251860325942,9.78703633397448e-06,0.0342135046624013
woG2,754,0.0337630221925553,,,,91.28732538223268,0.0162968910375579,0.0773475316704296,0.0064079600260363,0.0,0.0172055275790149,0.0037536062357458,0.0901055772346062,9.765230030064475e-06,0.0337630221925553
woG2,755,0.0342154115835418,0.1092686746269464,23.084518432617188,0.8498869895935058,91.5052649974823,0.0166505164787417,0.0776866527854419,0.0064529256292114,0.0,0.0175282497905561,0.0037543379394413,0.0891580153256654,9.279135741641532e-06,0.0342154115835418
woG2,756,0.0344175515757476,,,,91.27107334136964,0.0168119027722077,0.0775826065266718,0.0064179649820826,0.0,0.0176575085316158,0.0036712620878729,0.091102663366521,1.0354958901102631e-05,0.0344175515757476
woG2,757,0.0340332957900694,,,,91.32888984680176,0.0165518644174225,0.0771399926943857,0.0064070026550564,0.0,0.017425590988676,0.0037939039051349,0.0900672732806596,1.0591051238738805e-05,0.0340332957900694
woG2,758,0.0335294168717304,,,,91.17989873886108,0.0161562459848699,0.0772311755868255,0.0064072448752637,0.0,0.0170290122938449,0.0037941891350783,0.0879349685655754,9.497080617073514e-06,0.0335294168717304
woG2,759,0.0340854599766555,,,,91.29303669929504,0.0166010179740117,0.077154913398086,0.0064028623651285,0.0,0.0174626228399574,0.0037546491128255,0.0899036839054744,9.189223989284836e-06,0.0340854599766555
woG2,760,0.0341749007920505,0.1115944981575012,22.97925160725912,0.848315175374349,91.11991333961488,0.0166506329475001,0.0774143768138572,0.0064190423047383,0.0,0.0175150774236096,0.0037199221064764,0.0895226615496346,9.625570062695948e-06,0.0341749007920505
woG2,761,0.0342538213723751,,,,91.21404480934144,0.0165651743376597,0.0785777055826343,0.0064737048175674,0.0,0.0174543715051573,0.0037669056070373,0.08929891163697,1.0037318662836636e-05,0.0342538213723751
woG2,762,0.0344062488465035,,,,91.36375641822816,0.0167724186035453,0.0778132017518653,0.006423135732728,0.0,0.0175968971271373,0.0037596630692085,0.0910217820010224,1.0460152775065754e-05,0.0344062488465035
woG2,763,0.034203749470657,,,,91.17729115486144,0.0167013995547885,0.0772940824266339,0.0063997719486503,0.0,0.0175147861257561,0.0037444649363455,0.0892823916233954,8.617983313231767e-06,0.034203749470657
woG2,764,0.0343110154489757,,,,91.27606415748596,0.0167004382543143,0.0777453115729034,0.0064324545254167,0.0,0.01756755324447,0.0037709081251571,0.0905937997349461,9.826271000958594e-06,0.0343110154489757
woG2,765,0.0337488697536411,0.1143159288913011,22.64782104492188,0.8476953665415446,91.10001230239868,0.0163595498936464,0.0770707540824765,0.0063885995778484,0.0,0.0172262530483794,0.0037222359535574,0.0883073248885205,1.0018669370178783e-05,0.0337488697536411
woG2,766,0.0339096238012196,,,,91.40044641494752,0.0164768027950872,0.0770402687494872,0.0063934115822747,0.0,0.0173290406857601,0.0037449604791558,0.0895800842124907,1.031915985043612e-05,0.0339096238012196
woG2,767,0.0334701226779916,,,,91.39141631126404,0.0161798265151923,0.0766147575417503,0.006374556779266,0.0,0.0170818737127863,0.0037926920960642,0.0879729794124599,1.045625774832111e-05,0.0334701226779916
woG2,768,0.0336976661117839,,,,91.33523797988892,0.0163381433373958,0.0768716921571825,0.0063816229335688,0.0,0.0172034292176488,0.0037087866002083,0.088609866431502,1.0106102437673716e-05,0.0336976661117839
woG2,769,0.0339215403178431,,,,91.28821802139282,0.0164748282996235,0.0772072931782144,0.0063993739857353,0.0,0.0172881025546154,0.0037756912719427,0.0892943670423548,8.59415375088586e-06,0.0339215403178431
woG2,770,0.0337280439151847,0.1092574633657932,23.19120839436849,0.8492879708607991,91.4023506641388,0.0163046249310623,0.0772173927455651,0.0063803229942826,0.0,0.0171244226502956,0.0037832347576918,0.0897081294784047,8.795050839264003e-06,0.0337280439151847
woG2,771,0.033799202944778,,,,91.34430932998656,0.0164108687370527,0.0769228984097965,0.0063938693845736,0.0,0.0172602045273438,0.0037404232330192,0.0889420799727811,8.914580809565408e-06,0.033799202944778
woG2,772,0.0337800552732631,,,,91.3127191066742,0.0163694446158335,0.0769900278966935,0.0063850586932366,0.0,0.0172064751615656,0.003718854649542,0.0901978776836004,9.201845986732064e-06,0.0337800552732631
woG2,773,0.0336823712454223,,,,91.12093567848206,0.0163239769210092,0.0768094429227172,0.0063754331996114,0.0,0.017205539113674,0.0037571464524008,0.0888213843992743,9.869047041311884e-06,0.0336823712454223
woG2,774,0.0337487707891669,,,,91.40615344047546,0.0164004516497742,0.0766570318917759,0.0063688451115072,0.0,0.017259226180613,0.0037613187050141,0.088923533584495,1.0035479059093164e-05,0.0337487707891669
woG2,775,0.0339759322585629,0.1094076465815305,23.1300537109375,0.8502068678538005,91.27489304542542,0.0165588615584324,0.0768514226694576,0.0063769414059084,0.0,0.0173934690471066,0.0037405651318458,0.0896235392047245,1.0004344710656505e-05,0.0339759322585629
woG2,776,0.0338773075949217,,,,91.29945015907288,0.0165112325234613,0.0767044073245564,0.0063715682090183,0.0,0.01736181330119,0.0037285124436478,0.0885548762458025,9.419510352989869e-06,0.0338773075949217
woG2,777,0.0341537666400192,,,,91.26290249824524,0.0166991703120655,0.0768316349045175,0.0063682998584003,0.0,0.0175153859127618,0.0037305955736913,0.0904911330855283,8.813557101922018e-06,0.0341537666400192
woG2,778,0.0337401121152473,,,,91.3378164768219,0.0163623421361334,0.0769532293569846,0.0063889377834428,0.0,0.0172429547385602,0.0037202828517947,0.0884516919184415,9.141865945510504e-06,0.0337401121152473
woG2,779,0.033364463673874,,,,91.35124397277832,0.0161140900349519,0.0765836683453106,0.0063592400287323,0.0,0.01699510317479,0.0037219479382343,0.0873991760013044,1.009319432978696e-05,0.033364463673874
woG2,780,0.0339882671833038,0.1103491690009832,22.98526763916016,0.8490339756011963,91.29858303070068,0.0165504082793095,0.0768555617723308,0.0063785882762129,0.0,0.017383338776646,0.0037497237828544,0.0906925116375577,9.890305914465169e-06,0.0339882671833038
woG2,781,0.0332633576462747,,,,91.46483063697816,0.0160111666382214,0.0765626513567127,0.0063549928657221,0.0,0.0169147849159284,0.0037173815128836,0.0884800261100296,9.522022518445638e-06,0.0332633576462747
woG2,782,0.0335188298257159,,,,91.31225228309631,0.0162346881592921,0.0760895140835496,0.0063312157423647,0.0,0.0171270329795289,0.0036829761515722,0.0917001536696172,1.0573714987146508e-05,0.0335188298257159
woG2,783,0.0331974301609348,,,,91.2957890033722,0.0160190093361574,0.0761294814406848,0.0063407940133551,0.0,0.0169135453255816,0.0037121546939473,0.088108845100906,1.002038501880115e-05,0.0331974301609348
woG2,784,0.0333849298538731,,,,91.38705706596376,0.0161417764840555,0.0763019215865213,0.0063637637334768,0.0,0.0170207618216632,0.0037130528725072,0.088919419306712,9.153011758375598e-06,0.0333849298538731
woG2,785,0.0346345218112234,0.1125320084393024,22.89638671875,0.8476322174072266,91.23568677902222,0.0168794107959285,0.0783559719070059,0.0064134259601352,0.0,0.0177259711151728,0.0036938988086462,0.0920118554266261,1.002678720533389e-05,0.0346345218112234
woG2,786,0.0352846757798898,,,,91.42886900901794,0.01754458360832,0.0775024333938223,0.0063986023124612,0.0,0.0183305591879198,0.0037560692022661,0.0914053260425075,9.248646809539395e-06,0.0352846757798898
woG2,787,0.0348229949499984,,,,91.20002627372742,0.01721516179043,0.0771042216019552,0.0063893357826183,0.0,0.0180574299111107,0.0036383429389508,0.0910039353566091,1.0078976157842058e-05,0.0348229949499984
woG2,788,0.0345028328907782,,,,91.40689849853516,0.0169744393024898,0.0769453737579408,0.006384047973504,0.0,0.0178362396240356,0.0036871414583893,0.0902531224562496,1.0307779263786244e-05,0.0345028328907782
woG2,789,0.0337374288527691,,,,91.25113654136658,0.0164320822423476,0.0764429955208887,0.0063499139037868,0.0,0.0173006544317134,0.0036656834494292,0.0883956905149045,1.0172462790679189e-05,0.0337374288527691
woG2,790,0.0343258902430534,0.1079381871968507,23.155045064290366,0.8508923530578614,91.28107357025146,0.0167955072963091,0.0770611631088569,0.0063926441362127,0.0,0.0176163097751922,0.0037751379766364,0.0913101264932116,1.0013859944083128e-05,0.0343258902430534
woG2,791,0.0340640805661678,,,,91.21037673950195,0.0166599524253215,0.0766662867342839,0.0063767733479865,0.0,0.0175176607750234,0.0036699952630204,0.0894058972108559,9.617184214153054e-06,0.0340640805661678
woG2,792,0.033380557782948,,,,91.38344359397888,0.0161391723687287,0.076401374867705,0.0063620511095085,0.0,0.0170059793659287,0.0037187583168174,0.088214453798337,9.07537731176108e-06,0.033380557782948
woG2,793,0.0333634645326948,,,,91.4214837551117,0.0160990802296361,0.0765467549933761,0.0063578064160299,0.0,0.0169918101174054,0.0036583590076961,0.088667588033637,9.810107239672411e-06,0.0333634645326948
woG2,794,0.0332800757262061,,,,91.20430564880373,0.0160704405031731,0.0762085538418566,0.0063369360153151,0.0,0.0169592297132142,0.0036754979213821,0.0887759446364934,1.0033441755015449e-05,0.0332800757262061
woG2,795,0.0335088814990442,0.1091824434697628,23.168214416503908,0.8497876644134521,91.2934432029724,0.0162622428529697,0.0762771622079317,0.0063417047418684,0.0,0.0171319517291715,0.0036931635705051,0.088301932072786,9.643173127793505e-06,0.0335088814990442
woG2,796,0.0329339872190698,,,,91.2653295993805,0.0158904465984125,0.0756290618513451,0.0063026911926409,0.0,0.0167886698236841,0.0036897842856276,0.0865515078738576,9.953891691551188e-06,0.0329339872190698
woG2,797,0.0334800007737806,,,,91.319748878479,0.0162730224461096,0.0759893421266899,0.0063350761889434,0.0,0.0171146174724839,0.0037262692787974,0.0885349401868269,9.910674385066049e-06,0.0334800007737806
woG2,798,0.0339832700575228,,,,91.3972351551056,0.0165767273178598,0.076508701824751,0.0063505060264657,0.0,0.0174299953810748,0.0037107703106126,0.0914880187846109,9.060618688843524e-06,0.0339832700575228
woG2,799,0.0342467899022043,,,,91.26713681221008,0.0168066233793487,0.0767442965116657,0.0063564972074122,0.0,0.0176520098046567,0.0036563070483322,0.0893847586312255,9.515748887865537e-06,0.0342467899022043
woG2,800,0.0344046671401526,0.1105440147221088,22.95492909749349,0.8524518013000488,91.25739121437071,0.0168324901462822,0.0774234640793722,0.0063996419222781,0.0,0.017693134398795,0.0037319699348118,0.0900697498658641,9.610769065080125e-06,0.0344046671401526
woG2,801,0.0335982371365926,,,,91.26721024513245,0.01628599642608,0.0766628350390762,0.0063592984501394,0.0,0.0170681050932798,0.0037576963191806,0.0890259281655804,9.509853034192904e-06,0.0335982371365926
woG2,802,0.0337889582132462,,,,91.2755889892578,0.0164359235510107,0.0765112648244764,0.0063523177103307,0.0,0.0172837488124238,0.0036606823264041,0.0904512908767725,9.841656728958517e-06,0.0337889582132462
woG2,803,0.0329350938593022,,,,91.29161477088928,0.0158517893449571,0.075832263368075,0.0063163287857486,0.0,0.0167581249471204,0.0036649421099802,0.0873863888812846,1.0010889590664523e-05,0.0329350938593022
woG2,804,0.0328669596738258,,,,91.1571204662323,0.0157898169194088,0.0759045970244485,0.006315883737607,0.0,0.0166777348771813,0.0036819935232385,0.0872724594884231,1.0309028095993782e-05,0.0328669596738258
woG2,805,0.0333704990716498,0.1101785358041524,23.01285349527995,0.8498160044352213,91.10332012176514,0.0161180509803969,0.0764767581322154,0.0063521175523151,0.0,0.0170045084411614,0.0036464958455505,0.0885299355341274,1.0803045896775953e-05,0.0333704990716498
woG2,806,0.0326868549111436,,,,91.2546284198761,0.0156724526409487,0.0756607446514192,0.006296636769548,0.0,0.0165909123301628,0.0036461892219061,0.087023864851379,1.0340901368219892e-05,0.0326868549111436
woG2,807,0.0331264450749168,,,,91.31726050376892,0.0160062871873378,0.0758028924465179,0.0063332609763582,0.0,0.016921086473482,0.0036708162582219,0.0877536021050859,1.060084845543428e-05,0.0331264450749168
woG2,808,0.0334996696042477,,,,91.44737648963928,0.01630175347272,0.0758951672765075,0.0063298973522042,0.0,0.0171804912235648,0.0036877470251294,0.0882960732293422,1.064539929294927e-05,0.0334996696042477
woG2,809,0.0334446340890937,,,,91.28137826919556,0.0162767281710002,0.0758232503640847,0.0063119644344952,0.0,0.0171360226088493,0.0036228707033499,0.0880840526069285,1.0439695462058994e-05,0.0334446340890937
woG2,810,0.033547198522042,0.1094515472650528,23.174239095052084,0.8508795897165934,91.29972839355467,0.0163383779696143,0.0759295933559292,0.0063308238387718,0.0,0.0172096732393151,0.0036231962435298,0.0885472001477343,1.0543319245737697e-05,0.033547198522042
woG2,811,0.0328482527621701,,,,91.28739500045776,0.015817356868418,0.0756009621698348,0.0063017298921667,0.0,0.0167205188973028,0.0036361193528673,0.0870283756893677,1.0434899246698247e-05,0.0328482527621701
woG2,812,0.0331911934295394,,,,91.2769651412964,0.0159997561809103,0.0762740632549661,0.0063505206012823,0.0,0.0168988617045468,0.0036815116620912,0.0879201211310068,1.0577083732860129e-05,0.0331911934295394
woG2,813,0.0330421651912028,,,,91.0950574874878,0.0159303008303901,0.0758416779705735,0.0063064663182394,0.0,0.0167971192935451,0.0036680669663092,0.088366063494907,9.85584874803393e-06,0.0330421651912028
woG2,814,0.03344043573273,,,,91.30214238166808,0.0162764960732005,0.0756210098501111,0.0063109800112662,0.0,0.0171231356083003,0.0036675853093658,0.0893554130843916,9.64153219712802e-06,0.03344043573273
woG2,815,0.0334901229982249,0.1088581588119268,23.00068664550781,0.8525692303975423,91.2046389579773,0.0162070050499722,0.0764173625922594,0.0063652252553214,0.0,0.0170777378695421,0.0036238554949093,0.0898347150106899,1.0172222910770448e-05,0.0334901229982249
woG2,816,0.0344091229537715,,,,91.24224805831908,0.0166457950473442,0.0790417765984769,0.0063790089019467,0.0,0.0175076273239416,0.0036537188227425,0.0897094568573549,9.827856377492192e-06,0.0344091229537715
woG2,817,0.0337073974097605,,,,91.14814710617064,0.0164595496398015,0.075952900726287,0.0063182483503564,0.0,0.0172932515012436,0.0036473071181642,0.0894233627763927,9.750220983801126e-06,0.0337073974097605
woG2,818,0.033290008846365,,,,91.2976725101471,0.0161979706637317,0.0754714393224872,0.0062960568361259,0.0,0.01705743128159,0.0035902343940402,0.0878855946061552,1.0211890396401825e-05,0.033290008846365
woG2,819,0.0334764788629578,,,,91.27394270896912,0.0162990863175421,0.0756007188656291,0.0062966078661046,0.0,0.0171507438034063,0.0036299563610361,0.0900901585634126,1.0558326045238556e-05,0.0334764788629578
woG2,820,0.0343252959371101,0.1153388395905494,22.481315104166665,0.8481231371561686,91.2107479572296,0.0169358346534923,0.0761178771003348,0.0063301774092995,0.0,0.0177869389795499,0.0037171430675862,0.0900202326965136,1.0647019928942533e-05,0.0343252959371101
woG2,821,0.0340890888674337,,,,91.3230504989624,0.016742451727146,0.0760613010555017,0.0063264159348289,0.0,0.0175956541931897,0.0036691668754458,0.0904176466655535,1.0396876936700116e-05,0.0340890888674337
woG2,822,0.0329463872447854,,,,91.07108306884766,0.0159387303607874,0.0752889010749879,0.006273551216181,0.0,0.0168242391092,0.0036292832734093,0.0872677476985044,9.86043397199219e-06,0.0329463872447854
woG2,823,0.0335094841258203,,,,91.28347635269164,0.0163132613219442,0.0757963105303342,0.006315050652388,0.0,0.0171602673095757,0.0036581895718747,0.0893103508431403,1.0766984162765451e-05,0.0335094841258203
woG2,824,0.0330811253764101,,,,91.37109184265135,0.0160069154483861,0.0756028675642169,0.0063012585417962,0.0,0.0168997305140021,0.0036562613266917,0.0873085335507744,9.887074308388084e-06,0.0330811253764101
woG2,825,0.0328004990597484,0.1111608799546957,22.988253784179687,0.8495384693145752,91.39027786254884,0.015708669119316,0.0760234350063761,0.0062908427236357,0.0,0.0166152806067075,0.0035977558267195,0.0881395794023744,1.0423794232812329e-05,0.0328004990597484
woG2,826,0.0333595960477336,,,,91.39007878303528,0.016216569091575,0.0757294263018936,0.0063003252955061,0.0,0.0170562936939665,0.0036377534308455,0.0883106938944976,1.0353638186565782e-05,0.0333595960477336
woG2,827,0.0329758577720552,,,,91.3167049884796,0.0159028179516069,0.0756015533306559,0.0062986325308466,0.0,0.0167868890204146,0.003658460062875,0.088386072945155,9.869030848881971e-06,0.0329758577720552
woG2,828,0.0329358436197775,,,,91.57482624053956,0.015833217207892,0.0756763048836442,0.0063023377290056,0.0,0.0167115534518341,0.0036596613592605,0.0900443116599907,9.32751331162067e-06,0.0329358436197775
woG2,829,0.0331390004330238,,,,91.34439730644226,0.0160563465925391,0.0755577776275697,0.0062853179711726,0.0,0.0168630710390747,0.0037096520431614,0.0882617261138607,9.96532747279181e-06,0.0331390004330238
woG2,830,0.0327937468642094,0.1083849389106035,23.127530415852863,0.8517699241638184,91.2054705619812,0.0158327966775806,0.0751823694979558,0.0062607145375862,0.0,0.0167431372416312,0.0036142319354961,0.0866344237364217,1.0413140502262475e-05,0.0327937468642094
woG2,831,0.0331618134543055,,,,91.38813304901124,0.0160909654251986,0.0754418197225351,0.0063032178173879,0.0,0.0169271242377332,0.0036338896616591,0.0881589754927353,9.80010917053024e-06,0.0331618134543055
woG2,832,0.03300117189828,,,,91.26146268844604,0.0159466180751924,0.0756020868410829,0.0063111806654783,0.0,0.0168404251825614,0.0036161634441251,0.087059935738073,1.0423684688020546e-05,0.03300117189828
woG2,833,0.0326069406554347,,,,91.28842902183531,0.0156806825705971,0.0750449920286897,0.0062566213080751,0.0,0.0165594614752125,0.0036079141857163,0.087802437210425,1.0368622679481646e-05,0.0326069406554347
woG2,834,0.0324602054401499,,,,91.2322564125061,0.0155887796894692,0.0748945723791591,0.0062676823304843,0.0,0.016499803538938,0.0036495064240193,0.0865914361154446,1.0548851503611724e-05,0.0324602054401499
woG2,835,0.0324096695260434,0.1097057871520519,23.093127950032557,0.8513422807057699,91.25160098075868,0.0155365575624049,0.0749508166899446,0.0062606729639571,0.0,0.016446348775911,0.0036374163130664,0.0868548598812251,9.534273480556074e-06,0.0324096695260434
woG2,836,0.0328676847313515,,,,91.42779088020325,0.0159063160831688,0.0751245051133828,0.0062833488308137,0.0,0.0167992940309961,0.0036048038822568,0.0865087909776656,1.0604356365328537e-05,0.0328676847313515
woG2,837,0.0334909205615031,,,,91.34162902832033,0.0162909487796733,0.0759110963735424,0.0063460241090964,0.0,0.017150968977357,0.0036053548063166,0.0888643117285654,9.722833317563665e-06,0.0334909205615031
woG2,838,0.0333144923091911,,,,91.41995906829834,0.0162343636735296,0.0752895748028989,0.0062751723491571,0.0,0.0170901662853286,0.0036287686986024,0.0882249883696681,9.914198601125615e-06,0.0333144923091911
woG2,839,0.0329618092748473,,,,91.34118747711182,0.0159295501920287,0.0752405592652618,0.0062712518456315,0.0,0.0168175778015837,0.003641283082333,0.0888847164565422,9.965197258503687e-06,0.0329618092748473
woG2,840,0.0327015637923948,0.1108549740165472,22.944507853190103,0.8489297072092692,91.4063184261322,0.0157837081608957,0.0749858236703716,0.006265913590514,0.0,0.0166676179811236,0.0036365411685184,0.0866070271271174,9.852191512001182e-06,0.0327015637923948
woG2,841,0.0330754221859769,,,,91.3177125453949,0.0160131910128793,0.0754941736088424,0.0062871843893233,0.0,0.0169014652473394,0.0036078214790427,0.0877362361147267,1.0221890062926515e-05,0.0330754221859769
woG2,842,0.0329010634851016,,,,91.2420163154602,0.0159381010386421,0.0750708487190184,0.0062639502632874,0.0,0.0168262053601688,0.0036045496082925,0.0867713174370468,1.0608567449812673e-05,0.0329010634851016
woG2,843,0.0332077026183976,,,,91.22425055503844,0.0161434844991222,0.0753126857710666,0.0062804556486089,0.0,0.0169764826394861,0.0036057489399309,0.0884713235265407,1.0926464006421244e-05,0.0332077026183976
woG2,844,0.0330948007949551,,,,91.16089057922365,0.0160438144106234,0.0753113432008712,0.0062716692937996,0.0,0.0169018636472889,0.0036272055910304,0.0885027553428147,9.679839016661387e-06,0.0330948007949551
woG2,845,0.0333661189089055,0.1084754057228565,23.115828959147134,0.8526666641235352,91.17449116706848,0.0162334750085824,0.0752099508144816,0.0062646867123386,0.0,0.0170320809330241,0.0036143528146776,0.0921128271300284,9.546851727517143e-06,0.0333661189089055
woG2,846,0.0330039055590502,,,,91.26570081710815,0.0158871415101724,0.076026153369028,0.0063260852466108,0.0,0.0167730909573738,0.0036193317262318,0.0876135192811489,1.014623661549545e-05,0.0330039055590502
woG2,847,0.0326239886525713,,,,91.3251142501831,0.0157297619267321,0.0747904547902404,0.0062710439183245,0.0,0.0166214462064328,0.0035892618881141,0.0875286069988715,1.0350845154385957e-05,0.0326239886525713
woG2,848,0.0326362312237014,,,,91.29032564163208,0.0157508909259541,0.0745979523072477,0.0062410811679895,0.0,0.0166133050883158,0.0036119491608095,0.0885938643248843,9.90263118363739e-06,0.0326362312237014
woG2,849,0.0331855960892605,,,,91.26744747161864,0.0161643426208833,0.0752049127563101,0.0062709835407583,0.0,0.0170108752905345,0.0035396092075121,0.0870760746727712,1.0169935131164832e-05,0.0331855960892605
woG2,850,0.0328530558217011,0.1072035301476717,23.25509592692057,0.8531097253163655,91.18586802482604,0.0158448631066035,0.0751433983200886,0.0062891376762055,0.0,0.0167476765612964,0.003606807882325,0.0892021893599971,1.0215799136129255e-05,0.0328530558217011
woG2,851,0.0330216794076268,,,,91.49413514137268,0.0160385450256652,0.0750015788390988,0.0062858151771952,0.0,0.0169013259077414,0.0035967024235955,0.087525085591879,1.0339056143412245e-05,0.0330216794076268
woG2,852,0.0329320094105405,,,,91.1956353187561,0.0159087564383984,0.0755660113741139,0.0063017593127995,0.0,0.0167846882517342,0.0035959167432681,0.0864274621803741,1.0248841683114413e-05,0.0329320094105405
woG2,853,0.0330912932967309,,,,91.30595135688782,0.0160593036562204,0.0753103274790967,0.0062885142358966,0.0,0.0169303618127205,0.0036506647641052,0.0871394182265293,1.0067583549855966e-05,0.0330912932967309
woG2,854,0.0327492200265653,,,,91.52474927902222,0.0158201103236098,0.0750361153336822,0.0062632426413417,0.0,0.0167092259774809,0.0036467568668323,0.0863423982451929,9.602028963120783e-06,0.0327492200265653
woG2,855,0.0323971892081078,0.1072762981057167,23.34058532714844,0.8535715103149414,91.28385615348816,0.0156051240876683,0.0745076576217276,0.006223673317734,0.0,0.0164852559291681,0.0035263883946158,0.0862735466207148,9.917224535668287e-06,0.0323971892081078
woG2,856,0.0327403880197738,,,,91.34534621238708,0.0158613585622706,0.074517652148106,0.0062299471150045,0.0,0.0167344229631736,0.0036243762015594,0.0876466561047757,1.15892218422262e-05,0.0327403880197738
woG2,857,0.0326611581945517,,,,91.3382248878479,0.0157698121563088,0.0747013219067307,0.0062594234420475,0.0,0.0166607533932709,0.0036167958694067,0.0875788986011118,1.0392053771866064e-05,0.0326611581945517
woG2,858,0.0327684496391992,,,,91.307030916214,0.0158123710330148,0.0750012133942275,0.0062435901929914,0.0,0.0167101838274813,0.0035949993313702,0.0881988141746794,1.0396027518704089e-05,0.0327684496391992
woG2,859,0.0324712490327045,,,,91.29881858825684,0.015612465482144,0.0747103134139639,0.0062442469605259,0.0,0.0165157610336776,0.0035990038524061,0.0874422743122597,1.0601537305402238e-05,0.0324712490327045
woG2,860,0.0328533048817857,0.1050581522285938,23.373553975423174,0.8525601069132487,91.30203700065611,0.0159297743812203,0.0748556109725451,0.0062520631386699,0.0,0.0168032873131823,0.0035697204131465,0.0868121069688044,1.0789088776734034e-05,0.0328533048817857
woG2,861,0.0330875909230748,,,,91.25075888633728,0.016100007292555,0.0747240386048301,0.0062458395011356,0.0,0.0169228449708125,0.0036061018300777,0.0896765398563908,9.73691747932083e-06,0.0330875909230748
woG2,862,0.0329588413940834,,,,91.025554895401,0.0159787863309754,0.075025699666289,0.0062602304426006,0.0,0.0168377950970755,0.0035904595546317,0.0879147281473288,9.789001999307398e-06,0.0329588413940834
woG2,863,0.0323191417197956,,,,91.28456258773804,0.0155774620743315,0.0741113634383092,0.0062104843358402,0.0,0.0164651732403235,0.003605816978007,0.0866425143646412,1.00458729197231e-05,0.0323191417197956
woG2,864,0.0330742332076684,,,,91.32433533668518,0.0161192543484026,0.074737470658099,0.0062411954534835,0.0,0.0169825493205399,0.0035686552348989,0.0875097813359538,1.0027329947141036e-05,0.0330742332076684
woG2,865,0.0335644872584303,0.1084104888141155,23.347513326009118,0.851338799794515,91.27218675613403,0.0164675645331745,0.0751351772761735,0.0062757675425286,0.0,0.0172692131571715,0.0036547544696673,0.0883268261419945,9.755167859289305e-06,0.0335644872584303
woG2,866,0.032896416704552,,,,91.25922751426695,0.0159085013781536,0.0752503520152607,0.0062707714473095,0.0,0.0168217249123043,0.0036048781285138,0.0866991967787263,1.0473368428741892e-05,0.032896416704552
woG2,867,0.0327071472544406,,,,91.35258960723876,0.0156739840100778,0.0758852606914082,0.0063140423964617,0.0,0.0165917827045453,0.0036104798448638,0.0863687280015867,1.0237104931695496e-05,0.0327071472544406
woG2,868,0.0326778325328572,,,,91.18558311462402,0.0157377470483178,0.0750938248438913,0.0062625371263225,0.0,0.0166081301028244,0.003586914315896,0.0877098495171206,1.0804258845526058e-05,0.0326778325328572
woG2,869,0.0331895775848724,,,,91.24779748916626,0.0162090824565804,0.0748874466927325,0.0062462180303257,0.0,0.0170358356668568,0.0036531521244066,0.0867771654099714,1.0450237700489058e-05,0.0331895775848724
woG2,870,0.0338569873119475,0.1126854550093412,22.616631571451823,0.8502725919087728,91.2270679473877,0.0166251437249975,0.075469146497914,0.006281044026913,0.0,0.0174695195737065,0.0036496254596401,0.0905720333217597,1.0439807062896086e-05,0.0338569873119475
woG2,871,0.0334812698152954,,,,91.33668112754822,0.0163514484407105,0.0754585573907758,0.0062666573622798,0.0,0.0171760092565759,0.0035632155801276,0.0888670841384618,1.0377346174629209e-05,0.0334812698152954
woG2,872,0.0330296781555306,,,,91.19577169418336,0.0160700984635069,0.0746917675753108,0.0062375317182636,0.0,0.0169411582765398,0.0036029079776318,0.0883692319459114,8.869224661084965e-06,0.0330296781555306
woG2,873,0.0328482757246152,,,,91.27773022651672,0.0159588326303074,0.0744063595279318,0.0062201669130504,0.0,0.0168196968657926,0.0035623220438672,0.0884225204373236,1.0476465475346492e-05,0.0328482757246152
woG2,874,0.0336285643126876,,,,91.25620865821838,0.0164901121885928,0.075336149970039,0.0062928622756458,0.0,0.0173480128335048,0.0036507402260436,0.088081009472247,1.0414524807867955e-05,0.0336285643126876
woG2,875,0.0327030529161212,0.1075172983109951,23.252369181315103,0.851754633585612,91.22035312652588,0.0158957197849989,0.0741561201752209,0.0062169614247977,0.0,0.0167561994224298,0.0035955874863859,0.0867045095770574,8.943326918711188e-06,0.0327030529161212
woG2,876,0.0331664168901863,,,,91.15946292877196,0.016104633614543,0.0754804933657411,0.0062971426513748,0.0,0.0169615904785326,0.0036289847883411,0.0871061836292997,9.097255594015702e-06,0.0331664168901863
woG2,877,0.0326411126059342,,,,91.07522368431091,0.0158262659841385,0.074224656234022,0.0062192311915034,0.0,0.0166880859779652,0.0036049809642746,0.0872035822754756,9.905001723840049e-06,0.0326411126059342
woG2,878,0.0320831281362009,,,,91.21999311447144,0.0154483966514101,0.0737646417539627,0.0061800578135813,0.0,0.0163305147444127,0.0035363274510018,0.0855960994958877,1.0082559990477882e-05,0.0320831281362009
woG2,879,0.0322682205587625,,,,91.1415650844574,0.0155601272603771,0.0740071691450525,0.0062005638457895,0.0,0.0164509123863011,0.0035234090173617,0.0862414320533881,1.0580885514385307e-05,0.0322682205587625
woG2,880,0.0321940456318562,0.1083365213125944,23.142157491048177,0.8526874224344889,91.28710770606996,0.0154800186636017,0.0741041717959232,0.0062080293695335,0.0,0.0163715717718615,0.0035969127832194,0.0862914743054597,1.0256680092075478e-05,0.0321940456318562
woG2,881,0.0320034290160067,,,,91.27966165542604,0.0153732022927066,0.0737885656904001,0.0061961677379631,0.0,0.0162554351750333,0.0035295570860845,0.0859289856810794,1.0189188406458168e-05,0.0320034290160067
woG2,882,0.0328104454016343,,,,91.40779757499696,0.0159037321363194,0.0746393526186708,0.0062353162259077,0.0,0.0167551515089561,0.0035876926391568,0.0880452445479201,9.33856386447596e-06,0.0328104454016343
woG2,883,0.0321560531213391,,,,91.40428614616394,0.0155012527954016,0.0737802679421471,0.0061822354652323,0.0,0.0163967706889036,0.0035196979631303,0.085880593442526,1.0625308783082768e-05,0.0321560531213391
woG2,884,0.0323677233069158,,,,91.3408980369568,0.0156415862214491,0.0740013337526165,0.0062069246835518,0.0,0.0165332096445633,0.0035625981609718,0.0861915883715035,1.0894110762040611e-05,0.0323677233069158
woG2,885,0.0320879754869908,0.1118453703820705,22.916016642252604,0.8498454888661703,91.26484751701356,0.0154162256703635,0.0740828768151705,0.0062071736329464,0.0,0.0163095621468468,0.0036026035191216,0.0849365981936943,1.06655213558816e-05,0.0320879754869908
woG2,886,0.0321158201845942,,,,91.29838347434998,0.015400016855937,0.0742216178628265,0.0062002895426646,0.0,0.0163019864026029,0.0035907778255336,0.0862387903340038,1.1051466340916785e-05,0.0321158201845942
woG2,887,0.0320110037525902,,,,91.23273134231567,0.0153240065288836,0.0741776056954118,0.0062087283118582,0.0,0.0162019869617995,0.0035899410703692,0.0861108709340457,1.092400815528114e-05,0.0320110037525902
woG2,888,0.0323660506363042,,,,91.18475246429443,0.0156240170806279,0.0741026592059213,0.0062033155413924,0.0,0.0164790706113591,0.0035398527655414,0.0868682552770268,1.0116030350674122e-05,0.0323660506363042
woG2,889,0.0322135541832349,,,,91.20250105857848,0.0155160437628138,0.0741800240805891,0.0062155549368653,0.0,0.0163682348201753,0.0035424328239283,0.0851296782493591,9.350422174826018e-06,0.0322135541832349
woG2,890,0.0324242294720206,0.110674187541008,23.02168731689453,0.8511030197143554,91.23026037216188,0.0156357603254499,0.0742813080060677,0.0062220057522206,0.0,0.0164877981649803,0.0035570124698589,0.087647745385766,9.644181924597336e-06,0.0324242294720206
woG2,891,0.0318946034998678,,,,91.2194001674652,0.015306482129715,0.0736722223094252,0.0061931987369402,0.0,0.0162029899046069,0.0035431874118226,0.0851739498130122,9.5644701695858e-06,0.0318946034998678
woG2,892,0.032076627107673,,,,91.3664481639862,0.0154099339451335,0.0739594482984699,0.0062161307213217,0.0,0.0162796055302634,0.0035621533666538,0.0860485748739027,1.0422344809813585e-05,0.032076627107673
woG2,893,0.0321835577793297,,,,91.2402195930481,0.0155087580644815,0.0738688907662376,0.0061799337930946,0.0,0.0163684960332561,0.0035759193658614,0.08627991683659,9.759595406528732e-06,0.0321835577793297
woG2,894,0.0324911344643743,,,,91.18697166442873,0.0157019448405528,0.0743362463888574,0.0062131242154807,0.0,0.0165513123950508,0.003558367075681,0.0866530280499184,1.0375079426757377e-05,0.0324911344643743
woG2,895,0.0323265693226798,0.1086949799209833,23.098316446940103,0.8529335975646972,91.20611667633057,0.0155824230617431,0.0742176546425116,0.0062267873169029,0.0,0.0164372070585606,0.0035476405383469,0.0864396810409475,1.1202101663861984e-05,0.0323265693226798
woG2,896,0.0324064809523645,,,,91.197580575943,0.0156644010977422,0.0739791236939977,0.0062132291705729,0.0,0.01651764627485,0.0035850504684246,0.0872053290396684,1.0964055555052736e-05,0.0324064809523645
woG2,897,0.0322281841616161,,,,91.3777859210968,0.0155588399664666,0.0736975200840684,0.0061808812325118,0.0,0.0164596702460749,0.0034870321129555,0.0867333910809677,1.0759884745068988e-05,0.0322281841616161
woG2,898,0.0327216849860842,,,,91.2868332862854,0.0159008623039746,0.0741061143210676,0.006218438118803,0.0,0.0167507613688463,0.0035402140881652,0.0880254777606393,1.0426844455810006e-05,0.0327216849860842
woG2,899,0.032698522535626,,,,91.35501170158386,0.0158691568391733,0.0743305785734145,0.0062420331533295,0.0,0.0167300907406406,0.003560175781413,0.0868368583319128,1.071266668837639e-05,0.032698522535626
woG2,900,0.0323754059547772,0.1106104329228401,22.966842651367188,0.851238489151001,91.54202365875244,0.0156692873732354,0.0738677900345599,0.0061928089192808,0.0,0.0165592062699257,0.0035435450673637,0.0860436916595599,1.1066227670001626e-05,0.0323754059547772
woG2,901,0.0323222994224214,,,,91.3046169281006,0.0155788319353319,0.0742669784631885,0.0062400859944736,0.0,0.0164682047716418,0.0035506906503139,0.0856809110731863,1.017467917646402e-05,0.0323222994224214
woG2,902,0.0323060814321774,,,,91.18975305557252,0.0156154391798572,0.0738980232692155,0.0061918819307914,0.0,0.0164840202473226,0.0035075100518564,0.0859419755088012,9.998040642012655e-06,0.0323060814321774
woG2,903,0.0323376671456899,,,,91.48765540122986,0.015650388769439,0.0737553414751271,0.0061961128452762,0.0,0.0165202009842776,0.0035398991427338,0.0863421901633016,9.549689423705427e-06,0.0323376671456899
woG2,904,0.032529485778364,,,,91.43703079223631,0.0157657556815958,0.0740400982684776,0.0062091984427305,0.0,0.0166314299767989,0.0035342215808474,0.086906254673224,1.0630661455888783e-05,0.032529485778364
woG2,905,0.0323154664308321,0.111022213473916,22.859276835123698,0.8519307772318522,91.41909289360046,0.0156408783552221,0.0737288462333991,0.0061872973007562,0.0,0.0165052234164637,0.0035339784541274,0.0861013635046413,1.0574918620148176e-05,0.0323154664308321
woG2,906,0.0324012898061363,,,,91.5398178100586,0.0157310122578236,0.0736058139410175,0.0061646629235569,0.0,0.0165650419524458,0.0035584087075177,0.0861694077793203,1.0293010011878865e-05,0.0324012898061363
woG2,907,0.0322569614948063,,,,91.23319697380066,0.0155849493352971,0.0738304140137844,0.0061878891409848,0.0,0.0164398652669347,0.003565796561249,0.0857365767731041,8.717084654157929e-06,0.0322569614948063
woG2,908,0.0322457701425816,,,,91.71796131134032,0.0155637967934618,0.0738298546095363,0.0061882422840008,0.0,0.0164080755098066,0.0035668147506467,0.0865514984232236,9.255681897866632e-06,0.0322457701425816
woG2,909,0.0320430950979228,,,,91.37333416938782,0.0154568642286247,0.0734631355668677,0.0061729320508168,0.0,0.0162995996594917,0.0035988575068958,0.085509589919057,9.306134347413794e-06,0.0320430950979228
woG2,910,0.0322230706205133,0.1075513586401939,23.27291514078776,0.8519749164581298,91.236811876297,0.0155509580537432,0.0737620152410913,0.0061942719449823,0.0,0.0164223649905475,0.003513633653323,0.0866219513118267,9.36585855948935e-06,0.0322230706205133
woG2,911,0.0319897575670334,,,,91.39012002944946,0.0153893182802273,0.0735903191761892,0.006179586037627,0.0,0.016271981746569,0.0034928747002401,0.0859494579681119,9.623097421511528e-06,0.0319897575670334
woG2,912,0.0318797329349107,,,,91.4041256904602,0.0153364897323924,0.0734579392143937,0.0061801325293166,0.0,0.0162140706050224,0.0035093399986136,0.0845939802219633,1.0444117896855466e-05,0.0318797329349107
woG2,913,0.0320877397860415,,,,91.3544340133667,0.0154937183652378,0.073479626510964,0.0061575290995085,0.0,0.0163715204346131,0.0035035902783121,0.0854752992020278,1.0342726042096368e-05,0.0320877397860415
woG2,914,0.0324180164969846,,,,91.32375860214232,0.0156375911300543,0.0742907191886276,0.0062101345020728,0.0,0.0164947006469745,0.0035051351821538,0.0873427749535099,1.041042912762264e-05,0.0324180164969846
woG2,915,0.0317936132005492,0.1119316145777702,22.901563517252605,0.8508432706197103,90.9852123260498,0.0152495743584681,0.0732051954894769,0.0061525334069719,0.0,0.0161187711980987,0.0035264118360813,0.0874830990357965,1.0330617569932458e-05,0.0317936132005492
woG2,916,0.0317385871360292,,,,91.28028678894044,0.0152153384978653,0.0733237432651832,0.0061552498459083,0.0,0.0160998507463907,0.0034909847385219,0.0858783935669992,1.0761850121426194e-05,0.0317385871360292
woG2,917,0.031848679342475,,,,91.26006889343262,0.0153182507721615,0.0734148401705945,0.0061591478927274,0.0,0.0161905819550156,0.0035005936124285,0.0845990655638399,9.97232377336348e-06,0.031848679342475
woG2,918,0.0316633673567996,,,,91.3943166732788,0.0151610566364204,0.0733323707932331,0.006148519379957,0.0,0.0160506319132496,0.0035010752836853,0.0852362979203462,9.06492143573122e-06,0.0316633673567996
woG2,919,0.0319422442832442,,,,91.32383155822754,0.0153429173085777,0.0737501309543359,0.0061857361865581,0.0,0.0162261163846391,0.0034853312163995,0.0851688436308845,9.390444174748228e-06,0.0319422442832442
woG2,920,0.0323614596587712,0.1093380432575941,23.0725346883138,0.8523443698883056,91.28501391410828,0.0156635271736466,0.0736828299819446,0.0061794779450464,0.0,0.0165096457253714,0.0035235596473374,0.0876311901956796,9.632311508207974e-06,0.0323614596587712
woG2,921,0.031982122462426,,,,91.27566313743591,0.0153989124524055,0.0734655314781626,0.0061780615484525,0.0,0.0162734678320464,0.0035245493369283,0.0858858638427785,1.0223535853832623e-05,0.031982122462426
woG2,922,0.0322779329707388,,,,91.26838612556458,0.0156414871959046,0.0735513738921431,0.0061640584036005,0.0,0.0165134955075432,0.003504015910859,0.0856205573702444,1.0499254422240897e-05,0.0322779329707388
woG2,923,0.0322183002641455,,,,91.24003767967224,0.0155535815054642,0.0736059878693252,0.0061721111434038,0.0,0.0164338106778068,0.0035065580617453,0.0873911738029269,1.043799424064312e-05,0.0322183002641455
woG2,924,0.0323300547134436,,,,91.277672290802,0.0156537188812479,0.0737105212250694,0.0061987945332848,0.0,0.0165123714469983,0.003536871495107,0.0862145088613033,1.0358386241623311e-05,0.0323300547134436
woG2,925,0.0322920788293246,0.1112774815410375,22.93626454671224,0.85152587890625,91.19634246826172,0.0156020239820001,0.073909862608206,0.0062090238865434,0.0,0.0164707517938413,0.0035122381265611,0.0858944185444566,1.0621801828924116e-05,0.0322920788293246
woG2,926,0.0328689932395688,,,,91.09395265579224,0.0160316037105732,0.0741409610529414,0.006235539506678,0.0,0.0168687959400112,0.0034621904850326,0.0876813275037241,1.0702101683038083e-05,0.0328689932395688
woG2,927,0.031773077461441,,,,91.32124900817873,0.0152629267225866,0.0733529617551897,0.0061718166259987,0.0,0.0161614701777818,0.0034925466342294,0.0843404178492358,1.0932834151300784e-05,0.031773077461441
woG2,928,0.0319466573476302,,,,91.55328726768494,0.0153841152252843,0.0733918371747751,0.0061833571383088,0.0,0.0162563426038403,0.0034676036495929,0.0857907281119804,1.069818133142058e-05,0.0319466573476302
woG2,929,0.032305839578392,,,,91.4274969100952,0.0156196807282137,0.0737305864936015,0.0061871482547922,0.0,0.0164412138678255,0.0035355873844876,0.0873011545140723,1.001171476482406e-05,0.032305839578392
woG2,930,0.0322105080561071,0.1099239569157362,23.08085784912109,0.8510413646697998,91.38055682182312,0.0155845292859145,0.0734859856425738,0.0061797265700049,0.0,0.0164289018749946,0.003497704781485,0.086419896329524,9.946169974723023e-06,0.0322105080561071
woG2,931,0.0322337517148402,,,,91.18062663078308,0.0156062177351874,0.0734192963506354,0.0061711793189074,0.0,0.0164465172536915,0.003574976846423,0.0865342721465181,9.346671537209504e-06,0.0322337517148402
woG2,932,0.0318246639837495,,,,91.25683522224426,0.0153135544406708,0.0732829297175172,0.0061489807205183,0.0,0.0161783202994065,0.0034975261574412,0.0847825777152034,1.0300623549421996e-05,0.0318246639837495
woG2,933,0.0324225035328112,,,,91.29933142662048,0.0158031957346152,0.0731710610819644,0.0061524444255886,0.0,0.0166750357058815,0.0035200823989666,0.0859657876407269,9.670594553833687e-06,0.0324225035328112
woG2,934,0.0317596124301924,,,,91.41599321365356,0.0153095298904742,0.0728372604143424,0.0061412678504759,0.0,0.0161692499198385,0.003480434492154,0.0852522179179015,1.0059427068972646e-05,0.0317596124301924
woG2,935,0.0321292570776871,0.111168872565031,22.985009765625,0.8511318365732828,91.25737595558168,0.0155204303608443,0.0735477399630624,0.0061925931539783,0.0,0.0163695885738754,0.0034838908163021,0.085715223164832,1.02201969611821e-05,0.0321292570776871
woG2,936,0.0332055765616356,,,,91.33088302612305,0.0162985032027373,0.0741894123007039,0.0062130806723334,0.0,0.0171535123124352,0.0034711608132652,0.0879752926650594,1.059569701010204e-05,0.0332055765616356
woG2,937,0.0341945140637823,,,,91.36404085159302,0.0170424160181132,0.0747521485461563,0.0062434033158647,0.0,0.0178019632738022,0.0034770601740122,0.0894222678311291,1.0268403289038756e-05,0.0341945140637823
woG2,938,0.0331654898730702,,,,91.31541800498962,0.0162857504271459,0.0741496921562757,0.0062167099677026,0.0,0.0171082086067219,0.0034854060676345,0.0872936717799452,1.0201851678151028e-05,0.0331654898730702
woG2,939,0.0317504258795839,,,,91.1588397026062,0.0152664682293524,0.0730604617322077,0.0061395236016174,0.0,0.0161575917917929,0.0034669858563813,0.0854464667375947,1.0533643541130405e-05,0.0317504258795839
woG2,940,0.0320343689870883,0.1093811690807342,23.19897003173828,0.8524141947428385,91.46122574806212,0.0154299440595214,0.073476669729733,0.0061652203964558,0.0,0.0162442220817701,0.0034982952075537,0.087292450190079,1.060912101928134e-05,0.0320343689870883
woG2,941,0.0317923920381753,,,,91.21036767959596,0.015263853106098,0.0731949346964476,0.0061479174860249,0.0,0.0161213918253168,0.0035142208483894,0.0868187984909679,1.1046946442762031e-05,0.0317923920381753
woG2,942,0.0314393239095807,,,,91.08019423484802,0.0150342051352023,0.0728885868533713,0.0061356985605642,0.0,0.0159487604911698,0.0034786035176977,0.0848447461841536,1.1031832267270614e-05,0.0314393239095807
woG2,943,0.0315378540821495,,,,91.21839833259584,0.0151648557836525,0.0727074287953924,0.0061211010257973,0.0,0.0160359443150094,0.0035075667871498,0.0836464769710771,1.047698426235348e-05,0.0315378540821495
woG2,944,0.0317970494296951,,,,91.14417123794556,0.0153185462915017,0.0729434206837513,0.0061229233339917,0.0,0.0161779535949596,0.0034653873423297,0.0858964265369978,9.335014501029476e-06,0.0317970494296951
woG2,945,0.0313698285579925,0.1102714836597442,22.999116516113283,0.8518557071685791,91.25609397888184,0.0149975653325558,0.0727327627236725,0.0061477352349759,0.0,0.0159106780316863,0.003461138549505,0.0847913995079818,1.0711590160683895e-05,0.0313698285579925
woG2,946,0.0311845852153711,,,,91.23379492759705,0.0148267569096728,0.072993446080411,0.006166853060274,0.0,0.015757093679343,0.0034575337042161,0.0836169566714861,1.0792433740026767e-05,0.0311845852153711
woG2,947,0.0316458248426435,,,,91.24600315093994,0.0152437315536204,0.0727085422296993,0.0061247618258243,0.0,0.0161051006804479,0.0034697519874841,0.0845439533596156,9.428756701004984e-06,0.0316458248426435
woG2,948,0.0321217876721601,,,,91.32573866844176,0.0155811098434763,0.0729697405314836,0.0061638556691802,0.0,0.0164106326391462,0.0035071096461281,0.0862113226693673,1.0228953213614248e-05,0.0321217876721601
woG2,949,0.03170405920656,,,,91.18752598762512,0.0152975807470254,0.0727022407484836,0.006141120705326,0.0,0.0161909573848863,0.0034499251470733,0.0839896178575324,1.0822136909699151e-05,0.03170405920656
woG2,950,0.0313343376715163,0.1084437910467386,23.311555480957036,0.8521089235941569,91.29692816734314,0.0149873964809125,0.0725672098456836,0.0061203980070279,0.0,0.0158863560922566,0.0034450390719671,0.0851429912765495,1.0538536382586672e-05,0.0313343376715163
woG2,951,0.0317958376568848,,,,91.31792664527892,0.0152897019488889,0.0732535714985894,0.0061629855085439,0.0,0.0161678292788565,0.0034530159614629,0.0850021956091533,9.95447395201843e-06,0.0317958376568848
woG2,952,0.0319380127656899,,,,91.36642360687256,0.0154200766892096,0.0730061917031397,0.0061548062367364,0.0,0.0162984474455235,0.0034830969888106,0.0860409369295249,1.104804263221272e-05,0.0319380127656899
woG2,953,0.0315532181717333,,,,91.1732852458954,0.0151813195972535,0.0724727692174129,0.0061121850682911,0.0,0.0160844571827376,0.0034172188921938,0.0852501654050877,1.014318292053826e-05,0.0315532181717333
woG2,954,0.0317591650442021,,,,91.37181425094604,0.0152841455333667,0.0729421543293312,0.0061574661493545,0.0,0.0161292746388277,0.0034574103411897,0.0861634553455915,1.0568169321863868e-05,0.0317591650442021
woG2,955,0.0313166414433326,0.1098340656608343,23.073401896158853,0.8503573576609293,91.34400463104248,0.0149889735764533,0.0724303570927166,0.0061048428474574,0.0,0.0159104451857751,0.0034497304414933,0.08498475547941,1.0932912538064166e-05,0.0313166414433326
woG2,956,0.0317107108039934,,,,91.06943583488464,0.0152681635265223,0.0728902074157214,0.0061290649120833,0.0,0.0161157189181349,0.0034343658394913,0.0852279687819422,1.1019816023453817e-05,0.0317107108039934
woG2,957,0.031883977857403,,,,91.35471653938292,0.0153741522035637,0.0729343676176227,0.0061322970537193,0.0,0.0162314102664345,0.0035366925618947,0.0866866481078208,1.053706771347862e-05,0.031883977857403
woG2,958,0.0320061619744681,,,,91.3276026248932,0.0153726354073427,0.0737815939012121,0.0061621646106731,0.0,0.0161864523943819,0.0034993533102306,0.0870412624151003,1.1470105197488916e-05,0.0320061619744681
woG2,959,0.0321111160742699,,,,91.26457357406616,0.0155328886171222,0.0731954520843068,0.0061558939604332,0.0,0.0163710378263084,0.0034449447106692,0.0870606904452453,9.77346614914186e-06,0.0321111160742699
woG2,960,0.0319213014340303,0.110605414956808,22.866869099934892,0.8519020080566406,91.323490858078,0.0154330302487875,0.0727458581572673,0.0061224069786029,0.0,0.0163163903215136,0.0034700131623959,0.0864639212911734,1.1415525590963332e-05,0.0319213014340303
woG2,961,0.03153169090997,,,,91.26649570465088,0.0151252715970526,0.0727303736522549,0.0061305572400938,0.0,0.0160111617449609,0.0034432118676495,0.0856272914431622,9.99252232386414e-06,0.03153169090997
woG2,962,0.0313437009444002,,,,91.33754324913023,0.0150315689503169,0.0722836676191111,0.0060902098270102,0.0,0.0158846944524738,0.0034736066342896,0.0855073373398331,9.695265994012287e-06,0.0313437009444002
woG2,963,0.0316106966834087,,,,91.32142567634584,0.0152016845608099,0.0726901219516504,0.0061225474823541,0.0,0.0160804790383601,0.0035257458011238,0.0850555265597144,1.000014049202966e-05,0.0316106966834087
woG2,964,0.0319054377433217,,,,91.335205078125,0.0154222947713293,0.072694400783445,0.0061220074660282,0.0,0.0162610497753151,0.0034558561928264,0.0872049575030315,1.0443969456335116e-05,0.0319054377433217
woG2,965,0.032081162587541,0.1110372971743345,22.885748291015624,0.8509238560994467,91.26552438735962,0.0154654904818315,0.0737392780233602,0.0062057377644585,0.0,0.0163194209138755,0.0034986844011506,0.0850309037954592,9.578606928316644e-06,0.032081162587541
woG2,966,0.0314775932519162,,,,91.28349900245668,0.0151480693507512,0.0723396168380487,0.0061041154043718,0.0,0.0160187907119999,0.0034378588363741,0.0847239619823264,1.08909227160422e-05,0.0314775932519162
woG2,967,0.0316509024896582,,,,91.2683618068695,0.0152434366602511,0.0726585432154233,0.0061186730888382,0.0,0.0160993185566097,0.0034568850571274,0.0853119382604223,9.738885616130095e-06,0.0316509024896582
woG2,968,0.0317388832813403,,,,91.35594511032104,0.0153745036098922,0.0722618576933126,0.0060976440732016,0.0,0.0162005006931111,0.0034707603436039,0.0851180028536769,9.736031666222509e-06,0.0317388832813403
woG2,969,0.0321750049708319,,,,91.24244713783264,0.0156503318747902,0.073058580277396,0.0061543625321422,0.0,0.0164755178676521,0.0034937077835507,0.0841737821637118,9.19165590638605e-06,0.0321750049708319
woG2,970,0.0316909773000439,0.1075298897922039,23.368646240234376,0.8521338780721028,91.20423078536987,0.0152387974218877,0.0729528611800709,0.0061281254194432,0.0,0.0161038037603263,0.0034628100235198,0.0852481664356882,9.547723195414304e-06,0.0316909773000439
woG2,971,0.030961934614499,,,,91.1340126991272,0.0147363986423025,0.0723129403395731,0.0060902802296532,0.0,0.0156593547645406,0.0034618973102206,0.0832576285436993,1.0533107593771051e-05,0.030961934614499
woG2,972,0.031472433755388,,,,91.17820620536804,0.0151208790904674,0.0725065474627447,0.0060976136429998,0.0,0.0160212291129788,0.0034159026299526,0.0846531756344388,1.1003117217997015e-05,0.031472433755388
woG2,973,0.031845097918613,,,,91.31619954109192,0.0154180592384006,0.0725911201023664,0.0061216300284703,0.0,0.0162897843211034,0.0034324039140197,0.084981645442179,1.068942205004243e-05,0.031845097918613
woG2,974,0.0325103920624881,,,,91.28965926170348,0.0158860840086565,0.0731416662208369,0.0061675369678462,0.0,0.0167431836627179,0.0034534411798765,0.085983579092827,9.71639561816551e-06,0.0325103920624881
woG2,975,0.0336633210879613,0.114238454028964,22.56255137125651,0.8468578020731609,91.34034419059752,0.0167812907717144,0.0736208768164525,0.0061713399663262,0.0,0.0175399119874126,0.0034569145016158,0.087285159170994,9.277717138962215e-06,0.0336633210879613
woG2,976,0.0369604780170761,,,,91.30561900138856,0.0190428309447941,0.0762309593255402,0.0062985692333552,0.0,0.0197388725736957,0.0035599229864959,0.0967701465257855,1.028611013649402e-05,0.0369604780170761
woG2,977,0.0390793060975485,,,,91.13191843032835,0.0206491386472079,0.0774634519561392,0.0063432579016557,0.0,0.0211823775249792,0.0035153791789331,0.0987840850577979,9.907204625677885e-06,0.0390793060975485
woG2,978,0.0362560039874715,,,,91.29377126693726,0.0185378182633612,0.0762352845707877,0.0063128013690536,0.0,0.0191863516086071,0.0034492348633767,0.0926975782227809,9.20257335028624e-06,0.0362560039874715
woG2,979,0.0323711827580557,,,,91.3235640525818,0.015746903315675,0.0732422866782204,0.0061505526766089,0.0,0.0165920441161047,0.0034841453049667,0.0866586715746365,9.44286458245548e-06,0.0323711827580557
woG2,980,0.0314810294810621,0.1106277462095022,22.97089589436849,0.850990358988444,91.26548600196838,0.0151386724052126,0.072346917918471,0.0061093511796541,0.0,0.0160205986762999,0.0034863854134378,0.0850862530899829,9.59109923174332e-06,0.0314810294810621
woG2,981,0.0310315753592819,,,,91.1167447566986,0.0148177018053218,0.0720206748266689,0.0060812937359127,0.0,0.015754162540018,0.003448491224248,0.0839945998531384,1.0354046656643018e-05,0.0310315753592819
woG2,982,0.0306995419907521,,,,91.15467834472656,0.01455562371669,0.0720322307993154,0.0060906381628735,0.0,0.0154709836055875,0.0034382744333477,0.083259492929353,1.030225831146456e-05,0.0306995419907521
woG2,983,0.0303796330527936,,,,91.19055676460266,0.0143624888809367,0.0715124748769353,0.006068881625905,0.0,0.0153104465485351,0.0034261285546846,0.0825271484304647,1.0563458391468772e-05,0.0303796330527936
woG2,984,0.0303976020516186,,,,91.22558283805849,0.0143960347841875,0.0713375987576656,0.0060423484098807,0.0,0.0153413768018,0.0034004407906217,0.082919053947095,1.1810385200694731e-05,0.0303976020516186
woG2,985,0.0307894162375663,0.1109878737479448,22.96389719645182,0.8516554355621337,91.12427043914796,0.0146758871030856,0.0715570151805877,0.0060535017725416,0.0,0.015596172986094,0.0033979163529946,0.0843062401733926,1.0853892718427516e-05,0.0307894162375663
woG2,986,0.0307642311987574,,,,91.36439490318298,0.01456366077096,0.0724255955610119,0.0060962855502902,0.0,0.0155127995998644,0.0034143907747032,0.0828053415829285,9.841797421134178e-06,0.0307642311987574
woG2,987,0.030701155163592,,,,91.14502358436584,0.0146168390075202,0.0716431727174852,0.0060500663773874,0.0,0.0155313743324186,0.0034145647449968,0.0827893382701717,1.0974556117465946e-05,0.030701155163592
woG2,988,0.0316222658625147,,,,91.25889539718628,0.0152128839743186,0.0727879693273638,0.0061380479897021,0.0,0.0161020552708965,0.003512304374513,0.084139130887438,1.0560366143720332e-05,0.0316222658625147
woG2,989,0.0310202570113002,,,,91.28790378570557,0.0147949990617935,0.0720732358635449,0.006091905055476,0.0,0.0156948331621338,0.0034725843131023,0.0846396274864673,1.110358620171992e-05,0.0310202570113002
woG2,990,0.0311943292007094,0.1124768815934658,22.696647135416665,0.8506371974945068,91.19959163665771,0.0149691797731841,0.0720768771210654,0.0060927068345157,0.0,0.0158274054344071,0.0034559157812494,0.0833468565137171,9.089419127743815e-06,0.0311943292007094
woG2,991,0.0312112978064134,,,,91.25817489624023,0.0149595747915569,0.0720599904412128,0.0060951401609316,0.0,0.0158389864153549,0.0034300740197545,0.0847834650976736,9.474833952394826e-06,0.0312112978064134
woG2,992,0.031295912645635,,,,91.14841890335084,0.0150143870335744,0.0723160466209786,0.0061035247092119,0.0,0.015875944394435,0.0033852157868124,0.0841420682483032,9.45171464218744e-06,0.031295912645635
woG2,993,0.031127902358526,,,,91.136132478714,0.0149269852802523,0.0720171806265096,0.0060910801536815,0.0,0.0158017204509528,0.0033862009008995,0.0831224479575137,9.69077151184557e-06,0.031127902358526
woG2,994,0.0312090741592596,,,,91.25183486938477,0.0149509852416202,0.0720910351784503,0.0060733152347326,0.0,0.0158296663879004,0.0034166570737591,0.0850702004782,9.798898799780348e-06,0.0312090741592596
woG2,995,0.031132742930509,0.1111367102712392,22.997503153483077,0.8497453371683756,91.24645614624023,0.0148889519060488,0.0720743419694118,0.0060804938863138,0.0,0.0157622602600298,0.0034154408094167,0.0851413487594147,1.0068311123329884e-05,0.031132742930509
woG2,996,0.0312464146065663,,,,91.23784041404724,0.0149797592235759,0.072233391101243,0.006095492303921,0.0,0.0158494686494108,0.0034126333470578,0.0841934923998645,9.73897665692277e-06,0.0312464146065663
woG2,997,0.0311803624156068,,,,91.36825275421144,0.0149470098835767,0.0719593939233998,0.0060869845080754,0.0,0.0158466340470143,0.0033897171274102,0.0847241127955131,1.0751519285006487e-05,0.0311803624156068
woG2,998,0.0308788226245612,,,,91.1695544719696,0.0147186938642722,0.0719386055821278,0.0060707745199534,0.0,0.0156256821098141,0.003406318307274,0.0834023408958169,1.1013856127241568e-05,0.0308788226245612
woG2,999,0.0306971008568757,,,,90.9387502670288,0.0146108162589371,0.071519876601266,0.006055392229502,0.0,0.0155133332629672,0.0033500713036685,0.0842375319878586,1.1014934899780989e-05,0.0306971008568757
woG2,1000,0.0311887618917666,0.1111285742372274,22.824647013346357,0.8534640312194824,91.24316310882568,0.014998365353915,0.071758789117219,0.0060698539648418,0.0,0.0158880985357233,0.0033759310675525,0.0837639367177349,1.1204387236303276e-05,0.0311887618917666
