Loss_Variant,Epoch,Train_Loss,Val_Loss,Val_PSNR,Val_SSIM,Time,recon,ssim,edge,wav,base,illum,col,oe,total
woG1,1,0.1766645930341032,0.1806127242743969,16.86478551228841,0.6788368622461954,91.43050169944765,0.1253511858646009,0.0,0.0,0.120165606930119,0.1763466086666115,0.0084102760511832,0.2879003548964125,6.325646870991188e-07,0.1766645930341032
woG1,2,0.143978899558548,,,,91.01949548721312,0.1043752479809718,0.0,0.0,0.102428279206401,0.127590820254361,0.010399434654439,0.252963157462292,7.974842801160427e-07,0.143978899558548
woG1,3,0.1376398109876718,,,,91.1144666671753,0.1020918984698956,0.0,0.0,0.1005843342816243,0.1083305141293123,0.0117859918868444,0.2446087047946257,1.1014866696887748e-06,0.1376398109876718
woG1,4,0.1309467181563377,,,,91.23061347007751,0.0976134134364909,0.0,0.0,0.0966874808683747,0.0995018142657201,0.012252308626766,0.2358874477079657,1.0518150794243982e-06,0.1309467181563377
woG1,5,0.1289866075041841,0.1342383325099945,19.12991129557292,0.7356652577718099,91.12002182006836,0.096225031666824,0.0,0.0,0.0955405885078868,0.0970092926052261,0.012249838911974,0.2368235678457823,1.2517508721132755e-06,0.1289866075041841
woG1,6,0.1247171453032337,,,,91.13707113265993,0.0929588306634152,0.0,0.0,0.0927472706029161,0.0933070443875965,0.0123695826585419,0.2343772614344221,1.246776590565505e-06,0.1247171453032337
woG1,7,0.1218388737713704,,,,91.18894743919373,0.0906778516583755,0.0,0.0,0.0906973350487771,0.0910590610421094,0.0124173938892171,0.2350010738753881,1.1405662487754395e-06,0.1218388737713704
woG1,8,0.1225368903308618,,,,91.49373245239258,0.0913815621408771,0.0,0.0,0.0913074619335229,0.0913220771023484,0.0118695839812032,0.2318367104305595,1.5187409295343589e-06,0.1225368903308618
woG1,9,0.1188263191429317,,,,91.3747296333313,0.0885298078360616,0.0,0.0,0.0886089350783922,0.088493545432804,0.0116759654264286,0.2287496451715954,1.757475574327869e-06,0.1188263191429317
woG1,10,0.1178658561872654,0.1284130178391933,19.55298767089844,0.7517151991526286,91.70776462554932,0.0878422271277083,0.0,0.0,0.0881275865631025,0.0881788111673515,0.0105820884317403,0.2245539106795045,1.5663411351585768e-06,0.1178658561872654
woG1,11,0.1143123303524783,,,,91.15445303916933,0.0850148425727594,0.0,0.0,0.0856882878808213,0.0853916739464783,0.0107260157247302,0.2252997379811083,1.4970232183129069e-06,0.1143123303524783
woG1,12,0.1143673449205082,,,,91.10923218727112,0.0851783116699242,0.0,0.0,0.0858064803187964,0.0851506084875493,0.0105295784992822,0.2226003760197123,2.0038839993752607e-06,0.1143673449205082
woG1,13,0.1121875154556798,,,,91.2057647705078,0.0834831009145642,0.0,0.0,0.0843662259275796,0.0837462271151484,0.0102137393150173,0.2194376609853056,1.8372469608306355e-06,0.1121875154556798
woG1,14,0.1122744093175794,,,,91.01201438903809,0.083541976837594,0.0,0.0,0.0842940426263652,0.083795750544208,0.0098032110569174,0.2222741254773296,2.0047126384187997e-06,0.1122744093175794
woG1,15,0.1104006381613797,0.1140240002423524,20.42129160563151,0.7694867134094239,91.13383626937866,0.0820259193538642,0.0,0.0,0.0829110425576323,0.0824464807805956,0.0096399581296461,0.2240661851695326,1.9940106295433918e-06,0.1104006381613797
woG1,16,0.1074567865274968,,,,91.11359190940856,0.0798226278580603,0.0,0.0,0.0811154201138215,0.0803196374632296,0.0093219693803579,0.2167608800237296,2.297440021230666e-06,0.1074567865274968
woG1,17,0.1071981733328983,,,,91.39189982414246,0.0796272757417354,0.0,0.0,0.0808481136489598,0.0800664516807091,0.0096129906730207,0.2160348687015596,2.2156841071701307e-06,0.1071981733328983
woG1,18,0.1058708330402608,,,,91.14417147636414,0.0785631804620144,0.0,0.0,0.0800811486837805,0.079007580082436,0.0094700041265211,0.2171010493499333,2.3978810489242296e-06,0.1058708330402608
woG1,19,0.1064078556831742,,,,91.55009508132936,0.0790556555033707,0.0,0.0,0.0802560720409526,0.078982178274481,0.0093369549827375,0.2194148711249476,2.5142102968681707e-06,0.1064078556831742
woG1,20,0.1050043976942046,0.1243807021528482,19.83443476359049,0.7698244889577229,91.35156655311584,0.0779232397125881,0.0,0.0,0.0793021844669443,0.0782810821823897,0.0093762803150982,0.2165320168753139,2.422765289714216e-06,0.1050043976942046
woG1,21,0.1056298179948916,,,,91.15951251983644,0.0784300788626319,0.0,0.0,0.0799577812679478,0.0787802687311758,0.0090367479410144,0.2162045445598539,3.206780417127685e-06,0.1056298179948916
woG1,22,0.1030787965435473,,,,91.049786567688,0.0763997650842686,0.0,0.0,0.0782499058996556,0.076825348324463,0.0094198286800538,0.21501791226815,2.485485890703058e-06,0.1030787965435473
woG1,23,0.1018752453879254,,,,91.15474510192873,0.0755036247924703,0.0,0.0,0.0770591672998471,0.0759379522050501,0.0091117234541805,0.2145166813594396,2.66207528327715e-06,0.1018752453879254
woG1,24,0.100201130829385,,,,91.21583151817322,0.0742179850940821,0.0,0.0,0.0761748146510026,0.0746155587009719,0.009207541069596,0.2114708824235885,2.886524349255884e-06,0.100201130829385
woG1,25,0.0989932281988077,0.1135103888809681,20.4698610941569,0.7750117619832356,91.05894780158997,0.0732908205541431,0.0,0.0,0.0753238528478341,0.0738432244932065,0.0091411847178442,0.208826330719424,3.35982592668556e-06,0.0989932281988077
woG1,26,0.099214851184458,,,,91.081805229187,0.0735089044224043,0.0,0.0,0.0754623075672349,0.0739115623177075,0.0087826076177422,0.2092000255819227,4.090604990841886e-06,0.099214851184458
woG1,27,0.0987898773345791,,,,91.07217955589294,0.0731241914031446,0.0,0.0,0.075124946529748,0.0735804092627568,0.009584533317839,0.2086406306165163,3.3738490670418485e-06,0.0987898773345791
woG1,28,0.0987467537710412,,,,90.959885597229,0.0731498636305332,0.0,0.0,0.0751678731719978,0.0736366984297017,0.0095866337021599,0.204457579882907,3.870831191597415e-06,0.0987467537710412
woG1,29,0.097507641146906,,,,91.18621230125429,0.0721331817082694,0.0,0.0,0.0742663324001382,0.0726822115725181,0.0087189006611521,0.209958409066083,2.948259748523207e-06,0.097507641146906
woG1,30,0.0954257082804793,0.1011619064956903,21.3468755086263,0.7870996634165446,91.19555521011353,0.070567232266557,0.0,0.0,0.0729449692747143,0.0711213472436686,0.0087475249139195,0.2049385360518439,3.700204127314702e-06,0.0954257082804793
woG1,31,0.0945879138822926,,,,91.08082008361816,0.0698529189360923,0.0,0.0,0.0723068810327619,0.0703707041799045,0.0092619122845716,0.2067656349085393,3.808908746804081e-06,0.0945879138822926
woG1,32,0.0938544016270363,,,,91.00057315826416,0.0693779342242928,0.0,0.0,0.0717215265040514,0.0700014966433165,0.0092374293751953,0.1999708828134614,3.504021494053152e-06,0.0938544016270363
woG1,33,0.0938391492503588,,,,91.07620000839232,0.0693308546162042,0.0,0.0,0.0717632806569826,0.0699302344659312,0.0086595936350096,0.2044188170159449,4.228380515652248e-06,0.0938391492503588
woG1,34,0.0925023275748139,,,,91.28145623207092,0.0683198075008685,0.0,0.0,0.0707233846187591,0.0690694889206378,0.0086817818342662,0.2008087992912433,3.33651909304146e-06,0.0925023275748139
woG1,35,0.0930058707895337,0.0964180659502744,21.28038330078125,0.7848981221516927,91.07463479042052,0.0686952050347797,0.0,0.0,0.0711554789030161,0.0691411019470848,0.0091043536429156,0.2030812393202156,3.5013773181298537e-06,0.0930058707895337
woG1,36,0.0905208335731361,,,,90.89931869506836,0.0667920013981275,0.0,0.0,0.0694833960933763,0.0672419223262638,0.0090199113617361,0.200007213126929,3.925093400720014e-06,0.0905208335731361
woG1,37,0.0892801683884663,,,,91.10478162765504,0.0657712268475137,0.0,0.0,0.0685574381200016,0.0663777972098256,0.008848031009471,0.2020452254009051,4.008719780849922e-06,0.0892801683884663
woG1,38,0.0896041825657985,,,,91.2215609550476,0.06605170120592,0.0,0.0,0.0687467211582621,0.0667251573845011,0.0089082040358334,0.199751008607325,3.636603491276928e-06,0.0896041825657985
woG1,39,0.0887455957651627,,,,91.10918521881104,0.0654030246812789,0.0,0.0,0.0683602268395365,0.0660283333759327,0.0089672226038929,0.1975332937646107,4.277397118443483e-06,0.0887455957651627
woG1,40,0.0869890648383097,0.1065383236855268,21.0215815226237,0.7840814272562663,91.07826805114746,0.0640472746835868,0.0,0.0,0.0672957357935241,0.0646920146756484,0.0090255367103964,0.194882255841474,4.109646384045423e-06,0.0869890648383097
woG1,41,0.0876403755706841,,,,91.11786770820618,0.0645773772944192,0.0,0.0,0.0675528643988683,0.0651536347558263,0.0091530664358288,0.1947878877036884,3.942594850483937e-06,0.0876403755706841
woG1,42,0.0870851986720913,,,,91.0863482952118,0.0641040421075752,0.0,0.0,0.0671624623727603,0.0646843944111319,0.0087008382209011,0.1987586185702535,4.162493640244978e-06,0.0870851986720913
woG1,43,0.0841559620848933,,,,91.1448094844818,0.0618576888361426,0.0,0.0,0.0652412094297956,0.0625170081487444,0.0087784742096774,0.1936630769709094,3.562501849886543e-06,0.0841559620848933
woG1,44,0.0858069407891054,,,,90.99566125869752,0.0631275354716621,0.0,0.0,0.0663900043448952,0.0636568798332429,0.008970161430446,0.1959585780735875,4.5057527832654166e-06,0.0858069407891054
woG1,45,0.0850977430455997,0.0963382571935653,21.743079121907552,0.7935590902964275,91.54099082946776,0.0626572184570011,0.0,0.0,0.0658564600543897,0.0632796967554776,0.0089655692391402,0.1899388864269999,4.571738107723055e-06,0.0850977430455997
woG1,46,0.0857628110613002,,,,91.08102750778198,0.0631820034907489,0.0,0.0,0.0662865194140887,0.0636544151872885,0.0089975228250698,0.191358213236586,3.677031410170202e-06,0.0857628110613002
woG1,47,0.082874960800419,,,,91.18899703025818,0.0608734011069917,0.0,0.0,0.0643673453663216,0.0615136360169434,0.0090096769625412,0.191431707412493,3.6530143441251656e-06,0.082874960800419
woG1,48,0.0812012525733377,,,,91.37559127807616,0.0596157552399596,0.0,0.0,0.0631210463213138,0.0602769059602354,0.0087766710622999,0.1889127136864623,4.4499521096818e-06,0.0812012525733377
woG1,49,0.0832070831636913,,,,91.25645995140076,0.0611564455034791,0.0,0.0,0.0646594471191285,0.0617111507253568,0.0087857792634883,0.1916372032805544,4.559267441224633e-06,0.0832070831636913
woG1,50,0.0815076453641789,0.100932402536273,20.97936757405599,0.7910713672637939,91.25053286552428,0.059907747707406,0.0,0.0,0.063473745203409,0.060608492309197,0.0086903471736329,0.1852513308652111,4.552955611488955e-06,0.0815076453641789
woG1,51,0.079617725166141,,,,91.1688678264618,0.0583655431897181,0.0,0.0,0.0621854715415688,0.0590788493940576,0.0086569593852904,0.1884487008706468,4.401218736158701e-06,0.079617725166141
woG1,52,0.0793957491634322,,,,91.34964680671692,0.0582347645378503,0.0,0.0,0.0620957492682777,0.0587960332021361,0.0087420157897362,0.1867356243558594,4.432010476228329e-06,0.0793957491634322
woG1,53,0.0794032876242379,,,,91.25117945671082,0.0582276037970527,0.0,0.0,0.0621330532871308,0.0588417915535754,0.0086621319279685,0.1871832157866876,4.697438999477026e-06,0.0794032876242379
woG1,54,0.0771864030937679,,,,91.3138234615326,0.0565691702067852,0.0,0.0,0.0605066914233516,0.0572527861986003,0.0087381029677134,0.1813522206588846,4.8484953104118846e-06,0.0771864030937679
woG1,55,0.0790798433247159,0.1022931281477212,21.51553649902344,0.7926972707112631,91.4572250843048,0.0580804721131676,0.0,0.0,0.0618522193771405,0.0585160721398767,0.0088823426049202,0.1818671051840313,4.991579591702228e-06,0.0790798433247159
woG1,56,0.0786853989006065,,,,91.34413003921507,0.0577324594630569,0.0,0.0,0.0615020058438426,0.0584076533979568,0.0086030289034557,0.1831479912287876,4.638196807377659e-06,0.0786853989006065
woG1,57,0.0750659868182217,,,,91.29574489593506,0.0548818731283555,0.0,0.0,0.0589727225606558,0.0555345086594585,0.0089318226053394,0.1822400605458705,4.765204682454428e-06,0.0750659868182217
woG1,58,0.0755798168419325,,,,91.37759685516356,0.0552612461882536,0.0,0.0,0.0596842032048057,0.0558724091311947,0.0084734281838001,0.1845714478585563,4.957755488480851e-06,0.0755798168419325
woG1,59,0.0773167057176593,,,,91.1183774471283,0.0567425950201319,0.0,0.0,0.0606161959957881,0.0571675570834367,0.0086297103791635,0.1800440133350794,4.754085750107635e-06,0.0773167057176593
woG1,60,0.0750300790198513,0.0969659835100174,21.962869262695317,0.7975265820821126,91.13874578475952,0.0548883538968006,0.0,0.0,0.0590772100678477,0.0555658110676974,0.0088153022234557,0.1798555391733763,5.215518417654105e-06,0.0750300790198513
woG1,61,0.0743929198103361,,,,91.4242217540741,0.0544332649222895,0.0,0.0,0.0587439871408411,0.0550745795557244,0.0085919802993169,0.1778906932497611,4.833431604572887e-06,0.0743929198103361
woG1,62,0.072038372612146,,,,91.15034246444702,0.0525576412586159,0.0,0.0,0.0571057908084304,0.0532802957736077,0.0086836284408193,0.1780737137086079,4.549431724348334e-06,0.072038372612146
woG1,63,0.0729913631545715,,,,91.06672430038452,0.0533819567931235,0.0,0.0,0.0579397180041328,0.0540450017624458,0.0087903709891328,0.1730974963942512,4.880241616513138e-06,0.0729913631545715
woG1,64,0.0757218079305574,,,,91.11674690246582,0.0555315707184252,0.0,0.0,0.0595206855109236,0.0559768737522793,0.008235911773823,0.17871442632597,4.63667447444328e-06,0.0757218079305574
woG1,65,0.072888470086895,0.0974033586680889,21.780441284179688,0.8002930800120036,90.96255254745483,0.0532852490203546,0.0,0.0,0.0577229345675374,0.053837942554936,0.0086056538437661,0.1764650253243133,4.5551249008655e-06,0.072888470086895
woG1,66,0.0700183335813831,,,,91.2054512500763,0.0511092527418351,0.0,0.0,0.0557699037685257,0.0518327341949353,0.0084949978321912,0.1700646446742972,4.950996974320872e-06,0.0700183335813831
woG1,67,0.0713884261604703,,,,91.14022946357728,0.0521294351086997,0.0,0.0,0.0567627287485071,0.0527514098517474,0.0084973132566045,0.1743927530211503,5.040207657166557e-06,0.0713884261604703
woG1,68,0.0715123767063754,,,,91.1040141582489,0.0522666975367264,0.0,0.0,0.0568228508116769,0.0528515324485106,0.0083063524407258,0.1732493035006718,5.05109039187704e-06,0.0715123767063754
woG1,69,0.0706437859745299,,,,91.15214085578918,0.0515975536717498,0.0,0.0,0.0562666402366317,0.0522561904012424,0.0085496009235865,0.1704824408668963,4.609581948521839e-06,0.0706437859745299
woG1,70,0.0685949792749569,0.0953725986182689,22.13952891031901,0.8013293743133545,91.20935344696044,0.0500099813015978,0.0,0.0,0.0548270507486628,0.0507258228255344,0.0083177692417177,0.1694100298842445,4.789665025438099e-06,0.0685949792749569
woG1,71,0.0709807902391328,,,,90.9900689125061,0.0518794384494912,0.0,0.0,0.0563591576227154,0.0523805596606164,0.0085066834686049,0.1717960926719376,5.064563636312466e-06,0.0709807902391328
woG1,72,0.0691509645615444,,,,91.20100402832033,0.050493122124281,0.0,0.0,0.055119600543966,0.051142320479648,0.008327749962384,0.1676769840424178,5.071727901352516e-06,0.0691509645615444
woG1,73,0.0696759404706173,,,,91.22612500190736,0.0508905112376955,0.0,0.0,0.0555681620006922,0.0514659552270027,0.0086973895639425,0.1675472914195451,4.896792497333716e-06,0.0696759404706173
woG1,74,0.0701346880771586,,,,91.16506147384644,0.0512494957074523,0.0,0.0,0.0561544322027046,0.0518294843982477,0.008393716605258,0.1677699028590663,4.596152934690282e-06,0.0701346880771586
woG1,75,0.0667888338021079,0.0948982462286949,22.186951192220054,0.8050654729207357,91.108717918396,0.04862884036647,0.0,0.0,0.0536775313562057,0.0493059380926558,0.0083505071424802,0.1668257125210566,4.899189906251848e-06,0.0667888338021079
woG1,76,0.0668725807097603,,,,91.15255689620972,0.0486853371267436,0.0,0.0,0.0537180213837838,0.0494238900661957,0.0083521698586276,0.1668400013910942,5.045589136528693e-06,0.0668725807097603
woG1,77,0.0667261554569494,,,,91.27009510993958,0.0486138511265887,0.0,0.0,0.053534069251208,0.0492460567840054,0.0082348004502595,0.1660764669907874,5.404143627865813e-06,0.0667261554569494
woG1,78,0.068236431106925,,,,91.11797761917114,0.0497930788541915,0.0,0.0,0.05461078992144,0.0503900002413352,0.0082185262371404,0.1669476671663464,5.332011254806198e-06,0.068236431106925
woG1,79,0.0662916570474378,,,,91.0724744796753,0.048286975865237,0.0,0.0,0.0534078302777937,0.0490362417471946,0.0082494144625656,0.1632401727017809,4.999190790020461e-06,0.0662916570474378
woG1,80,0.0647333355345687,0.107060732319951,21.241314697265626,0.7983573277791342,91.20929956436156,0.0471055868585578,0.0,0.0,0.052265848659101,0.0478494105341493,0.0081361959474619,0.1612828378183919,4.698868648258671e-06,0.0647333355345687
woG1,81,0.0668681790044561,,,,90.94444704055786,0.0487370211478383,0.0,0.0,0.0537844543024653,0.049431795132209,0.008226282135049,0.1641945636174717,4.878959445564377e-06,0.0668681790044561
woG1,82,0.0665779810276676,,,,91.17338371276855,0.048496538223546,0.0,0.0,0.0533793994729391,0.0491279539820112,0.0080517939574344,0.1670652747642798,5.11762940502037e-06,0.0665779810276676
woG1,83,0.0639194239114151,,,,91.08794689178468,0.0464279760499713,0.0,0.0,0.0516580667987954,0.0471046131226371,0.0081063427191349,0.1644658042026348,5.640696135275511e-06,0.0639194239114151
woG1,84,0.0633217861081977,,,,91.13359332084656,0.0460226662365383,0.0,0.0,0.0511936525676827,0.0466681926007397,0.0081342375860167,0.1609600781783705,4.865088450268584e-06,0.0633217861081977
woG1,85,0.0638355316258356,0.0901291240006685,22.704298400878905,0.805580202738444,91.1239275932312,0.0463569305653943,0.0,0.0,0.0514669594828222,0.0469345123064322,0.0081722428716841,0.1660256135414858,5.055034225039636e-06,0.0638355316258356
woG1,86,0.0633542026835875,,,,91.27624917030334,0.0460019243087192,0.0,0.0,0.0512063344482515,0.0466865375332656,0.0079950499806369,0.1639403977477159,5.176995653922875e-06,0.0633542026835875
woG1,87,0.0637333884713102,,,,91.1687195301056,0.0463053647459286,0.0,0.0,0.051610908135161,0.0470251790782223,0.0082602659202196,0.1616619071144549,5.625158890624469e-06,0.0637333884713102
woG1,88,0.0640680995143827,,,,91.17359042167664,0.0465828818345411,0.0,0.0,0.0517853990227716,0.0472251694099825,0.0079379128177696,0.1631133214982806,5.261092643025111e-06,0.0640680995143827
woG1,89,0.0628470564413754,,,,91.25323748588562,0.0455901211310849,0.0,0.0,0.0507836828130434,0.0462323811485386,0.0080901634665664,0.1650248613880306,5.411079282976834e-06,0.0628470564413754
woG1,90,0.0628823826975021,0.0893321745097637,22.68130442301432,0.8100943883260091,91.0190691947937,0.045609801244296,0.0,0.0,0.0508334207058441,0.0463148173494417,0.0079315540602155,0.1654183919556805,5.196607590605905e-06,0.0628823826975021
woG1,91,0.0626094835337068,,,,90.8704571723938,0.0454745483355688,0.0,0.0,0.0507476935926519,0.0461025008565334,0.0078903096460844,0.1611669128913371,5.6353425971266334e-06,0.0626094835337068
woG1,92,0.0638471601500374,,,,91.0205008983612,0.0464301349931075,0.0,0.0,0.0516992203860742,0.0470097369560208,0.0076139313168823,0.1634987962172656,5.006272097733711e-06,0.0638471601500374
woG1,93,0.0630221180007106,,,,91.06509351730348,0.0457589366763341,0.0,0.0,0.0511212094580052,0.0464393471016502,0.0078588873491485,0.1628426643180065,5.140358300649811e-06,0.0630221180007106
woG1,94,0.0619827179146594,,,,91.04743146896362,0.0450237464526149,0.0,0.0,0.0504735810529501,0.0457109560365559,0.00785750785812,0.1575120894513169,5.113625587095911e-06,0.0619827179146594
woG1,95,0.0609671134868117,0.0974219292402267,21.994761149088543,0.8041643619537353,91.04774475097656,0.0441706591728525,0.0,0.0,0.049571455471584,0.0448296951038427,0.0078194200091796,0.161959450814079,5.662675085007789e-06,0.0609671134868117
woG1,96,0.0600964994032363,,,,91.08455061912537,0.0435282699458423,0.0,0.0,0.0491459194082217,0.0443108496179834,0.007939569926897,0.1569583901494252,5.296267489466631e-06,0.0600964994032363
woG1,97,0.0605312764766763,,,,91.232262134552,0.0438166677829672,0.0,0.0,0.0493961771125676,0.0445662543147069,0.0079053409634249,0.160858928607624,5.792733745626895e-06,0.0605312764766763
woG1,98,0.0614993061687125,,,,91.12246346473694,0.0446377643765729,0.0,0.0,0.0499571457993788,0.0452748628058394,0.0077340588637734,0.1595607889724559,5.659158291150068e-06,0.0614993061687125
woG1,99,0.0589839260048065,,,,91.20214486122131,0.0426352397065426,0.0,0.0,0.048323926195258,0.0433683860589002,0.0077144850930962,0.1595941927345072,5.253095272213305e-06,0.0589839260048065
woG1,100,0.0588773367773802,0.1018888652324676,21.85535888671875,0.8081148465474447,91.09821152687071,0.0425654137812432,0.0,0.0,0.0481388763692535,0.04323724449658,0.0076937125156038,0.1598903387174254,6.081385676414524e-06,0.0588773367773802
woG1,101,0.0589407416457524,,,,91.1432375907898,0.0426299108161789,0.0,0.0,0.0481214332165288,0.0433033960947736,0.0077128872565436,0.1591672491831857,6.1345243865219904e-06,0.0589407416457524
woG1,102,0.0576147667636148,,,,91.08939337730408,0.0416078868886975,0.0,0.0,0.0473985519015886,0.0423710697834364,0.0077053841783619,0.1562148262364942,5.502544509345667e-06,0.0576147667636148
woG1,103,0.0581095490726779,,,,91.1944351196289,0.0420418123516147,0.0,0.0,0.0478048984755258,0.0426732551642373,0.0075255929240498,0.1553295436086224,5.556426135293176e-06,0.0581095490726779
woG1,104,0.0569066507589133,,,,91.18773484230042,0.0410691088859419,0.0,0.0,0.0467731277534707,0.0417986978608809,0.0078504136343654,0.1553930966336219,5.730725765736e-06,0.0569066507589133
woG1,105,0.0576299327563066,0.097522372379899,22.000972493489584,0.8078394571940104,91.03180241584778,0.041646513736761,0.0,0.0,0.0473906561640686,0.042310012153304,0.0078007434113103,0.1553023346379155,5.789208552540571e-06,0.0576299327563066
woG1,106,0.0565532125441021,,,,91.22349333763124,0.0408069461614626,0.0,0.0,0.0466376175554316,0.0415553029504467,0.0076289564126827,0.1546911898328632,5.588763108819489e-06,0.0565532125441021
woG1,107,0.0570957093026305,,,,91.0947425365448,0.0412410716755224,0.0,0.0,0.0471346186718246,0.0418845988413105,0.0075431076015849,0.1551720196472816,5.901139266214549e-06,0.0570957093026305
woG1,108,0.0586349269161458,,,,91.21050882339478,0.0424486396864789,0.0,0.0,0.0481985993683338,0.0431782009965572,0.0074823646935954,0.154805768220151,5.4806017679095125e-06,0.0586349269161458
woG1,109,0.0575914191021049,,,,91.11434650421144,0.0416082139813997,0.0,0.0,0.0472623526011822,0.0422647888695851,0.0077831194064289,0.1563273030104207,6.401882909173053e-06,0.0575914191021049
woG1,110,0.0570579827076098,0.1030091326683759,21.593106587727863,0.8074323972066243,91.0663411617279,0.0412871631503593,0.0,0.0,0.0469739998339629,0.0419442839004465,0.0074070649656665,0.1515708158983559,6.132488832299998e-06,0.0570579827076098
woG1,111,0.0584138761289784,,,,91.18117475509644,0.0423053282267246,0.0,0.0,0.0479689654359807,0.042906621409977,0.0075935120083635,0.1541084866421144,5.563660423217348e-06,0.0584138761289784
woG1,112,0.0583132755499882,,,,91.18423414230348,0.0421572600598218,0.0,0.0,0.047819693908706,0.0428715047930352,0.0075061386756476,0.1577793756713632,6.08641260673571e-06,0.0583132755499882
woG1,113,0.0573469378115212,,,,91.21116304397584,0.0414636431750459,0.0,0.0,0.0474116109219975,0.0421182036888403,0.0077005928023489,0.1525311579958337,5.439174959991237e-06,0.0573469378115212
woG1,114,0.0571233541628376,,,,91.1968903541565,0.0413048313777954,0.0,0.0,0.0471526020069102,0.0419314851007256,0.0073791178225799,0.1534816008366522,5.6181122351479e-06,0.0571233541628376
woG1,115,0.0547188508522803,0.1063990853726863,21.42279052734375,0.8062975565592448,91.12513875961304,0.0393909595937269,0.0,0.0,0.0453520429732858,0.0400957077222525,0.0072112482453345,0.1551816175829191,5.4654041344085775e-06,0.0547188508522803
woG1,116,0.0517107515183628,,,,91.22515892982484,0.0370987129443493,0.0,0.0,0.0433155594118794,0.0378879546722183,0.0073208864816449,0.1491735563537136,6.059004892463454e-06,0.0517107515183628
woG1,117,0.0530511844658949,,,,91.077486038208,0.0381170221466998,0.0,0.0,0.0443179410897561,0.0388645756928647,0.007301534602388,0.1515815009469868,5.932426664751473e-06,0.0530511844658949
woG1,118,0.0542782258364509,,,,91.2553780078888,0.0390736691531587,0.0,0.0,0.0450941794322895,0.0398004736110079,0.0073692300624107,0.152366539860358,5.832256693939797e-06,0.0542782258364509
woG1,119,0.0530580618098133,,,,91.29884791374208,0.038154146863056,0.0,0.0,0.0443962035151045,0.0388651312649494,0.0071355797632856,0.1504143000748314,6.042654178551312e-06,0.0530580618098133
woG1,120,0.0513477677815273,0.1172536239027977,20.476220194498698,0.8044566790262858,91.08171606063844,0.0367825880768846,0.0,0.0,0.0431208092658246,0.0375439130899603,0.0071927310792026,0.1515624983633151,6.4282483663392986e-06,0.0513477677815273
woG1,121,0.0496139958745143,,,,91.1215274333954,0.0354679975444909,0.0,0.0,0.0419360221378871,0.0362601821142874,0.0072449112394977,0.1479713842272758,5.955218088128723e-06,0.0496139958745143
woG1,122,0.0504631208194816,,,,91.01346278190611,0.0360883933446202,0.0,0.0,0.0425124556955988,0.0367917220001337,0.0070129024937413,0.1527147875091091,5.854547402683556e-06,0.0504631208194816
woG1,123,0.0509057598280125,,,,90.86026453971864,0.0364506079769525,0.0,0.0,0.0427358295524218,0.0371895664539493,0.0070218835407715,0.1518277812321655,6.614798348618731e-06,0.0509057598280125
woG1,124,0.0511065064700411,,,,91.2473316192627,0.036672708899027,0.0,0.0,0.0430079208320525,0.0374255025087565,0.0069756265996848,0.1474974913919558,6.348001749862832e-06,0.0511065064700411
woG1,125,0.0492597246145615,0.1151381805539131,20.835606892903645,0.8089279651641845,91.03662943840028,0.0351651972159743,0.0,0.0,0.0416280010898338,0.0359292909747264,0.0071232711255061,0.1504253997299514,5.961568121539363e-06,0.0492597246145615
woG1,126,0.0490796571658527,,,,90.96050477027892,0.0351364813806092,0.0,0.0,0.0416578645130894,0.0358764996568931,0.0071397668292715,0.1431999315248161,6.693978721767348e-06,0.0490796571658527
woG1,127,0.0482616457996554,,,,91.1146502494812,0.0344606589861824,0.0,0.0,0.0410846931188077,0.0352610575615382,0.0071658489989025,0.1444335472999049,6.119952454267078e-06,0.0482616457996554
woG1,128,0.0507450850191907,,,,90.98243308067322,0.0363959483649642,0.0,0.0,0.0427441321404986,0.0370459242220051,0.0071024045874899,0.1476085221425431,5.867370086140486e-06,0.0507450850191907
woG1,129,0.0497784810293404,,,,91.17628502845764,0.0356181035215248,0.0,0.0,0.0421692534181915,0.0363693627391438,0.0072041024934866,0.1468286980859569,6.2622639736398985e-06,0.0497784810293404
woG1,130,0.0489553625038901,0.1195274982601404,20.44157969156901,0.8035201708475749,91.05997562408449,0.0350498184867081,0.0,0.0,0.0416452701921101,0.0357463772515537,0.0069956281756768,0.1432466804370528,6.352602728228755e-06,0.0489553625038901
woG1,131,0.048435888375293,,,,91.07851314544678,0.0346206861441252,0.0,0.0,0.0412017214340997,0.035347600101081,0.0070252756122499,0.1443731338396424,5.957684743452524e-06,0.048435888375293
woG1,132,0.0469193143586887,,,,91.13181138038637,0.0334548781183166,0.0,0.0,0.0401628772865553,0.034277775874514,0.0069496012636322,0.1419908542369233,6.580653799230712e-06,0.0469193143586887
woG1,133,0.0465814449870195,,,,91.18262791633606,0.0331456624582165,0.0,0.0,0.0399292933403468,0.0339210425946311,0.0069891268551563,0.1449019571796792,6.160940273795573e-06,0.0465814449870195
woG1,134,0.046169369588377,,,,90.9261119365692,0.0328408154338353,0.0,0.0,0.0396889889857075,0.0336551541981638,0.0069842463336335,0.1431801045527223,6.252576561236219e-06,0.046169369588377
woG1,135,0.0495238694835637,0.113677904009819,20.918315633138025,0.809028975168864,91.2920424938202,0.035455428995192,0.0,0.0,0.0419531843823487,0.0361721085109671,0.0069314404772441,0.1461594571344188,6.009055819678696e-06,0.0495238694835637
woG1,136,0.048318987895475,,,,91.13303446769714,0.0345621964756826,0.0,0.0,0.0410914971172565,0.0352977621292725,0.006825017800066,0.1431929528346804,5.883878179809169e-06,0.048318987895475
woG1,137,0.0458483681021655,,,,91.00030159950256,0.0325973108258159,0.0,0.0,0.0393814651112331,0.0333447528575531,0.0068925357133638,0.1440064460649842,5.753612279177685e-06,0.0458483681021655
woG1,138,0.046654128606935,,,,91.05720806121826,0.0332544299575393,0.0,0.0,0.0399945601057566,0.033989589249135,0.0067855002984526,0.1429658742835287,5.867938090438454e-06,0.046654128606935
woG1,139,0.0462318267215226,,,,91.16822266578674,0.0329512735737151,0.0,0.0,0.0397436797282979,0.0337008266083774,0.0068606536484277,0.1405993029475212,5.485000844099354e-06,0.0462318267215226
woG1,140,0.0476391426913562,0.1142854299396276,20.87654012044271,0.8098498344421386,91.13919711112976,0.0339774367109429,0.0,0.0,0.0407344807763812,0.0346519563072284,0.0067533355503969,0.1466114528965754,5.988090775046664e-06,0.0476391426913562
woG1,141,0.0456982116963042,,,,91.02814984321594,0.0324985155316649,0.0,0.0,0.0392679207210169,0.0332956612262813,0.0068149182346237,0.1426938029586291,6.092190735120301e-06,0.0456982116963042
woG1,142,0.0450659654881866,,,,90.96050429344176,0.032055489169281,0.0,0.0,0.0389516594987668,0.0327943024057589,0.0068450683220213,0.1393910655599148,5.651802296492443e-06,0.0450659654881866
woG1,143,0.0456986849150452,,,,91.02371335029602,0.0324945161271779,0.0,0.0,0.0393017696247237,0.033257021843532,0.0068447792894955,0.1430489075232724,6.246952588656687e-06,0.0456986849150452
woG1,144,0.0454261770441395,,,,91.084082365036,0.0323173758711238,0.0,0.0,0.0391912690409627,0.0330039773472264,0.0069389805087025,0.140876240875633,6.104569223827855e-06,0.0454261770441395
woG1,145,0.0442484992510471,0.1117819789797067,21.009000142415363,0.8106375376383463,90.92914986610413,0.0314070832320168,0.0,0.0,0.0384428298375645,0.0321669644050177,0.0067644891993249,0.1395688422757094,6.086648811729162e-06,0.0442484992510471
woG1,146,0.0432829828932881,,,,91.044349193573,0.0307108271012052,0.0,0.0,0.0378087905128715,0.0314543100959453,0.0068252474894044,0.1355252990224322,6.505954113936538e-06,0.0432829828932881
woG1,147,0.0455321943020967,,,,91.1068513393402,0.0324100778422883,0.0,0.0,0.0392027114991281,0.0330547104116346,0.0068145402073554,0.1414867096626367,6.0442704609514025e-06,0.0455321943020967
woG1,148,0.0449744201433218,,,,90.9836881160736,0.031971085770819,0.0,0.0,0.0387766692848479,0.0326962381540263,0.006618904104441,0.1416189632699137,6.175191526636307e-06,0.0449744201433218
woG1,149,0.0438043659278115,,,,91.22443652153017,0.0311255665404386,0.0,0.0,0.0381211014159145,0.0318922859265423,0.0066394689893655,0.1359718339365036,6.039694029840006e-06,0.0438043659278115
woG1,150,0.0444567527194492,0.1046326030045747,21.689677429199214,0.8123455206553142,91.16312837600708,0.0316218720046711,0.0,0.0,0.0385440574103935,0.0324207069199593,0.0065339105604521,0.1372221696999717,5.879541370095456e-06,0.0444567527194492
woG1,151,0.0442023322016733,,,,91.09202241897584,0.0314005371946536,0.0,0.0,0.0383595738590496,0.0321705027590276,0.0066249757302833,0.1384433820599415,6.299006145591887e-06,0.0442023322016733
woG1,152,0.0432385420426726,,,,91.19682598114014,0.0307010760927786,0.0,0.0,0.0377709013333574,0.0314376302613098,0.0067233448890114,0.1345169716438309,6.082065580932001e-06,0.0432385420426726
woG1,153,0.0436747974151226,,,,91.02034640312196,0.0310337265846548,0.0,0.0,0.0379493028597265,0.0317495975673931,0.0065363875139871,0.1366117053711023,6.207219622729148e-06,0.0436747974151226
woG1,154,0.0445619021527102,,,,90.98286032676695,0.0316284998610127,0.0,0.0,0.0386140317671367,0.0323433041053473,0.0067239349066722,0.1418823306677771,5.76626871815514e-06,0.0445619021527102
woG1,155,0.0430097279337341,0.1076876576989889,21.42862345377604,0.8147159735361735,91.22590637207033,0.0305161725760239,0.0,0.0,0.0375339023952112,0.0312574484431352,0.006429245338592,0.1362472324342024,6.922626900072207e-06,0.0430097279337341
woG1,156,0.0431600268930196,,,,91.12510132789612,0.0306386621668934,0.0,0.0,0.0376923033570657,0.0313660049139231,0.0067514874132685,0.1346297403644831,6.575177913428537e-06,0.0431600268930196
woG1,157,0.0430201927169424,,,,91.05145692825316,0.030564824455097,0.0,0.0,0.037566083956693,0.0312520092139478,0.0063300951513782,0.1346607199702106,5.767114326632848e-06,0.0430201927169424
woG1,158,0.0434942271132938,,,,90.84818387031557,0.0308959982586932,0.0,0.0,0.037847277693084,0.0315876502207801,0.0064860709626074,0.1366982874994883,6.549293117139385e-06,0.0434942271132938
woG1,159,0.0421696769256816,,,,91.1160352230072,0.029877244433785,0.0,0.0,0.0369708949669462,0.0306001720705726,0.0065434965091284,0.1345587037809071,7.273151153374689e-06,0.0421696769256816
woG1,160,0.041546048535431,0.1010298430919647,21.91451924641927,0.819080670674642,91.06433486938477,0.0293860957637184,0.0,0.0,0.0365447533301642,0.0301585005077182,0.0066139169846523,0.1337748795259194,6.183231564497082e-06,0.041546048535431
woG1,161,0.0416572184347715,,,,91.00815320014954,0.029492525200619,0.0,0.0,0.036584961945649,0.0302189543812734,0.0065389550386424,0.1335463496383096,6.202566922201983e-06,0.0416572184347715
woG1,162,0.045955928958586,,,,91.22181868553162,0.0328169360634733,0.0,0.0,0.0397055260989753,0.0334263550056541,0.0063038167684934,0.1386456195814687,6.212714555783997e-06,0.045955928958586
woG1,163,0.0442264129209225,,,,90.9545831680298,0.0314643761204158,0.0,0.0,0.0382350700770001,0.0321304988054955,0.0062515619974278,0.1388468248006261,7.015601064385893e-06,0.0442264129209225
woG1,164,0.041894103736296,,,,91.04359936714172,0.0296655392701752,0.0,0.0,0.0368018266668573,0.0304075972803059,0.0063263579981676,0.1348367268982969,5.6061927801092565e-06,0.041894103736296
woG1,165,0.0420968045984379,0.1080348268151283,21.690365600585935,0.8188353379567465,91.18578767776488,0.0298641058692678,0.0,0.0,0.0369262806613181,0.0306260248065971,0.0062846705244976,0.1325277185342351,6.326019345061104e-06,0.0420968045984379
woG1,166,0.0405330461465188,,,,91.0039894580841,0.0286365067738978,0.0,0.0,0.0359319825275022,0.0293780077767909,0.006341766258778,0.131948245353386,7.3290335965170975e-06,0.0405330461465188
woG1,167,0.0409259046809595,,,,91.09781002998352,0.0289187620042777,0.0,0.0,0.0363035188132866,0.0296757130532479,0.0063681380124762,0.1329102306092371,6.330085060348083e-06,0.0409259046809595
woG1,168,0.0398169187828898,,,,91.20517683029176,0.0280784000108232,0.0,0.0,0.0352713614396873,0.0288149198578273,0.0061969566273457,0.1329004218282758,6.11094833667217e-06,0.0398169187828898
woG1,169,0.0410259387868105,,,,91.12126994132996,0.029035848588301,0.0,0.0,0.036140122710437,0.0297402191342266,0.0061179558235052,0.1330669536942341,6.133007385704222e-06,0.0410259387868105
woG1,170,0.0422253709011634,0.111780920997262,21.321266174316406,0.8155223846435546,91.12654900550842,0.02995310891725,0.0,0.0,0.0371786171997912,0.0306002348966774,0.0060413360870519,0.1347279928502489,5.8905551197977775e-06,0.0422253709011634
woG1,171,0.0407247423484432,,,,91.16312742233276,0.0287977679037168,0.0,0.0,0.0360226023209388,0.029544540238185,0.006304891678871,0.1315902328027076,6.253782228897556e-06,0.0407247423484432
woG1,172,0.040432915259458,,,,91.11594605445862,0.0285610911421111,0.0,0.0,0.0358273464819935,0.0292952999197801,0.0063866209563203,0.1317792511926811,6.172846384225158e-06,0.040432915259458
woG1,173,0.0392863546940879,,,,91.01646327972412,0.0276914237250314,0.0,0.0,0.0349641233438351,0.0284597604520252,0.0062835729799279,0.1301549527733052,6.395651451657305e-06,0.0392863546940879
woG1,174,0.041181555124702,,,,91.1778326034546,0.0291657168418169,0.0,0.0,0.0363984904939033,0.0298701784894114,0.0064591881303788,0.1306564196577814,5.9937420368224126e-06,0.041181555124702
woG1,175,0.0407320285124368,0.109094712883234,21.54298197428385,0.8164643287658692,91.0753915309906,0.0288849266734523,0.0,0.0,0.0359785315718074,0.0296243900036225,0.0060677408626242,0.1279227959572291,6.626869590633918e-06,0.0407320285124368
woG1,176,0.0408913900342876,,,,91.14019513130188,0.0289325547694671,0.0,0.0,0.036151014497412,0.0296084158061469,0.0062633002612006,0.1321966854214179,7.3489992564130735e-06,0.0408913900342876
woG1,177,0.0401306561209627,,,,91.04293870925903,0.0283775954339347,0.0,0.0,0.0356062197538672,0.029089281885106,0.0060773165801112,0.1300231273912015,5.916668399147669e-06,0.0401306561209627
woG1,178,0.0400041419798966,,,,91.21117162704468,0.0281938856437069,0.0,0.0,0.0354335536630671,0.0288902961908549,0.0060476999210773,0.1356814248701099,6.863752665565349e-06,0.0400041419798966
woG1,179,0.038542518728092,,,,91.06614089012146,0.0271232576246877,0.0,0.0,0.0344955903920726,0.0278679303611155,0.0060934956322927,0.129924077723847,6.665540939991759e-06,0.038542518728092
woG1,180,0.0384483362593856,0.1125654894858598,21.30849405924479,0.8173849900563558,91.24233627319336,0.027106495085554,0.0,0.0,0.0345784592304806,0.0278348267750173,0.0060853214923017,0.1260852713260006,6.794261020374571e-06,0.0384483362593856
woG1,181,0.0385743022178773,,,,91.0502781867981,0.0272185667799633,0.0,0.0,0.0345983489218061,0.027969009639909,0.0061126528689485,0.1252492505934883,6.828690967213025e-06,0.0385743022178773
woG1,182,0.0395492022002085,,,,90.99553513526917,0.0279616187708299,0.0,0.0,0.0352216122183399,0.0286957008580936,0.0059406097127185,0.1277698592328634,6.807468555129417e-06,0.0395492022002085
woG1,183,0.0392780812823625,,,,91.00216364860536,0.0276996767698008,0.0,0.0,0.0351241413412279,0.0284502630381554,0.0060458879394945,0.1297342409608794,6.503215612481906e-06,0.0392780812823625
woG1,184,0.0388168097763765,,,,91.06026077270508,0.0273479653491837,0.0,0.0,0.0346520050260864,0.0280502765118831,0.0059722552942417,0.1304392659288571,6.328345817711332e-06,0.0388168097763765
woG1,185,0.0384588073939085,0.1066671777516603,21.744197591145834,0.8203031698862712,91.1017017364502,0.027105288213638,0.0,0.0,0.0345587209935803,0.0278261723607534,0.0061402660909063,0.1266151199758541,6.3373684645966505e-06,0.0384588073939085
woG1,186,0.0383561482103388,,,,91.56007838249208,0.0270757593336652,0.0,0.0,0.0344596049733093,0.0278189530535066,0.0059834511771217,0.1240544956116402,6.384398806553799e-06,0.0383561482103388
woG1,187,0.0381432591525257,,,,91.60953974723816,0.0268715799740347,0.0,0.0,0.0341605917535355,0.027586872429877,0.0059931098586559,0.1270969770848751,6.93092686734852e-06,0.0381432591525257
woG1,188,0.0393869159895865,,,,91.48038482666016,0.0278334872736061,0.0,0.0,0.0352401720726343,0.0285339036681613,0.0060524879553981,0.1271584865438645,6.556696484756028e-06,0.0393869159895865
woG1,189,0.0385551482866533,,,,91.5453917980194,0.0271818212493032,0.0,0.0,0.0345475146180537,0.0279172943050011,0.0059555019022988,0.1274781221615486,6.4352622441783215e-06,0.0385551482866533
woG1,190,0.0391016345562749,0.107999837026,21.33252309163412,0.8210883140563965,91.50157117843628,0.0276033338082984,0.0,0.0,0.0350262085891893,0.0282875190595867,0.0059842467594311,0.1279947794363146,6.515439080244128e-06,0.0391016345562749
woG1,191,0.0395038895858604,,,,91.33223032951356,0.0279181735040467,0.0,0.0,0.0351662346482521,0.0286074390054726,0.0059184037419952,0.1288696981233651,6.351207131009134e-06,0.0395038895858604
woG1,192,0.0387189784010902,,,,91.13070559501648,0.0273328095857725,0.0,0.0,0.0345934808529058,0.0280365179308125,0.0059840993948097,0.1266297315109948,6.434925842293148e-06,0.0387189784010902
woG1,193,0.0396112031532359,,,,91.23326230049132,0.0280236566561411,0.0,0.0,0.0352129263681222,0.0286839049706449,0.0059026354374211,0.1280728074737259,6.459983094111668e-06,0.0396112031532359
woG1,194,0.0383958852101789,,,,91.08561658859252,0.0271299764605574,0.0,0.0,0.0344473115153244,0.0278438888642875,0.0060053096137574,0.1230425848091234,6.922739526066803e-06,0.0383958852101789
woG1,195,0.0381497104392677,0.1062152404338121,21.600508626302084,0.8239028135935466,91.2565062046051,0.0269182836026197,0.0,0.0,0.0342869062709515,0.027676830969018,0.0058409279216172,0.1242883969403681,6.608999078061334e-06,0.0381497104392677
woG1,196,0.0376226330542417,,,,91.52235078811646,0.0264715233237528,0.0,0.0,0.0338744890769241,0.0271967648543783,0.005851799771037,0.1266793591565773,6.680261435056919e-06,0.0376226330542417
woG1,197,0.0370164099836447,,,,91.51660513877869,0.0259903588286433,0.0,0.0,0.0334553729254202,0.0267107594972018,0.0059528868630162,0.1265587815251506,6.29057935294951e-06,0.0370164099836447
woG1,198,0.0378571596821067,,,,91.76857042312622,0.0267082376894159,0.0,0.0,0.0341192246949086,0.0273763391906853,0.0058031608312406,0.1239896597126956,7.017756570907302e-06,0.0378571596821067
woG1,199,0.0380731192951808,,,,91.74171829223631,0.0268677770633433,0.0,0.0,0.0342583374318773,0.0275623438208073,0.0057759177680203,0.1245031176959393,7.103325785700891e-06,0.0380731192951808
woG1,200,0.0379242387249088,0.1095781121402978,21.45237986246745,0.8209935665130615,91.5255970954895,0.0267203221494545,0.0,0.0,0.0340589943387713,0.0273786663673207,0.0058639091286869,0.1267144687351633,6.188802833968344e-06,0.0379242387249088
woG1,201,0.0374568670407914,,,,91.1371042728424,0.026398462319716,0.0,0.0,0.0338232737706332,0.0271077586307388,0.0058391246921764,0.1231898369847751,6.449544456188368e-06,0.0374568670407914
woG1,202,0.0371747180117202,,,,91.27299785614014,0.0261627362399804,0.0,0.0,0.0335970947702155,0.0268916737929475,0.0058291884841489,0.1239736223684959,7.206047953692228e-06,0.0371747180117202
woG1,203,0.0364130051714963,,,,91.1693024635315,0.0255565057188028,0.0,0.0,0.0329949118685526,0.02628765203303,0.0057210257490638,0.1250812355123582,6.940491155689796e-06,0.0364130051714963
woG1,204,0.0366683376525513,,,,91.13549494743349,0.0257800202511373,0.0,0.0,0.0332428063036965,0.0265403632074594,0.0056709190544321,0.1233539161134938,6.8519317684058885e-06,0.0366683376525513
woG1,205,0.0381069915735575,0.1102845035493373,21.39405619303385,0.819315767288208,91.1826467514038,0.0269240360310087,0.0,0.0,0.0341745990282688,0.0275840264913,0.0056263308372867,0.1241002027556055,7.193520614116991e-06,0.0381069915735575
woG1,206,0.0381268034002087,,,,91.1819784641266,0.0269473979066385,0.0,0.0,0.0341958964976375,0.0276002799786749,0.0059512911181225,0.1223750703769629,7.316100632119138e-06,0.0381268034002087
woG1,207,0.038799647196028,,,,91.22179174423218,0.0274539413235959,0.0,0.0,0.0348184726765898,0.0281129189934886,0.0056318239953949,0.1243514413716363,6.977643456098111e-06,0.038799647196028
woG1,208,0.0397966740286496,,,,91.28571462631226,0.0281996141325254,0.0,0.0,0.0354660526376034,0.0288443061385731,0.005767938068335,0.1264705500092174,6.816027552112339e-06,0.0397966740286496
woG1,209,0.0366892394472341,,,,91.3062014579773,0.025828304715821,0.0,0.0,0.033276152659635,0.0265385311585469,0.0055987729946701,0.1221581822352819,7.09662579946218e-06,0.0366892394472341
woG1,210,0.0354949211946032,0.1135520916432142,21.03766784667969,0.8237705230712891,91.24893403053284,0.0249211823292931,0.0,0.0,0.032443974441925,0.0256266908903346,0.005801900261326,0.1194330891746966,6.903884089266874e-06,0.0354949211946032
woG1,211,0.0361790037942958,,,,91.04285860061646,0.0254608167060574,0.0,0.0,0.0329419158124288,0.0261469451771652,0.0056651508088269,0.120007435806462,8.434967272179261e-06,0.0361790037942958
woG1,212,0.0369712335408711,,,,91.05047297477722,0.0260985406787424,0.0,0.0,0.033543281348758,0.0267500294464044,0.0055776684732008,0.119647097697512,6.9227719364343965e-06,0.0369712335408711
woG1,213,0.0359651868338467,,,,91.1043860912323,0.0252692564619613,0.0,0.0,0.0328090871058282,0.0260322618557781,0.0058253907148161,0.119932442964589,7.089379694248006e-06,0.0359651868338467
woG1,214,0.0355008424977298,,,,91.15007185935974,0.0248974731619485,0.0,0.0,0.0324462802744791,0.0256268086644714,0.0056141206448836,0.1216551276748297,7.31296302692481e-06,0.0355008424977298
woG1,215,0.0357763279290472,0.1030128505080938,21.54374440511068,0.8271654764811198,91.22329831123352,0.025114473550901,0.0,0.0,0.0325429554509579,0.0258163397704235,0.005458330100051,0.1229205277488857,7.316289616184785e-06,0.0357763279290472
woG1,216,0.0364217764743771,,,,91.1001913547516,0.0256223564081993,0.0,0.0,0.0330225935999731,0.0263068115216542,0.0057758292427561,0.1217059901625406,6.433080000644163e-06,0.0364217764743771
woG1,217,0.0362015165327513,,,,91.50439405441284,0.0254774293175241,0.0,0.0,0.0329595734441622,0.0261513655089208,0.0056656778687,0.1201862941694552,6.842198939167378e-06,0.0362015165327513
woG1,218,0.0357493829501212,,,,91.62035250663756,0.0251473550852693,0.0,0.0,0.0326024826127486,0.0258450983550216,0.0055631675898692,0.1189841897394813,7.247943636355601e-06,0.0357493829501212
woG1,219,0.0352764224603039,,,,91.69618916511536,0.0247830472672816,0.0,0.0,0.0322795033027402,0.0255274773407422,0.0055483162277149,0.1180790378788455,7.316808223399731e-06,0.0352764224603039
woG1,220,0.0356022167767657,0.1012174114584922,22.10036417643229,0.8277511119842529,91.6359543800354,0.02501128372721,0.0,0.0,0.0324807713174673,0.0257195997830541,0.0056304157726833,0.1199020695429844,7.686110117902192e-06,0.0356022167767657
woG1,221,0.0357881022892037,,,,91.35321426391602,0.0251564664430305,0.0,0.0,0.0328182393349096,0.0258922290637112,0.0055352670224536,0.1192419540259193,7.067978772586605e-06,0.0357881022892037
woG1,222,0.0365576070626495,,,,91.05682897567748,0.0257118111628977,0.0,0.0,0.0331615936316427,0.0263816558404779,0.0055280328216794,0.1237111184440675,7.263196632947241e-06,0.0365576070626495
woG1,223,0.0358358719462498,,,,91.21146154403688,0.0252082402985848,0.0,0.0,0.0327252027746595,0.0258966337614616,0.0056842903236354,0.1187737768546479,6.993483219310414e-06,0.0358358719462498
woG1,224,0.036502114939885,,,,91.34121823310852,0.0256935953788581,0.0,0.0,0.0330533108017483,0.0263708483305622,0.0054816414781494,0.1225740625294017,7.247997540637368e-06,0.036502114939885
woG1,225,0.0358525669873982,0.1039043553173542,21.95078379313151,0.8264982064565023,91.32602429389954,0.0251805270548726,0.0,0.0,0.032665913039055,0.0259137641119419,0.0057011028564703,0.120992558321259,7.456327371877732e-06,0.0358525669873982
woG1,226,0.0363459924816108,,,,91.07676029205322,0.0256063975928137,0.0,0.0,0.0330469722813758,0.0262652251976313,0.0054491307170389,0.1203393479351137,7.486566474911801e-06,0.0363459924816108
woG1,227,0.0367207375553543,,,,91.10883331298828,0.0258629086320517,0.0,0.0,0.0332591240217939,0.0265211298237325,0.0055137823591558,0.1225849220865085,7.216829196267439e-06,0.0367207375553543
woG1,228,0.0367429961038173,,,,91.14010429382324,0.0259237248358912,0.0,0.0,0.033414046280086,0.0265463032744458,0.005530804418577,0.1197174024752906,7.452124562323803e-06,0.0367429961038173
woG1,229,0.0349620588917712,,,,91.09098768234252,0.0245780388320811,0.0,0.0,0.0321290195140926,0.0252891706730254,0.0055187496787975,0.1157147818107585,6.874271982898017e-06,0.0349620588917712
woG1,230,0.035974917047825,0.106348056346178,21.749581400553385,0.8237169742584228,91.14866065979004,0.0253384785238103,0.0,0.0,0.0327771223745629,0.0260209580883383,0.0055925671324194,0.1181300683099715,7.058285543504673e-06,0.035974917047825
woG1,231,0.0367737045114646,,,,91.15077114105225,0.0259414141783948,0.0,0.0,0.0333874307603376,0.0266049453133686,0.0054951770112803,0.1200309387545605,7.404440664001208e-06,0.0367737045114646
woG1,232,0.0363259870925399,,,,91.26136136054993,0.0256486030020674,0.0,0.0,0.0331384246771941,0.0262906130433815,0.0055605580430996,0.1161633067932285,7.668715723485097e-06,0.0363259870925399
woG1,233,0.0349643304180659,,,,91.32357883453368,0.0245641079868693,0.0,0.0,0.0320748213800739,0.0252808113506094,0.005408843334184,0.117264681388853,7.334658366043837e-06,0.0349643304180659
woG1,234,0.0349092981091044,,,,91.5994794368744,0.0244606235293579,0.0,0.0,0.0320016544037422,0.0251215818322828,0.0054888892785233,0.1212517748296749,7.922140828433672e-06,0.0349092981091044
woG1,235,0.0348314829018028,0.1063840445131063,21.665948486328126,0.8271725018819173,91.47816562652588,0.0244259774135273,0.0,0.0,0.0319673293346508,0.0250931969828537,0.0053508294074506,0.1200670736734984,7.194923264242821e-06,0.0348314829018028
woG1,236,0.0335774245962012,,,,91.1899163722992,0.0235130625670073,0.0,0.0,0.0310655724348836,0.0242551531123577,0.0053330780957352,0.1150686436134283,6.674892125021172e-06,0.0335774245962012
woG1,237,0.0340843451377309,,,,91.06438040733336,0.0239179453766736,0.0,0.0,0.0314837973412187,0.0246222946090532,0.0053513284818437,0.114753084623667,6.916703776979342e-06,0.0340843451377309
woG1,238,0.0336120894300888,,,,91.15044569969176,0.023546878286622,0.0,0.0,0.0311411914766811,0.0242816533084164,0.0052778424683683,0.1147642142948557,7.376982973028761e-06,0.0336120894300888
woG1,239,0.0345555364047406,,,,91.21523022651672,0.0242545627607185,0.0,0.0,0.0318307739178665,0.0249612123751249,0.0053496849436893,0.116711049203257,7.370075873637231e-06,0.0345555364047406
woG1,240,0.0355827738759947,0.103922801092267,21.96700948079427,0.8232834021250407,91.0753743648529,0.0249960783823225,0.0,0.0,0.0324768894428356,0.0256553477317583,0.0054415405048515,0.1211037618398177,7.650265000899396e-06,0.0355827738759947
woG1,241,0.0361650526890012,,,,91.60597848892212,0.0255311839129836,0.0,0.0,0.0329743864503307,0.0261699894565295,0.0053148673996176,0.1168332763749067,6.498713553255061e-06,0.0361650526890012
woG1,242,0.0347427920606292,,,,91.48780608177184,0.0244010452516987,0.0,0.0,0.0318554045296594,0.025093754035894,0.0054170222529286,0.1170562957337156,7.600538995645443e-06,0.0347427920606292
woG1,243,0.0353268248441277,,,,91.52408266067503,0.0248316811306066,0.0,0.0,0.0323141012798811,0.0255015203347582,0.0052843030740613,0.1193450723820533,6.603502459278481e-06,0.0353268248441277
woG1,244,0.0357317454410625,,,,91.39716410636902,0.0252055482267112,0.0,0.0,0.032573350827347,0.0258322726690866,0.0053696779469333,0.1162113697558152,7.288405137502429e-06,0.0357317454410625
woG1,245,0.0368322016304877,0.1098215114325285,21.37264912923177,0.8279675483703614,91.30089473724364,0.0260074573767478,0.0,0.0,0.0333181248489217,0.0265935191304468,0.0053724584600995,0.1205360765462039,7.213507469913119e-06,0.0368322016304877
woG1,246,0.0368010770590578,,,,91.06735157966614,0.0259593462449361,0.0,0.0,0.0333174079137503,0.0265255826601728,0.0053625753355502,0.1221074911414599,6.595753817249009e-06,0.0368010770590578
woG1,247,0.035423710697987,,,,91.00026893615724,0.0249291145410694,0.0,0.0,0.0323412198970308,0.0255937999969378,0.0053557824977047,0.118000203743577,7.178762528098257e-06,0.035423710697987
woG1,248,0.0345580838009959,,,,91.1251299381256,0.0242862048421482,0.0,0.0,0.0318018276183331,0.0249469663611933,0.0053697502064961,0.1154344667237801,7.035844028959154e-06,0.0345580838009959
woG1,249,0.0350147140685652,,,,91.11202669143675,0.0245922091188,0.0,0.0,0.0321516969745032,0.0252297533004254,0.0053551942377244,0.1187960945802633,8.141325234920381e-06,0.0350147140685652
woG1,250,0.0373567807198059,0.1081096138805151,21.716739400227866,0.8243175029754639,91.1104860305786,0.0264520103295074,0.0,0.0,0.0337631344398269,0.0270409693208629,0.0054084589288829,0.118138845521407,7.19026481985757e-06,0.0373567807198059
woG1,251,0.0338722009853017,,,,91.51917791366576,0.0237568473657135,0.0,0.0,0.0313138130777439,0.0244461640059092,0.0053008499891176,0.1148437662813507,7.265428943550741e-06,0.0338722009853017
woG1,252,0.034081457365976,,,,91.34366583824158,0.02391364929251,0.0,0.0,0.0314481856728919,0.0245737192663745,0.0052096404032171,0.1160182825549215,7.253643384979498e-06,0.034081457365976
woG1,253,0.0339936505026016,,,,91.4737503528595,0.0238625404165416,0.0,0.0,0.0314112982758488,0.0245290060573425,0.005236163229651,0.1146719051128039,7.379448346255139e-06,0.0339936505026016
woG1,254,0.0334033623917913,,,,91.48703050613403,0.0234192040306134,0.0,0.0,0.0310874252473233,0.0240836762288799,0.005358535554031,0.112583721514608,7.19740752874026e-06,0.0334033623917913
woG1,255,0.0329550642398048,0.1095428187400102,21.626207478841145,0.8247641881306966,91.30512833595276,0.0230815105186011,0.0,0.0,0.0307732599436259,0.0237768387315092,0.0052061062382503,0.1119886371383413,6.380669897272264e-06,0.0329550642398048
woG1,256,0.0327102617498059,,,,91.14136147499084,0.0229085874056718,0.0,0.0,0.0304838375905986,0.0236094460410417,0.0052048053810006,0.1112309680549336,7.4399251177472305e-06,0.0327102617498059
woG1,257,0.03316688510116,,,,91.01646184921265,0.0232315999990115,0.0,0.0,0.0308865286012897,0.0239313109014488,0.0052083530692292,0.1130681075766438,7.03105127222896e-06,0.03316688510116
woG1,258,0.0339384719607282,,,,91.16526103019714,0.0238249191525773,0.0,0.0,0.0314109031660634,0.0244872210638933,0.0053115796229084,0.1139120726739285,6.878477195224614e-06,0.0339384719607282
woG1,259,0.0331234698809805,,,,91.03115487098694,0.0231741731833727,0.0,0.0,0.0306926619750065,0.0238358022599313,0.0052075626683558,0.115502257266494,7.321879506286584e-06,0.0331234698809805
woG1,260,0.0334955635098893,0.1079617198556661,21.655328877766927,0.8257137139638265,91.144202709198,0.0235045295300298,0.0,0.0,0.0310671066285156,0.0241320386803785,0.0052942880601087,0.1127821932867413,7.068210011150421e-06,0.0334955635098893
woG1,261,0.0343007912370758,,,,91.29830980300903,0.0241265612745993,0.0,0.0,0.0315842013806104,0.024765751324594,0.0051898106237965,0.1139542013101401,7.459641231454592e-06,0.0343007912370758
woG1,262,0.0341338440470519,,,,91.54622888565063,0.0239926036752638,0.0,0.0,0.0315718815860445,0.0246566207697767,0.0051870403494533,0.1134560683467349,8.101297537003117e-06,0.0341338440470519
woG1,263,0.0337093163312214,,,,91.6257185935974,0.0236542133736561,0.0,0.0,0.031160348782041,0.0243493475508494,0.0053003885531339,0.1134147739618039,7.873629234748776e-06,0.0337093163312214
woG1,264,0.0335527154632279,,,,91.7553493976593,0.0235251467980322,0.0,0.0,0.031180541199006,0.0241885001114645,0.0051217266667603,0.1142809328729989,6.891527219940025e-06,0.0335527154632279
woG1,265,0.0322872927626136,0.106401877477765,21.59250386555989,0.8296568870544434,91.70588874816896,0.0225862217914374,0.0,0.0,0.0302569992748684,0.0232616541754515,0.005226676611871,0.1104987397728884,7.152529921485359e-06,0.0322872927626136
woG1,266,0.0334763091637707,,,,91.12611627578735,0.0234670050625429,0.0,0.0,0.0310847858028089,0.0241227716390715,0.0050795608826103,0.1145764328539371,7.295585900589488e-06,0.0334763091637707
woG1,267,0.0338159651327572,,,,91.08583736419678,0.0237378528891283,0.0,0.0,0.0312699907169234,0.0243977631488051,0.0050279511573922,0.1147326068555722,7.227655336205971e-06,0.0338159651327572
woG1,268,0.0332504636226374,,,,91.1055908203125,0.0233149639498747,0.0,0.0,0.0308983055264002,0.0239861273115164,0.0050674403090121,0.1130469516377712,7.563653041079594e-06,0.0332504636226374
woG1,269,0.0328980896499801,,,,91.10824537277222,0.0230421604756571,0.0,0.0,0.03062592851395,0.0237028057320562,0.0050639699949867,0.1130047644503781,8.069754811440361e-06,0.0328980896499801
woG1,270,0.0333375213515074,0.1086142528802156,21.516790262858077,0.8251900513966878,91.0862078666687,0.0234109592914092,0.0,0.0,0.0309916792101547,0.0240801251417056,0.0050316100241616,0.1114300326673222,7.319072678001306e-06,0.0333375213515074
woG1,271,0.0343571527876326,,,,91.18357872962952,0.0241946026331699,0.0,0.0,0.0317342311571367,0.0248071215359768,0.0050586046360921,0.1128812858865397,7.338794306540572e-06,0.0343571527876326
woG1,272,0.0335771587723102,,,,91.49622893333436,0.023603046832026,0.0,0.0,0.0310922373605311,0.0242408574635132,0.0049435281419943,0.1121504100986191,7.098916568527985e-06,0.0335771587723102
woG1,273,0.0362062351778149,,,,91.5408902168274,0.0255966318740707,0.0,0.0,0.0330143313030483,0.026144169133584,0.004931225099784,0.1172520694796179,8.344113679879554e-06,0.0362062351778149
woG1,274,0.0340492160929763,,,,91.58208465576172,0.0239503920902727,0.0,0.0,0.0314683892657278,0.0246152761468633,0.0050169844390274,0.1128430371707091,7.800952331172456e-06,0.0340492160929763
woG1,275,0.0332175415375682,0.1086112149059772,21.49015604654948,0.826535987854004,91.45722603797913,0.0232735882803309,0.0,0.0,0.0309076158513055,0.023938852606616,0.0050060963544414,0.1141506408448102,7.318802061341078e-06,0.0332175415375682
woG1,276,0.032855488436266,,,,90.8925802707672,0.0230417008374313,0.0,0.0,0.030641539220805,0.0237107257526673,0.0050758332926321,0.1107090683806626,7.102627096225308e-06,0.032855488436266
woG1,277,0.0327849375297788,,,,91.14450335502625,0.02296903655391,0.0,0.0,0.0305259273555435,0.0236186383780641,0.005074339598173,0.1122040796231051,7.060741268197883e-06,0.0327849375297788
woG1,278,0.0333886276472543,,,,91.24985575675964,0.0234807104284523,0.0,0.0,0.0310372240749783,0.0241311289461665,0.0050069612153179,0.1099038513713195,7.949277985120614e-06,0.0333886276472543
woG1,279,0.0325930268793809,,,,91.00569438934326,0.0228244823052502,0.0,0.0,0.0304247012178673,0.0234900351430549,0.0050124214374322,0.1117744983219709,7.825279214668246e-06,0.0325930268793809
woG1,280,0.0319607132648835,0.1092993337661027,21.477818298339844,0.8276799043019613,90.97766542434692,0.0223555792138346,0.0,0.0,0.0300917467560435,0.023034768728692,0.0049795140378696,0.1096200693215503,7.819569998655955e-06,0.0319607132648835
woG1,281,0.0314351248661758,,,,91.14891719818117,0.0219501133733352,0.0,0.0,0.0296240724226246,0.0226596846382637,0.0048827979824368,0.1096223341148407,7.820640463283299e-06,0.0314351248661758
woG1,282,0.0329998532371198,,,,91.25365281105042,0.0231570199696866,0.0,0.0,0.0307076871547786,0.0238236062930988,0.0049554646286166,0.1112490304913677,7.919478216893753e-06,0.0329998532371198
woG1,283,0.0329518427339489,,,,91.23843908309937,0.0231303998314943,0.0,0.0,0.030670155648936,0.0237966073050972,0.004901094844977,0.1108169998423975,8.148252186937261e-06,0.0329518427339489
woG1,284,0.0324344619284154,,,,91.32606291770936,0.0227291945551262,0.0,0.0,0.0302888213076674,0.0233902028212171,0.0048768688508568,0.1106945795663556,8.01007325773686e-06,0.0324344619284154
woG1,285,0.0328528428694508,0.1098774373531341,21.341123962402342,0.8276757558186849,91.45383787155151,0.0230448258674291,0.0,0.0,0.0306056943706801,0.0236567169977504,0.0049985137207006,0.1114125280473076,8.620823195717588e-06,0.0328528428694508
woG1,286,0.0335459434350983,,,,90.83985328674316,0.0235764044565988,0.0,0.0,0.0311503859817004,0.0242332286033474,0.0050326901827709,0.1114086649212681,7.409595733006529e-06,0.0335459434350983
woG1,287,0.0333605118889789,,,,91.02997040748596,0.0234618611084144,0.0,0.0,0.0309702484700523,0.0240781896854521,0.005067582196388,0.1099954014796702,7.854568502799015e-06,0.0333605118889789
woG1,288,0.0331934857808175,,,,91.0711226463318,0.0233151777418421,0.0,0.0,0.0308893931968534,0.0239708467814155,0.0048921027995615,0.1110767984426901,8.291277231952295e-06,0.0331934857808175
woG1,289,0.0327303539656224,,,,91.0452766418457,0.0229347266760639,0.0,0.0,0.0305486341602489,0.0236331641704576,0.005092975089983,0.1108790582015377,8.455965219602029e-06,0.0327303539656224
woG1,290,0.0326483664026514,0.1063695009797811,21.752027384440105,0.829687770207723,91.04488182067873,0.0228968690241091,0.0,0.0,0.0305252712769586,0.0235613951093105,0.0049795448650285,0.1099381230649401,7.027772503005053e-06,0.0326483664026514
woG1,291,0.0327251628804646,,,,91.17756128311156,0.0229547413707268,0.0,0.0,0.030547394096607,0.0235833393211369,0.0048690406685756,0.1110179889031121,7.907314961216564e-06,0.0327251628804646
woG1,292,0.0326827636263409,,,,91.17118644714355,0.022924109644516,0.0,0.0,0.0305003883072831,0.023565494714946,0.004947086904946,0.1104842591114708,7.196527573811438e-06,0.0326827636263409
woG1,293,0.0335283217585233,,,,90.7775490283966,0.0235796823838084,0.0,0.0,0.0310850885284484,0.0241720497715057,0.0049711254627642,0.1114827884269542,7.649276484390993e-06,0.0335283217585233
woG1,294,0.0335417119786143,,,,91.16993403434752,0.0235899336498658,0.0,0.0,0.0311312329970666,0.0242212814294168,0.0048934764793661,0.1112731758077613,8.164313084889352e-06,0.0335417119786143
woG1,295,0.033153232614525,0.1067292019724845,21.60525105794271,0.8288693904876709,91.20978713035583,0.02327631348286,0.0,0.0,0.030775569913695,0.0238871407069143,0.0049723022861681,0.111979560102107,6.99231741050937e-06,0.033153232614525
woG1,296,0.0324677639320248,,,,91.53064489364624,0.022757345390674,0.0,0.0,0.0303497129715368,0.0234382762955349,0.0048552787877985,0.1103142307552157,7.94246392603576e-06,0.0324677639320248
woG1,297,0.0320141819748477,,,,91.0118772983551,0.0224258473570473,0.0,0.0,0.030034796960774,0.0230422826850267,0.0048136113623737,0.1095964405685663,7.668283179205332e-06,0.0320141819748477
woG1,298,0.0315778945710082,,,,91.00796365737916,0.0221074394820654,0.0,0.0,0.0297936091932361,0.0228056059463224,0.0048093953089727,0.1070507624354518,7.837497029063023e-06,0.0315778945710082
woG1,299,0.0318419339868133,,,,91.00144124031068,0.0223038185800074,0.0,0.0,0.0299422738951493,0.0229432076276814,0.0047568744964531,0.1086731167113194,7.94884917695541e-06,0.0318419339868133
woG1,300,0.0315106033240673,0.1060993056744337,21.992150370279948,0.828530200322469,91.00598096847534,0.0220494052150943,0.0,0.0,0.0297095922936425,0.0227228094151884,0.0048747445880359,0.1074903467517407,8.242410469011985e-06,0.0315106033240673
woG1,301,0.0317418032218931,,,,91.05367517471312,0.02223031379313,0.0,0.0,0.0299104973063117,0.0228610397392853,0.0048300850999037,0.1079979539222893,7.572289073678789e-06,0.0317418032218931
woG1,302,0.0322521474884181,,,,91.09036016464232,0.0225781962718264,0.0,0.0,0.0301365589753526,0.023219223706754,0.0049158313204763,0.1112914867699146,8.587797093245867e-06,0.0322521474884181
woG1,303,0.0317803052727316,,,,91.09980845451356,0.0222705636081881,0.0,0.0,0.0299793872829587,0.0229264274392215,0.0048757104611512,0.1067980284512531,8.782449409399932e-06,0.0317803052727316
woG1,304,0.0312020835298739,,,,91.1309814453125,0.021812297342742,0.0,0.0,0.0294278474738363,0.0224914270468422,0.0048336142876383,0.1075250964428557,8.181539352751261e-06,0.0312020835298739
woG1,305,0.0328446074587399,0.0996300857514143,22.42448527018229,0.8327330112457275,91.05616807937622,0.0230870008789247,0.0,0.0,0.0306136791182101,0.0237211707567215,0.0048858036581029,0.1086662479477827,8.912632631322159e-06,0.0328446074587399
woG1,306,0.0325653482320123,,,,91.13216018676758,0.0228291427808218,0.0,0.0,0.0303241423804496,0.0234260458163306,0.0047819746131474,0.1121212374418973,8.208170095526448e-06,0.0325653482320123
woG1,307,0.032313744400124,,,,90.99106335639954,0.0226726759698425,0.0,0.0,0.0301999307436044,0.0232677362004264,0.0048497737915881,0.1091734164806663,7.66674331668232e-06,0.032313744400124
woG1,308,0.0315557467430585,,,,91.0907654762268,0.0221067625174268,0.0,0.0,0.0297226600776441,0.0227443878538906,0.0047055172837018,0.1072884063679175,8.418956812738802e-06,0.0315557467430585
woG1,309,0.0316574473361499,,,,91.0904324054718,0.0222068253874045,0.0,0.0,0.0298775404722231,0.0228298031190624,0.0047454805701177,0.1057366290297664,8.721875145161498e-06,0.0316574473361499
woG1,310,0.0313916342241353,0.1042471285909414,21.907058715820312,0.8300437768300374,91.1920566558838,0.0219383416239355,0.0,0.0,0.0296143089405825,0.0225869536125024,0.0047589827512131,0.1092984875450368,6.889388439688106e-06,0.0313916342241353
woG1,311,0.0312974895426972,,,,91.05615544319151,0.0218395191076837,0.0,0.0,0.029515515829696,0.0224553357244881,0.0047157772933132,0.1114162643302659,7.443240546134433e-06,0.0312974895426972
woG1,312,0.0302246909161083,,,,91.1529221534729,0.0210962788446149,0.0,0.0,0.028853538018636,0.0217634992078557,0.004720572699014,0.1044855608803327,7.226884837858186e-06,0.0302246909161083
woG1,313,0.0314835969847245,,,,91.063884973526,0.0220659781003096,0.0,0.0,0.0297957547467018,0.0226869650307248,0.0048237140195016,0.1055297412772159,7.372647195083525e-06,0.0314835969847245
woG1,314,0.0319133232820962,,,,91.06002259254456,0.0223830719096738,0.0,0.0,0.0299582280310206,0.0229898242310422,0.0046864171592579,0.1080318205974629,7.853790416686e-06,0.0319133232820962
woG1,315,0.0318895554872321,0.1072387751191854,21.66685231526693,0.8295516967773438,91.06770586967468,0.0223551459656264,0.0,0.0,0.0300011811167246,0.0229537815206729,0.0047463788899028,0.1081886701285839,7.478333874004461e-06,0.0318895554872321
woG1,316,0.0320725328914943,,,,91.23282122612,0.0224583311250708,0.0,0.0,0.0299783250713934,0.0230929628472592,0.0048085083520864,0.1106289976627611,8.266970753594027e-06,0.0320725328914943
woG1,317,0.0320428233807448,,,,91.1421856880188,0.022448459281357,0.0,0.0,0.0300470251956435,0.0230475694139594,0.0046707172439143,0.1103672508272479,8.57858127598429e-06,0.0320428233807448
woG1,318,0.0314689699682544,,,,91.00563025474548,0.0220245515362771,0.0,0.0,0.029600181677913,0.0226472129465126,0.0048298624241113,0.1080249412992938,7.375239617856333e-06,0.0314689699682544
woG1,319,0.0316762554718822,,,,91.13947558403017,0.0221654276867381,0.0,0.0,0.0298844022432067,0.0228016932388065,0.0047489524070845,0.1089869303109704,8.244297694099482e-06,0.0316762554718822
woG1,320,0.0309323831232356,0.1025930382311344,22.03926289876302,0.8295645395914714,91.17788863182068,0.0216096434055171,0.0,0.0,0.0292697321837309,0.0222538483680271,0.0047430010020091,0.1075434720174211,8.206323969656558e-06,0.0309323831232356
woG1,321,0.0310485739352517,,,,91.02138376235962,0.0217218673024631,0.0,0.0,0.0294225670885844,0.022358414663582,0.0046669803884216,0.1063885713515223,8.864525325873014e-06,0.0310485739352517
woG1,322,0.0319601353715922,,,,91.1275188922882,0.0223816644980526,0.0,0.0,0.0299982557409122,0.0230045414865627,0.0047218882799392,0.1099933340046249,8.439161502068661e-06,0.0319601353715922
woG1,323,0.0328623624976541,,,,91.0352988243103,0.0230948212480203,0.0,0.0,0.0306382700953571,0.0236778767153498,0.0046488897699374,0.1104457098990678,7.903256554532078e-06,0.0328623624976541
woG1,324,0.0312658582554488,,,,91.24108839035034,0.0218929443508386,0.0,0.0,0.0295522426270314,0.0225397172063344,0.0048135695959914,0.1057815007926499,7.527115712297099e-06,0.0312658582554488
woG1,325,0.0312926929871566,0.1045695636421442,21.832002258300783,0.8339295864105225,91.05328941345216,0.0219085956465636,0.0,0.0,0.0295322283674947,0.022555464558059,0.004743265180818,0.1065441767425566,8.134837618114929e-06,0.0312926929871566
woG1,326,0.0309810863624586,,,,91.15507578849792,0.0216751387648162,0.0,0.0,0.0292909250396196,0.0223122861724896,0.0046246436359666,0.106507993898675,8.527456991836427e-06,0.0309810863624586
woG1,327,0.031968691035128,,,,91.16669178009032,0.0224162792924364,0.0,0.0,0.0299396497182181,0.0230502978303149,0.0046580096164748,0.1087225317405384,8.862883526469845e-06,0.031968691035128
woG1,328,0.0314232602746027,,,,91.05555725097656,0.0220145211539796,0.0,0.0,0.0295382476121675,0.0226414403420124,0.0047210650232269,0.1069814930746301,7.6142894871733535e-06,0.0314232602746027
woG1,329,0.0321309796885633,,,,91.10969805717468,0.0225185622827562,0.0,0.0,0.0301421323302583,0.0231145855619526,0.0045851457703736,0.1105615050211304,8.823890086754403e-06,0.0321309796885633
woG1,330,0.0321640378077987,0.1006892621517181,22.199508158365884,0.8315492947896321,91.06529998779295,0.0226089350543305,0.0,0.0,0.0301396361567446,0.0231753025035999,0.0046843295176437,0.1067019054269204,8.719305714003677e-06,0.0321640378077987
woG1,331,0.0318906036220857,,,,91.0822811126709,0.0223611347667384,0.0,0.0,0.0299043446992997,0.0229298502634294,0.0047846424496412,0.1084147511874554,8.49583755309426e-06,0.0318906036220857
woG1,332,0.0316352878437667,,,,90.90500926971436,0.0221550221417526,0.0,0.0,0.0297897322194986,0.0227791551103601,0.0045976287257842,0.1086681138601948,8.346423982884926e-06,0.0316352878437667
woG1,333,0.0305736264916228,,,,91.0125970840454,0.0213759069285187,0.0,0.0,0.0290474454093663,0.0220141964048513,0.0045004738685598,0.1055482489774461,8.155159100501115e-06,0.0305736264916228
woG1,334,0.0300755231320613,,,,91.03956627845764,0.0209978372011272,0.0,0.0,0.0286107170929918,0.0216206897004339,0.0046586651864583,0.1045965020407418,6.7665831090830255e-06,0.0300755231320613
woG1,335,0.0306227620171963,0.105045910924673,21.968065388997395,0.8311623255411784,91.16426372528076,0.0213684375535269,0.0,0.0,0.0290073104599704,0.0219999704983268,0.00454454123783,0.1085054049665322,7.409854624269863e-06,0.0306227620171963
woG1,336,0.0304704298891249,,,,91.0098786354065,0.0212832806158627,0.0,0.0,0.0289832035415485,0.021890993222411,0.0045757793237409,0.1062077015760492,7.806529612719802e-06,0.0304704298891249
woG1,337,0.0312571571529155,,,,91.1328148841858,0.0219304003890176,0.0,0.0,0.0295464564878188,0.022555818804158,0.0045502454282899,0.1043888284046141,8.015452435152289e-06,0.0312571571529155
woG1,338,0.0309424780950438,,,,91.16569423675536,0.0216565960254825,0.0,0.0,0.0292689134748499,0.0222705312943483,0.0046579081347578,0.105877243257204,8.528922712330855e-06,0.0309424780950438
woG1,339,0.0319135431658293,,,,91.07399106025696,0.0223942169018822,0.0,0.0,0.02992369846792,0.0229913032552624,0.0045348438033528,0.1082145330480864,9.173710521825415e-06,0.0319135431658293
woG1,340,0.030569584185227,0.1039564255625009,21.910228474934897,0.8321870485941569,91.12184500694276,0.0213653760519428,0.0,0.0,0.0290979549105538,0.0219858924965145,0.0045221220037793,0.1058666410504794,9.056816377176583e-06,0.030569584185227
woG1,341,0.0303928315120398,,,,91.2125768661499,0.0212396098239744,0.0,0.0,0.0289528494334367,0.0218765522796111,0.0045106798929513,0.1050372751826634,8.383260974438567e-06,0.0303928315120398
woG1,342,0.0314541316637006,,,,91.0308825969696,0.0220527923971292,0.0,0.0,0.0296713690288731,0.0226748334549245,0.0045042998371187,0.1066118074489421,8.269126342520682e-06,0.0314541316637006
woG1,343,0.0312136789234202,,,,90.95000982284546,0.0218729874668795,0.0,0.0,0.0295045568958901,0.0224502023736961,0.0045329818357026,0.1063784571883619,7.875076918033046e-06,0.0312136789234202
woG1,344,0.0314950965436511,,,,91.01562309265135,0.0220909172699588,0.0,0.0,0.0296956678608157,0.022680112351587,0.0043998546077732,0.1070216948197024,8.105148456374753e-06,0.0314950965436511
woG1,345,0.0307804826860789,0.1078854445368051,21.69973704020182,0.8312668323516845,90.97315096855164,0.0215190310779287,0.0,0.0,0.0291670110443087,0.0221451778941955,0.0045343635615236,0.10681102241649,8.573845867243159e-06,0.0307804826860789
woG1,346,0.0311057633094367,,,,91.07434558868408,0.0217755981186618,0.0,0.0,0.0295057901807251,0.0223475869317523,0.0046122221688388,0.1065561592456747,8.371975702410674e-06,0.0311057633094367
woG1,347,0.0308849723918027,,,,91.10049366950987,0.0216189643261251,0.0,0.0,0.0292480817889092,0.0221983511153547,0.0044783596178425,0.1064067714099512,8.715896600656865e-06,0.0308849723918027
woG1,348,0.0308368742832394,,,,91.2053771018982,0.0215953443520015,0.0,0.0,0.0292666286352227,0.0222142105082385,0.0044908903188026,0.1049002495395844,8.147919783126045e-06,0.0308368742832394
woG1,349,0.030448579244682,,,,91.06428337097168,0.0212558098748082,0.0,0.0,0.0288444996857252,0.021862784079963,0.0044751393353016,0.1077283584802854,7.4068056486828866e-06,0.030448579244682
woG1,350,0.030274464153364,0.1021328512579202,22.1371337890625,0.8342881043752034,91.0503273010254,0.0211605388655892,0.0,0.0,0.0289454089141771,0.0218035778809399,0.004497269099792,0.1038856757957427,8.20009598317688e-06,0.030274464153364
woG1,351,0.0308539957937891,,,,91.16691040992735,0.0216118817629872,0.0,0.0,0.029288087620354,0.0222150637829279,0.0045582635717497,0.1045653171318232,8.693475075142668e-06,0.0308539957937891
woG1,352,0.0303725639632979,,,,90.99915885925292,0.0212318776404393,0.0,0.0,0.0288935483540179,0.0218314526938512,0.0044805638675318,0.1052191956732116,8.301072839981944e-06,0.0303725639632979
woG1,353,0.0299300210947384,,,,90.96271586418152,0.0209069295755786,0.0,0.0,0.028589999364292,0.0215366409373942,0.0044851106835804,0.1034838843663207,7.69288887049787e-06,0.0299300210947384
woG1,354,0.0303983741943709,,,,91.02459073066711,0.0212708914301312,0.0,0.0,0.028937073439726,0.021903559680051,0.0044192748218698,0.103908326415742,9.650768824682816e-06,0.0303983741943709
woG1,355,0.0305967137186986,0.1019733510911464,22.155475870768228,0.8355818271636963,90.98799324035645,0.0214234906416691,0.0,0.0,0.0290374347756876,0.022005451896579,0.0045167405585773,0.1043864106301401,7.047252102945084e-06,0.0305967137186986
woG1,356,0.0298126084333071,,,,91.12424731254578,0.0208298325019537,0.0,0.0,0.028497989014646,0.0214250282705074,0.0044445888421757,0.103114478473292,7.448210720498035e-06,0.0298126084333071
woG1,357,0.0296628446028125,,,,91.07710027694702,0.0206964482767049,0.0,0.0,0.0284042946353066,0.0213288678176945,0.004445331883006,0.1036287660970062,7.733212470682873e-06,0.0296628446028125
woG1,358,0.0295869391106191,,,,91.08492112159728,0.0206429041372459,0.0,0.0,0.0283041145713602,0.0212521120661594,0.0044724010522706,0.1035707596628392,7.62126492450993e-06,0.0295869391106191
woG1,359,0.0298833733302403,,,,91.06791496276855,0.0208833603432676,0.0,0.0,0.0285453482485208,0.0215150150470435,0.004394963632727,0.1030855843888931,7.323755683390403e-06,0.0298833733302403
woG1,360,0.0299341201354734,0.1000808048993349,22.29640909830729,0.8342867215474447,91.22171354293825,0.0209013285100093,0.0,0.0,0.0285902862574477,0.0214937429371305,0.0044512271262766,0.1045323358390663,7.568376499142574e-06,0.0299341201354734
woG1,361,0.0302714526073121,,,,91.06082463264464,0.021170279461524,0.0,0.0,0.0288352490265349,0.0217999065844494,0.0044189867158954,0.1040386451927364,8.011123210214507e-06,0.0302714526073121
woG1,362,0.0309144722939026,,,,91.10561418533324,0.0216450693284268,0.0,0.0,0.029342303403699,0.0222195092680268,0.0044702514128179,0.1060209388798866,7.817739236432213e-06,0.0309144722939026
woG1,363,0.0311343614317354,,,,91.11247777938844,0.0218528605325788,0.0,0.0,0.0294369119753847,0.0224095186310224,0.0044447153455531,0.1044494406488098,7.789768296085227e-06,0.0311343614317354
woG1,364,0.0313141470103234,,,,91.12149238586426,0.0220127486715429,0.0,0.0,0.0295352808917399,0.0225390103325003,0.0045201446151086,0.1034540834485507,8.080380422483605e-06,0.0313141470103234
woG1,365,0.0313677920914087,0.1024915650486946,22.016023763020836,0.8340300718943278,91.1650891304016,0.0219981818246181,0.0,0.0,0.0296556195091517,0.0225550398444298,0.0044737601658466,0.1064086965300509,7.80855925831165e-06,0.0313677920914087
woG1,366,0.029611962648933,,,,91.05019068717957,0.0206632024654355,0.0,0.0,0.0283677221168992,0.0212859567254781,0.0044196990097216,0.1034246799459711,8.181194825004582e-06,0.029611962648933
woG1,367,0.0302889718231363,,,,91.19649529457092,0.0211788973175599,0.0,0.0,0.0289325380819987,0.0217837084420636,0.0043981689711666,0.1043396659622915,8.308715790695063e-06,0.0302889718231363
woG1,368,0.0300275520497902,,,,91.09299182891846,0.0209930711654854,0.0,0.0,0.0286037998396109,0.0215743450279973,0.0044944900084195,0.1035832025599284,8.481898732618454e-06,0.0300275520497902
woG1,369,0.0309299797766277,,,,91.11836695671082,0.0217098650278248,0.0,0.0,0.0292842788621783,0.0222721688037158,0.0043729748042514,0.1036512319181786,7.581058591690445e-06,0.0309299797766277
woG1,370,0.032483219947727,0.1108631715178489,21.305030314127603,0.8310892740885417,91.01576495170592,0.0228628620169446,0.0,0.0,0.030293052008406,0.0234675319315712,0.0044449762532823,0.1073866819993394,7.582070633186089e-06,0.032483219947727
woG1,371,0.0313890186733886,,,,90.99375009536745,0.022023933306031,0.0,0.0,0.029592040743007,0.0226126278323106,0.0043972363527558,0.1061670416813404,7.686565168104857e-06,0.0313890186733886
woG1,372,0.0294549616786544,,,,91.04230427742004,0.0205734917955076,0.0,0.0,0.0282191931743358,0.0211926890598213,0.0042920456874779,0.1020974449385873,8.431580772199573e-06,0.0294549616786544
woG1,373,0.029381383195153,,,,91.16688704490662,0.020538421027118,0.0,0.0,0.0281778400092095,0.021163844732476,0.0043235469998822,0.1005002459297414,7.731755545096325e-06,0.029381383195153
woG1,374,0.0294300191043341,,,,91.09786367416382,0.0205838566676515,0.0,0.0,0.0282305496607403,0.0211693166648266,0.0043029783562696,0.1004766278640657,8.435486136015948e-06,0.0294300191043341
woG1,375,0.0290547772997715,0.101869098842144,22.04225056966146,0.835066843032837,91.25593781471252,0.020255281124264,0.0,0.0,0.0279356107482167,0.02090480185465,0.0043314970766392,0.1018541894364552,8.33581358100678e-06,0.0290547772997715
woG1,376,0.029129756095468,,,,91.36025881767272,0.0203265252629997,0.0,0.0,0.0279956416791824,0.0209546076042241,0.0041647313361163,0.1019697152688855,8.53812837776552e-06,0.029129756095468
woG1,377,0.0290856112832905,,,,91.20602822303772,0.0202518475898465,0.0,0.0,0.027978075255991,0.0208639228014183,0.0043391579710573,0.1037758737191802,8.303992159180534e-06,0.0290856112832905
woG1,378,0.0283719710700336,,,,91.20948147773744,0.0197535067735636,0.0,0.0,0.0275107363055719,0.0204069376541454,0.004280964946985,0.099682940567126,8.178924747867157e-06,0.0283719710700336
woG1,379,0.0290054886556062,,,,91.17007756233215,0.0202033057671467,0.0,0.0,0.0279118663890928,0.0208398085011199,0.0043337467426174,0.1027241752895175,8.872836063054331e-06,0.0290054886556062
woG1,380,0.0295020924178791,0.1015481427311897,22.157804361979167,0.8373761494954427,91.28871965408324,0.0206184730116949,0.0,0.0,0.0282784892154521,0.0212004462592914,0.0043197427933547,0.1017792306412927,8.707085178166307e-06,0.0295020924178791
woG1,381,0.0301736466067491,,,,91.10224199295044,0.021125425447206,0.0,0.0,0.0287536957652353,0.021680350033719,0.0042779923313617,0.1034770430538986,7.53189540998847e-06,0.0301736466067491
woG1,382,0.0304022115945327,,,,91.15499758720398,0.0212738209358248,0.0,0.0,0.0287930461135311,0.0218111996035106,0.0043074955465272,0.1059015592957129,7.636218353690365e-06,0.0304022115945327
woG1,383,0.029415196815475,,,,91.2275366783142,0.0205402247164948,0.0,0.0,0.0282022905093236,0.0211399896910078,0.0042928573866298,0.1023642489472862,7.731855689537333e-06,0.029415196815475
woG1,384,0.0296950172327581,,,,91.17275595664978,0.0207751530955438,0.0,0.0,0.0284080007953233,0.0213728178613132,0.0042918838091103,0.1014611950357917,8.595553992069334e-06,0.0296950172327581
woG1,385,0.0300040153297977,0.0953632146120071,22.646251932779947,0.8398121356964111,91.20787978172302,0.0210181590337611,0.0,0.0,0.0286694699745686,0.0216133317711656,0.0042726739221939,0.1013868189126741,8.22821996013928e-06,0.0300040153297977
woG1,386,0.0296591666420219,,,,91.14083790779114,0.0207081313290801,0.0,0.0,0.0283840276361977,0.0212933487167246,0.0043974501962513,0.1034885125509539,7.721831071348048e-06,0.0296591666420219
woG1,387,0.0296297098097742,,,,91.22404265403748,0.0207163982139136,0.0,0.0,0.0283691280781001,0.0213145396183626,0.0042088583062143,0.1022042408280196,7.980822981356433e-06,0.0296297098097742
woG1,388,0.0292871867871431,,,,91.15996503829956,0.0204568627046146,0.0,0.0,0.0280734687799313,0.021042430239012,0.0042615506462142,0.101747366218049,8.9267772519333e-06,0.0292871867871431
woG1,389,0.0295175319445914,,,,91.1861207485199,0.0206135924157426,0.0,0.0,0.0282164755445279,0.0212084712598045,0.0043479040910138,0.1028508350985949,7.832244178299486e-06,0.0295175319445914
woG1,390,0.0290616542925355,0.1065417043864727,21.64872894287109,0.8336993058522543,91.1364769935608,0.0203072947266771,0.0,0.0,0.0279682414361932,0.0209033357697065,0.0042643004600874,0.0997503104268527,8.287940244404457e-06,0.0290616542925355
woG1,391,0.0292794621076251,,,,91.13511562347412,0.0204437620571402,0.0,0.0,0.0281223356113082,0.0210356271413506,0.0042628397703262,0.1018839971635673,8.069655238793443e-06,0.0292794621076251
woG1,392,0.0306446741289291,,,,91.14659357070924,0.0214944092984326,0.0,0.0,0.0290389013797289,0.0220427380752612,0.0042473209323361,0.1039366419503434,8.652459265675284e-06,0.0306446741289291
woG1,393,0.0306260918007522,,,,91.08762884140016,0.0214696101554226,0.0,0.0,0.0290109745883306,0.0220056766812063,0.0042718460308158,0.1046320697384291,7.921250211899911e-06,0.0306260918007522
woG1,394,0.0293331693735767,,,,91.14914536476137,0.0204868102217184,0.0,0.0,0.028157859292553,0.0210993899582106,0.0041580856682305,0.1020563474444092,7.865002484041547e-06,0.0293331693735767
woG1,395,0.0288853343789939,0.1040003709495067,21.91734619140625,0.8347784678141276,90.98620223999023,0.020167836659878,0.0,0.0,0.0278352619164058,0.0207920050034757,0.0041719303680125,0.0999217646227019,8.641602808771967e-06,0.0288853343789939
woG1,396,0.029183780850812,,,,91.1317868232727,0.020399353757012,0.0,0.0,0.0280523477427539,0.0210036042940299,0.004237239242371,0.1000227629222342,8.420400817318533e-06,0.029183780850812
woG1,397,0.0288710839985335,,,,91.08802652359007,0.0201673102717785,0.0,0.0,0.0277753744167504,0.0207596503228682,0.0042098840416149,0.0996468173889596,8.665919692366576e-06,0.0288710839985335
woG1,398,0.0300091728110049,,,,90.90477180480956,0.0209829989347423,0.0,0.0,0.0285688997322662,0.0215556459486118,0.0042765123261993,0.1043662980321,8.561409484895033e-06,0.0300091728110049
woG1,399,0.0294395587025362,,,,91.0753104686737,0.0205667246301032,0.0,0.0,0.0282427953006547,0.0211527715513452,0.0041612051484617,0.1024937343890549,8.484936687661038e-06,0.0294395587025362
woG1,400,0.0287872176525778,0.1000774782150983,22.33836212158203,0.8356732686360677,91.16265749931335,0.0201076095710035,0.0,0.0,0.0277510867988476,0.0207139684314854,0.0041676964315005,0.0991613096633895,8.56818498688761e-06,0.0287872176525778
woG1,401,0.0286186550301117,,,,91.03773808479308,0.0199743746627183,0.0,0.0,0.0276655253083979,0.0205689449489238,0.0042075617429723,0.0990282104457499,8.020949760793894e-06,0.0286186550301117
woG1,402,0.0295002282612392,,,,91.14480423927309,0.020604412430195,0.0,0.0,0.0283055650681012,0.0211663315011585,0.0041540672899544,0.1032847122701465,8.48833263290531e-06,0.0295002282612392
woG1,403,0.0292243664534609,,,,91.12798142433168,0.0203680760593565,0.0,0.0,0.0280609028871919,0.0209620389171311,0.0041669559737545,0.1042786450964994,8.113660586985613e-06,0.0292243664534609
woG1,404,0.0289358332844786,,,,91.13855957984924,0.0201832799195144,0.0,0.0,0.0278503055699536,0.020773723469589,0.0041502481460052,0.1018837566685969,8.932727395054683e-06,0.0289358332844786
woG1,405,0.029272401674849,0.1002970412373542,22.25113321940104,0.8353873411814372,91.05672764778136,0.0204660394687022,0.0,0.0,0.0281340261982356,0.0210575300696321,0.0041635937599434,0.1005478943774446,8.880884311513291e-06,0.029272401674849
woG1,406,0.0291896701836195,,,,91.09200620651244,0.0204071744848958,0.0,0.0,0.028064214166437,0.0209944755693928,0.0040962743328609,0.1005334931379947,9.140936532345224e-06,0.0291896701836195
woG1,407,0.0287074944630387,,,,91.08375310897829,0.0200319890024476,0.0,0.0,0.0277034498170995,0.0206150258433256,0.0041591867701471,0.1001706035716123,7.741995463325702e-06,0.0287074944630387
woG1,408,0.0290914438512237,,,,91.0150706768036,0.0203012387634667,0.0,0.0,0.0279228930957004,0.0208886260792735,0.0041229517855605,0.1024365404651301,8.14065383326605e-06,0.0290914438512237
woG1,409,0.0295315066688373,,,,91.10839438438416,0.020682918640678,0.0,0.0,0.0283289118440913,0.021276359545586,0.0041730672972215,0.0996533667088532,9.03770604158044e-06,0.0295315066688373
woG1,410,0.0296804167208124,0.0990492105484008,22.37411448160807,0.8379197756449381,91.19072437286376,0.0207638822450134,0.0,0.0,0.0283520198961506,0.0213415104300394,0.0041975838506258,0.1022088631193657,8.686832193169603e-06,0.0296804167208124
woG1,411,0.0295896694735913,,,,91.099604845047,0.0207178481228527,0.0,0.0,0.0282914560959964,0.0212831887126457,0.0040789465706215,0.1012734043427178,8.340326235097625e-06,0.0295896694735913
woG1,412,0.0289665710364208,,,,91.0896725654602,0.0202437702062555,0.0,0.0,0.0279236063361167,0.0208201202731884,0.004035904072225,0.1000959614871955,9.667344668116084e-06,0.0289665710364208
woG1,413,0.0296538356294641,,,,91.21869897842409,0.0207427732157902,0.0,0.0,0.0284109431944909,0.0213220259403718,0.0041511674510834,0.102079851003211,9.136203825386194e-06,0.0296538356294641
woG1,414,0.0296703493833297,,,,91.12496328353882,0.0207220252878108,0.0,0.0,0.0283377351330929,0.0212799435420358,0.0040474502030057,0.1050718675260661,8.308123806834224e-06,0.0296703493833297
woG1,415,0.0288859968546961,0.1040873453021049,21.803324381510414,0.8356630484263102,91.15853834152222,0.0201482824507917,0.0,0.0,0.0278052510846345,0.0207240300283568,0.0042145575041745,0.1015618684716889,8.629259618378233e-06,0.0288859968546961
woG1,416,0.028319156942431,,,,91.12443208694458,0.019731742566543,0.0,0.0,0.0273907285366879,0.0203635957030976,0.0042069782846469,0.0993394322510136,9.006939806891617e-06,0.028319156942431
woG1,417,0.0282160633045141,,,,91.16734004020692,0.0196605994534052,0.0,0.0,0.0273859391416438,0.0202592100688546,0.004090670524852,0.0992704296454054,8.413801514836661e-06,0.0282160633045141
woG1,418,0.0284590189971151,,,,91.1296043395996,0.0198624610564992,0.0,0.0,0.0275124438626111,0.0204606667985437,0.0040666796457877,0.0988999193259438,9.653836223879028e-06,0.0284590189971151
woG1,419,0.0291510328467263,,,,91.09616661071776,0.0203799001231301,0.0,0.0,0.0279979150833897,0.0209407333254081,0.0041588428516139,0.1005176691735377,9.193019695945702e-06,0.0291510328467263
woG1,420,0.0292267768231571,0.1014309450984001,22.14152577718099,0.8331580638885498,91.15248036384584,0.0204410515114909,0.0,0.0,0.0280556006082257,0.0209882009209545,0.0041005643739242,0.1007751667963676,8.862024600258837e-06,0.0292267768231571
woG1,421,0.0283906890659547,,,,91.15732407569884,0.0197957016252836,0.0,0.0,0.0274733592313332,0.0204090701919965,0.004006295789369,0.0997355260321351,9.037787458956411e-06,0.0283906890659547
woG1,422,0.0281755192449591,,,,91.2774384021759,0.0196375876176552,0.0,0.0,0.0273517340604887,0.0202358926142581,0.0040862015887453,0.098781758888823,8.301159736959832e-06,0.0281755192449591
woG1,423,0.0282427692541577,,,,91.25353598594666,0.0196977726138028,0.0,0.0,0.0273922627913903,0.0202714336471113,0.0040736617320064,0.0986678799095212,7.827751718910121e-06,0.0282427692541577
woG1,424,0.0284139324804065,,,,91.23018741607666,0.0198192587580348,0.0,0.0,0.0275003475701955,0.0204018532359575,0.0041224558658317,0.0992199689394137,7.94575978747711e-06,0.0284139324804065
woG1,425,0.0287589212177229,0.1026368178427219,22.107047017415365,0.8350475788116455,91.14679741859436,0.0200697085133097,0.0,0.0,0.0276984744781597,0.0206785013242701,0.0040627577815388,0.1006260605864837,9.288300798765504e-06,0.0287589212177229
woG1,426,0.0286245956314636,,,,91.24225115776062,0.0199922316509192,0.0,0.0,0.0276526213150288,0.0205490575248345,0.0040430255428903,0.0993406670015366,8.753749826369261e-06,0.0286245956314636
woG1,427,0.0290049213274824,,,,91.35858488082886,0.0202754175550014,0.0,0.0,0.027876062379753,0.0208418095163756,0.0040535250598503,0.10033445402247,8.590002430022062e-06,0.0290049213274824
woG1,428,0.0288479338384798,,,,91.1472988128662,0.0201453819000696,0.0,0.0,0.027810402657287,0.0207113074291436,0.0040781313351157,0.1004558495688633,9.084231555251224e-06,0.0288479338384798
woG1,429,0.0290758298007679,,,,91.09758853912354,0.0203300767318635,0.0,0.0,0.0279365230931854,0.0208768312681893,0.0040205568065637,0.100686837934324,8.373093712423112e-06,0.0290758298007679
woG1,430,0.029119047091999,0.1047040820121765,21.839082336425783,0.8342247168223064,91.14367818832396,0.0203604128394947,0.0,0.0,0.0279631535751653,0.020919155688254,0.0040676794005328,0.1006125477676997,8.57025730193031e-06,0.029119047091999
woG1,431,0.028495318347924,,,,91.12750434875488,0.019890001860493,0.0,0.0,0.0275238510831946,0.0204522869183269,0.0041151669975675,0.0991824431283796,8.898036823911305e-06,0.028495318347924
woG1,432,0.0284479193267275,,,,91.15305399894714,0.0198594109674335,0.0,0.0,0.0275937055741421,0.0204527524498398,0.003988111006157,0.0985661770110247,8.870604661473233e-06,0.0284479193267275
woG1,433,0.0285594896184372,,,,91.10208201408386,0.0199389983060174,0.0,0.0,0.0276413810149323,0.0205000902480277,0.0040510156550673,0.0992497107716368,8.753957123102773e-06,0.0285594896184372
woG1,434,0.0289788268750808,,,,91.12555694580078,0.0202200742148351,0.0,0.0,0.0279069535251035,0.0207752561746317,0.0039887572905873,0.1025978682532173,8.720462290633227e-06,0.0289788268750808
woG1,435,0.0280864702415515,0.1108842175453901,21.507456461588543,0.834536091486613,91.14671230316162,0.0195747559401588,0.0,0.0,0.0272643227496596,0.0201811205946886,0.0040501012556544,0.098512003564688,9.63373624657078e-06,0.0280864702415515
woG1,436,0.0283212452424598,,,,91.12678837776184,0.0197472418276745,0.0,0.0,0.0274026506259793,0.020341189891161,0.0040263951971714,0.0995672429743848,9.69073016740768e-06,0.0283212452424598
woG1,437,0.0283789573634257,,,,91.04250431060792,0.0198097489774227,0.0,0.0,0.0274618858181428,0.0203738786570239,0.0039738510557847,0.0989744769195552,8.41130906926205e-06,0.0283789573634257
woG1,438,0.028396341079449,,,,91.01724100112916,0.0198123406038665,0.0,0.0,0.0274485736077681,0.0204019916289653,0.0040165833044858,0.0993150716922322,8.794601237561142e-06,0.028396341079449
woG1,439,0.0284750684485083,,,,91.06004786491394,0.0198778721549716,0.0,0.0,0.0275301734351965,0.0204555820139338,0.0040182168366479,0.0991060011027777,8.8815776903393e-06,0.0284750684485083
woG1,440,0.0280321113398817,0.1060356497764587,21.687786865234376,0.8347035566965739,91.14911651611328,0.019528803797286,0.0,0.0,0.0272290942824033,0.0201189245830183,0.0040317042854797,0.0989280767189186,9.727124498656534e-06,0.0280321113398817
woG1,441,0.0281311855269748,,,,91.37983131408691,0.0195812821525652,0.0,0.0,0.0272597302911711,0.0201414307335116,0.0040214246188549,0.1009516721805099,9.132152656845308e-06,0.0281311855269748
woG1,442,0.0276790825863842,,,,91.24561738967896,0.0192704027152208,0.0,0.0,0.0269366249777987,0.0198727100782218,0.0040339124789766,0.0978199936388457,9.50203080327219e-06,0.0276790825863842
woG1,443,0.0280017287577273,,,,91.1730146408081,0.0195129319460543,0.0,0.0,0.0271948938425935,0.0200854359179368,0.0040312734734053,0.098676643410667,8.355762673168662e-06,0.0280017287577273
woG1,444,0.0285699404928772,,,,91.67163801193236,0.0199328714859534,0.0,0.0,0.0275756460385488,0.0204904059360383,0.0040414587882744,0.1004764679208642,9.04705178653836e-06,0.0285699404928772
woG1,445,0.0287022822857147,0.1107464656233787,21.389266459147134,0.8313820997873942,91.06508374214172,0.0200318020432576,0.0,0.0,0.0276363794462846,0.0205998155975439,0.0039506851214549,0.1011734052148998,8.397950807626318e-06,0.0287022822857147
woG1,446,0.0295251146661209,,,,91.25588178634644,0.0206400584811192,0.0,0.0,0.0282079203848223,0.0212042655750009,0.003867155023026,0.1039051602548751,9.393899839731488e-06,0.0295251146661209
woG1,447,0.0284586184062674,,,,91.54697799682616,0.019888767003097,0.0,0.0,0.0275076715214574,0.020465805668567,0.004030952443842,0.0976754671237507,9.100312869432364e-06,0.0284586184062674
woG1,448,0.0283756157169576,,,,90.9869349002838,0.0198307996997457,0.0,0.0,0.0274975469152702,0.0203935802593582,0.0039814900326328,0.0973847610723288,8.172213305871424e-06,0.0283756157169576
woG1,449,0.02842144758181,,,,91.0701334476471,0.0198663993219493,0.0,0.0,0.0275396394512814,0.0204354901340041,0.004003706220232,0.0972198328217033,8.574631385066078e-06,0.02842144758181
woG1,450,0.0278423117076764,0.1124274376779794,21.510682678222658,0.8342124303181966,91.11435222625732,0.0194437682598096,0.0,0.0,0.0271291715535716,0.0200339114965229,0.0039242497448748,0.0953699577538693,8.842813096193088e-06,0.0278423117076764
woG1,451,0.0285848273178104,,,,91.08554458618164,0.0199445103539428,0.0,0.0,0.0277038771109502,0.0205066828591535,0.004027265414107,0.1000199539617436,9.011225949851296e-06,0.0285848273178104
woG1,452,0.0292211890251177,,,,91.215966463089,0.0204202291845786,0.0,0.0,0.0280495134991456,0.0209524802039148,0.0039961488152182,0.1023358909688035,9.31818691770788e-06,0.0292211890251177
woG1,453,0.0289726801613559,,,,91.11584973335266,0.0202300884745648,0.0,0.0,0.0278355612373742,0.0208107338622823,0.0040379605498393,0.101524122395232,8.078655733337098e-06,0.0289726801613559
woG1,454,0.0276578657145871,,,,91.23302268981934,0.0192675540742815,0.0,0.0,0.0269174130908289,0.0198440016094656,0.0039680369644899,0.0975289980529761,9.521825882299292e-06,0.0276578657145871
woG1,455,0.0281948691050781,0.1060222499072551,21.790533447265624,0.8333149274190267,91.20903158187866,0.0196815104010041,0.0,0.0,0.0273209949955344,0.0202496171791533,0.0038716163177073,0.098396943210334,8.753642438892617e-06,0.0281948691050781
woG1,456,0.0282444283213527,,,,91.19472241401672,0.0197132740658326,0.0,0.0,0.027356203340116,0.0202668628304219,0.0039333522999201,0.0987262529183606,9.248806340219614e-06,0.0282444283213527
woG1,457,0.0279943867296469,,,,91.30722641944884,0.019524986695376,0.0,0.0,0.0271697868058671,0.0201246458350024,0.0038865094262053,0.0979935171418502,9.687895227616564e-06,0.0279943867296469
woG1,458,0.0278269489158372,,,,91.21884512901306,0.0193985318994057,0.0,0.0,0.0270418213894132,0.0200059792240623,0.0039416714122931,0.0974225945098966,9.008364727220548e-06,0.0278269489158372
woG1,459,0.0281972252137836,,,,91.42116904258728,0.019676331965039,0.0,0.0,0.0272586602931384,0.0202568787012676,0.0039562121974533,0.0986120822060792,8.612177394471435e-06,0.0281972252137836
woG1,460,0.0279241301058257,0.1044228225946426,22.107860819498697,0.8358882268269857,91.06684708595276,0.0194866287552553,0.0,0.0,0.0271689782651965,0.0200725816281848,0.0038934011226061,0.0968949662246665,9.54208345745594e-06,0.0279241301058257
woG1,461,0.0288847031560344,,,,91.07424426078796,0.0202037871998475,0.0,0.0,0.0278719426819779,0.020753599222383,0.0039510886245941,0.099213265340592,8.837515322667065e-06,0.0288847031560344
woG1,462,0.029861187577614,,,,91.149019241333,0.0208974539714514,0.0,0.0,0.0284672570338503,0.0213984739355987,0.0039751151114793,0.1044280220311684,8.876970509833803e-06,0.029861187577614
woG1,463,0.0291264053647879,,,,91.00783038139345,0.0204017151864703,0.0,0.0,0.0279813341826933,0.0209211953533966,0.003980762827149,0.0991699877576749,8.348632749580425e-06,0.0291264053647879
woG1,464,0.0280219984133956,,,,91.68384432792664,0.0195430445897041,0.0,0.0,0.0271739587951146,0.0201212936920709,0.0040499329963912,0.0978351970676515,7.967931576328263e-06,0.0280219984133956
woG1,465,0.0278629383805101,0.1008251290768385,22.36602783203125,0.8364818731943766,91.18972539901732,0.0193844543327195,0.0,0.0,0.0270645331102805,0.0199911477975547,0.0039085814076643,0.1001160745737982,8.382158537430571e-06,0.0278629383805101
woG1,466,0.0273620688249586,,,,91.06071877479552,0.0190654817480044,0.0,0.0,0.0267774588352099,0.0196311179105742,0.0039065595263935,0.0957777233885937,8.773874811967065e-06,0.0273620688249586
woG1,467,0.0273515645597801,,,,91.07943630218506,0.0190613958221234,0.0,0.0,0.0267479616049371,0.0196519788186691,0.0038980957326769,0.0953997416940868,9.384258504782505e-06,0.0273515645597801
woG1,468,0.0277031685729495,,,,90.9847013950348,0.0193147561665563,0.0,0.0,0.0269893708287692,0.0199008565930435,0.0038751319936308,0.0969497895509493,8.53096680829679e-06,0.0277031685729495
woG1,469,0.0282097078676595,,,,91.20495820045473,0.0196877373764138,0.0,0.0,0.0273076109893497,0.0202236118665362,0.0039188098019279,0.0989523753829178,8.69662554026005e-06,0.0282097078676595
woG1,470,0.0281330688902344,0.1049836054444313,21.81700388590495,0.8375132560729981,91.17734336853027,0.0196420086364521,0.0,0.0,0.0272583069249254,0.020206860701752,0.0038652433689347,0.0979855732045701,9.257766377200536e-06,0.0281330688902344
woG1,471,0.0279150008849921,,,,91.15445947647096,0.0194608423492459,0.0,0.0,0.0270794288514823,0.0199956384517985,0.0039840827134941,0.0984934319390869,8.134766559029628e-06,0.0279150008849921
woG1,472,0.028460228037028,,,,91.14364361763,0.0198240404276818,0.0,0.0,0.0274431021181774,0.0203698213120586,0.0039230508225985,0.102642535247275,8.03887567111895e-06,0.028460228037028
woG1,473,0.0282068373482735,,,,91.4298973083496,0.0196952448363919,0.0,0.0,0.0273145278763087,0.0202564945383394,0.0039191843319653,0.0980757761929856,8.140376902195988e-06,0.0282068373482735
woG1,474,0.0283455186844116,,,,91.09511399269104,0.0198392749031181,0.0,0.0,0.0274459435833526,0.020388159557383,0.0038937288069273,0.0960677622771654,8.26933240686201e-06,0.0283455186844116
woG1,475,0.0277967661863467,0.1072214804589748,21.88519134521484,0.8360086441040039,91.06120753288268,0.0193833947471785,0.0,0.0,0.0270357247380936,0.0199475006780541,0.0038800153950015,0.097526518780677,8.162657008088272e-06,0.0277967661863467
woG1,476,0.0273204622332189,,,,91.185040473938,0.0190342374939898,0.0,0.0,0.0266652972223695,0.0196186421347446,0.0038833555824611,0.0959257111258682,8.99070162665402e-06,0.0273204622332189
woG1,477,0.0271904245171634,,,,91.12381958961488,0.0189082663826888,0.0,0.0,0.0265557452822562,0.0195078795058194,0.0038458440685644,0.0974181467270264,9.257141331998237e-06,0.0271904245171634
woG1,478,0.0280323159254965,,,,91.3894498348236,0.0195733192224116,0.0,0.0,0.0272276147161839,0.020119042723577,0.0039522716075136,0.0970349821002512,9.764452914484142e-06,0.0280323159254965
woG1,479,0.027561161392292,,,,91.18211150169373,0.0192164531908929,0.0,0.0,0.0268601832728161,0.0197897396874843,0.003795182249379,0.0967120461043764,9.021098298188573e-06,0.027561161392292
woG1,480,0.0275710099758427,0.1021267008036375,22.33675282796224,0.8372867902119955,91.262797832489,0.0192134832948079,0.0,0.0,0.0268918658896792,0.0197961932948988,0.0038616129599862,0.0968960165427845,8.952342384525017e-06,0.0275710099758427
woG1,481,0.0274321108323628,,,,91.30882930755617,0.0191104877587468,0.0,0.0,0.0267863928294572,0.0196932285611868,0.0038882877818904,0.0964456127620622,9.05206168813212e-06,0.0274321108323628
woG1,482,0.0273398766599473,,,,91.01399445533752,0.01902605457323,0.0,0.0,0.0266904950630469,0.0195920520584236,0.0039128087886578,0.0973524060405668,9.926805253255507e-06,0.0273398766599473
woG1,483,0.027737362722515,,,,91.05740642547607,0.0193645451752255,0.0,0.0,0.0269400928871797,0.0199427300163346,0.0038788589767226,0.0959324949711072,1.0539130445851053e-05,0.027737362722515
woG1,484,0.0277496171107546,,,,91.02595067024232,0.0193501019346543,0.0,0.0,0.0269655386963095,0.0199213996071551,0.0037883569803241,0.09774148210761,9.392494020794815e-06,0.0277496171107546
woG1,485,0.0278183211129708,0.1026883330196142,22.238175455729166,0.8408146381378174,91.04982328414916,0.0194153790972882,0.0,0.0,0.0270456569574651,0.0199615631069316,0.0038763998509537,0.0968384010503526,9.681058690665842e-06,0.0278183211129708
woG1,486,0.0280438642185486,,,,91.107501745224,0.0195887969180819,0.0,0.0,0.0271860901266336,0.0201512009409241,0.0039309390513302,0.0967686177826807,9.266777175071317e-06,0.0280438642185486
woG1,487,0.0279288552701473,,,,90.95587301254272,0.0195148643335235,0.0,0.0,0.0271621502203042,0.0200662505431253,0.0039030184356694,0.0957720384734575,8.67369292953072e-06,0.0279288552701473
woG1,488,0.0276116887260167,,,,91.3538303375244,0.0192582801701959,0.0,0.0,0.0268559975122086,0.019826612664295,0.0038644597182416,0.0965180989415919,8.737782870065232e-06,0.0276116887260167
woG1,489,0.0277351184946591,,,,91.0470941066742,0.01933198968773,0.0,0.0,0.0270288988001278,0.0199061642232976,0.0038633518174794,0.0975216516583669,8.291841700038426e-06,0.0277351184946591
woG1,490,0.0270639057652872,0.1051272917538881,21.95721181233724,0.8337026278177897,91.1847231388092,0.0188260324467278,0.0,0.0,0.0264819478768794,0.0194389113820478,0.0039227572861356,0.0958815816728795,8.301466335286591e-06,0.0270639057652872
woG1,491,0.0276986101611715,,,,91.04030084609984,0.0193296010285371,0.0,0.0,0.0269423952387248,0.0198961633227032,0.0038920990458582,0.09614603685551,9.635755887837925e-06,0.0276986101611715
woG1,492,0.0274232027014015,,,,91.27676057815552,0.0191088857465103,0.0,0.0,0.0267047421457093,0.0196634162385322,0.0038794787232306,0.0967406587461467,8.285360703916142e-06,0.0274232027014015
woG1,493,0.0277470074074923,,,,91.08375072479248,0.0193366170402799,0.0,0.0,0.0269777701679067,0.019869837024417,0.0038591456975497,0.0984694729024758,8.018429424688923e-06,0.0277470074074923
woG1,494,0.0274222210721402,,,,91.09628748893738,0.0191002041025117,0.0,0.0,0.0267428063833322,0.0196661398379651,0.003860673858578,0.0970213370489292,8.377158109654453e-06,0.0274222210721402
woG1,495,0.027366429384126,0.1021983716636896,22.271778869628907,0.8355642636617024,91.05929970741272,0.0190674934505683,0.0,0.0,0.0267815836476253,0.0196480059110727,0.0037702893863096,0.0962550563768285,8.372546064454243e-06,0.027366429384126
woG1,496,0.0275523052779866,,,,91.05999541282654,0.0192013054963995,0.0,0.0,0.0268862577094162,0.0197346974087909,0.0039224503647734,0.0969638664458618,8.637172663381294e-06,0.0275523052779866
woG1,497,0.0278196489804836,,,,91.1914038658142,0.0194284854548387,0.0,0.0,0.0270437409215774,0.0200030177175143,0.0038425058992884,0.0959786548905196,8.72234016484546e-06,0.0278196489804836
woG1,498,0.0277622618910963,,,,91.08946681022644,0.0193390731134864,0.0,0.0,0.0270963636242219,0.019899505969198,0.0037456383464903,0.0987920437130283,8.663231984852377e-06,0.0277622618910963
woG1,499,0.027720935505311,,,,91.12977623939514,0.0193434390697445,0.0,0.0,0.0269400386261891,0.0199221218707131,0.0038117779185995,0.0966419956234634,8.693104788492509e-06,0.027720935505311
woG1,500,0.0274056955011653,0.1038695964962244,22.19648946126302,0.8354946931203207,91.1934072971344,0.0190747967066212,0.0,0.0,0.0266938044491117,0.0196433887572684,0.0038512394950557,0.0979262535139674,9.251948593345006e-06,0.0274056955011653
woG1,501,0.0272620807661384,,,,91.06342911720276,0.0189832013985905,0.0,0.0,0.0266401276419885,0.0195755429764385,0.0038289065638816,0.0963079189179373,8.961796086097611e-06,0.0272620807661384
woG1,502,0.0277459835633635,,,,91.09510946273804,0.0193801908143109,0.0,0.0,0.0269982672800294,0.0199277244172379,0.0038094848039422,0.0957769374744813,8.898548475582245e-06,0.0277459835633635
woG1,503,0.0275727982220591,,,,91.21618509292604,0.0192137119650352,0.0,0.0,0.0267904899846457,0.019779351860529,0.0038671075875993,0.0975255032726487,9.83259376652653e-06,0.0275727982220591
woG1,504,0.0279568007643349,,,,91.1531822681427,0.0195319356060907,0.0,0.0,0.027131989384528,0.0200729813258789,0.0038221479779048,0.0966920497842499,9.696711613969775e-06,0.0279568007643349
woG1,505,0.0273748029053944,0.1035291627049446,22.196783447265624,0.8391049861907959,91.16677403450012,0.0190870695915378,0.0,0.0,0.0267121355797423,0.0196744121351569,0.0037688052130969,0.0957139358840516,9.688622258922396e-06,0.0273748029053944
woG1,506,0.0276987542108189,,,,91.34212732315063,0.0193023164680258,0.0,0.0,0.0269565220433669,0.0198392842774142,0.0038744674339035,0.0981007538064092,8.650979893675611e-06,0.0276987542108189
woG1,507,0.0268908643209543,,,,91.04869627952576,0.0187154201042578,0.0,0.0,0.0263870777714936,0.0193066040099766,0.0038148001500512,0.0948945122664092,8.305030073640588e-06,0.0268908643209543
woG1,508,0.0270487141841259,,,,91.1008653640747,0.0188245036730878,0.0,0.0,0.026437909067532,0.0193989944690075,0.0038495275810299,0.0960665561380933,8.532329116116778e-06,0.0270487141841259
woG1,509,0.0267946682717712,,,,91.20250701904295,0.0186234880544123,0.0,0.0,0.0262790211766469,0.0191937552413857,0.0038571820353905,0.0960722682905978,8.75737906874856e-06,0.0267946682717712
woG1,510,0.027207956282941,0.1065023075789213,21.865589396158853,0.8362589677174886,91.09656620025636,0.0189559752136835,0.0,0.0,0.0265872565357655,0.0195255805509256,0.0038217836838276,0.0957029856375006,8.216879385114688e-06,0.027207956282941
woG1,511,0.0270195731465689,,,,91.40379095077516,0.0188238314948365,0.0,0.0,0.0264554353446134,0.0193958098572663,0.0037875393478077,0.0948528896284396,8.400291326680157e-06,0.0270195731465689
woG1,512,0.0274774223779801,,,,91.340500831604,0.0191504967887504,0.0,0.0,0.0268108675744934,0.0197160905914106,0.0038074456168659,0.0967079133222826,8.41536985314834e-06,0.0274774223779801
woG1,513,0.0278772907636937,,,,91.3456130027771,0.0194812873302058,0.0,0.0,0.0270448828146594,0.0200257840047239,0.0037131247274791,0.0965059517623215,8.710908816671397e-06,0.0278772907636937
woG1,514,0.0293200827035747,,,,91.15153574943542,0.0205787519970145,0.0,0.0,0.028017103397211,0.0211117101268323,0.0038499234618283,0.0984767034161286,9.23814741755515e-06,0.0293200827035747
woG1,515,0.0283924128677024,0.0972569603472948,22.490342712402345,0.838029686609904,91.27694177627563,0.01984341398309,0.0,0.0,0.0273909221754455,0.0203854512255333,0.0038257094098209,0.0987241677023836,9.48244839624782e-06,0.0283924128677024
woG1,516,0.0274079249958034,,,,91.24027132987976,0.0191122564471891,0.0,0.0,0.0267812460508258,0.019667398253242,0.0037909024080154,0.0958163116554745,9.099831116997746e-06,0.0274079249958034
woG1,517,0.0270406946875765,,,,91.42705249786376,0.0188295955342225,0.0,0.0,0.0265319919305258,0.0193960334281208,0.0037721204619137,0.095373592415794,9.168800879303875e-06,0.0270406946875765
woG1,518,0.0274102692263292,,,,91.07511806488036,0.0191109020522505,0.0,0.0,0.0267911912781781,0.0196675338751834,0.0037077887348265,0.0962925373469708,9.133153774082688e-06,0.0274102692263292
woG1,519,0.0269321287050843,,,,91.25481033325195,0.0187583685028137,0.0,0.0,0.0264253210520646,0.0193463787818174,0.0037103470340447,0.0946769223960696,9.263442023894223e-06,0.0269321287050843
woG1,520,0.0269780229990843,0.1058368906378746,21.88332010904948,0.83779190381368,91.11927199363708,0.0187874786006134,0.0,0.0,0.0264022346799735,0.0193636784345278,0.003746885077295,0.0952896782670353,8.565302514682243e-06,0.0269780229990843
woG1,521,0.0268999378609119,,,,91.07003736495972,0.0187272482902788,0.0,0.0,0.026380039774431,0.0192979935739861,0.0036797855434878,0.0954107534079278,8.992498246335826e-06,0.0268999378609119
woG1,522,0.0267299995528625,,,,91.12962865829468,0.0186149176271235,0.0,0.0,0.0262655952304113,0.0191958751071427,0.0037629593432819,0.0936766535226927,8.947874287835704e-06,0.0267299995528625
woG1,523,0.0267926037739046,,,,91.03000545501708,0.0186506356494348,0.0,0.0,0.0263410778258179,0.0192347298925895,0.0037450626832204,0.0944019496807309,9.19057224542215e-06,0.0267926037739046
woG1,524,0.0268711759479808,,,,91.19193387031557,0.0186972430769781,0.0,0.0,0.0263368818130283,0.0192868504673242,0.0038625028434774,0.0950257498160249,9.695986598146612e-06,0.0268711759479808
woG1,525,0.0265393494704707,0.1050271801650524,21.97734629313151,0.8364969889322916,91.22674465179443,0.0184565154896652,0.0,0.0,0.02612697891891,0.0190629558408724,0.0037528254362739,0.0939884169302025,9.03149707287827e-06,0.0265393494704707
woG1,526,0.0270345317749459,,,,91.20707321166992,0.0188266170806572,0.0,0.0,0.0264908063576602,0.0193801299195553,0.0037199333586852,0.0957470226605407,8.941042294938202e-06,0.0270345317749459
woG1,527,0.026669894039753,,,,91.3301646709442,0.0185531364204209,0.0,0.0,0.0261713102856864,0.0191362971959055,0.0037961264091284,0.09460085105212,8.615706365204556e-06,0.026669894039753
woG1,528,0.0265812078399247,,,,91.42534637451172,0.0184937966605801,0.0,0.0,0.0261880368543941,0.0190848307226036,0.0036996167685577,0.0939669616092912,9.346370390332717e-06,0.0265812078399247
woG1,529,0.0268908931156162,,,,91.00794744491576,0.0187258221987695,0.0,0.0,0.0263312063256248,0.0193111185656219,0.0037877297927778,0.0946619866996026,9.261862950623918e-06,0.0268908931156162
woG1,530,0.0273009124593656,0.1018298100680112,22.228729248046875,0.837832244237264,91.23005294799805,0.019040898771071,0.0,0.0,0.0267086013632475,0.019603698544937,0.0037742102915634,0.0950280040746829,8.89882001445774e-06,0.0273009124593656
woG1,531,0.0267925757120867,,,,91.09529280662537,0.0186558418418662,0.0,0.0,0.0263167611460705,0.0192602229701568,0.0037238639636255,0.0940671441007833,9.6254728534744e-06,0.0267925757120867
woG1,532,0.0266120277772672,,,,91.2272264957428,0.0185163474840218,0.0,0.0,0.0261945513794656,0.0190955218630003,0.0037035790785429,0.0942316262936983,9.277678611915907e-06,0.0266120277772672
woG1,533,0.0266652333351676,,,,91.0882568359375,0.0185378098890918,0.0,0.0,0.0261634216933953,0.0191170466590489,0.0038421195273318,0.0951735975495615,9.882410012097353e-06,0.0266652333351676
woG1,534,0.0276110564801292,,,,91.19852018356325,0.019270406661891,0.0,0.0,0.0268990763264601,0.0198279019429913,0.0038061989452231,0.095928231803853,8.283425892427294e-06,0.0276110564801292
woG1,535,0.0277575763919558,0.1020076833665371,22.17895355224609,0.8397000948588054,91.09740853309631,0.0193845798704223,0.0,0.0,0.0269849359317392,0.0199464035647936,0.0037208037817331,0.0963585431397449,8.606254620454871e-06,0.0277575763919558
woG1,536,0.0270571156145363,,,,91.1666169166565,0.0188644382049192,0.0,0.0,0.0264405410843672,0.0194278560487217,0.0037301010270908,0.0946684058633495,8.656139258490313e-06,0.0270571156145363
woG1,537,0.026778853651075,,,,91.15246629714966,0.0186549980101771,0.0,0.0,0.026261048880024,0.0192555986711236,0.0037053887194144,0.0937662468459762,9.613618523787134e-06,0.026778853651075
woG1,538,0.027187310647769,,,,91.19965386390686,0.0189399470987378,0.0,0.0,0.026527849987882,0.0194868893805341,0.0036546265492673,0.0967648321854286,9.083285719512609e-06,0.027187310647769
woG1,539,0.0271746635620222,,,,91.11392068862916,0.0189128157102548,0.0,0.0,0.0265542403260459,0.0194894408837693,0.0037627227205523,0.0969258284226792,8.601796282899023e-06,0.0271746635620222
woG1,540,0.0276404180884605,0.0988033600151538,22.31461893717448,0.8400870164235433,91.23996710777284,0.0193144654946737,0.0,0.0,0.0269551240518444,0.0198538633078703,0.0037272092189685,0.095024881029471,9.5658287428261e-06,0.0276404180884605
woG1,541,0.0280376510450341,,,,91.12636613845824,0.0195738366102708,0.0,0.0,0.0271458358763427,0.0201185615351576,0.003722013789229,0.0985287140260954,1.0007144376004496e-05,0.0280376510450341
woG1,542,0.0275755355623169,,,,90.96213269233704,0.0192671875454118,0.0,0.0,0.0268910389515708,0.0198200760851995,0.0037200587876064,0.0947675182499357,9.452672680489592e-06,0.0275755355623169
woG1,543,0.0270537572500647,,,,91.4200849533081,0.0188609996092979,0.0,0.0,0.0264858669891464,0.0194418125740084,0.0037050812360143,0.0944510156013926,9.879480230083593e-06,0.0270537572500647
woG1,544,0.0267066213867214,,,,91.02939915657043,0.0186232661706258,0.0,0.0,0.0262410219636608,0.0191520447613763,0.0036747202050078,0.0929798464306065,9.009209530560337e-06,0.0267066213867214
woG1,545,0.0269147186219447,0.1051872391253709,21.962429809570317,0.8380536397298177,90.91216135025024,0.0187395607106021,0.0,0.0,0.0263792101644956,0.0193061696319672,0.0037198782150374,0.0952956983361576,8.288979767893604e-06,0.0269147186219447
woG1,546,0.0263048548892628,,,,91.02452611923218,0.0182657672596148,0.0,0.0,0.0259144698025383,0.0188552084394165,0.003683698899876,0.0950051830073849,8.883049466565692e-06,0.0263048548892628
woG1,547,0.0261571457395788,,,,90.87752914428712,0.0181657990639204,0.0,0.0,0.0258638827649296,0.0187515305034572,0.0036263023961152,0.09408668349268,9.215698574800183e-06,0.0261571457395788
woG1,548,0.0261632367342588,,,,91.17361044883728,0.0181811107246235,0.0,0.0,0.0258327413075527,0.0187881815812138,0.0036501174307901,0.093288190510185,9.739075146666282e-06,0.0261632367342588
woG1,549,0.0263025965083573,,,,91.0185296535492,0.0183034484870121,0.0,0.0,0.0258983200202222,0.018881144879966,0.0036570958957289,0.092919722016229,9.135360173827574e-06,0.0263025965083573
woG1,550,0.026517518857097,0.1070005055516958,21.660294087727863,0.8365512371063233,91.55319929122923,0.0184613261677202,0.0,0.0,0.0260932331629952,0.0190202846939935,0.0036959475121979,0.0934456425306738,8.87225296243746e-06,0.026517518857097
woG1,551,0.0261920199683699,,,,91.3415858745575,0.018191843484452,0.0,0.0,0.0258833659263175,0.0187920236227209,0.0037124945236308,0.0937007612808317,8.783494753562713e-06,0.0261920199683699
woG1,552,0.0262820686778572,,,,91.16626453399658,0.0182592350775834,0.0,0.0,0.0260163043305033,0.0188586692188362,0.0036377401041538,0.0939341642756442,9.279660882769515e-06,0.0262820686778572
woG1,553,0.0259114289198253,,,,91.13020038604736,0.0179986352039898,0.0,0.0,0.0256072800972911,0.0186033995944212,0.0036563642063468,0.0925463397116934,9.536682066437733e-06,0.0259114289198253
woG1,554,0.0269069079248631,,,,91.34421682357788,0.0187680933044337,0.0,0.0,0.0263730329232382,0.0193061660288176,0.0036715333432066,0.0936956511291324,1.0291903520023596e-05,0.0269069079248631
woG1,555,0.0266931757147683,0.1007581781595945,22.47944691975912,0.8414671738942464,91.47743892669678,0.0185658317746319,0.0,0.0,0.0261666939486978,0.0191517086989689,0.0036531493514318,0.0955658599306814,9.77753181385204e-06,0.0266931757147683
woG1,556,0.0267981884573571,,,,91.1180820465088,0.0186437277245472,0.0,0.0,0.0262300916413059,0.0192105252692689,0.0036393670464453,0.0961353032864996,9.295037242220475e-06,0.0267981884573571
woG1,557,0.0264948339308383,,,,90.96039199829102,0.0184481689538501,0.0,0.0,0.0260938251177307,0.0190178731563272,0.0036470654848046,0.0931859933389503,9.938249448939796e-06,0.0264948339308383
woG1,558,0.0263858983354246,,,,91.09838438034058,0.018349552122479,0.0,0.0,0.0260019394889718,0.0189057401015011,0.0036411464975795,0.0941827899058822,9.533246370780885e-06,0.0263858983354246
woG1,559,0.026695963682332,,,,91.21004676818848,0.018542528694465,0.0,0.0,0.0261600448169791,0.0191096295297268,0.0036665952142297,0.097264539816829,8.691864485371828e-06,0.026695963682332
woG1,560,0.0260329861651922,0.1036576200276613,21.93999989827474,0.8385008811950684,91.33301973342896,0.0180864171506684,0.0,0.0,0.0257429003898726,0.01867426347873,0.0035462148762384,0.0934246127478412,9.488036765400496e-06,0.0260329861651922
woG1,561,0.0263919906660181,,,,91.09460854530334,0.0183559214528344,0.0,0.0,0.0260235337296226,0.0189471344585667,0.0036255810877354,0.0937307500204101,9.82165210470507e-06,0.0263919906660181
woG1,562,0.0263517872033427,,,,91.0770161151886,0.0183271669752163,0.0,0.0,0.0259535310057098,0.0189079178008632,0.0036682668246985,0.093660221603073,8.840862994398106e-06,0.0263517872033427
woG1,563,0.0266444219551125,,,,91.54761242866516,0.0185539717022634,0.0,0.0,0.0261594883517407,0.019139810068319,0.0035917092320799,0.0941144170880806,1.0413933412457854e-05,0.0266444219551125
woG1,564,0.0265420942613091,,,,91.4033203125,0.0184595726323543,0.0,0.0,0.0260903920489745,0.0190474663662617,0.0036092740035096,0.09484778585859,9.922056216841025e-06,0.0265420942613091
woG1,565,0.026593445021598,0.1056750640273094,21.86284434000651,0.8391012032826741,91.11693596839903,0.0185264968389614,0.0,0.0,0.0261712248253895,0.0190937616786018,0.0035879888679626,0.0933684051097905,9.08439327691723e-06,0.026593445021598
woG1,566,0.0267671596289413,,,,91.34446310997008,0.018661903759434,0.0,0.0,0.026292097953255,0.0192275718388865,0.0036103614418935,0.0933724626226991,9.547238183983016e-06,0.0267671596289413
woG1,567,0.0269748431889981,,,,91.27921319007874,0.0188164930928071,0.0,0.0,0.0263801622586172,0.0193654197405596,0.0036767363609349,0.094031025090667,9.385335957373877e-06,0.0269748431889981
woG1,568,0.0291039118176845,,,,91.1050112247467,0.0204602025189727,0.0,0.0,0.0278795269608009,0.0209781255221879,0.0036549711338488,0.096262121847907,8.1982935764703e-06,0.0291039118176845
woG1,569,0.0294916344134778,,,,91.24827933311462,0.0207399664003951,0.0,0.0,0.0281301066126735,0.0212557200327149,0.0037769840020671,0.0973936567602098,8.36850488189398e-06,0.0294916344134778
woG1,570,0.0282089496031403,0.1004082411527633,22.26714833577474,0.8402378877003988,91.46698904037476,0.0197575655536817,0.0,0.0,0.0272436391745434,0.0202961233215498,0.0037322209415132,0.0957005086858741,8.061810759232982e-06,0.0282089496031403
woG1,571,0.0269150883570069,,,,91.17863893508913,0.0187772876186082,0.0,0.0,0.0263844305252442,0.0193341245844227,0.0035640880213592,0.093750357505728,8.68823730662977e-06,0.0269150883570069
woG1,572,0.0264467150430943,,,,91.09167385101318,0.0184108255980689,0.0,0.0,0.0260697646127616,0.0190000785667388,0.0036535038580339,0.0928961466387158,8.934734655576414e-06,0.0264467150430943
woG1,573,0.0258039305536229,,,,91.305157661438,0.0179184566129792,0.0,0.0,0.025631931625673,0.0185189647447378,0.0035578543072199,0.0923201483903361,9.514595168982489e-06,0.0258039305536229
woG1,574,0.0253443866968154,,,,91.25266933441162,0.0175837922276409,0.0,0.0,0.0252327985496672,0.01819064400968,0.0035616568533978,0.0909404532037309,1.0015998091039064e-05,0.0253443866968154
woG1,575,0.0259392363645258,0.1017756052315235,22.266390991210937,0.8418104330698649,91.12013411521912,0.018004399968586,0.0,0.0,0.0256569085367878,0.0185956092871969,0.0035643678732964,0.0938958368401546,9.574968787064585e-06,0.0259392363645258
woG1,576,0.0259219248031006,,,,91.2011902332306,0.0179828978525322,0.0,0.0,0.0256685014417181,0.0185811123123667,0.0035508675605715,0.0942576913865374,1.0125073458795686e-05,0.0259219248031006
woG1,577,0.0259763728827238,,,,92.22227454185486,0.018055459079867,0.0,0.0,0.0257647661339552,0.0186342782585225,0.0036373054551449,0.0920901780062523,8.901428929937245e-06,0.0259763728827238
woG1,578,0.0255229345095328,,,,91.25690865516664,0.0177162378476779,0.0,0.0,0.0253457121673177,0.0183223697326344,0.0035138077610248,0.0916682176108731,9.684099620327255e-06,0.0255229345095328
woG1,579,0.0258892842980681,,,,91.50478267669678,0.0179761720012079,0.0,0.0,0.0256441920140727,0.0185546661940876,0.0036061539545609,0.0931031674024511,8.809507936884142e-06,0.0258892842980681
woG1,580,0.026301023275515,0.1076330933719873,21.710285441080728,0.8389410018920899,92.01472330093384,0.0183088488372989,0.0,0.0,0.0259428630262369,0.0188657594539347,0.0035633128060058,0.0929217917814118,9.287913338189133e-06,0.026301023275515
woG1,581,0.0267566245079773,,,,90.99007153511047,0.0186466576042966,0.0,0.0,0.0262452270911975,0.0191907097402288,0.0035518714442436,0.0943979722310285,9.760305589982104e-06,0.0267566245079773
woG1,582,0.026660658388597,,,,91.13886380195618,0.0185833983504992,0.0,0.0,0.0261663412293571,0.0191558826348332,0.0036532355751078,0.093021104020662,9.513626646353331e-06,0.026660658388597
woG1,583,0.0259874009023435,,,,91.00873684883118,0.0180679402069845,0.0,0.0,0.0257234862379607,0.0186577316251446,0.0035046464534568,0.0924784137913193,9.555698184192954e-06,0.0259874009023435
woG1,584,0.025679184039902,,,,91.4341640472412,0.0178059055546268,0.0,0.0,0.0254547460706996,0.0184080477452791,0.0035814413205399,0.0934342408216879,8.925360762315751e-06,0.025679184039902
woG1,585,0.0263787658549234,0.1045682188123464,21.977457173665364,0.8376870155334473,91.08726930618286,0.0183431480278367,0.0,0.0,0.0260199640617995,0.0189040073147806,0.0035845080083312,0.0943179503083229,9.952929442685272e-06,0.0263787658549234
woG1,586,0.02660643901737,,,,91.12356281280518,0.0185419282585871,0.0,0.0,0.0261243765898903,0.0191117649684186,0.0035740476450882,0.0933096333116781,9.104116882925686e-06,0.02660643901737
woG1,587,0.0266212936277028,,,,91.0384759902954,0.0185492841954358,0.0,0.0,0.0261424533320499,0.0191455438473551,0.0036082121411903,0.0931374612035321,9.818931874253772e-06,0.0266212936277028
woG1,588,0.0262044382388474,,,,91.20061993598938,0.0182435204137544,0.0,0.0,0.0258639209491551,0.0188137140949485,0.0035533350796942,0.0922351451437981,9.160981829698004e-06,0.0262044382388474
woG1,589,0.0259328663776643,,,,91.0448956489563,0.0180226289132823,0.0,0.0,0.0256051890643649,0.0186112113449661,0.0035536790001358,0.092759453584669,9.691136161498484e-06,0.0259328663776643
woG1,590,0.0258752414040633,0.1005998458713293,22.48480885823568,0.8407447655995687,91.0020444393158,0.017979600970618,0.0,0.0,0.025617888884344,0.0185710453565736,0.0035412737185547,0.0924296700930009,1.0500756311904476e-05,0.0258752414040633
woG1,591,0.0259444198616948,,,,91.23555874824524,0.0180175877939604,0.0,0.0,0.0256445978111663,0.0186127787455916,0.00355496674444,0.0934102957549153,1.054461362609287e-05,0.0259444198616948
woG1,592,0.026088600108003,,,,91.10693287849426,0.01810643276902,0.0,0.0,0.0257769497874818,0.0186937645795281,0.0035799627486219,0.0947381709625975,9.79470385852999e-06,0.026088600108003
woG1,593,0.0263323262944573,,,,91.01224088668825,0.0183145429435201,0.0,0.0,0.0259246967244343,0.018894532130512,0.0035893609527819,0.0938828732879435,9.504031780338615e-06,0.0263323262944573
woG1,594,0.025609669489328,,,,91.07523727416992,0.0177937683756234,0.0,0.0,0.025420563280216,0.0183767871320491,0.0034875853605507,0.0913902864959396,8.627296623873867e-06,0.025609669489328
woG1,595,0.0258614263176673,0.0969685856252908,22.83068084716797,0.8432204564412434,91.21484184265135,0.0179605506223122,0.0,0.0,0.0255675619605501,0.0185573887324235,0.0035685405591273,0.0929207776169308,9.446983688498074e-06,0.0258614263176673
woG1,596,0.0259189397921083,,,,91.19298243522644,0.0180166155618966,0.0,0.0,0.0256777162755244,0.0186123688644195,0.0035022924841213,0.092267473182473,1.002018654825992e-05,0.0259189397921083
woG1,597,0.0263075279835306,,,,91.03607964515686,0.0183184368032046,0.0,0.0,0.0259421770613579,0.0188756462064434,0.0035432879927522,0.0927514074156518,9.681536737345373e-06,0.0263075279835306
woG1,598,0.026046187128322,,,,91.06325197219849,0.018115716513063,0.0,0.0,0.0257392322156028,0.0186790548432923,0.0035476930254352,0.0925806438031255,9.271447318792338e-06,0.026046187128322
woG1,599,0.026439360297117,,,,91.13736605644226,0.018421266395904,0.0,0.0,0.0260451831015162,0.0190056996252082,0.0036724356592816,0.0919728080329836,8.84330115449269e-06,0.026439360297117
woG1,600,0.0268347882894707,0.1017264984548091,22.41595916748047,0.83937562306722,91.04131937026978,0.018727658644746,0.0,0.0,0.0262768130108225,0.0192910570376476,0.0036218791511138,0.0928465305659614,9.224192425855605e-06,0.0268347882894707
woG1,601,0.0268620931711353,,,,92.06941318511964,0.0187494588756292,0.0,0.0,0.0262843540365823,0.0193233895344568,0.0036339963477135,0.0927198524968545,9.133746449203872e-06,0.0268620931711353
woG1,602,0.0265306004582614,,,,91.24881982803343,0.0184860339876813,0.0,0.0,0.0260487002030503,0.0190516255994434,0.0035295108749271,0.0933943935898972,9.676485111385844e-06,0.0265306004582614
woG1,603,0.0261195685378596,,,,90.98592352867126,0.0181853175392282,0.0,0.0,0.025792314045009,0.0187515334730021,0.0035652888978862,0.0917624142631644,8.782415546330935e-06,0.0261195685378596
woG1,604,0.0264068413067792,,,,91.03702807426453,0.0184009229825412,0.0,0.0,0.025994639523083,0.0189605390149183,0.0035871560866639,0.0923589199598206,8.844037377058412e-06,0.0264068413067792
woG1,605,0.0262330080245117,0.1027723830193281,22.26599527994792,0.8390655199686686,91.51466822624208,0.0182450619816291,0.0,0.0,0.0258406918785977,0.0188451397507527,0.0035124302595533,0.0935289055780797,9.061946713010908e-06,0.0262330080245117
woG1,606,0.026494765700009,,,,92.0629382133484,0.0184254705844843,0.0,0.0,0.026084545572273,0.0189808798556933,0.0035607889113321,0.0950693365369663,1.0560322107103362e-05,0.026494765700009
woG1,607,0.0262324579792921,,,,91.18529081344604,0.0182685690367075,0.0,0.0,0.0258129258014139,0.0188452415168285,0.0035376261059026,0.0923353807664797,8.902565475304626e-06,0.0262324579792921
woG1,608,0.0265631590832452,,,,91.12183451652528,0.0185127510826607,0.0,0.0,0.0261192514301567,0.0190967389336619,0.0035848861968633,0.0927317956859459,9.348537746747956e-06,0.0265631590832452
woG1,609,0.0272120127118513,,,,91.376460313797,0.0189793055312188,0.0,0.0,0.0265433853644816,0.0194958802617964,0.0034779683356631,0.0965863370993098,9.619198573322731e-06,0.0272120127118513
woG1,610,0.0265798490402884,0.1033571735024452,22.27796834309896,0.8394652525583903,91.15803551673888,0.0185290113564763,0.0,0.0,0.0260996634262751,0.0190903424270084,0.0036058559981327,0.0928119520549891,8.854645624111231e-06,0.0265798490402884
woG1,611,0.0268278826089178,,,,92.32912468910216,0.0186963929321433,0.0,0.0,0.0262691385616533,0.0192693440915375,0.0036046498056241,0.0943810413667901,9.694780525948388e-06,0.0268278826089178
woG1,612,0.0263179379866504,,,,91.17454767227171,0.0182997742591456,0.0,0.0,0.025884622448414,0.0189015632953311,0.0035228594482998,0.0942578279703366,9.599481489870222e-06,0.0263179379866504
woG1,613,0.0258931304618227,,,,91.11174130439758,0.0179780850446492,0.0,0.0,0.0255814484457989,0.0185562538624298,0.0035375323133222,0.0937090856252146,9.43902565458772e-06,0.0258931304618227
woG1,614,0.0252962651601458,,,,91.12421941757202,0.0175405621803441,0.0,0.0,0.0251760168199534,0.0181708743139246,0.0035094340994083,0.0913295280799025,1.016657486495434e-05,0.0252962651601458
woG1,615,0.0261450553709854,0.0999661907553672,22.373885599772134,0.8389204502105713,91.20441198349,0.0181703647888708,0.0,0.0,0.0258131628764457,0.0187381467186525,0.0034967974986743,0.0941083703922932,9.688340474340388e-06,0.0261450553709854
woG1,616,0.0261165608087035,,,,92.35787749290466,0.0181915579806463,0.0,0.0,0.0257920761302602,0.0187547355203232,0.0035000344515075,0.091529507739622,9.669618479212008e-06,0.0261165608087035
woG1,617,0.0256915157508166,,,,91.11557126045228,0.0178617186019899,0.0,0.0,0.0254848956313656,0.018462762862566,0.0034691243800792,0.0910411404720583,1.0016797543076875e-05,0.0256915157508166
woG1,618,0.0253726453138668,,,,91.1773076057434,0.017608170382312,0.0,0.0,0.0252501187449107,0.0182257969558361,0.0034865290174627,0.0910141169414168,1.0155026507310427e-05,0.0253726453138668
woG1,619,0.0256186889209708,,,,91.04053068161012,0.0177913351656227,0.0,0.0,0.0254162102174319,0.0183713060696838,0.0035131866862371,0.0919324631695864,9.16539870921131e-06,0.0256186889209708
woG1,620,0.0254015634599767,0.1030024196952581,22.15135803222656,0.840848175684611,91.42355918884276,0.0176194130946866,0.0,0.0,0.0252656634042009,0.0182281054754848,0.0035561542351134,0.0915347373448923,8.90521964385814e-06,0.0254015634599767
woG1,621,0.0255811471553122,,,,91.59393334388731,0.017772842282582,0.0,0.0,0.0253662101496927,0.0183541362830361,0.0035144543727539,0.0913467462495213,8.963786375543648e-06,0.0255811471553122
woG1,622,0.0256768184729286,,,,91.11102890968324,0.0177996758997562,0.0,0.0,0.0254135653834606,0.0184054772568042,0.0035156179429413,0.0940805582299095,1.016100503815966e-05,0.0256768184729286
woG1,623,0.0255574359268438,,,,91.07754850387572,0.0177578682797487,0.0,0.0,0.0253492881559201,0.0183814029575737,0.003514311722953,0.0907047441626181,1.044681490053323e-05,0.0255574359268438
woG1,624,0.0257411615190203,,,,91.08317160606384,0.0178911270818016,0.0,0.0,0.0254902539423621,0.0184678855718525,0.0034378244089283,0.0921060967365982,8.904910090179828e-06,0.0257411615190203
woG1,625,0.0256073528931277,0.1070652734488248,21.61634826660156,0.8385030428568522,91.08870720863342,0.017781703687105,0.0,0.0,0.0253926191295756,0.0184050290921672,0.0034625352537793,0.0918065327540284,1.005268952908044e-05,0.0256073528931277
woG1,626,0.026174654145954,,,,91.1254665851593,0.0182016042641318,0.0,0.0,0.025795957119372,0.0187976249936418,0.0035348681210097,0.0933477156413871,1.0447095695720906e-05,0.026174654145954
woG1,627,0.0260122970403095,,,,91.12253427505492,0.0180899180990994,0.0,0.0,0.0256607032411533,0.0186673916387753,0.0035103364059411,0.0927557973649169,1.0143817546899058e-05,0.0260122970403095
woG1,628,0.0259873136786408,,,,91.07823777198792,0.0180683567600904,0.0,0.0,0.0256469068499129,0.0186655789262569,0.0035765572130435,0.0923931832868056,1.0037848536273524e-05,0.0259873136786408
woG1,629,0.0257488326780253,,,,91.09983253479004,0.0178924549416806,0.0,0.0,0.0254656651179443,0.0184696755433058,0.0034696823444034,0.0923761696722663,9.172005330701188e-06,0.0257488326780253
woG1,630,0.0255149749000785,0.1021665651351213,22.21998392740885,0.8390228748321533,91.08470916748048,0.0177350185170281,0.0,0.0,0.0253296500896332,0.0183127389029889,0.0034467971265377,0.0907598882608237,9.512658333074984e-06,0.0255149749000785
woG1,631,0.0262394817087982,,,,91.00263738632202,0.0182810641794663,0.0,0.0,0.0259038593894878,0.0188711564682546,0.0035187235010451,0.091514521202103,8.919317661014743e-06,0.0262394817087982
woG1,632,0.0256711187177017,,,,91.07322978973389,0.017857903072641,0.0,0.0,0.0254862332472302,0.0184554557896173,0.0034634084831999,0.0903028789907693,9.5621683525708e-06,0.0256711187177017
woG1,633,0.0253922889833567,,,,91.06717371940611,0.0176285157193903,0.0,0.0,0.0252411179778883,0.0182266319552283,0.0034184903860641,0.0912789198279869,9.99155309526512e-06,0.0253922889833567
woG1,634,0.0251022500795174,,,,91.09563732147215,0.0173920279933658,0.0,0.0,0.0250289168621062,0.0180199586206161,0.0035337977832732,0.0910558713080941,9.56153602684168e-06,0.0251022500795174
woG1,635,0.0251894351705664,0.1044225934892892,22.11515502929688,0.8395499070485433,91.24831295013428,0.0174397563439656,0.0,0.0,0.0250198000767191,0.0180509716165481,0.0034777034182849,0.0929788853362447,1.0656956908767578e-05,0.0251894351705664
woG1,636,0.0253212897290216,,,,91.1210253238678,0.0175712207469661,0.0,0.0,0.0252124823278701,0.0181784935631468,0.0034216108357869,0.0911773316653781,9.625787243764156e-06,0.0253212897290216
woG1,637,0.0254977920901824,,,,91.11977696418762,0.0176765357037303,0.0,0.0,0.0252816776790824,0.018281176976371,0.0035079266612616,0.0930874666168553,1.0324065338725856e-05,0.0254977920901824
woG1,638,0.0258760117299732,,,,90.99764752388,0.0179785244075245,0.0,0.0,0.0255377054306083,0.0185892020168973,0.0034862648873192,0.0928815243704641,9.86956056511824e-06,0.0258760117299732
woG1,639,0.0258864146947372,,,,91.36008071899414,0.0179927965137557,0.0,0.0,0.0255485313761307,0.0185837684443495,0.0034598897108197,0.0928041675418126,1.0755725024121045e-05,0.0258864146947372
woG1,640,0.025523759439954,0.1042308416217565,22.261307271321616,0.8383095900217692,91.07848906517027,0.0177422346180823,0.0,0.0,0.0252994032668285,0.0183173796452093,0.0034670870375178,0.090832039439043,8.89664755644794e-06,0.025523759439954
woG1,641,0.0254244810489357,,,,91.12551975250244,0.0176339094817149,0.0,0.0,0.025317251514338,0.0182577475416855,0.0035478311970631,0.0914863388924325,8.859255238949006e-06,0.0254244810489357
woG1,642,0.025520787711759,,,,91.23991703987122,0.0177384066990897,0.0,0.0,0.0253400569018281,0.0183121229857817,0.0034599041339147,0.0907934642717486,9.066963655500766e-06,0.025520787711759
woG1,643,0.0259182591785172,,,,91.12400794029236,0.0180196433602908,0.0,0.0,0.0256007542055039,0.018601371784557,0.003501145757895,0.0925046933784348,9.588741657257617e-06,0.0259182591785172
woG1,644,0.0259836861772126,,,,91.36098647117616,0.0180474414612304,0.0,0.0,0.0256030470987812,0.0186188797100034,0.0035322342129027,0.0940769931270939,1.0639322512654462e-05,0.0259836861772126
woG1,645,0.0257491704809372,0.1044239606708288,22.076392618815103,0.8383945306142171,90.9906120300293,0.017904328716705,0.0,0.0,0.0255619270696503,0.0185064133485687,0.0034782770500121,0.0910124322246821,9.411631761249795e-06,0.0257491704809372
woG1,646,0.0254580284484097,,,,91.021142244339,0.0176849615851753,0.0,0.0,0.0253099084251606,0.0182929347330307,0.0034324775982388,0.0907495692983025,9.761189026824228e-06,0.0254580284484097
woG1,647,0.025116500490513,,,,91.01167964935304,0.0174343140383602,0.0,0.0,0.0250284962249217,0.0180444261669868,0.0034525667967992,0.0897354676281331,1.0697524141778492e-05,0.025116500490513
woG1,648,0.0254140779620311,,,,91.39097452163696,0.017657680612546,0.0,0.0,0.0252271262073858,0.0182770822868972,0.0034207917728888,0.0904522470244374,1.0280911576860478e-05,0.0254140779620311
woG1,649,0.0255569564941965,,,,91.13910126686096,0.0177673015316001,0.0,0.0,0.0253575276583433,0.0183464550855951,0.0034468616397104,0.0907954665160447,1.0356285726462656e-05,0.0255569564941965
woG1,650,0.0254638416723149,0.1039842125028371,22.11820576985677,0.8417793114980062,91.07911944389345,0.0176393827957818,0.0,0.0,0.0252972958212504,0.0182406191836248,0.0034373903648973,0.0938732375192349,9.535317869063444e-06,0.0254638416723149
woG1,651,0.0252330438920953,,,,91.0755259990692,0.0175100563200893,0.0,0.0,0.0251115181132173,0.0181312273851916,0.0033945158681236,0.0908077618748438,1.0413972628461932e-05,0.0252330438920953
woG1,652,0.0259531123838463,,,,91.18373727798462,0.0180518063869266,0.0,0.0,0.0256301227834869,0.0186047301795639,0.0034642433251452,0.0926354522587823,1.0173826735005215e-05,0.0259531123838463
woG1,653,0.0259893282820455,,,,91.18580031394958,0.0181017483462442,0.0,0.0,0.0257100119011201,0.018673722349779,0.0034232689048636,0.0911041961555353,8.92385222348798e-06,0.0259893282820455
woG1,654,0.0262745005139684,,,,91.15606141090392,0.0182956843026226,0.0,0.0,0.0258761629172158,0.0188947269677749,0.0034260460114503,0.0927797314084944,9.962280088402807e-06,0.0262745005139684
woG1,655,0.0257807439498481,0.0988323055207729,22.5382074991862,0.8427375157674154,91.19905281066896,0.017908858120075,0.0,0.0,0.0254876243072699,0.018501258852174,0.0034459359632789,0.0928424690224108,9.985500772004755e-06,0.0257807439498481
woG1,656,0.0251984907863814,,,,91.12760853767396,0.0174884115971747,0.0,0.0,0.0250894709062747,0.0181156281366577,0.0034491416452391,0.0901881741573576,1.011185820685193e-05,0.0251984907863814
woG1,657,0.0255786602950242,,,,90.93361163139345,0.0177830787390836,0.0,0.0,0.0254400927023809,0.0183721058772968,0.003446067058382,0.09050820082365,1.0357531391567362e-05,0.0255786602950242
woG1,658,0.0252070804355574,,,,91.64186692237854,0.0174840215028675,0.0,0.0,0.0251047824524709,0.0181027956719159,0.0034059484185818,0.0910770181016843,1.0095332669306074e-05,0.0252070804355574
woG1,659,0.0251596333672765,,,,91.16391134262084,0.0174525560215726,0.0,0.0,0.0250191388834939,0.0180708340552375,0.003409473731213,0.0909260676898917,1.0027165809954577e-05,0.0251596333672765
woG1,660,0.0252471695974713,0.1002847868949174,22.41371866861979,0.8425915082295735,91.17097115516664,0.0175285497603968,0.0,0.0,0.0251224084955747,0.018096936500219,0.003383431993005,0.0909336487167194,9.22515416872964e-06,0.0252471695974713
woG1,661,0.0252543934544578,,,,91.19989395141602,0.0175118693684945,0.0,0.0,0.0251077548524395,0.0180922917578919,0.0034048800055151,0.0921483816059886,8.744278262671067e-06,0.0252543934544578
woG1,662,0.025320313641893,,,,91.098730802536,0.017562152901817,0.0,0.0,0.0251702151078059,0.0181683853619777,0.0034729790974973,0.0916469599898965,8.907152486002588e-06,0.025320313641893
woG1,663,0.0251211989976343,,,,91.14315009117126,0.017443664455939,0.0,0.0,0.0250128987397937,0.0180346999378477,0.0033873319711734,0.089924197873009,9.207586722644204e-06,0.0251211989976343
woG1,664,0.0249720381603377,,,,91.22177720069884,0.0173323626217783,0.0,0.0,0.0249336599906692,0.0179535483513943,0.0033664141961022,0.089243061809999,9.891079662278854e-06,0.0249720381603377
woG1,665,0.0254631118207681,0.1031003408133983,22.079046630859374,0.8407030741373698,91.14135599136353,0.0176860265143704,0.0,0.0,0.0254234632736713,0.0183016991960342,0.0034098058211861,0.090499025647391,1.0355544044653706e-05,0.0254631118207681
woG1,666,0.025693279416224,,,,91.03552269935608,0.0178561603925267,0.0,0.0,0.0253993441488166,0.0184158543201132,0.0033630008272994,0.0926429252216562,1.020759477452097e-05,0.025693279416224
woG1,667,0.0252626039637405,,,,91.139098405838,0.0175490017568112,0.0,0.0,0.0251442155816027,0.0181411866587205,0.0034245111116925,0.089988763062436,9.140528460469751e-06,0.0252626039637405
woG1,668,0.0248950464025017,,,,91.01913166046144,0.017263238883165,0.0,0.0,0.0248633424033884,0.0178847858972358,0.0033881492525354,0.0897321113705879,8.889291183742048e-06,0.0248950464025017
woG1,669,0.025227518614809,,,,91.18574476242064,0.0175159209957499,0.0,0.0,0.0250561373064019,0.0180983717751796,0.0033816962319685,0.0908400157283319,9.650618269134824e-06,0.025227518614809
woG1,670,0.0253912034276567,0.1024010479450225,22.479093424479167,0.8397077242533366,91.0833945274353,0.0176283780973954,0.0,0.0,0.0252152658449333,0.0182225545639263,0.0034014279820544,0.0914441907442495,9.51609443140799e-06,0.0253912034276567
woG1,671,0.0253035039564625,,,,91.44806122779846,0.017579354948868,0.0,0.0,0.0251182888817713,0.0181727814717126,0.0033773301883989,0.0904926956921327,8.923747067076167e-06,0.0253035039564625
woG1,672,0.0250334238221288,,,,91.17594480514526,0.0173797523144815,0.0,0.0,0.0249549175887444,0.0179879395138533,0.0033874046191054,0.0894302866635386,9.227346769095763e-06,0.0250334238221288
woG1,673,0.0250229926352373,,,,91.19886231422424,0.0173402019913812,0.0,0.0,0.0249082744350565,0.017950767918383,0.0033533576032391,0.0915802351092217,1.0189213160520698e-05,0.0250229926352373
woG1,674,0.0252105823305786,,,,91.1299307346344,0.017495855826457,0.0,0.0,0.025111643399005,0.0180925641697449,0.003362496515171,0.0909096985505741,8.844024159440951e-06,0.0252105823305786
woG1,675,0.0255270910556199,0.1016220636665821,22.40687001546224,0.8413133144378662,91.26920127868652,0.0177513195400233,0.0,0.0,0.0253416875560508,0.0183459688817746,0.0033892014810097,0.0904006526240559,9.339106514375472e-06,0.0255270910556199
woG1,676,0.0255514787983332,,,,91.11828470230104,0.0177600248869447,0.0,0.0,0.0252963812701159,0.0183352146328228,0.0034094088907414,0.0913921232778029,1.0564240120402409e-05,0.0255514787983332
woG1,677,0.0257975154205179,,,,91.1857419013977,0.0179174907474977,0.0,0.0,0.0254574273560257,0.0184895906780586,0.0034848205214671,0.0933315952415349,9.470286654061872e-06,0.0257975154205179
woG1,678,0.0251627746419828,,,,91.02846240997314,0.0174826277786346,0.0,0.0,0.0250358345811484,0.0180870969550775,0.0033363172771088,0.0896426933038918,1.013724704167878e-05,0.0251627746419828
woG1,679,0.0254996592392686,,,,91.36278247833252,0.017722001337431,0.0,0.0,0.0253020094432791,0.0183327876290947,0.0033825793118429,0.0908117036747395,9.955351954147537e-06,0.0254996592392686
woG1,680,0.0250462954863905,0.100427221506834,22.444820658365884,0.8420610745747884,91.0485327243805,0.0174004128279133,0.0,0.0,0.0249909161299955,0.0179997897997009,0.0034022293345559,0.0887187423764682,9.811119913293564e-06,0.0250462954863905
woG1,681,0.0250929718776071,,,,91.05692505836488,0.0174177225114258,0.0,0.0,0.0250019608370837,0.0180427784436061,0.0033729675657222,0.089829931432595,1.0091485361622574e-05,0.0250929718776071
woG1,682,0.0251551319799218,,,,91.06173753738403,0.017452454064652,0.0,0.0,0.0250511699295068,0.0180657199721355,0.0033726673272674,0.0907763757239111,9.95776054173886e-06,0.0251551319799218
woG1,683,0.0248650922974357,,,,91.0544445514679,0.0172474895390208,0.0,0.0,0.0248869309110231,0.0178688096997068,0.0033732205495757,0.0891464392914146,9.990617522847086e-06,0.0248650922974357
woG1,684,0.0250790700255358,,,,91.14436650276184,0.0173875017122167,0.0,0.0,0.0249750138123015,0.0179838785504708,0.0033214945788876,0.0915485219877274,1.014854791159108e-05,0.0250790700255358
woG1,685,0.0251210999644559,0.103774594143033,22.081767272949214,0.8397040526072185,91.07122492790222,0.0174350104386322,0.0,0.0,0.0249735095202312,0.0180281053953727,0.0033230774121771,0.0908320890128856,9.999086214615654e-06,0.0251210999644559
woG1,686,0.0247625595905253,,,,91.09182476997375,0.017162558851672,0.0,0.0,0.0247765189326811,0.0177909244218322,0.0033711742535309,0.0894948441046671,1.0364172261298648e-05,0.0247625595905253
woG1,687,0.0249331636110045,,,,91.03426265716551,0.0172869287141156,0.0,0.0,0.0248943591704134,0.0178932893685385,0.0033503896184647,0.0903950594060245,9.608348605258252e-06,0.0249331636110045
woG1,688,0.0248206649586314,,,,91.20012187957764,0.0172029314562678,0.0,0.0,0.0248337544073335,0.017818201234045,0.0033135701621668,0.0901101947930015,1.0359940091217844e-05,0.0248206649586314
woG1,689,0.025057840802264,,,,91.11831831932068,0.0173743267421473,0.0,0.0,0.0249256538990579,0.0179603646707827,0.0033660250301778,0.0914001054451113,1.0491260936618846e-05,0.025057840802264
woG1,690,0.0253497508094936,0.1013377616181969,22.47765909830729,0.8408845106760661,91.06576251983644,0.0176202989885675,0.0,0.0,0.0251828507046963,0.0182074927801235,0.0033773544280728,0.0901523480558248,8.995555684787717e-06,0.0253497508094936
woG1,691,0.0250207199333388,,,,91.05603575706482,0.0173683313836084,0.0,0.0,0.0249365269985111,0.0179783069895061,0.0033651876719439,0.0896248974394602,9.210504053474866e-06,0.0250207199333388
woG1,692,0.0252700584375711,,,,91.09328722953796,0.0175352238164451,0.0,0.0,0.0250842877068236,0.0181327512808388,0.0033934036504523,0.0914984952169852,9.917871217027023e-06,0.0252700584375711
woG1,693,0.0249831140132956,,,,91.074875831604,0.0173312259654774,0.0,0.0,0.024914593359486,0.0179689752670829,0.0033555257412772,0.0898190259200627,1.029964158874711e-05,0.0249831140132956
woG1,694,0.025121671895756,,,,91.0871126651764,0.0174213152714684,0.0,0.0,0.024982663711197,0.0180325929579309,0.0033286518615777,0.0914418352615149,9.598842701148622e-06,0.025121671895756
woG1,695,0.0248859559536957,0.1055470835417509,21.94884490966797,0.8402229309082031,91.06010627746582,0.0172469457382427,0.0,0.0,0.0248187591291231,0.0178552148634659,0.0033146691304387,0.0908598865031218,9.544473323388444e-06,0.0248859559536957
woG1,696,0.0245317930630484,,,,91.2783749103546,0.0169989595525577,0.0,0.0,0.0245791347086673,0.017617052703424,0.0033210952390275,0.0888658015851358,8.859860042349218e-06,0.0245317930630484
woG1,697,0.0245074924447985,,,,91.08007550239564,0.0169954615126012,0.0,0.0,0.0246018054513413,0.0176258475718195,0.0033524326835071,0.0875214999694316,9.234625870644514e-06,0.0245074924447985
woG1,698,0.0247693214809796,,,,91.16873812675476,0.017180706488854,0.0,0.0,0.0247430529933972,0.0177961752185078,0.0033185023558707,0.0892180800132575,9.389448132597133e-06,0.0247693214809796
woG1,699,0.0247636041985672,,,,91.1553807258606,0.0171577284478994,0.0,0.0,0.0247498558162421,0.0177805434271204,0.0032703296346284,0.0904021275336625,1.0969147984374317e-05,0.0247636041985672
woG1,700,0.024874269916508,0.1027859803289175,22.17129618326823,0.8415034294128418,91.25722432136536,0.0172606349663167,0.0,0.0,0.0248573598925207,0.0178835072142423,0.003319526035873,0.0891343575642734,9.569499788885736e-06,0.024874269916508
woG1,701,0.0250195789257766,,,,91.0380961894989,0.0173831714439343,0.0,0.0,0.0249485364947162,0.0180031637294737,0.0033477088131132,0.0885989245210514,9.675921192392376e-06,0.0250195789257766
woG1,702,0.025377609461668,,,,91.07626628875732,0.0176159459715861,0.0,0.0,0.0251668576364878,0.0182165499303306,0.0033188675431015,0.09196980856359,9.931044284034568e-06,0.025377609461668
woG1,703,0.0249348162047442,,,,91.1802065372467,0.0173102009155955,0.0,0.0,0.0248914792080272,0.0179250188110793,0.0032969872051178,0.0892218123877146,9.820598191338885e-06,0.0249348162047442
woG1,704,0.0249897129910036,,,,91.02656674385072,0.0173513918779179,0.0,0.0,0.0249807728133851,0.0179540131500632,0.0033658455349275,0.0889845616565864,9.8086616733076e-06,0.0249897129910036
woG1,705,0.0249711168380301,0.1034853290766477,22.183551025390624,0.8426283359527588,91.13575410842896,0.0173307492199247,0.0,0.0,0.0248641086910225,0.0179461055038283,0.0033448279661614,0.0897168169317186,9.538021970185298e-06,0.0249711168380301
woG1,706,0.0245508361516184,,,,90.96086502075195,0.0170362285933777,0.0,0.0,0.0245918168640527,0.0176711406665625,0.0032465414546781,0.087660400593867,1.0284608417426388e-05,0.0245508361516184
woG1,707,0.0249029607435718,,,,91.11354541778564,0.0172618971526867,0.0,0.0,0.02481591597688,0.0178793435229263,0.0033191665844823,0.0907142396833075,1.0357837270143856e-05,0.0249029607435718
woG1,708,0.0250487197343198,,,,91.15912175178528,0.0173653266621661,0.0,0.0,0.0249011674895882,0.017970269606983,0.0033127469264474,0.0916062084133507,1.0181382666926652e-05,0.0250487197343198
woG1,709,0.0257556351115469,,,,91.09050130844116,0.0179038793611966,0.0,0.0,0.0253814141128639,0.0184683800354355,0.0033590191742405,0.0929371631536327,1.0169881998654203e-05,0.0257556351115469
woG1,710,0.0255373038473676,0.1018906645476818,22.36744079589844,0.841529909769694,91.04940176010132,0.0177465769935582,0.0,0.0,0.0252457989349228,0.0182970429877521,0.0033523732420347,0.0921682889466403,9.885092857149088e-06,0.0255373038473676
woG1,711,0.0248323972107934,,,,91.1708197593689,0.0172191550344473,0.0,0.0,0.0247731977676759,0.017804036993289,0.0032938481213097,0.0903491999526492,8.679979195608899e-06,0.0248323972107934
woG1,712,0.0250142189735149,,,,91.08279752731325,0.0173464273789622,0.0,0.0,0.024918898657636,0.0179381292069056,0.0032851672139721,0.0911872693505443,9.507970201378382e-06,0.0250142189735149
woG1,713,0.024672469780704,,,,91.12121987342834,0.0171109715201815,0.0,0.0,0.0246441084357192,0.0177277755144922,0.003326009829208,0.0889122704746293,8.841301589255303e-06,0.024672469780704
woG1,714,0.0246632066784334,,,,91.20102095603944,0.0170927281018163,0.0,0.0,0.0247625192077677,0.0177068110387466,0.0032750737870524,0.0893007737019511,9.342515155084645e-06,0.0246632066784334
woG1,715,0.024340727549718,0.1014806572347879,22.45117950439453,0.843858273824056,91.06144762039185,0.0168508107193791,0.0,0.0,0.024396306170975,0.0174755555898195,0.0032879776477844,0.0889985345487223,9.223495839618824e-06,0.024340727549718
woG1,716,0.0243094091410519,,,,91.01122713088988,0.016831048413134,0.0,0.0,0.0244064443882127,0.0174551251512326,0.0033005388667348,0.0885342355573275,9.26311189011664e-06,0.0243094091410519
woG1,717,0.0243900090639219,,,,91.30248093605042,0.0168939508940474,0.0,0.0,0.0245031435958674,0.0175139333167281,0.0032731123157914,0.0885539061130314,9.320910236806058e-06,0.0243900090639219
woG1,718,0.0246910789950949,,,,91.15029859542848,0.017140785865791,0.0,0.0,0.0247210658338592,0.0177405004801808,0.0032677667121952,0.0881497446203329,9.146335643237196e-06,0.0246910789950949
woG1,719,0.0255367477714526,,,,91.13875246047974,0.017762774296227,0.0,0.0,0.0253944009252381,0.0183542079109026,0.0032993966921568,0.0903767474056756,9.320994401972812e-06,0.0255367477714526
woG1,720,0.0250856272540375,0.104063170030713,22.23343556722005,0.839377514521281,91.0948450565338,0.0174069904462724,0.0,0.0,0.0249644853938065,0.018001915635083,0.0033023949525486,0.0908404355410669,9.455426052119117e-06,0.0250856272540375
woG1,721,0.0246479120487194,,,,90.99757385253906,0.017080446636518,0.0,0.0,0.0246411691435047,0.0176976021440302,0.0033044709869828,0.0896098443352785,9.672287271482743e-06,0.0246479120487194
woG1,722,0.0244759039067831,,,,91.20191597938538,0.0169500934921937,0.0,0.0,0.0245145502973531,0.0175625204917837,0.0032876021358505,0.0894518053067512,9.80470457326811e-06,0.0244759039067831
woG1,723,0.0249384659052383,,,,91.19333171844482,0.0173115025839356,0.0,0.0,0.0248421611966656,0.0178958411694916,0.0033073283056346,0.0897870737998211,9.464028689239064e-06,0.0249384659052383
woG1,724,0.0250963769608833,,,,91.07788038253784,0.0174172489033615,0.0,0.0,0.0249864006048587,0.0180148646678225,0.0033499387695957,0.0904572777694366,1.025782752101127e-05,0.0250963769608833
woG1,725,0.0245927998063261,0.1022813245654106,22.373204549153645,0.8397453149159749,91.1271629333496,0.0170619885788344,0.0,0.0,0.0246458521845643,0.0176817385067583,0.0032901548624008,0.0879741530621149,1.000935944960877e-05,0.0245927998063261
woG1,726,0.0243056253988112,,,,91.12469863891602,0.016826254766068,0.0,0.0,0.0243530657188203,0.0174642880943405,0.0032621485421617,0.0888600434314032,9.49193334248335e-06,0.0243056253988112
woG1,727,0.0249675946981936,,,,91.09493732452393,0.0173396049525405,0.0,0.0,0.0248702358546071,0.0179108021338088,0.0032801098194064,0.0896854161086385,9.344198307131572e-06,0.0249675946981936
woG1,728,0.0245294840090343,,,,91.13388848304749,0.0169890696243917,0.0,0.0,0.0245394884669756,0.0175874824483008,0.0033261799978733,0.0896786148430871,9.221645139803204e-06,0.0245294840090343
woG1,729,0.0244395953496215,,,,91.131325006485,0.0169353916416647,0.0,0.0,0.0244839413580103,0.0175504419632011,0.0033034890619121,0.088551373297318,9.34010248269786e-06,0.0244395953496215
woG1,730,0.0248356479998739,0.1028507985174655,22.287479146321616,0.8404328346252441,91.07923007011414,0.017233234158427,0.0,0.0,0.0247893420612958,0.017826929123553,0.0033250108903243,0.0893894485885002,9.08851592152076e-06,0.0248356479998739
woG1,731,0.0242254032035831,,,,91.04151129722597,0.0167642565993744,0.0,0.0,0.0242884501158336,0.0173947402718858,0.0032659244559491,0.0888878361276183,9.216848776240054e-06,0.0242254032035831
woG1,732,0.0247803852267441,,,,91.00829029083252,0.0171894472260333,0.0,0.0,0.024774510092789,0.0178067690662306,0.0032997289977845,0.0891775754814753,9.358690699576038e-06,0.0247803852267441
woG1,733,0.0245516138059682,,,,91.05803418159483,0.0170190032556286,0.0,0.0,0.024530114231967,0.0176465103448536,0.0032729856654635,0.0889484500359805,9.171028967882723e-06,0.0245516138059682
woG1,734,0.0246112929107468,,,,90.99811267852785,0.017065106364364,0.0,0.0,0.0245715451167255,0.0176883402326312,0.0033146622209031,0.0888763506912061,9.492667496265744e-06,0.0246112929107468
woG1,735,0.0249444415762287,0.1042685098946094,22.2218251546224,0.8381800969441732,91.06212282180786,0.0172930568471917,0.0,0.0,0.0248195891741846,0.0178932551233494,0.0032604766664186,0.0913114890028707,9.84383869282573e-06,0.0249444415762287
woG1,736,0.0247118500839979,,,,91.13376569747923,0.0171317701136357,0.0,0.0,0.0246961348094656,0.0177358453864323,0.0032878688128176,0.0897045371382207,9.971602638144602e-06,0.0247118500839979
woG1,737,0.0245299554262004,,,,91.1101758480072,0.0170089045279949,0.0,0.0,0.0245419636551962,0.0176302999654998,0.0032699249950084,0.088496808878711,1.0383105201425122e-05,0.0245299554262004
woG1,738,0.024648969672376,,,,91.32483386993408,0.0170902530510039,0.0,0.0,0.0246494498989376,0.0177135684481654,0.0032645458170426,0.0891390839500016,1.0166166543330104e-05,0.024648969672376
woG1,739,0.0245174923453663,,,,91.05949354171752,0.0170063897661986,0.0,0.0,0.0245718013067714,0.0176169641056388,0.0032658156143028,0.0880302374602341,9.56207748921332e-06,0.0245174923453663
woG1,740,0.024737248594155,0.1004967037588357,22.465079752604165,0.843692413965861,91.09987831115724,0.0171600739380008,0.0,0.0,0.0246987055040529,0.0177685341370276,0.0031901419966206,0.0896128979435221,1.0223826119073655e-05,0.024737248594155
woG1,741,0.0250773365288728,,,,91.19147062301636,0.0174187142859961,0.0,0.0,0.0250350890039909,0.0180253539936708,0.0033528769501393,0.0891210754997417,9.288649840589183e-06,0.0250773365288728
woG1,742,0.0244543899812537,,,,91.06840372085573,0.0169515404773906,0.0,0.0,0.0245016957785873,0.0175796359411028,0.0032734859307281,0.0882401808974195,1.0432610223092223e-05,0.0244543899812537
woG1,743,0.0242339877533863,,,,91.1598629951477,0.0167868117130071,0.0,0.0,0.0243316730026338,0.0174421332394856,0.0033247349373461,0.0873066549357332,1.0378076755588774e-05,0.0242339877533863
woG1,744,0.0243253082067507,,,,91.04807591438292,0.0168307705354861,0.0,0.0,0.0243786771506926,0.0174509942928542,0.0032559817467938,0.0896733975434889,9.826903812010326e-06,0.0243253082067507
woG1,745,0.0246623824732225,0.1032324340194463,22.4188969930013,0.8429831186930339,91.05621457099916,0.0170880136171691,0.0,0.0,0.0246073495077549,0.0176904373267879,0.0032841652521069,0.0902435577428731,8.895099074955461e-06,0.0246623824732225
woG1,746,0.0248257532471516,,,,91.06020879745483,0.017242270796636,0.0,0.0,0.0247497217973969,0.0178171331444602,0.0032216341847355,0.0891126876422127,9.368249101386996e-06,0.0248257532471516
woG1,747,0.0242390243077009,,,,91.01753163337708,0.0167636360026529,0.0,0.0,0.0242758325117899,0.0174083615592146,0.0032720514057875,0.0894895615819536,9.401601811605516e-06,0.0242390243077009
woG1,748,0.0247981089518451,,,,91.01501488685608,0.0171636355369061,0.0,0.0,0.0247083217378888,0.0177786690259321,0.0033022533619364,0.0918894374407217,1.0485000872764487e-05,0.0247981089518451
woG1,749,0.0241784636755702,,,,91.18543696403503,0.0167524918806968,0.0,0.0,0.0243001128165204,0.0173947612495451,0.0032646591645344,0.0870867324534986,1.0335592453964736e-05,0.0241784636755702
woG1,750,0.0242066140912595,0.1026312243193388,22.405421447753906,0.8416481812795004,91.0253086090088,0.0167772839548157,0.0,0.0,0.02428581379354,0.0174050266915535,0.0032520341609612,0.0872602263679269,9.2684339272706e-06,0.0242066140912595
woG1,751,0.0248002626582003,,,,91.00255727767944,0.0172026239671423,0.0,0.0,0.0247561889624253,0.0178330399126547,0.0032970846914991,0.0893335621498647,9.777220250331607e-06,0.0248002626582003
woG1,752,0.0244882311519296,,,,91.06066656112672,0.0169764949909609,0.0,0.0,0.024487422244837,0.0176014922269177,0.0032380960030542,0.0886650306218471,9.571659200725766e-06,0.0244882311519296
woG1,753,0.0244852883100021,,,,91.1967031955719,0.0169631731162061,0.0,0.0,0.0244881389357271,0.0175646820456766,0.0033088819807028,0.0892656949638831,1.031095344781677e-05,0.0244852883100021
woG1,754,0.0244288468565486,,,,90.9764461517334,0.0169088267568559,0.0,0.0,0.0244663091926056,0.0175341218404594,0.0032774855165177,0.0896798124323125,9.601962598016116e-06,0.0244288468565486
woG1,755,0.0242056991202665,0.1031516082584858,22.25878194173177,0.8412056763966879,91.07641434669496,0.0167782209263961,0.0,0.0,0.0243429386469184,0.0174346852467441,0.0032521356627169,0.0866417014269066,1.0127742444542125e-05,0.0242056991202665
woG1,756,0.0243056480864398,,,,91.74263858795166,0.0168371875999403,0.0,0.0,0.0243674552862028,0.0174599120271254,0.0031994155705448,0.0885515984636349,9.64157306909799e-06,0.0243056480864398
woG1,757,0.0241048000905601,,,,90.98212265968324,0.0166810460953561,0.0,0.0,0.0242309697720481,0.017319156368431,0.0032394677734567,0.0881090260217668,1.0713050063770152e-05,0.0241048000905601
woG1,758,0.0243360688986226,,,,91.02236461639404,0.0168464361522041,0.0,0.0,0.0243931469492247,0.0174829279316864,0.0033044492726626,0.0888569368141107,1.0078899653093256e-05,0.0243360688986226
woG1,759,0.0242987429784213,,,,91.10243916511536,0.0168176229020244,0.0,0.0,0.024336875431606,0.017460487676082,0.0033076709369197,0.0888678676097608,1.015277097696306e-05,0.0242987429784213
woG1,760,0.024366447854726,0.1018433663994073,22.25024719238281,0.8427118778228759,91.25367546081544,0.0168857894471434,0.0,0.0,0.0244355635015202,0.0175258583068603,0.0032715311562108,0.0879407644760413,1.0386041034400128e-05,0.024366447854726
woG1,761,0.0249249516360339,,,,91.15834784507751,0.0172799273668864,0.0,0.0,0.0248676063340218,0.0178970908975137,0.0033376232146468,0.0904544095096529,9.972067774980591e-06,0.0249249516360339
woG1,762,0.0250931801885122,,,,91.17322611808775,0.017413216948387,0.0,0.0,0.0248673626175913,0.0179798359692585,0.0032941426291725,0.0915491156829673,9.33504099698461e-06,0.0250931801885122
woG1,763,0.025125940971565,,,,91.29371094703674,0.0174697003800605,0.0,0.0,0.0249732751475616,0.0180505118638154,0.0032256975031427,0.0895063629770865,9.319343735282844e-06,0.025125940971565
woG1,764,0.0251338544500167,,,,91.1172058582306,0.0174370379202434,0.0,0.0,0.0249789027863594,0.0180484987413663,0.0032980392122122,0.0912435481049975,9.043028178949174e-06,0.0251338544500167
woG1,765,0.0242597969386299,0.1025373693555593,22.392322285970053,0.8424803574879964,91.091899394989,0.0168158168385385,0.0,0.0,0.0243564176785408,0.0174551992295462,0.0032352189262412,0.0872755026536398,9.941664566320569e-06,0.0242597969386299
woG1,766,0.0244737070695054,,,,91.17101645469666,0.0169728551914945,0.0,0.0,0.024509198452178,0.0175929181506765,0.0032191172864318,0.0881947669215866,1.074256429483064e-05,0.0244737070695054
woG1,767,0.0242986326854004,,,,91.18401432037354,0.0168444406943487,0.0,0.0,0.0243579289860657,0.017490307166867,0.0032138145732937,0.0875144666213481,1.0196885805811328e-05,0.0242986326854004
woG1,768,0.0243334569891945,,,,91.28865003585815,0.0168746275002839,0.0,0.0,0.0243401184800218,0.0175089536188933,0.0032457740391512,0.0875036391567011,9.47338694252748e-06,0.0243334569891945
woG1,769,0.0242451633341976,,,,91.0621817111969,0.0167860947854694,0.0,0.0,0.024286130015723,0.0174100031831958,0.0031793485958602,0.0889864412182178,1.0082352669090252e-05,0.0242451633341976
woG1,770,0.0241835137569635,0.1030858028680086,22.185330200195317,0.8398056189219157,91.09939694404602,0.0167573624916496,0.0,0.0,0.0242528600664045,0.0174071405037138,0.0032523613447918,0.0872099183683024,1.0729958737899136e-05,0.0241835137569635
woG1,771,0.0244553428082192,,,,91.12979936599731,0.0169553572739489,0.0,0.0,0.0244753211889354,0.0175848341638558,0.0032610429926073,0.0882005773820593,9.795227773844469e-06,0.0244553428082192
woG1,772,0.023932263117711,,,,91.26315569877625,0.016554330964191,0.0,0.0,0.0240776783511897,0.0172173759640484,0.0032396481408676,0.0874487244386653,9.635929863965068e-06,0.023932263117711
woG1,773,0.0240251823694857,,,,91.16487336158752,0.0166281440188405,0.0,0.0,0.0241145676872158,0.0172689605702752,0.003244960842822,0.0877193167927812,9.790241620470857e-06,0.0240251823694857
woG1,774,0.0241098516910779,,,,91.17093181610107,0.0167035887506408,0.0,0.0,0.0242150137658979,0.0173385153203958,0.0032643211058905,0.0870059661139718,9.3931212345912e-06,0.0241098516910779
woG1,775,0.0239617112016335,0.1074430868029594,21.995679728190105,0.8395365079243978,91.1093544960022,0.0165750287839623,0.0,0.0,0.0240829406977921,0.0172395774728206,0.0032159269044984,0.0877380532930131,9.626945951721748e-06,0.0239617112016335
woG1,776,0.0239183220279509,,,,90.9203758239746,0.01654492875897,0.0,0.0,0.0240425456727503,0.0171977165078774,0.00319023088449,0.0877561957773859,1.0391500956324088e-05,0.0239183220279509
woG1,777,0.024121296729465,,,,91.38204455375671,0.0166973216520225,0.0,0.0,0.0242153991655003,0.0173458556919435,0.0031918880480082,0.0881059262596192,1.02419552058131e-05,0.024121296729465
woG1,778,0.0245103092680944,,,,91.17519903182983,0.0170000852925367,0.0,0.0,0.024511285645307,0.0176253301839603,0.0032161967666651,0.0883433045972077,9.313087976950724e-06,0.0245103092680944
woG1,779,0.023997472553346,,,,91.14782738685608,0.0166143491848936,0.0,0.0,0.0241160146113424,0.0172624745803167,0.0032792576086768,0.0869453124640906,1.0043658646166404e-05,0.023997472553346
woG1,780,0.0238686083266358,0.1024550274014473,22.350675455729167,0.8431323369344076,91.22099447250366,0.0164840889438131,0.0,0.0,0.0239993507866976,0.0171287643921668,0.0031899430705081,0.0891758651762712,1.0592399715106825e-05,0.0238686083266358
woG1,781,0.0238570637436064,,,,91.27962470054626,0.0165024870685988,0.0,0.0,0.0240032256993113,0.0171705382631816,0.0031843717605043,0.0872675939539417,1.0927160442220813e-05,0.0238570637436064
woG1,782,0.024119909929081,,,,91.17659950256348,0.0166651750227711,0.0,0.0,0.024130348497849,0.0173191556890235,0.0032148555562388,0.0901594826432525,9.78149412148886e-06,0.024119909929081
woG1,783,0.0240200990887328,,,,91.25121665000916,0.0166176702735609,0.0,0.0,0.0241392167575168,0.0172703807684974,0.0032132826993608,0.0880022599804596,1.0755314814138255e-05,0.0240200990887328
woG1,784,0.0241418597364767,,,,91.23190903663637,0.0167081683614581,0.0,0.0,0.0242054443653734,0.0173423239411633,0.0032424132547677,0.0884652365243337,9.31838433435304e-06,0.0241418597364767
woG1,785,0.0245828928548048,0.1005679070949554,22.384505208333334,0.8413430054982504,91.18411827087402,0.0170345179141178,0.0,0.0,0.0246542274081682,0.0176657523700326,0.0031966902725932,0.0893523873700225,1.0331579932358092e-05,0.0245828928548048
woG1,786,0.0247064693754569,,,,91.1684923171997,0.0171530490328908,0.0,0.0,0.024614548730496,0.0177495961963031,0.0031699727797025,0.0890320636118288,9.8020240485455e-06,0.0247064693754569
woG1,787,0.0244269045298827,,,,91.20471954345705,0.0169472955548983,0.0,0.0,0.024391883106322,0.017596180955345,0.0031757881038547,0.0877427406547988,1.0452342803010524e-05,0.0244269045298827
woG1,788,0.0243059128186986,,,,91.13199543952942,0.0168446312566883,0.0,0.0,0.0243027893307267,0.0174749983688358,0.0032231359767391,0.0882051468323,1.0501592914914457e-05,0.0243059128186986
woG1,789,0.0242978191980328,,,,91.0450677871704,0.0168257307520777,0.0,0.0,0.0242931628828776,0.0174531181739856,0.0032008205393527,0.0890924975764556,9.637755718685898e-06,0.0242978191980328
woG1,790,0.0242402157288227,0.1043481528759002,22.13964284261068,0.8419845104217529,91.27406573295592,0.0167694612421461,0.0,0.0,0.0242727448186669,0.0174262012339762,0.003199852223424,0.089379950899814,1.0760043633632594e-05,0.0242402157288227
woG1,791,0.0240363710117144,,,,91.08984518051147,0.0166405977177448,0.0,0.0,0.0241656814717122,0.0172938207378152,0.0032052728566951,0.0873613951452931,1.0482311430327977e-05,0.0240363710117144
woG1,792,0.0239400261264966,,,,91.16445422172546,0.0165740418797511,0.0,0.0,0.0241164978227165,0.0172288694235755,0.0032209480652723,0.0866555322694485,1.0422905651003104e-05,0.0239400261264966
woG1,793,0.0237397601766908,,,,91.04793858528136,0.0164137704252097,0.0,0.0,0.0239230280772584,0.0170793329044932,0.0032192827326428,0.0869316944821936,1.0435811024556404e-05,0.0237397601766908
woG1,794,0.0238970020159956,,,,91.17213654518127,0.0165324836862502,0.0,0.0,0.0240418041720375,0.0171931394467466,0.0032187151115723,0.0872470111143393,1.0863167303949683e-05,0.0238970020159956
woG1,795,0.0241558123379945,0.1024188976734876,22.248055013020835,0.8405231952667236,91.13345575332642,0.0167437765335084,0.0,0.0,0.0242398593605297,0.0173889948589513,0.0032178940610257,0.0868760820966763,9.495443092581978e-06,0.0241558123379945
woG1,796,0.0248908235034981,,,,91.21468138694765,0.0173075426919538,0.0,0.0,0.0247019984621982,0.0179354848462294,0.0032446592193112,0.0880178176629983,9.496778249580164e-06,0.0248908235034981
woG1,797,0.0254321510323369,,,,91.07764410972597,0.0177204888390346,0.0,0.0,0.025149822578628,0.0183310217727891,0.0031774098742524,0.0889592882032032,9.357547222083131e-06,0.0254321510323369
woG1,798,0.0251444517176781,,,,91.43917226791382,0.0174610949442034,0.0,0.0,0.0248706257276114,0.0181031477805532,0.0032034657378375,0.090834751572521,1.048719907356438e-05,0.0251444517176781
woG1,799,0.0244097802406329,,,,91.13934755325316,0.0169265768872421,0.0,0.0,0.0243922252452275,0.0175374332189437,0.0031840382659136,0.0884760989822813,9.359156056825245e-06,0.0244097802406329
woG1,800,0.0239306110888719,0.1005223151296377,22.504122416178387,0.8420727094014485,91.14374279975893,0.0165621354779014,0.0,0.0,0.0240712892035113,0.0171944815818159,0.0032032303918595,0.0873761785628854,9.422583496423588e-06,0.0239306110888719
woG1,801,0.0236128577809841,,,,91.09851050376892,0.0163288931667682,0.0,0.0,0.0238319632719408,0.0169841825091814,0.0031322357884119,0.0864948739801518,9.46413420307626e-06,0.0236128577809841
woG1,802,0.0235620848834514,,,,91.39382719993591,0.0162763112285708,0.0,0.0,0.0237870781728234,0.0169516407625108,0.0031858135833496,0.0868757762411823,9.858727156365287e-06,0.0235620848834514
woG1,803,0.0236238833577906,,,,91.12632036209106,0.0163470497202189,0.0,0.0,0.0238212930786682,0.0170179856483076,0.0031421436846149,0.0858030895870484,9.97743495938799e-06,0.0236238833577906
woG1,804,0.0236835425689083,,,,91.1566801071167,0.0163780241273343,0.0,0.0,0.0238759752408769,0.0170385043487929,0.0031385536164381,0.0868275034256645,1.0543174240765524e-05,0.0236835425689083
woG1,805,0.0240939682593843,0.1029464770108461,22.20580088297526,0.8415830294291179,91.01228547096252,0.0166780461526674,0.0,0.0,0.0241822910525637,0.0173329617446441,0.0032306576766012,0.0878095971420407,1.0171810098569983e-05,0.0240939682593843
woG1,806,0.0236219001216355,,,,90.98667979240416,0.01630451600449,0.0,0.0,0.0237720639170071,0.0169763337652824,0.0031258331928554,0.0885088677350126,1.0856216757894764e-05,0.0236219001216355
woG1,807,0.0239976134349698,,,,91.18086552619934,0.0166034552375557,0.0,0.0,0.0241176187152378,0.0172221919628562,0.0031817298206943,0.0882836408363502,9.925787461390148e-06,0.0239976134349698
woG1,808,0.0233466701551539,,,,91.03353714942932,0.0161183028497168,0.0,0.0,0.0236481896021449,0.0167953213753148,0.0031591418120994,0.0862311144954845,9.436971884187162e-06,0.0233466701551539
woG1,809,0.0238312531537452,,,,91.03019404411316,0.0164820564009982,0.0,0.0,0.0239532393418618,0.0171146925889932,0.0032086464543979,0.087660526490358,9.68236649921979e-06,0.0238312531537452
woG1,810,0.0241416373335924,0.0977470483630895,22.562998962402343,0.8432556788126627,91.12679433822632,0.0167270522015016,0.0,0.0,0.024181156953583,0.0173781238587909,0.0031604829347371,0.0875762289420503,1.0452963736737548e-05,0.0241416373335924
woG1,811,0.0237555637054878,,,,91.07481718063354,0.0164350610088984,0.0,0.0,0.0238849434268767,0.0170866450539133,0.0031533617360257,0.0870000252530711,1.0870877240657876e-05,0.0237555637054878
woG1,812,0.0239308050711501,,,,90.96339106559752,0.0165638757839066,0.0,0.0,0.0240611869796011,0.0172089946028761,0.0031674276220566,0.0873371335051831,9.858253870115388e-06,0.0239308050711501
woG1,813,0.0236457508652791,,,,90.92698764801024,0.0163543287084483,0.0,0.0,0.0238098348643569,0.0170269838961787,0.0031189614063373,0.0865812185602109,9.718316305451868e-06,0.0236457508652791
woG1,814,0.0233871246245308,,,,91.14466428756714,0.0161527172036346,0.0,0.0,0.0236439317251082,0.0168331944475286,0.0031692016312516,0.0861309032093306,9.961047583273886e-06,0.0233871246245308
woG1,815,0.0239393828497802,0.1013241875916719,22.42421620686849,0.8421937465667725,91.0671660900116,0.0165615868220319,0.0,0.0,0.0241013678920562,0.0172175039063955,0.0031720989295014,0.0876156492311446,1.0495942124638942e-05,0.0239393828497802
woG1,816,0.0241902521506074,,,,91.19457912445068,0.0167423561444414,0.0,0.0,0.024376094524489,0.0174075189947349,0.0031583641482074,0.088176429454909,1.0701716820960086e-05,0.0241902521506074
woG1,817,0.0239052583509292,,,,90.9152455329895,0.0165386623626605,0.0,0.0,0.0239969252715589,0.0171952021354046,0.0031244020954873,0.0878878085583937,9.31759118451622e-06,0.0239052583509292
woG1,818,0.02450240446163,,,,91.00650596618652,0.0170064386759014,0.0,0.0,0.0243548892407876,0.0176272820528657,0.0031653411216942,0.0884397650961993,9.55835783201233e-06,0.02450240446163
woG1,819,0.0242853832018912,,,,90.9630115032196,0.0168357295762808,0.0,0.0,0.0242549812909765,0.0174987689653014,0.0031574824691337,0.0878402446931014,9.78791804148772e-06,0.0242853832018912
woG1,820,0.0244816234029951,0.1021020021289587,22.218292236328125,0.8414348443349202,91.13148427009584,0.0169631018852967,0.0,0.0,0.024372091638993,0.0175915450834837,0.0031097418443513,0.090078325820018,9.922424346962036e-06,0.0244816234029951
woG1,821,0.0240972775538436,,,,90.93454384803772,0.0166842502648713,0.0,0.0,0.02413328740074,0.017335566516477,0.0031265266751107,0.0882516254472439,9.652922557894626e-06,0.0240972775538436
woG1,822,0.0238790661249248,,,,90.98961687088013,0.0165291474216052,0.0,0.0,0.0239986027896282,0.0171837526923198,0.0031267142583631,0.0871521774679422,9.935663727277224e-06,0.0238790661249248
woG1,823,0.0239457241488529,,,,91.0204780101776,0.0165884245767212,0.0,0.0,0.0240696722214094,0.0172368387813817,0.0031511893039798,0.0866080238407508,1.026635216298105e-05,0.0239457241488529
woG1,824,0.0236589062012365,,,,91.09806060791016,0.0163581950177789,0.0,0.0,0.0238598875976243,0.0170312509032302,0.0031796603580005,0.0865597220320926,1.0279026073222013e-05,0.0236589062012365
woG1,825,0.0235725086961002,0.0996197909116745,22.4774892171224,0.8425384044647217,91.0440788269043,0.0162873170872936,0.0,0.0,0.0237803333133581,0.0169839911376599,0.0031860699880959,0.0865485334127652,1.1049475231504646e-05,0.0235725086961002
woG1,826,0.0237806268860815,,,,91.06740832328796,0.01647009177622,0.0,0.0,0.0239025256825519,0.0171251895639007,0.0031366474539056,0.0861127502971985,1.0807520330561385e-05,0.0237806268860815
woG1,827,0.023708509632432,,,,91.12418341636658,0.016400434221828,0.0,0.0,0.0238428120195987,0.0170351555418284,0.0031773840892128,0.0869664153481116,1.006749119594752e-05,0.023708509632432
woG1,828,0.0241967778286484,,,,91.12469530105592,0.0167376638588602,0.0,0.0,0.0241703001904438,0.0173613284485506,0.0032241997017036,0.0897597600934935,9.317027115279546e-06,0.0241967778286484
woG1,829,0.0240433751223761,,,,91.1019847393036,0.016675997288806,0.0,0.0,0.0241135414689779,0.0173160370408755,0.003107175022959,0.0863209601461154,9.388003034399664e-06,0.0240433751223761
woG1,830,0.0240117226666236,0.1058636270463466,21.97229970296224,0.8403178215026855,91.23670530319214,0.0166272731177264,0.0,0.0,0.0240299093582835,0.017261304251361,0.0031862418390581,0.0877401073631204,9.454493554530392e-06,0.0240117226666236
woG1,831,0.0238109627494313,,,,91.08113384246826,0.0164395441743926,0.0,0.0,0.0239408835310672,0.0171162952577359,0.0031161377985091,0.0891747747044094,1.0236723335307195e-05,0.0238109627494313
woG1,832,0.0235768878664516,,,,90.98804688453674,0.0163028784264184,0.0,0.0,0.0238363826571062,0.01698356630189,0.003096063049762,0.0861296719092814,1.0714561453880666e-05,0.0235768878664516
woG1,833,0.0232327473044517,,,,91.08917808532716,0.0160327860932858,0.0,0.0,0.0234708854027825,0.0167122987465413,0.0031627314289283,0.0863358073669378,9.582891837735503e-06,0.0232327473044517
woG1,834,0.0233815852781666,,,,91.2187168598175,0.0161488137635417,0.0,0.0,0.0236131288111209,0.0168190113513073,0.0031122041119025,0.0865419239996642,1.0408261718944276e-05,0.0233815852781666
woG1,835,0.023492000355828,0.1038114763796329,22.185007731119796,0.8422801653544109,91.00422716140748,0.0162342646098161,0.0,0.0,0.0236458918995788,0.0169060410870636,0.0031281952091614,0.0867247597970923,1.054699433379989e-05,0.023492000355828
woG1,836,0.0236186620657194,,,,91.0829405784607,0.0163411733266882,0.0,0.0,0.023779465084071,0.0170044293245453,0.0031080393847765,0.0862751190596428,1.002039337448535e-05,0.0236186620657194
woG1,837,0.0237181874251634,,,,91.06060528755188,0.0164052263803047,0.0,0.0,0.0239134168588235,0.017093802092322,0.0031446432456236,0.0864725189252955,1.0561533072303063e-05,0.0237181874251634
woG1,838,0.0234974599061686,,,,91.06741786003111,0.0162413157370002,0.0,0.0,0.0236343295985191,0.0169003750273927,0.0031071360257347,0.0868322439186397,1.0700532970322688e-05,0.0234974599061686
woG1,839,0.0234403794661897,,,,91.08532071113586,0.0161930430512569,0.0,0.0,0.02360529186143,0.0168758828544103,0.0031914716523491,0.0864156314523005,1.0628818177720475e-05,0.0234403794661897
woG1,840,0.0237664506602727,0.1027567610144615,22.27810465494792,0.8429548740386963,91.03873062133788,0.0164478512816741,0.0,0.0,0.0238776301323878,0.0170818240015355,0.0031896625363008,0.0868373014887825,1.0518719537086904e-05,0.0237664506602727
woG1,841,0.0242074999011686,,,,91.05143356323242,0.0167930875370492,0.0,0.0,0.0242403018227244,0.017430506211507,0.0031112131274297,0.0870047622955724,9.475857989528378e-06,0.0242074999011686
woG1,842,0.023493336528906,,,,91.42679405212402,0.0162490160876243,0.0,0.0,0.0236961163091854,0.0169181901289791,0.003101232652476,0.0858394026023442,1.064810751673194e-05,0.023493336528906
woG1,843,0.0247438803742655,,,,91.0203766822815,0.0171918539315095,0.0,0.0,0.0245648666788808,0.0178223104429904,0.0032056077759422,0.0882911390212715,1.0373639281194235e-05,0.0247438803742655
woG1,844,0.0249578725989358,,,,90.97180128097534,0.0173451663452948,0.0,0.0,0.024690300172775,0.0179673424753986,0.0031566125375111,0.0895689942828211,1.0504711730496463e-05,0.0249578725989358
woG1,845,0.0246813066578546,0.1038361489772796,22.103594462076824,0.8417946974436442,90.98008918762208,0.017134884097537,0.0,0.0,0.0244861369433461,0.0177695700730823,0.0031222455751257,0.0891866233871608,1.05482619063045e-05,0.0246813066578546
woG1,846,0.0241078377289117,,,,91.12254428863524,0.0167217250592762,0.0,0.0,0.0242494512044015,0.0173881069726509,0.0030919149208844,0.0860540922425809,1.001946676151059e-05,0.0241078377289117
woG1,847,0.0234717898009741,,,,91.1524977684021,0.0162250368138317,0.0,0.0,0.0236614669947961,0.0169068133061537,0.0031377934339288,0.0860670943607072,1.0761379778636203e-05,0.0234717898009741
woG1,848,0.023140834858183,,,,91.1178059577942,0.0159579251785991,0.0,0.0,0.0233897628400047,0.0166465332349915,0.0031098893874126,0.0866760858258263,1.0909951721704651e-05,0.023140834858183
woG1,849,0.0230258222226603,,,,91.01566576957704,0.0158785394026485,0.0,0.0,0.0233322017688731,0.016550118187595,0.0031041166340535,0.0861125494979444,1.029450577397547e-05,0.0230258222226603
woG1,850,0.0235713364434291,0.0983025413006544,22.65858612060547,0.8443401177724202,91.16721510887146,0.0163069944676072,0.0,0.0,0.0238103586722348,0.0169560880720859,0.0030771097584368,0.086101707651234,9.261528595052512e-06,0.0235713364434291
woG1,851,0.0234394690067675,,,,91.22492718696594,0.0161963845297816,0.0,0.0,0.0236501338296249,0.0168712030119094,0.0030997218545068,0.0864380681429241,9.400520110374651e-06,0.0234394690067675
woG1,852,0.0235236272918152,,,,91.04477524757384,0.0162485568921585,0.0,0.0,0.0237751121968641,0.0169153538089795,0.003112523160974,0.0870448061738346,9.26928485723962e-06,0.0235236272918152
woG1,853,0.0232326504774391,,,,90.878671169281,0.0160568107423357,0.0,0.0,0.0235174814254411,0.016729316300117,0.0030851480302965,0.085083593446456,9.425090631958627e-06,0.0232326504774391
woG1,854,0.0232828213054625,,,,91.13880515098572,0.0160491761797275,0.0,0.0,0.0234876950653117,0.0167320282809192,0.0031172199476296,0.0879374795333772,9.671318818063735e-06,0.0232828213054625
woG1,855,0.0231068090642573,0.1000394392758607,22.567235310872395,0.8429920832316081,91.15295672416688,0.0159382823717276,0.0,0.0,0.023329010561536,0.0166233765938487,0.0031113997187663,0.0864261359770278,9.582774263334012e-06,0.0231068090642573
woG1,856,0.0240748586117854,,,,91.03568410873412,0.0167026179384623,0.0,0.0,0.0240958114841678,0.0173197306662065,0.003093163236655,0.08665341282355,1.085492599511691e-05,0.0240748586117854
woG1,857,0.0240696991992289,,,,91.0488510131836,0.0166894145706882,0.0,0.0,0.0241267495926042,0.0173293535872438,0.0030744677375177,0.0869106870205676,1.029958299268286e-05,0.0240696991992289
woG1,858,0.0235141186562717,,,,91.09492373466492,0.0162537205109342,0.0,0.0,0.023684421470236,0.0169389294918443,0.0031153981337232,0.0864264498022003,9.76960826038159e-06,0.0235141186562717
woG1,859,0.0232709627598524,,,,91.0648365020752,0.0160781977942488,0.0,0.0,0.0235169623657816,0.016761359468591,0.0030764916360179,0.085645531105702,1.0616427100717907e-05,0.0232709627598524
woG1,860,0.0234252452911412,0.1015691664069891,22.397173563639324,0.8436982313791911,91.08976793289185,0.0161780412843237,0.0,0.0,0.0235887368392871,0.0168629041262215,0.003095267946473,0.0869899686028967,1.034324842943888e-05,0.0234252452911412
woG1,861,0.0231926896777309,,,,91.1100561618805,0.0160209818697366,0.0,0.0,0.0233921160860384,0.0167015136112688,0.0031175706301792,0.0855260864205536,1.0868662020101363e-05,0.0231926896777309
woG1,862,0.0234666927030584,,,,91.07372522354126,0.0162166031153842,0.0,0.0,0.0236510177463537,0.0168834642781952,0.0030766459426186,0.0867538927733653,1.0585256363110271e-05,0.0234666927030584
woG1,863,0.0232573816644363,,,,91.14540028572084,0.0160667796497095,0.0,0.0,0.0234824098707711,0.016753159776391,0.0031106679788103,0.0856208292859011,1.0703552744743643e-05,0.0232573816644363
woG1,864,0.0231444478783084,,,,91.16997957229614,0.0159787870103829,0.0,0.0,0.0234028849078983,0.0166718859882017,0.0030214187448661,0.0858619439980534,1.0055012311119954e-05,0.0231444478783084
woG1,865,0.0230652911466408,0.1035333275794982,22.2779291788737,0.8439517498016358,91.20643973350523,0.0159227331474301,0.0,0.0,0.023392584335181,0.0166162547090503,0.0030541191827963,0.0851732764515231,1.0536667191845912e-05,0.0230652911466408
woG1,866,0.02354392842924,,,,91.1201355457306,0.0162629030996048,0.0,0.0,0.0237498660342859,0.0169578854406832,0.0031876766235476,0.0867172087252628,1.006897520349415e-05,0.02354392842924
woG1,867,0.0238347352772462,,,,91.19957184791564,0.0164889831279144,0.0,0.0,0.024003836219428,0.0171535756729054,0.0031906567679977,0.0869685941238383,1.0559757227318338e-05,0.0238347352772462
woG1,868,0.0240925979785254,,,,91.13884425163268,0.016704853601204,0.0,0.0,0.0241486514979576,0.0173651244201254,0.0031270499514858,0.0866283769948316,9.595649258723965e-06,0.0240925979785254
woG1,869,0.0234971400350332,,,,91.13802886009216,0.0162518324528927,0.0,0.0,0.0236557415213252,0.0169231234515299,0.0031130901923342,0.0859537833049649,1.007441669357963e-05,0.0234971400350332
woG1,870,0.0242379323777849,0.0980867417529225,22.58960876464844,0.8432317256927491,91.15987205505373,0.016780531125479,0.0,0.0,0.0241561327129602,0.017446994857832,0.0030569777657949,0.0895425492256391,1.026647772797206e-05,0.0242379323777849
woG1,871,0.0238174815570599,,,,91.05356860160828,0.0164892969912559,0.0,0.0,0.02386243000138,0.0171646347391556,0.0031137332610297,0.0868529661207414,1.0536199418252372e-05,0.0238174815570599
woG1,872,0.0232978625314646,,,,90.99082493782043,0.0160858641057962,0.0,0.0,0.0235072579234838,0.0167682458585525,0.0031106791060158,0.086440413579589,1.0607853856300237e-05,0.0232978625314646
woG1,873,0.0232709432631486,,,,91.1378619670868,0.0160705011765487,0.0,0.0,0.0234673156738891,0.0167680902895135,0.0030819526692226,0.0861388331157018,1.0606917791242348e-05,0.0232709432631486
woG1,874,0.0231908146658393,,,,91.08456444740295,0.0160112298994523,0.0,0.0,0.0234762661189573,0.0167202309659514,0.0031034607157782,0.0854526461544828,1.0760091199878164e-05,0.0231908146658393
woG1,875,0.0228949015593675,0.0994244739413261,22.56288503011068,0.84582945505778,91.27556037902832,0.0158048287171443,0.0,0.0,0.0232197182390411,0.016486078561818,0.0031187704126884,0.084283743481167,1.0338623370939832e-05,0.0228949015593675
woG1,876,0.0234299320193221,,,,91.08600234985352,0.0162088994593283,0.0,0.0,0.0236620410864592,0.0169016222438973,0.0031043011141696,0.0849647842897255,1.0509697563776284e-05,0.0234299320193221
woG1,877,0.0234871710436876,,,,91.26058888435364,0.0162290408443964,0.0,0.0,0.0236039259547337,0.0168876584130721,0.0030708365241584,0.0873254922630845,1.0791329453089196e-05,0.0234871710436876
woG1,878,0.0233285549539523,,,,91.3663523197174,0.0161421057218533,0.0,0.0,0.0235117982431757,0.0167828805698845,0.0030532616885287,0.08522864650996,9.534439754147965e-06,0.0233285549539523
woG1,879,0.0236804246230692,,,,91.70963668823242,0.0163830187950344,0.0,0.0,0.0237248410913543,0.0170650045753868,0.0031148061236427,0.0868569368832424,9.444769937839424e-06,0.0236804246230692
woG1,880,0.0233607059344649,0.1012663738802075,22.34502919514974,0.8385005633036295,91.50770235061646,0.0161138836401285,0.0,0.0,0.0235306585864087,0.0167814756850483,0.0031736643248252,0.0877043072012115,9.5222500270423e-06,0.0233607059344649
woG1,881,0.0235194961738879,,,,91.11762237548828,0.0162489025884109,0.0,0.0,0.023649461742979,0.0169073743287657,0.0030471274818171,0.0876648248799267,9.50797902830792e-06,0.0235194961738879
woG1,882,0.0233530716314056,,,,91.02298378944396,0.0161247535791919,0.0,0.0,0.0235826164850446,0.016800799475769,0.0030767584322631,0.0867655527640561,9.692494441944002e-06,0.0233530716314056
woG1,883,0.0231601146553627,,,,91.06146955490112,0.0159925957530981,0.0,0.0,0.0233650064004249,0.0166895333830206,0.0030899189830543,0.0856556685366591,1.0470429230460502e-05,0.0231601146553627
woG1,884,0.0231473270773154,,,,91.14484810829164,0.0159725706230421,0.0,0.0,0.0233832711170687,0.0166776073012562,0.003060849944557,0.086179950640949,1.0629940127980631e-05,0.0231473270773154
woG1,885,0.0231743589440574,0.1061249934136867,22.009503682454422,0.8409311135609945,90.98908305168152,0.0160196551396587,0.0,0.0,0.0234287262695734,0.0166876081331465,0.0030844319882787,0.0848012690233891,1.0420808686499425e-05,0.0231743589440574
woG1,886,0.0234631798611801,,,,91.1251459121704,0.0162105587784384,0.0,0.0,0.0235822614373975,0.0169072390045421,0.0031070905712769,0.0867961350461987,1.0239456195829308e-05,0.0234631798611801
woG1,887,0.0234305216457511,,,,91.57906103134157,0.0161901948988804,0.0,0.0,0.0235814873709297,0.0168632681435737,0.0030600122055878,0.086812423206255,1.0472040630541724e-05,0.0234305216457511
woG1,888,0.0230362774865304,,,,91.42242431640624,0.0158944444456061,0.0,0.0,0.0232659657180431,0.0165915890428863,0.0030789590349085,0.0857905206407924,1.1078298621097202e-05,0.0230362774865304
woG1,889,0.0228987931899848,,,,91.39826488494872,0.0157999216853717,0.0,0.0,0.0232167193574495,0.0164945026951246,0.0030537072710356,0.0849116344432361,1.042249836818543e-05,0.0228987931899848
woG1,890,0.0229720923530518,0.1033380478620529,22.28686981201172,0.8414515654246012,91.64291095733644,0.0158536646316652,0.0,0.0,0.0232400345677112,0.0165362262060163,0.0030646342440645,0.0853355798992465,9.739651413041409e-06,0.0229720923530518
woG1,891,0.0230518835062374,,,,91.13270425796507,0.0159127138875669,0.0,0.0,0.0233059643966252,0.0166123274744289,0.0030179243300064,0.0855342482415134,1.080553097927592e-05,0.0230518835062374
woG1,892,0.023097155043153,,,,91.28285813331604,0.0159526367473309,0.0,0.0,0.023354110140048,0.0166506670094782,0.0031106108894999,0.0848548333694944,1.1049799290441436e-05,0.023097155043153
woG1,893,0.023713500750419,,,,91.72729516029358,0.0164363784639195,0.0,0.0,0.0237464983794899,0.0170996469811948,0.0030659179768112,0.0856045990205202,1.0769973722426186e-05,0.023713500750419
woG1,894,0.0236908486876331,,,,91.8371560573578,0.0163812778630584,0.0,0.0,0.0237940790314899,0.0170348005094489,0.0030599166915874,0.0877091321544569,1.0841261261523747e-05,0.0236908486876331
woG1,895,0.0236096572375199,0.1016931496560573,22.474495951334635,0.8424938360850016,91.90815782546996,0.0163182385235292,0.0,0.0,0.0237393096150433,0.0169972168953448,0.0030525697048822,0.08742594517401,1.061312323410603e-05,0.0236096572375199
woG1,896,0.0231864516943937,,,,91.1556167602539,0.0160030236192902,0.0,0.0,0.0234005679452761,0.016694876899729,0.0031122490162503,0.0861662159536461,1.031802371108506e-05,0.0231864516943937
woG1,897,0.0229726191381084,,,,91.069819688797,0.0158318134604907,0.0,0.0,0.0232004962525651,0.0165362353283973,0.0030613677217396,0.0866248655728385,1.1200274930171346e-05,0.0229726191381084
woG1,898,0.0228707777855337,,,,91.19963812828064,0.0157763573386874,0.0,0.0,0.0231561063193395,0.0164735039665562,0.0030651269079811,0.0850958717437308,1.036303087017029e-05,0.0228707777855337
woG1,899,0.0231694129494125,,,,91.0780222415924,0.0159913809649402,0.0,0.0,0.0234408309820611,0.0166946481073611,0.0030376310536607,0.086035851816662,1.0836198704425815e-05,0.0231694129494125
woG1,900,0.0231140447994236,0.1013679429888725,22.361641438802085,0.8436853567759196,90.95702385902403,0.0159779066891699,0.0,0.0,0.0233284780435019,0.0166584068878752,0.0030608293705345,0.0846600845822545,1.104416704823944e-05,0.0231140447994236
woG1,901,0.0234443492973681,,,,91.59749031066896,0.0161957122904599,0.0,0.0,0.0236190554197328,0.0168932047748907,0.0030612569974094,0.0867733865915263,1.0342824620800346e-05,0.0234443492973681
woG1,902,0.0232519443971333,,,,91.26562118530272,0.0160686047060689,0.0,0.0,0.0234393048268116,0.016766113481011,0.0030606563687782,0.08550072067463,1.0578437656068647e-05,0.0232519443971333
woG1,903,0.0228967462651065,,,,91.1929771900177,0.0157751603601653,0.0,0.0,0.0231829495550911,0.0164691815992481,0.0030247596842542,0.0865519766191967,9.320294621684909e-06,0.0228967462651065
woG1,904,0.0231616881630215,,,,91.37918663024902,0.0160167238323903,0.0,0.0,0.0234164238418834,0.0166969511688488,0.0030391887937229,0.0844515166474414,9.466867002054718e-06,0.0231616881630215
woG1,905,0.0229976510125227,0.1000913605093956,22.55108337402344,0.8446076711018881,91.1024079322815,0.0158840058157678,0.0,0.0,0.0232809618054354,0.0165773470214278,0.0030492528906611,0.0845824973352375,1.0871869825806876e-05,0.0229976510125227
woG1,906,0.0228684201729712,,,,91.37434029579164,0.0157769442474866,0.0,0.0,0.0231443492039183,0.016483319358381,0.0030320451659776,0.0850297866663971,1.0492686179457129e-05,0.0228684201729712
woG1,907,0.0230698492148982,,,,91.06146812438963,0.0159340430524383,0.0,0.0,0.023291517346792,0.0166366069241747,0.0031184115233357,0.0847791158517853,1.083184892025908e-05,0.0230698492148982
woG1,908,0.0246035836972906,,,,91.05880498886108,0.0171023949247891,0.0,0.0,0.0243758444872791,0.0177398552110449,0.0030925413097453,0.0877819291209099,1.0825327040783966e-05,0.0246035836972906
woG1,909,0.0272264113710796,,,,90.935959815979,0.0190984235740587,0.0,0.0,0.0262160772213437,0.0196713347018497,0.0030986076482327,0.0924218756024588,1.0849701521676748e-05,0.0272264113710796
woG1,910,0.0272905956037709,0.1036284882575273,22.161132303873696,0.8457679589589436,90.95054984092712,0.0191204871783857,0.0,0.0,0.0262703207153521,0.0197103029025382,0.0031702723401812,0.0936354301320236,9.169617927068476e-06,0.0272905956037709
woG1,911,0.024485871638553,,,,91.24503684043884,0.0169934615966115,0.0,0.0,0.0243289737473623,0.0176442621932288,0.0031137717362936,0.0884020855864052,9.642032604489572e-06,0.024485871638553
woG1,912,0.0230093973337626,,,,91.4133951663971,0.0158821857061053,0.0,0.0,0.0232700326663182,0.0166144378361154,0.0030647048852635,0.0848721371444522,1.024233691944955e-05,0.0230093973337626
woG1,913,0.0225577711539923,,,,91.12053298950195,0.0155541742922829,0.0,0.0,0.0229438031397637,0.0162978690407681,0.0029934171661658,0.0834466778505288,1.1187013051800012e-05,0.0225577711539923
woG1,914,0.0225093610370989,,,,91.01091170310974,0.0155015876211348,0.0,0.0,0.0229393083174697,0.0162373266915683,0.0029982346907777,0.08425977923831,1.0904426333885197e-05,0.0225093610370989
woG1,915,0.0221598266593379,0.1018357425928115,22.38824615478516,0.8442346096038819,91.19990181922913,0.015253224287976,0.0,0.0,0.0226524659646216,0.0160010603989367,0.0029836635870599,0.0827695166417321,1.0973172515824673e-05,0.0221598266593379
woG1,916,0.0220706984095397,,,,91.03185057640076,0.015184267714131,0.0,0.0,0.0225616475780967,0.015922569196488,0.0029798472370784,0.0829243205762544,1.1077673080511685e-05,0.0220706984095397
woG1,917,0.0225424626231437,,,,91.0522527694702,0.0155582035296275,0.0,0.0,0.0229321511950893,0.0162713628979857,0.0029780899659257,0.0828532807406832,1.0171696438108988e-05,0.0225424626231437
woG1,918,0.0227273016190919,,,,91.4133641719818,0.0156699628187496,0.0,0.0,0.023053223618352,0.0163574887393805,0.0029599171811256,0.0852347689634952,9.441933259310284e-06,0.0227273016190919
woG1,919,0.0227340273024728,,,,91.08058786392212,0.015678778382354,0.0,0.0,0.0230615146565022,0.016394862233371,0.0030260327430518,0.0844587847651516,9.705449753864496e-06,0.0227340273024728
woG1,920,0.0227512310671268,0.1024560555815696,22.260599772135414,0.843642282485962,91.24645948410034,0.0156628375521815,0.0,0.0,0.0229941280024339,0.016370906670135,0.0030092704577417,0.0866917885962079,1.0461988719906354e-05,0.0227512310671268
woG1,921,0.0227683491501041,,,,91.03746819496156,0.0156755913888699,0.0,0.0,0.0230454882591596,0.0163896332006351,0.0030101791084324,0.086513702559178,1.036847062462532e-05,0.0227683491501041
woG1,922,0.0229312700875958,,,,91.11316752433775,0.0158554037926016,0.0,0.0,0.0231949673644954,0.0165534005195024,0.0029835451468749,0.0835401435672748,1.0238255906759656e-05,0.0229312700875958
woG1,923,0.0229785762208162,,,,91.02815175056458,0.0158502882972481,0.0,0.0,0.0232038724190387,0.0165492958984658,0.0030462274134166,0.0859158953773926,1.0282308670706371e-05,0.0229785762208162
woG1,924,0.0226757513572935,,,,91.07000422477722,0.0156294174919851,0.0,0.0,0.0230287777366818,0.0163443271742492,0.0030080149557105,0.0847208116386757,1.0870761560496617e-05,0.0226757513572935
woG1,925,0.0229091818184881,0.1004664367064833,22.460351053873698,0.8428264458974203,90.92811274528503,0.0157858286373561,0.0,0.0,0.0231937980813691,0.016495991124176,0.0030218262891437,0.0863396988601469,1.109970910863207e-05,0.0229091818184881
woG1,926,0.0225570973344757,,,,91.03518652915956,0.0155404053292557,0.0,0.0,0.0229267572190185,0.0162804869125734,0.0029829677526426,0.0843851854872019,1.13148824566751e-05,0.0225570973344757
woG1,927,0.0223360407761618,,,,91.12836050987244,0.015388239144546,0.0,0.0,0.0227476906519932,0.0161205142522688,0.0029578301268362,0.08335746530077,1.0779183647164792e-05,0.0223360407761618
woG1,928,0.0224586287131685,,,,91.0588891506195,0.0154508583736224,0.0,0.0,0.0228323121097122,0.0161892642862484,0.0030148337303172,0.0851019928231835,1.060105750629833e-05,0.0224586287131685
woG1,929,0.022975921241536,,,,91.00029134750366,0.0158273936860019,0.0,0.0,0.0232151488880397,0.0164970780157896,0.003056528370209,0.0873637858350745,1.0189815766341702e-05,0.022975921241536
woG1,930,0.0228485041603323,0.1008815020322799,22.360813903808594,0.8418225447336832,91.12431907653809,0.0157684542803612,0.0,0.0,0.0231379344143339,0.0164806566995064,0.0030039014432151,0.0846234349930872,1.0310589860185e-05,0.0228485041603323
woG1,931,0.0227665709423237,,,,91.06161046028136,0.0156967424421158,0.0,0.0,0.0230529096328699,0.0163969659383912,0.0030418268240774,0.0851376059419307,1.0427406540298249e-05,0.0227665709423237
woG1,932,0.0232646424689742,,,,91.1931803226471,0.0160845809799359,0.0,0.0,0.0233779865637665,0.0167715380304172,0.003039656980841,0.0856115858024749,1.1064678288759013e-05,0.0232646424689742
woG1,933,0.023201365733794,,,,91.52244520187378,0.0160381260450135,0.0,0.0,0.0233706760327102,0.0167377462045701,0.0029868195043327,0.0853488577193901,1.136753437904449e-05,0.023201365733794
woG1,934,0.0228156829634528,,,,91.01337790489195,0.0157354163677721,0.0,0.0,0.0230737798160216,0.016433683567543,0.0030117738699983,0.0853288454293716,1.0869937311156217e-05,0.0228156829634528
woG1,935,0.0227412995805994,0.1013686265796423,22.25795694986979,0.8430226802825928,91.11234784126282,0.0156890016094949,0.0,0.0,0.0231188758520684,0.0164052640836014,0.0030256728651231,0.0839786237930176,1.0869474357562032e-05,0.0227412995805994
woG1,936,0.0228156902308224,,,,91.98044419288637,0.0157300957142696,0.0,0.0,0.0230802630807166,0.016429284419559,0.0030271767096624,0.0855514257535582,1.1406946073456022e-05,0.0228156902308224
woG1,937,0.0227856805288522,,,,91.19737267494202,0.0157201508380716,0.0,0.0,0.0230748297448163,0.016429375078468,0.0029591441499909,0.084841596497009,1.049357529406042e-05,0.0227856805288522
woG1,938,0.023871520412017,,,,91.09240865707396,0.0165107263801772,0.0,0.0,0.0238684830561158,0.0171772943443206,0.0030883365343172,0.0884344616263616,1.0033567205998384e-05,0.023871520412017
woG1,939,0.023784143346377,,,,91.0902361869812,0.0164840548665675,0.0,0.0,0.02374755528557,0.0171836318112299,0.002983499428097,0.0862383437266603,1.108438084324822e-05,0.023784143346377
woG1,940,0.0259473621387217,0.0997007824480533,22.56887715657552,0.8448186715443929,91.10955286026,0.0180860787904897,0.0,0.0,0.0253085931534039,0.0186698590786974,0.003089357664633,0.0927688893480379,9.788607457289031e-06,0.0259473621387217
woG1,941,0.0231342485144001,,,,91.0515673160553,0.015973749440774,0.0,0.0,0.0233033616019443,0.016676088130926,0.0030550255629111,0.0858259233111729,9.225217224497723e-06,0.0231342485144001
woG1,942,0.023176005461299,,,,91.16990494728088,0.016005390232093,0.0,0.0,0.0233622606935315,0.0166915016340427,0.0030463462558071,0.0859766072120334,9.440921056487811e-06,0.023176005461299
woG1,943,0.0226451482272661,,,,91.08033752441406,0.0156181663900735,0.0,0.0,0.0229523646889529,0.0163224997899693,0.0030130957488016,0.0842573079356893,9.892997943432268e-06,0.0226451482272661
woG1,944,0.0222875957957423,,,,91.08613681793211,0.0153513381364526,0.0,0.0,0.0227177898384264,0.016086937103909,0.0029990893137854,0.083071036386441,9.923380000577476e-06,0.0222875957957423
woG1,945,0.0222910603309874,0.1032589357346296,22.29470774332682,0.8432501475016276,91.14648795127869,0.0153451931632322,0.0,0.0,0.0227141183816262,0.0160905637579863,0.0030041404257406,0.0835093059806061,1.0773821125155194e-05,0.0222910603309874
woG1,946,0.022522410416029,,,,91.14815855026244,0.0155330836070609,0.0,0.0,0.0229415239491423,0.0162662264707757,0.0030192521812974,0.0829558954497829,1.0154529741543767e-05,0.022522410416029
woG1,947,0.0227379155207852,,,,91.10838961601256,0.0156894494458788,0.0,0.0,0.0230265585400286,0.0163631212485374,0.0030009492723172,0.084677262872946,9.599728015137636e-06,0.0227379155207852
woG1,948,0.0229160469559738,,,,91.1734549999237,0.0158216315321624,0.0,0.0,0.0231464033045607,0.0165082907120956,0.003017077714846,0.084979053525651,9.778485035193608e-06,0.0229160469559738
woG1,949,0.0229575345063673,,,,91.10461688041688,0.015838528540535,0.0,0.0,0.0231824393964326,0.016530399981764,0.0029793162467568,0.0859943921754106,9.779099645779506e-06,0.0229575345063673
woG1,950,0.0224193001669816,0.099168149754405,22.578416951497395,0.8473537921905517,91.13808798789978,0.0154329023904121,0.0,0.0,0.0227903638676297,0.0161500208186688,0.0029869139457854,0.0847056275691653,9.880533889733843e-06,0.0224193001669816
woG1,951,0.0227576351923043,,,,90.99375700950624,0.0156833526647848,0.0,0.0,0.0230949164872042,0.0164071474010582,0.0030024093890669,0.0852477911126906,1.1112230454500707e-05,0.0227576351923043
woG1,952,0.0225995596589856,,,,91.06629824638368,0.0155842047810676,0.0,0.0,0.0229108636038469,0.0163132214506507,0.0030118133262044,0.0839391446168549,1.1371141223941013e-05,0.0225995596589856
woG1,953,0.0228262970254558,,,,91.11229658126832,0.0157505179083616,0.0,0.0,0.0230738461307692,0.0164567619775895,0.0030096324263751,0.0848818212808644,1.119748950053086e-05,0.0228262970254558
woG1,954,0.0230001521709023,,,,91.0574231147766,0.0158913010792409,0.0,0.0,0.0232297814008398,0.0165785993220376,0.0029708378095195,0.0848487149313336,1.075330121583263e-05,0.0230001521709023
woG1,955,0.0226005665866322,0.1007803510874509,22.58442128499349,0.8440955956776937,91.29593181610107,0.0155855669243047,0.0,0.0,0.022926117827902,0.0163038767736832,0.0030189862820228,0.0839256897385491,1.0218744269652191e-05,0.0226005665866322
woG1,956,0.0224052912815183,,,,91.14064812660216,0.0154181428971227,0.0,0.0,0.0227413952091067,0.0161659390299168,0.0029789267878857,0.0848115990854433,1.0291297172895428e-05,0.0224052912815183
woG1,957,0.0223814556375145,,,,91.11816501617432,0.0154216439753282,0.0,0.0,0.0227706905332256,0.0161595317367158,0.0029630498391896,0.0834547283250044,1.114183689396536e-05,0.0223814556375145
woG1,958,0.0224444395786181,,,,91.30307507514954,0.0154446280469782,0.0,0.0,0.0227891257124357,0.0161664971593217,0.0030051690600736,0.0851424817820308,1.1894305439182056e-05,0.0224444395786181
woG1,959,0.0226335365508423,,,,90.97169876098631,0.015591904391214,0.0,0.0,0.0229282672211649,0.0163153116285923,0.0030331072601734,0.0850780289925512,9.939290542951967e-06,0.0226335365508423
woG1,960,0.0234433939741527,0.0998947117477655,22.55270284016927,0.8449461301167805,91.0956733226776,0.0162295238038555,0.0,0.0,0.0234900476395717,0.0169121564946091,0.0030369156566982,0.085458878458279,1.0414845100305793e-05,0.0234433939741527
woG1,961,0.0243078562904332,,,,91.14458322525024,0.0168550762912777,0.0,0.0,0.0241526861323929,0.0174684601332076,0.0030239327986281,0.0892432059054492,9.460114746848022e-06,0.0243078562904332
woG1,962,0.0233690823031375,,,,91.01732611656188,0.0161914668870387,0.0,0.0,0.0234819291938157,0.0168612924801399,0.0030554936455417,0.0841131905612886,9.934820389960123e-06,0.0233690823031375
woG1,963,0.0232249226757004,,,,91.08974862098694,0.016064022812748,0.0,0.0,0.0233384829594707,0.0167537967017928,0.0030041752177,0.085131423654737,9.944819677691732e-06,0.0232249226757004
woG1,964,0.0234190883557693,,,,91.03851580619812,0.0162053183789868,0.0,0.0,0.023413277918198,0.0168681326856622,0.0029877623329397,0.086397996019633,1.0039843053048075e-05,0.0234190883557693
woG1,965,0.0232575540736195,0.1034899204969406,22.14425252278646,0.8446878910064697,91.1547784805298,0.0160678610373593,0.0,0.0,0.0235234352790552,0.0167549001511003,0.0029741882081296,0.0859400116395754,1.0313572763902256e-05,0.0232575540736195
woG1,966,0.0223457728680528,,,,91.134601354599,0.0153950859761995,0.0,0.0,0.0227045967304682,0.016141578265023,0.0029378163778093,0.0835433310874905,1.116734137997526e-05,0.0223457728680528
woG1,967,0.0221854080293388,,,,91.14384603500366,0.0152781598850107,0.0,0.0,0.0226230953713176,0.0160170134202745,0.0029486756453092,0.0829002211084131,9.947672335261368e-06,0.0221854080293388
woG1,968,0.0222582449586909,,,,91.09446620941162,0.0153082033283397,0.0,0.0,0.0226147980810921,0.0160357506189983,0.0029677085952497,0.0848089092579044,1.1271814508325167e-05,0.0222582449586909
woG1,969,0.022456351469164,,,,91.03026700019836,0.015464024618268,0.0,0.0,0.0228050243353745,0.0161873162418726,0.0029909768786861,0.0845543439576371,9.64284370257871e-06,0.022456351469164
woG1,970,0.0222982015369124,0.1044700872153043,22.18715108235677,0.8437974135080973,91.00257277488708,0.0153536722445707,0.0,0.0,0.0226994884261464,0.0160733891620499,0.0029841096753056,0.0837533332438009,9.713380584967163e-06,0.0222982015369124
woG1,971,0.0221784553169959,,,,91.07964062690736,0.0152806692649839,0.0,0.0,0.0225858894924892,0.0160124348171177,0.0029234818934814,0.0827226588105569,9.63918317367882e-06,0.0221784553169959
woG1,972,0.0222600765801111,,,,91.16949677467346,0.0153448752539812,0.0,0.0,0.0226467874542367,0.0160771402469301,0.002960798633094,0.082553235203272,1.0189118464378718e-05,0.0222600765801111
woG1,973,0.0224094348043569,,,,91.05618453025818,0.015441502078024,0.0,0.0,0.0227314542108749,0.0161725659014993,0.0030077409837013,0.0837092238371489,9.94577178441588e-06,0.0224094348043569
woG1,974,0.0227291094612513,,,,91.09277367591858,0.0156806498521664,0.0,0.0,0.0230172316268941,0.0163925614772883,0.0029613439396374,0.0845778129506306,1.052146523224721e-05,0.0227291094612513
woG1,975,0.022187714846652,0.1015729364007711,22.367909240722657,0.8459489822387696,91.01678013801576,0.0152773005719922,0.0,0.0,0.0225519365631043,0.0160220613489385,0.0029496867343264,0.0832882681861519,1.0680630549542983e-05,0.022187714846652
woG1,976,0.0223140224631204,,,,91.0603733062744,0.0153607898773472,0.0,0.0,0.0226324450560524,0.0160998779608577,0.0030139041654231,0.0840718579463294,1.118338566426577e-05,0.0223140224631204
woG1,977,0.0224514225360433,,,,91.05280780792236,0.0154744355603441,0.0,0.0,0.0227604923296536,0.0161864007670493,0.0029851170991486,0.0839975809098267,1.0640919332826652e-05,0.0224514225360433
woG1,978,0.0225476338604434,,,,91.39040970802309,0.0155452943834491,0.0,0.0,0.0228470517246083,0.0162436125845816,0.0030027972992326,0.0842764234384063,1.0065942307666223e-05,0.0225476338604434
woG1,979,0.0225069300332641,,,,91.068288564682,0.0154944311247253,0.0,0.0,0.0227769900907258,0.0162323832389761,0.0029563256405813,0.0853630210135559,9.665173440836605e-06,0.0225069300332641
woG1,980,0.0227953287177398,0.1020021066069603,22.444134521484376,0.8465741793314616,91.08076739311218,0.0157384394866521,0.0,0.0,0.0230138767510652,0.0164363173019812,0.0029347433611277,0.0846819730750361,9.674483405536087e-06,0.0227953287177398
woG1,981,0.0226225208674297,,,,91.02118444442748,0.0155851128205779,0.0,0.0,0.022875972443306,0.0162970435454464,0.0029996781334181,0.0853923761026292,9.978604400406058e-06,0.0226225208674297
woG1,982,0.0226322679520874,,,,91.0436396598816,0.0156078180832574,0.0,0.0,0.0229291741614092,0.0163279188506793,0.002972685709046,0.0843309055342048,9.94543753154056e-06,0.0226322679520874
woG1,983,0.0224442218781494,,,,90.97724223136902,0.0154578409951607,0.0,0.0,0.0227373264745244,0.0161691289013404,0.003000491490057,0.0846713348978855,1.027172095175879e-05,0.0224442218781494
woG1,984,0.022761017878036,,,,91.2060387134552,0.0157024087384343,0.0,0.0,0.0229630018889781,0.0163945445302324,0.0030133924485168,0.0850736783725805,1.15143014198156e-05,0.022761017878036
woG1,985,0.0237943189462921,0.1009859889745712,22.476969401041668,0.8432032108306885,91.14974188804626,0.0164991450709764,0.0,0.0,0.0237446276959581,0.0171479152317052,0.0029789703777899,0.0863800015850145,1.032023074389498e-05,0.0237943189462921
woG1,986,0.0237534935891506,,,,91.20035648345949,0.0164740066593665,0.0,0.0,0.0237402038602921,0.0171573092458678,0.0030046882838789,0.085416401415819,1.0574478391793624e-05,0.0237534935891506
woG1,987,0.0232412080723242,,,,91.1718819141388,0.0160765025428816,0.0,0.0,0.0232999953899349,0.016760493101949,0.0029746070714117,0.085526557242284,1.075931110470346e-05,0.0232412080723242
woG1,988,0.0233863175037454,,,,91.07146954536438,0.0161869352927706,0.0,0.0,0.0234848789901274,0.0168942305809039,0.0029820528532164,0.0851538854299998,1.0390788648670902e-05,0.0233863175037454
woG1,989,0.023013008414905,,,,91.2246310710907,0.0158997492513573,0.0,0.0,0.0231420977544955,0.01661002855809,0.0029584422400297,0.0851554403417423,1.0146307546691307e-05,0.023013008414905
woG1,990,0.0231544299387052,0.09892163798213,22.55235595703125,0.8449354966481527,91.16660046577454,0.0159965667217114,0.0,0.0,0.0232812795772782,0.0166921357654767,0.0029713154625391,0.0859561586355576,1.0527814881168905e-05,0.0231544299387052
woG1,991,0.0232951471307238,,,,91.0640354156494,0.0161082871472004,0.0,0.0,0.0233960848637535,0.0168114986087455,0.0029860610947715,0.0856941822977339,1.0491070504839212e-05,0.0232951471307238
woG1,992,0.0225778631255274,,,,91.20635914802553,0.0155729834127743,0.0,0.0,0.022873044013977,0.016283301254887,0.0029706502978338,0.0840311494091006,1.0104678370751044e-05,0.0225778631255274
woG1,993,0.0224842874287459,,,,91.18636989593506,0.0155142231645887,0.0,0.0,0.0228005165050997,0.0162257130685277,0.0029557022393955,0.0832160003483295,1.042058304841351e-05,0.0224842874287459
woG1,994,0.0223716506581814,,,,91.11121439933775,0.0154127519211319,0.0,0.0,0.0226979215751539,0.0161540703237301,0.0029643209380112,0.0837497711486992,1.098685582526192e-05,0.0223716506581814
woG1,995,0.0222741721625455,0.0992322117090225,22.522562154134118,0.8455662409464518,91.05394077301024,0.0153376391065902,0.0,0.0,0.0225942974879604,0.0160936556267933,0.002942103654963,0.083738968051115,1.1034844203751746e-05,0.0222741721625455
woG1,996,0.0227761882219891,,,,91.13161945343018,0.0157105363752754,0.0,0.0,0.0230339709058648,0.016403349467599,0.0029710463041126,0.0852240575935508,9.956927635754045e-06,0.0227761882219891
woG1,997,0.0225528839395427,,,,91.11069464683531,0.0155453128953937,0.0,0.0,0.0228395776090319,0.0162618065130759,0.0029790454484965,0.0844808751717209,1.022795661470998e-05,0.0225528839395427
woG1,998,0.0221796406692535,,,,91.36836886405943,0.0152691248040951,0.0,0.0,0.0225907987685965,0.0160142366972858,0.0029028394759525,0.0834031926132127,1.1364168957317218e-05,0.0221796406692535
woG1,999,0.0220593778477584,,,,91.1062502861023,0.0151653112690956,0.0,0.0,0.0224724868007126,0.015911661951085,0.002904733132903,0.0840723761281029,1.0904945846077126e-05,0.0220593778477584
woG1,1000,0.0220233323434215,0.1017753109335899,22.356060791015626,0.8447425842285157,91.11920285224916,0.0151517546476155,0.0,0.0,0.0224203492942281,0.0158975231842916,0.0029065278592542,0.0832906164625873,1.1057937125009304e-05,0.0220233323434215
