Loss_Variant,Epoch,Train_Loss,Val_Loss,Val_PSNR,Val_SSIM,Time,recon,ssim,edge,wav,base,illum,col,oe,total
woG4,1,0.2141346240141352,0.2195275649428367,16.9405517578125,0.7060880422592163,91.9168620109558,0.1230124912117836,0.2947858557349346,0.0156428022615489,0.1178334344361649,0.1793232907647969,0.0103847255327235,0.0,0.0,0.2141346240141352
woG4,2,0.1757313732485302,,,,91.75018167495728,0.1035127103572986,0.2399315013260138,0.013561146173504,0.1013918633221602,0.1321385923589839,0.0126476464869423,0.0,0.0,0.1757313732485302
woG4,3,0.1651488513243003,,,,91.68992567062378,0.0996993446081388,0.2273092973427694,0.0129335833194314,0.0982123954435352,0.1089681592449301,0.0131976091012847,0.0,0.0,0.1651488513243003
woG4,4,0.1616130240383695,,,,91.69096183776855,0.0982316689352031,0.2246334845902489,0.0126899165086081,0.0966615108315084,0.1014740320808086,0.0128013511440243,0.0,0.0,0.1616130240383695
woG4,5,0.1580258008764415,0.1618850920349359,19.463080851236978,0.7664979298909506,91.1656641960144,0.0968028836440844,0.2167132335608123,0.0123829727488585,0.0953104462108162,0.0975850882833121,0.0119366109157439,0.0,0.0,0.1580258008764415
woG4,6,0.1525728665292263,,,,91.12386775016785,0.0932853149524966,0.2106564005867379,0.0121128146658788,0.0922572743452963,0.0939062086590489,0.0115203412639007,0.0,0.0,0.1525728665292263
woG4,7,0.1479434695278035,,,,91.12804055213928,0.0906592819412223,0.2024569970662476,0.0117485769031966,0.0899360455939027,0.0912693593895337,0.0109931590707331,0.0,0.0,0.1479434695278035
woG4,8,0.1469878837099817,,,,91.35719442367554,0.0905623434447362,0.1974705545628657,0.0114923625169169,0.0897377738271091,0.0909195853794207,0.0108424913840459,0.0,0.0,0.1469878837099817
woG4,9,0.1434040753567805,,,,91.14981985092165,0.0884376629026698,0.1921336416338311,0.0113761976597922,0.0878730863943451,0.0885001821290762,0.0105958962240485,0.0,0.0,0.1434040753567805
woG4,10,0.1431919185475247,0.1590005625039339,19.662077077229817,0.7752017974853516,91.0915389060974,0.0883796237042692,0.1911791108670782,0.0112015611347055,0.0876518511442376,0.0889495351031178,0.009666176600626,0.0,0.0,0.1431919185475247
woG4,11,0.1388954787713582,,,,91.93512725830078,0.0856484093504851,0.1851888035164504,0.0110282309841914,0.0853748604594195,0.0864967231745602,0.0098500431812994,0.0,0.0,0.1388954787713582
woG4,12,0.1390371714703372,,,,91.17184042930604,0.0860757291561267,0.1836216625620107,0.0109511432123416,0.0857234694918648,0.0862580760092031,0.0095142698083378,0.0,0.0,0.1390371714703372
woG4,13,0.1366357190198585,,,,91.4821755886078,0.0846898788738934,0.1792986290376694,0.0107698687275902,0.0844565057119385,0.0850390423333547,0.0093527798212637,0.0,0.0,0.1366357190198585
woG4,14,0.1377704982019838,,,,91.5251612663269,0.0856163270893644,0.1791291818267009,0.0107075362580782,0.0851981084427384,0.0859895058464808,0.0091958373830821,0.0,0.0,0.1377704982019838
woG4,15,0.1335094636458842,0.1498781740665435,20.17280527750651,0.7890322049458821,90.9037539958954,0.0827068072423094,0.1752468567402636,0.0106368576229901,0.0826832532088776,0.0833748120692421,0.008677021894207,0.0,0.0,0.1335094636458842
woG4,16,0.1322759492475478,,,,91.50054168701172,0.0819360006173126,0.1736190802738314,0.0105655997625139,0.0819868623721795,0.0827346174199073,0.0082866578233107,0.0,0.0,0.1322759492475478
woG4,17,0.1314488254853936,,,,91.70198559761047,0.0814031732009082,0.1727518048442778,0.0105420773406131,0.0814685076169791,0.0819828869988683,0.0086464834529295,0.0,0.0,0.1314488254853936
woG4,18,0.1276121583507686,,,,91.67168283462524,0.0788621492989239,0.1684060213995761,0.0103950821527386,0.0794786509492846,0.079783718513905,0.0081789232065259,0.0,0.0,0.1276121583507686
woG4,19,0.1282077194115177,,,,91.73878812789916,0.0793303685171193,0.1691779758109421,0.0104046429194448,0.0795239524030294,0.0798388053586737,0.0081343140766085,0.0,0.0,0.1282077194115177
woG4,20,0.1256707256323978,0.1750344112515449,18.86910196940104,0.783091417948405,91.9356243610382,0.0775352312771023,0.166880149821766,0.0103322451659401,0.0782020458432494,0.0784516723551711,0.0080045221953607,0.0,0.0,0.1256707256323978
woG4,21,0.1239860078594723,,,,91.14452123641968,0.0764698678108512,0.1647946697766663,0.0102057105892139,0.077313465875436,0.0772236245455312,0.0082106425190252,0.0,0.0,0.1239860078594723
woG4,22,0.1224454686534209,,,,91.19058227539062,0.0752095556588935,0.1651385763629538,0.0102115775092092,0.0763465847636832,0.0761072427095448,0.0078171463416064,0.0,0.0,0.1224454686534209
woG4,23,0.124308992177248,,,,91.16227650642396,0.076636507862904,0.166289779983583,0.0103015406477097,0.0772208815104648,0.0771126429870969,0.0076717526430538,0.0,0.0,0.124308992177248
woG4,24,0.1177649135838766,,,,91.12157368659972,0.0720583006251053,0.1607435985666806,0.0101295040966179,0.0735295092778616,0.0729299246593088,0.0077531388311906,0.0,0.0,0.1177649135838766
woG4,25,0.115372077119155,0.138996148481965,20.58417180379232,0.7997538725535075,91.19888210296632,0.0703417114974534,0.1593237240783503,0.0100558221866911,0.0721031503110635,0.0712097640164562,0.007735128720581,0.0,0.0,0.115372077119155
woG4,26,0.1162630783119162,,,,91.63719749450684,0.071197909318277,0.1582916344775528,0.0099759092859801,0.0727330298147729,0.0719091877585551,0.0077768447999766,0.0,0.0,0.1162630783119162
woG4,27,0.1169391695226802,,,,91.68424487113953,0.071868072828797,0.1577520780876034,0.0099852340883712,0.0733182984480603,0.0723039970473676,0.007284487498405,0.0,0.0,0.1169391695226802
woG4,28,0.1168924821082685,,,,91.63954782485962,0.0716603686269678,0.1590414486947607,0.0099704499303012,0.0731159367400114,0.0723571358706618,0.0069583779330685,0.0,0.0,0.1168924821082685
woG4,29,0.1157586103702177,,,,91.61652326583862,0.070868859037024,0.1580608711868036,0.0099914357119591,0.0723583517199168,0.0716246427876538,0.0070931385614771,0.0,0.0,0.1157586103702177
woG4,30,0.1115637571840989,0.1299141123890876,21.156265004475912,0.8068332990010579,91.32348537445068,0.0682052913137146,0.1527619601273145,0.0097895576923963,0.0700145721069124,0.0688567714551921,0.0072771705034356,0.0,0.0,0.1115637571840989
woG4,31,0.1129641876723922,,,,91.08771920204164,0.0687794989799378,0.1568936295196658,0.0099685627615964,0.0707485939024901,0.0695083651569534,0.0073831754499954,0.0,0.0,0.1129641876723922
woG4,32,0.1114534723160208,,,,91.08065056800842,0.0681842417898969,0.1525575562578733,0.0097542818307449,0.0699243187660076,0.0688135854777742,0.0067652463493105,0.0,0.0,0.1114534723160208
woG4,33,0.1081174106993636,,,,91.28037881851196,0.0655455400892457,0.1523162439221241,0.009756589529761,0.0678286512122779,0.0662734841653069,0.0069451822983253,0.0,0.0,0.1081174106993636
woG4,34,0.1072928693573005,,,,91.008465051651,0.0651368213603731,0.1502014926222504,0.00969914224411,0.067365212762942,0.0659346756693281,0.007058918941766,0.0,0.0,0.1072928693573005
woG4,35,0.1072944379487975,0.1476925332099199,20.04521789550781,0.8042158444722494,91.1147756576538,0.0651837907670462,0.1503017500775759,0.0096404315544994,0.0673582023162333,0.0657340632446232,0.0068486751645009,0.0,0.0,0.1072944379487975
woG4,36,0.1072348921758229,,,,91.40588760375977,0.0650622503312884,0.1509623107362966,0.0097036773919082,0.0674383574333347,0.0654993348251112,0.0068521818497263,0.0,0.0,0.1072348921758229
woG4,37,0.1050405635147309,,,,91.40139079093932,0.0637927751255328,0.1470685488865023,0.0095487651796858,0.0661348480364826,0.0643608749340303,0.0068387983053861,0.0,0.0,0.1050405635147309
woG4,38,0.1046662891253096,,,,92.02123069763184,0.0635670114186455,0.146453209587785,0.0095310758333653,0.065899321259778,0.0642281765209846,0.0067145092695279,0.0,0.0,0.1046662891253096
woG4,39,0.1030669713118037,,,,92.85983300209044,0.0622754599593701,0.1467707904635882,0.0095317033348513,0.0649475255889482,0.0628600872014878,0.0066435991855124,0.0,0.0,0.1030669713118037
woG4,40,0.1007926670193183,0.1201922185719013,22.021315002441405,0.8140173594156901,92.7918655872345,0.0604470648848619,0.1466556557866393,0.0096016481908068,0.0634532052657154,0.061119135988296,0.0070885832871875,0.0,0.0,0.1007926670193183
woG4,41,0.1016689575903239,,,,91.2672152519226,0.0613550180416615,0.1451016131971703,0.0094748281217256,0.0640292558208352,0.0619844850458082,0.0069464759550011,0.0,0.0,0.1016689575903239
woG4,42,0.1036002812449072,,,,91.19859910011292,0.0627160542568222,0.1465948781029122,0.0095099191234798,0.0652468963602527,0.0632018889987566,0.0069921181621182,0.0,0.0,0.1036002812449072
woG4,43,0.1005478151081526,,,,91.23063039779665,0.060510154447106,0.144832401979165,0.0094803774454554,0.0633935974452827,0.061159659390811,0.0066920123063027,0.0,0.0,0.1005478151081526
woG4,44,0.0990077231506832,,,,91.2724244594574,0.0594870900643653,0.1431061327457428,0.0094054273451815,0.0625931089896647,0.0601598791564341,0.0068127132769002,0.0,0.0,0.0990077231506832
woG4,45,0.1020936437073301,0.1244080085307359,22.011844380696616,0.8110128243764242,91.86980533599854,0.0616333053035081,0.1458370871231204,0.009454119324562,0.0644538360724195,0.0621155837825575,0.0066580539950948,0.0,0.0,0.1020936437073301
woG4,46,0.0986372248010068,,,,91.4463541507721,0.0592799850846411,0.1427004293340151,0.0093952676884402,0.0622751124081064,0.0597709634753524,0.0068276109532682,0.0,0.0,0.0986372248010068
woG4,47,0.0964347856943724,,,,91.33251452445984,0.0578311211047846,0.1402158575956938,0.0093145862099577,0.0611029842288279,0.0584502991319435,0.0065907074337,0.0,0.0,0.0964347856943724
woG4,48,0.0957129746980843,,,,91.30439496040344,0.0573505536332482,0.1395359288473598,0.0092521743451962,0.0605781579726055,0.0579900025222145,0.0065646161989415,0.0,0.0,0.0957129746980843
woG4,49,0.0956366550421617,,,,91.35256505012512,0.0572259803684275,0.1399649679660797,0.0092687632842752,0.0605717169151443,0.0579363316541812,0.0064935821268829,0.0,0.0,0.0956366550421617
woG4,50,0.0956783093450987,0.1197429690510034,21.70810394287109,0.8143040815989177,92.16461205482484,0.0572390085330507,0.1401634431276165,0.0092800879835716,0.0603886560582723,0.0579109273423425,0.0067187627265993,0.0,0.0,0.0956783093450987
woG4,51,0.0929480490931233,,,,91.21531772613524,0.0552744166925549,0.138461380708413,0.0092177285858597,0.0589271949023985,0.0560727487089204,0.0064351485897099,0.0,0.0,0.0929480490931233
woG4,52,0.0937981305674451,,,,91.21758794784546,0.0559073973630295,0.1390375236018759,0.0092750483452052,0.0594087139260573,0.0565234844679715,0.0064244646250774,0.0,0.0,0.0937981305674451
woG4,53,0.0930849103043313,,,,91.22975206375122,0.0554116444937029,0.1383633984894049,0.0092328953953673,0.0590456016972416,0.0560305633689047,0.0065918776672333,0.0,0.0,0.0930849103043313
woG4,54,0.0924906504080921,,,,91.05996012687685,0.0550324991192729,0.1375995996545573,0.0092048768610617,0.0585787212018106,0.0557372790807094,0.0065526657768326,0.0,0.0,0.0924906504080921
woG4,55,0.0923779065736004,0.1293625384569168,21.186652628580728,0.8193985303243001,91.72421407699584,0.0549578384542074,0.1375659489240802,0.0092253545451848,0.0585839053402181,0.0556140153012314,0.0064299030488998,0.0,0.0,0.0923779065736004
woG4,56,0.0923623082029526,,,,91.22766375541688,0.0550217570767539,0.1368435694545996,0.0091521863894323,0.0586053734858993,0.0557025991777171,0.0065932057294078,0.0,0.0,0.0923623082029526
woG4,57,0.0905192439123743,,,,91.22397780418396,0.0536059010010518,0.1367610575722866,0.0091394911382774,0.0573755511861355,0.054253051347542,0.0062694283904599,0.0,0.0,0.0905192439123743
woG4,58,0.0906398391320568,,,,91.10183572769164,0.053859659791237,0.1353069695292926,0.0091383701656013,0.0576251436208115,0.054508660782556,0.0064433853706864,0.0,0.0,0.0906398391320568
woG4,59,0.0925615665915071,,,,91.18716049194336,0.0552780296134411,0.136513846819518,0.0091508113527212,0.0588672432559924,0.0557421379890598,0.0061388930122627,0.0,0.0,0.0925615665915071
woG4,60,0.0909636980075328,0.1155795343220233,22.32473653157552,0.8233152071634928,91.1895833015442,0.0542253734482849,0.1344719665949462,0.0090825913901456,0.0579408647828414,0.0548860720190845,0.0062614438490423,0.0,0.0,0.0909636980075328
woG4,61,0.089700201312538,,,,91.08506917953493,0.0531772194796654,0.1349530356829283,0.0091114253317173,0.0570928732269123,0.0538260330003304,0.0061477271565159,0.0,0.0,0.089700201312538
woG4,62,0.0901036311368473,,,,91.2855327129364,0.0535601797803747,0.1346815492286056,0.009105340173071,0.05725178775973,0.0541328272064689,0.0059905406736509,0.0,0.0,0.0901036311368473
woG4,63,0.0878580604664615,,,,91.26030540466309,0.0518764796682068,0.133742449713535,0.009060118175646,0.0559144012141423,0.0525788488019196,0.0059785679036171,0.0,0.0,0.0878580604664615
woG4,64,0.0910693064148797,,,,91.3175084590912,0.0543286613203951,0.1346630747201012,0.0090527037677706,0.0579533518948515,0.0548252803807864,0.0060903017092343,0.0,0.0,0.0910693064148797
woG4,65,0.0895062054461631,0.1276633590459823,21.231953430175786,0.8197523593902588,91.26343202590942,0.0531810194284456,0.1339427081287884,0.0090542742562648,0.0569748640915409,0.0537413686788717,0.0059350324283186,0.0,0.0,0.0895062054461631
woG4,66,0.0859967617348569,,,,91.0102915763855,0.0506476106610698,0.1317687049263813,0.008954507428542,0.0548132593575559,0.0513613133798124,0.0059849489136736,0.0,0.0,0.0859967617348569
woG4,67,0.0879231574410786,,,,91.21348738670348,0.0520859893533538,0.1326795713823349,0.0090063915351314,0.0560100906085772,0.0527273474688657,0.0057329441016142,0.0,0.0,0.0879231574410786
woG4,68,0.0895574388750752,,,,91.10258674621582,0.0532670441984397,0.1336371429630967,0.009044552450908,0.0570780496555762,0.0537801334695493,0.0058790553155065,0.0,0.0,0.0895574388750752
woG4,69,0.0861136240609845,,,,91.27573013305664,0.0507761642611661,0.1316644529827305,0.0089528612013845,0.054926370316353,0.0514251477252997,0.0057626132257893,0.0,0.0,0.0861136240609845
woG4,70,0.0881250646026408,0.1243835538625717,21.745811462402344,0.8185203234354655,91.16533470153809,0.0522807976078303,0.1324721594325831,0.0090237425594422,0.0562572874067748,0.0527878164115255,0.0058013629530877,0.0,0.0,0.0881250646026408
woG4,71,0.0852170182300395,,,,91.06107115745544,0.0502142955503258,0.1305992935524612,0.0089249312343289,0.0543646293341136,0.0507818019231323,0.0057631336862496,0.0,0.0,0.0852170182300395
woG4,72,0.0828898765574224,,,,91.29909253120422,0.0485382548334901,0.1291422189259138,0.0088771045681272,0.0529769209564709,0.0492219343384514,0.005673656425225,0.0,0.0,0.0828898765574224
woG4,73,0.0842371660238895,,,,91.32284140586852,0.0495110741801193,0.1299401550996499,0.0088814301492615,0.0536705353678982,0.0502194998114079,0.0056681715917666,0.0,0.0,0.0842371660238895
woG4,74,0.0859863695184715,,,,91.28363633155824,0.0508297678602279,0.1304187095556102,0.0089094464315987,0.0550305719533171,0.0514025472898463,0.0058170852526167,0.0,0.0,0.0859863695184715
woG4,75,0.0855620248151607,0.1154706999659538,22.30799560546875,0.8231554349263509,91.16227078437804,0.0504926962045128,0.1305634701838258,0.0089101443357277,0.0545837016867809,0.051112859555688,0.0056254002017533,0.0,0.0,0.0855620248151607
woG4,76,0.0848049006623322,,,,91.19463157653809,0.049776578612137,0.1313654985584196,0.0089616218627598,0.0542143337184288,0.050429565862554,0.0056544523495325,0.0,0.0,0.0848049006623322
woG4,77,0.0818608405648684,,,,91.17026829719543,0.0478082325034698,0.1285704589280925,0.0088342848104104,0.0523569720995719,0.0484202353008946,0.005658997831576,0.0,0.0,0.0818608405648684
woG4,78,0.0832116476825026,,,,91.5039222240448,0.048815357300346,0.1290786051359333,0.0088615178695467,0.0531477788921262,0.0494883552529528,0.0055241242631292,0.0,0.0,0.0832116476825026
woG4,79,0.084642010695133,,,,91.17624568939208,0.0497885253585752,0.1304246065069417,0.0089323228744209,0.0540428850189095,0.0503917291271882,0.0055175132621995,0.0,0.0,0.084642010695133
woG4,80,0.0822144364480112,0.1141730174422264,22.274477132161454,0.8255388736724854,91.51685404777528,0.0481386945476053,0.1281631510765826,0.0088230837060169,0.0525509279496112,0.0487907989652919,0.0055985064054915,0.0,0.0,0.0822144364480112
woG4,81,0.0845924959380607,,,,91.2934033870697,0.0497658923268318,0.1302017227548067,0.0089194901463132,0.054181627730732,0.0503884842313948,0.0054767898886968,0.0,0.0,0.0845924959380607
woG4,82,0.0846453332876572,,,,91.31450200080872,0.0498450220119757,0.1302258895068872,0.0088844829903091,0.0538975761012464,0.0503389072894561,0.0055326972668227,0.0,0.0,0.0846453332876572
woG4,83,0.081148785371028,,,,91.27116775512695,0.0473800456212436,0.1274727597588398,0.00879114426932,0.0519597770524073,0.0479437289454165,0.0057842460514397,0.0,0.0,0.081148785371028
woG4,84,0.0811628409829296,,,,91.20477056503296,0.0473839803369807,0.1276665701240789,0.0087668944844884,0.0519114175628198,0.0479782906162445,0.0055244836124179,0.0,0.0,0.0811628409829296
woG4,85,0.0825861763575526,0.1233208868652582,22.177210489908852,0.8168824036916097,91.3627724647522,0.0484056812787397,0.1287066511443403,0.0088209005637613,0.0527122550353896,0.0489300603169153,0.0053807380227524,0.0,0.0,0.0825861763575526
woG4,86,0.0803015955464273,,,,91.13046288490295,0.0467950173913211,0.1270024551719915,0.0087401003034815,0.0513573986646093,0.0473849615387496,0.0054202589786565,0.0,0.0,0.0803015955464273
woG4,87,0.0812619028643506,,,,91.19950771331789,0.0475524923016057,0.1268526437829752,0.0087538874311158,0.0520431377360078,0.0482123007875729,0.0054738498159272,0.0,0.0,0.0812619028643506
woG4,88,0.0814378734250537,,,,91.26686000823976,0.0476830509628673,0.1270609634821532,0.0087247166141379,0.0520076363301668,0.0483534221430538,0.0053518285829818,0.0,0.0,0.0814378734250537
woG4,89,0.0814673699682853,,,,91.40321564674376,0.0476886804414088,0.1272400754397032,0.0087541971836605,0.0521479185334727,0.0482555704618819,0.0054002618817917,0.0,0.0,0.0814673699682853
woG4,90,0.0788601267105731,0.1225473750382661,21.80807088216146,0.8281441370646159,91.14954948425292,0.0458182296792014,0.1255453678428149,0.0087412503990726,0.0506122857637581,0.0465296095267671,0.0052265432552571,0.0,0.0,0.0788601267105731
woG4,91,0.0800691123013613,,,,91.22171449661256,0.0467677184334788,0.125712545680218,0.0087048924550963,0.0512673482604202,0.0474037391698507,0.0053391401946056,0.0,0.0,0.0800691123013613
woG4,92,0.0809197954100663,,,,91.22389316558838,0.0473798273711419,0.1261064771746025,0.0087261126895786,0.0519667880792842,0.0480072215871244,0.0053612977938085,0.0,0.0,0.0809197954100663
woG4,93,0.0808284961175723,,,,91.20502257347108,0.0473016692997246,0.1262745847467516,0.008780343435155,0.0519606525566978,0.0478236628238294,0.005312949970563,0.0,0.0,0.0808284961175723
woG4,94,0.0814713660444392,,,,91.25438928604126,0.0477700827215782,0.1266829982155659,0.0087384636261973,0.0522617530841075,0.0482922833351815,0.005281416212636,0.0,0.0,0.0814713660444392
woG4,95,0.0771633220805985,0.1140619833022356,22.54938252766927,0.8300256729125977,91.29107093811037,0.0446495245989473,0.1241715574850801,0.0086554818114907,0.0495092737656392,0.0453429829146041,0.0053243835391782,0.0,0.0,0.0771633220805985
woG4,96,0.0782197613696583,,,,91.1653172969818,0.045454644918686,0.1245128634523172,0.0086715210145186,0.0501384144862655,0.0460951830581074,0.005306253724991,0.0,0.0,0.0782197613696583
woG4,97,0.0766787094781633,,,,91.14969754219057,0.0443124831425117,0.1237985609007663,0.0086610251350603,0.0492267977507388,0.0449900083457593,0.0053405512303694,0.0,0.0,0.0766787094781633
woG4,98,0.0795545562429994,,,,91.2210545539856,0.0464780199814771,0.1251214444637298,0.0086772155405984,0.0509409667527089,0.0469124634429568,0.0052085962799209,0.0,0.0,0.0795545562429994
woG4,99,0.0779390605013878,,,,91.16472268104552,0.0452978785806259,0.1240394799435724,0.0086444944761632,0.0500999471386436,0.0459288867709578,0.0051157677595763,0.0,0.0,0.0779390605013878
woG4,100,0.0785690781461899,0.1304494924843311,21.087348429361978,0.8251653989156087,91.19492483139038,0.0457895534174119,0.124233962082472,0.0086357365400515,0.0504524080754547,0.0463192224288817,0.0051575683126012,0.0,0.0,0.0785690781461899
woG4,101,0.0780308783726125,,,,91.16197443008424,0.0454261359743407,0.123631655192766,0.0086056753138049,0.0501098240282936,0.0460797933953218,0.0050620618848832,0.0,0.0,0.0780308783726125
woG4,102,0.076794509027825,,,,91.24359369277954,0.0444588656308221,0.1234992991705409,0.0086378824599392,0.0492859510094171,0.0451084512026339,0.005178597742371,0.0,0.0,0.076794509027825
woG4,103,0.0774669244763304,,,,91.16534805297852,0.0449694075667467,0.123890683787768,0.0085971622430093,0.0496789016684547,0.0455549655665383,0.0049843898264416,0.0,0.0,0.0774669244763304
woG4,104,0.0775265908937473,,,,91.38558983802795,0.0451495427882573,0.1226541072618765,0.0085851268682506,0.0498814297015549,0.0457505470630331,0.005113147872836,0.0,0.0,0.0775265908937473
woG4,105,0.0765263347229996,0.1332987770438194,21.011159261067707,0.8269803365071614,91.1555609703064,0.0442988119836224,0.1232646488752521,0.0085942265997472,0.0491994314323194,0.0448522431867533,0.0050213828847026,0.0,0.0,0.0765263347229996
woG4,106,0.076770775111728,,,,91.28441667556764,0.0445762281993129,0.1226018383854725,0.0085746462067558,0.0493262845442676,0.0451791267842054,0.004920133463962,0.0,0.0,0.076770775111728
woG4,107,0.0752459080798215,,,,91.17255544662476,0.0433349205242072,0.1228108606377586,0.0086177218109979,0.0484889747697066,0.0439027556233474,0.004985027440793,0.0,0.0,0.0752459080798215
woG4,108,0.076056346846897,,,,91.25927233695984,0.0438467106308604,0.1237889743242107,0.0086434881286848,0.0488623238214459,0.0444915097848069,0.0050228401888772,0.0,0.0,0.076056346846897
woG4,109,0.0748180104877616,,,,91.19068503379822,0.0431687694470413,0.1214639451660093,0.0085452129972762,0.0482612228570658,0.0437548688200653,0.0048814565153242,0.0,0.0,0.0748180104877616
woG4,110,0.07707715519994,0.1211075149476528,21.929286193847656,0.8291741847991944,91.29111886024477,0.0447944187116427,0.122805970125511,0.0085711803661323,0.049544573349298,0.0453852043471864,0.0049084318023113,0.0,0.0,0.07707715519994
woG4,111,0.0776160819547586,,,,91.5391926765442,0.0452629247619236,0.1226035297894087,0.0085775789300926,0.0497478872507077,0.0458139805581237,0.0048890152591143,0.0,0.0,0.0776160819547586
woG4,112,0.0752168135015202,,,,91.26111388206482,0.0433834327659646,0.1223222720818441,0.0085765591547748,0.0482554601383258,0.0440413685301776,0.0048437599630904,0.0,0.0,0.0752168135015202
woG4,113,0.0751014480397838,,,,91.19438576698305,0.0434014999048143,0.1213617100090277,0.0085503531345089,0.0484361531151855,0.0439856842496111,0.0049518116761273,0.0,0.0,0.0751014480397838
woG4,114,0.0753818245024466,,,,91.174654006958,0.0436061761784749,0.1214570217445248,0.0084945917450135,0.0486072331025707,0.0442797781014051,0.0048478844777879,0.0,0.0,0.0753818245024466
woG4,115,0.0753886335391978,0.1133888736367225,22.911109415690103,0.8304688453674316,91.15935611724854,0.0436190611179002,0.1216457124616278,0.0085453724290137,0.0485012328374337,0.0441785375053276,0.0047454959941936,0.0,0.0,0.0753886335391978
woG4,116,0.0737612241970711,,,,91.25890111923218,0.0424082578755304,0.1208705867900223,0.0084821546915918,0.0474609364221086,0.0430315303326141,0.0049386095965555,0.0,0.0,0.0737612241970711
woG4,117,0.0761637087667086,,,,91.3227767944336,0.044082807147967,0.1226896067134669,0.0085641068910233,0.0489312774639149,0.044711492940417,0.0049056773203745,0.0,0.0,0.0761637087667086
woG4,118,0.0733299989741845,,,,91.23087358474731,0.0420781111069878,0.1208758671752742,0.0084779399531114,0.0472644057857697,0.0426765332059537,0.0047518855102024,0.0,0.0,0.0733299989741845
woG4,119,0.0747976380659908,,,,91.2090847492218,0.0431966418095055,0.1213059703834721,0.0085186523988415,0.048145797302122,0.0437286133709989,0.0047722629626418,0.0,0.0,0.0747976380659908
woG4,120,0.0728949149001817,0.1193770188838243,22.29605407714844,0.8309269905090332,91.202162027359,0.041665265214492,0.1215004149030466,0.0084930403715335,0.046799966241004,0.0422417785911286,0.0048447745836904,0.0,0.0,0.0728949149001817
woG4,121,0.07227879848148,,,,91.28247952461244,0.0413802752088083,0.1197177518586643,0.0084445202173512,0.0465930090514851,0.0420275537724621,0.0048210307741995,0.0,0.0,0.07227879848148
woG4,122,0.0721498458478294,,,,91.3470814228058,0.0413615460675515,0.1191923593888517,0.008396750892375,0.0464604624745542,0.0419409236733297,0.0048073256945573,0.0,0.0,0.0721498458478294
woG4,123,0.0717571785704034,,,,91.10696220397948,0.0410545625128462,0.1191506117093758,0.0084232354467948,0.0462713352572478,0.0416128792051897,0.0048072439194733,0.0,0.0,0.0717571785704034
woG4,124,0.0732454061202827,,,,91.32414746284483,0.0421381904819949,0.1197963347200487,0.0084360471972432,0.0471845135153805,0.0427867452171249,0.0047981527435486,0.0,0.0,0.0732454061202827
woG4,125,0.0731534153284108,0.1228068955242633,22.084663899739585,0.8267730394999186,91.08276438713074,0.0420464089781534,0.120111099032105,0.0084686308801479,0.0471316026218357,0.0426040916993725,0.0046945360363232,0.0,0.0,0.0731534153284108
woG4,126,0.0716754660071408,,,,91.3057894706726,0.0410689851727153,0.1185022695142714,0.0083715175889188,0.0462435024683592,0.0417321507559448,0.0045831658778193,0.0,0.0,0.0716754660071408
woG4,127,0.0710700868216694,,,,91.29279470443726,0.0405116116811261,0.1191088865037824,0.0084421934987433,0.0458146153078948,0.0411668373119147,0.0046436918830712,0.0,0.0,0.0710700868216694
woG4,128,0.0770039603908042,,,,91.34296703338624,0.0448801920398092,0.1217998495844543,0.0085657028229449,0.0496541308239102,0.0454004779763397,0.0046634847664686,0.0,0.0,0.0770039603908042
woG4,129,0.070645593351028,,,,91.41594767570496,0.0402495069276602,0.1183615429479567,0.0084058314935899,0.0456501037096146,0.0409162397817021,0.0048288372421606,0.0,0.0,0.070645593351028
woG4,130,0.0702171293316317,0.1370875425636768,20.849087524414063,0.823304017384847,91.08112978935242,0.0399792247955672,0.1178863004582827,0.0083782996058647,0.045329637275856,0.0406271710564367,0.0048029858344158,0.0,0.0,0.0702171293316317
woG4,131,0.0696562282496788,,,,91.28584814071657,0.0396013487680036,0.1175473610885807,0.0083357847417842,0.0449234052698631,0.0402362904526659,0.004560679191586,0.0,0.0,0.0696562282496788
woG4,132,0.0703947870213477,,,,91.11018085479736,0.0400900234178197,0.1181626109803309,0.0083926361069449,0.0454838589810934,0.0407253567923287,0.0047120004816011,0.0,0.0,0.0703947870213477
woG4,133,0.0694899350771161,,,,91.26073050498962,0.0394307037540635,0.1177288767744283,0.0083758353759519,0.0448408699365424,0.0400784039625623,0.004726959735949,0.0,0.0,0.0694899350771161
woG4,134,0.0721761881694442,,,,91.10532236099245,0.0414240408352896,0.1188923687231345,0.0083822486998482,0.046630057185644,0.041926062177317,0.0047945262898584,0.0,0.0,0.0721761881694442
woG4,135,0.0705348325313114,0.1200452931225299,22.2921864827474,0.8292163848876953,91.13561367988586,0.0402022178025275,0.1181925261606935,0.008350790848528,0.0456331062329108,0.0408005862817412,0.0046928749633494,0.0,0.0,0.0705348325313114
woG4,136,0.070092120650606,,,,91.11543250083923,0.0400053094767156,0.1170448401912314,0.0083207707760519,0.0452731012931612,0.0406080350493554,0.0046323948429103,0.0,0.0,0.070092120650606
woG4,137,0.0690337218283141,,,,91.39669704437256,0.0391753882352934,0.1169203646847459,0.0083714467167976,0.0446318397756482,0.0398394077649859,0.0045409659057336,0.0,0.0,0.0690337218283141
woG4,138,0.0683473303120155,,,,91.26229429244997,0.0386210430840976,0.1170706182229714,0.0083255528388392,0.0441512000273729,0.0392518445513531,0.0045868931071008,0.0,0.0,0.0683473303120155
woG4,139,0.0692980352667023,,,,91.2439579963684,0.039310765376345,0.1175702351038573,0.0083772131913631,0.0447414067314296,0.0399361096444677,0.0045792404829417,0.0,0.0,0.0692980352667023
woG4,140,0.070378679934828,0.1280662845820188,21.83180847167969,0.8259838104248047,91.15518975257874,0.0400965609969418,0.1180961801380407,0.0083790713363922,0.0454666846905086,0.0407060478493327,0.0046274173760511,0.0,0.0,0.070378679934828
woG4,141,0.0685932913214945,,,,91.07584738731384,0.038896542546324,0.1164676009631547,0.0083285025855312,0.0443923594430089,0.0395172805082602,0.0044417287104717,0.0,0.0,0.0685932913214945
woG4,142,0.0681928365689809,,,,91.06948614120483,0.0385378794133907,0.1167957001045102,0.0083197013257437,0.0441402074590813,0.0391833352413578,0.004396664631385,0.0,0.0,0.0681928365689809
woG4,143,0.0687082753073973,,,,91.34163808822632,0.0389378918487517,0.1168837532645366,0.0083465268759087,0.0444221143748183,0.0394958278439084,0.0045944837582312,0.0,0.0,0.0687082753073973
woG4,144,0.0702387614206212,,,,91.43064093589784,0.040086493812135,0.1174452920429042,0.0083254983259334,0.045424444112377,0.0406395179509628,0.0044667350727545,0.0,0.0,0.0702387614206212
woG4,145,0.0691045208177605,0.1240820903331041,21.833502197265624,0.8289982159932454,91.1802306175232,0.0392864175659955,0.1166935778055034,0.00833911324668,0.0447155116583968,0.0398034819050646,0.0044896598832803,0.0,0.0,0.0691045208177605
woG4,146,0.0676668029217446,,,,91.39251136779784,0.0381465444005415,0.1168827443826394,0.0083364307361303,0.0436837728303231,0.0386706910813685,0.0042773022194255,0.0,0.0,0.0676668029217446
woG4,147,0.066558179399762,,,,91.3182418346405,0.0373141642843113,0.1163325720146054,0.008294857943003,0.0430710514030251,0.0378981512345251,0.0044258950644584,0.0,0.0,0.066558179399762
woG4,148,0.0674679458263467,,,,91.35792183876038,0.038005067982146,0.1165808248715322,0.0082804691466334,0.0435709385659362,0.0386142415742649,0.0044150782661268,0.0,0.0,0.0674679458263467
woG4,149,0.0673823429302113,,,,91.20741391181946,0.0380070427982289,0.1158881470805308,0.0082870842698106,0.0436779753930988,0.0386704197153449,0.0043675159466773,0.0,0.0,0.0673823429302113
woG4,150,0.067173808813095,0.1265500858426094,22.0136479695638,0.8249770482381185,91.32311916351318,0.0379009314308889,0.1154639491292296,0.0082672513891622,0.0435153986403688,0.0385733248940745,0.0043003149254278,0.0,0.0,0.067173808813095
woG4,151,0.0675996530068213,,,,91.34197425842284,0.0381111975026423,0.1164322138809766,0.0083188807790274,0.0437198761148286,0.0387605219529789,0.0044748090058717,0.0,0.0,0.0675996530068213
woG4,152,0.065600411600021,,,,91.24356269836426,0.0366147183431465,0.1158251513223179,0.008332153724995,0.0424927151990962,0.0372453300801456,0.0043353549143696,0.0,0.0,0.065600411600021
woG4,153,0.0661548323868239,,,,91.11902284622192,0.0371846858503632,0.1148591046450568,0.0082454644372595,0.0428150291325616,0.0377922650182344,0.0043169020743826,0.0,0.0,0.0661548323868239
woG4,154,0.0663501074018537,,,,91.1451358795166,0.037307399096059,0.1149810166632542,0.0082677503375977,0.0430420207500946,0.0379427275544063,0.0043782580827103,0.0,0.0,0.0663501074018537
woG4,155,0.0662114643415466,0.1320290267467498,21.10293986002604,0.8314588069915771,91.28121304512024,0.0371888753209934,0.1151719713797334,0.0082815694279174,0.0429225403998718,0.0377527301001255,0.0043545671219586,0.0,0.0,0.0662114643415466
woG4,156,0.0659079099470963,,,,91.25067734718324,0.0369860169279282,0.114772977887607,0.0082485180798551,0.0427268045786462,0.0375819362577844,0.0044873471497787,0.0,0.0,0.0659079099470963
woG4,157,0.06479266047722,,,,91.35869646072388,0.0362457839588894,0.1137016142000917,0.0082194337461021,0.0419916979754801,0.0368866906425014,0.004299857575431,0.0,0.0,0.06479266047722
woG4,158,0.064825185650929,,,,91.15064930915833,0.0362505415515577,0.1138903718502795,0.0082164374790841,0.0421197562951777,0.0368556085302204,0.0042445416615695,0.0,0.0,0.064825185650929
woG4,159,0.0644623775218354,,,,91.30916666984558,0.0360253897236018,0.1135611118840389,0.0081840585001179,0.0417917383926325,0.0365925249719961,0.0041471659492121,0.0,0.0,0.0644623775218354
woG4,160,0.0655297784470632,0.137071305885911,20.863574727376303,0.8269151051839193,91.08281874656676,0.0367523051004429,0.114350929612019,0.0082188801893384,0.042610444174316,0.0373264886744198,0.0042469507984084,0.0,0.0,0.0655297784470632
woG4,161,0.0710995842198856,,,,91.14980554580688,0.0406442952846161,0.1184336416056898,0.0083933377210966,0.0460729998704351,0.0412120348697558,0.0042791007292747,0.0,0.0,0.0710995842198856
woG4,162,0.0694476558109287,,,,91.13960552215576,0.0394359676197904,0.1176497511199263,0.0083773784209653,0.0450809314297359,0.0399742831369159,0.0043003176716843,0.0,0.0,0.0694476558109287
woG4,163,0.0626207387196968,,,,91.51240706443788,0.0346465179024905,0.1127987777600522,0.0081628367446027,0.0406043716843743,0.0352947506595586,0.0042370283121212,0.0,0.0,0.0626207387196968
woG4,164,0.062564254020814,,,,91.10406422615053,0.0345873191616818,0.1128289181678021,0.0081637073537243,0.0406573225484519,0.0352546125192378,0.0042612836200011,0.0,0.0,0.062564254020814
woG4,165,0.0638846705560801,0.1225957162678241,22.200437418619792,0.8340294996897379,91.30020451545715,0.0355193139069148,0.1138074437125784,0.0082016398702732,0.0413381001591438,0.0361882681027054,0.0042431996333733,0.0,0.0,0.0638846705560801
woG4,166,0.0628093340602077,,,,91.18277025222778,0.0348426138402008,0.1125469388531856,0.0081465506781136,0.0407343368336069,0.0354434128575881,0.0041240281902528,0.0,0.0,0.0628093340602077
woG4,167,0.0632524589595736,,,,91.12735056877136,0.0350134823104885,0.1138389369503396,0.0082321322454353,0.0410321972134416,0.0356249505745582,0.0042995333797527,0.0,0.0,0.0632524589595736
woG4,168,0.0619362952401403,,,,91.24661064147948,0.0341733966602898,0.1122782885051164,0.0081415285478483,0.040225626610708,0.0348273400736392,0.0041320051990266,0.0,0.0,0.0619362952401403
woG4,169,0.0620296886038096,,,,91.11755514144896,0.0342721339070894,0.1121045214230897,0.0081184338721003,0.0403081492872023,0.0349146232894453,0.0041047159112898,0.0,0.0,0.0620296886038096
woG4,170,0.0615795109359944,0.1255338657647371,22.209815979003903,0.8295845826466878,91.07162141799928,0.0339369515079211,0.1119235167737867,0.0081488268190353,0.0400137621146,0.0345549777028013,0.0041811696414026,0.0,0.0,0.0615795109359944
woG4,171,0.0604412897993795,,,,91.13418507575987,0.0330988178029656,0.1113606901442418,0.008112212249887,0.0393699405745404,0.0337929770686343,0.0040570875404585,0.0,0.0,0.0604412897993795
woG4,172,0.0615181597255048,,,,91.1567211151123,0.0338767465112394,0.1119929278483156,0.0081571494725334,0.0400096560049741,0.0345084806904196,0.004151843776392,0.0,0.0,0.0615181597255048
woG4,173,0.0606143279459144,,,,91.21416211128236,0.0332326367802795,0.1113777805547245,0.0081097461306108,0.0394860587281281,0.0339253984666505,0.0040696510629056,0.0,0.0,0.0606143279459144
woG4,174,0.0613393748148542,,,,91.23155188560486,0.0337296768595449,0.1119771560684579,0.0081614712138706,0.0399712185054773,0.0343737646662553,0.0041575003358092,0.0,0.0,0.0613393748148542
woG4,175,0.0595831372393447,0.1336702927947044,21.437750752766927,0.8257765134175619,91.29699277877808,0.0324812498340596,0.1109796200619369,0.0080807787541788,0.0387789412386349,0.0331482040527902,0.0039868602742914,0.0,0.0,0.0595831372393447
woG4,176,0.0603452493116015,,,,91.30809330940248,0.033081296075624,0.1110632805550684,0.0080716281052923,0.0392188126160228,0.0337363730841239,0.0039512377869734,0.0,0.0,0.0603452493116015
woG4,177,0.0604003210109276,,,,91.36615777015686,0.0330747417403293,0.1114176946585295,0.008104188455513,0.0392426050527662,0.0337172843302126,0.0040606194668159,0.0,0.0,0.0604003210109276
woG4,178,0.0598406826497101,,,,91.31485056877136,0.032696481458232,0.1108811785940264,0.0080970972089371,0.0389125876311884,0.0333575286337586,0.0040332051242136,0.0,0.0,0.0598406826497101
woG4,179,0.0605025778173423,,,,90.77190232276917,0.0331651628109031,0.1113643827008419,0.0081125354913414,0.0393755125553637,0.0337768984408896,0.0040213756633494,0.0,0.0,0.0605025778173423
woG4,180,0.0604902584960714,0.1271618511527776,21.992233276367188,0.82977770169576,91.12460279464722,0.0331516500226542,0.1113622462163206,0.0081150846242843,0.0393722863318245,0.0338037255540734,0.0039748634330042,0.0,0.0,0.0604902584960714
woG4,181,0.0598925651341188,,,,91.28313040733336,0.0327682542599371,0.1106297354229161,0.0080917059581299,0.0389715648240974,0.0333937104547121,0.0041099664216983,0.0,0.0,0.0598925651341188
woG4,182,0.0614386044564794,,,,91.18779706954956,0.0339572974709702,0.1110519664209397,0.0080859439798676,0.0400170931195626,0.034537070217069,0.0038804146537526,0.0,0.0,0.0614386044564794
woG4,183,0.0596653488999018,,,,91.26442003250122,0.0324850796615002,0.1114049050651612,0.0081472138294064,0.0388785168742303,0.0331727506165377,0.0039667612682173,0.0,0.0,0.0596653488999018
woG4,184,0.0600818455158198,,,,91.17652177810668,0.0329323569465367,0.1105906645782658,0.0080619340335003,0.0391102913217466,0.0335389583020425,0.0040147068478991,0.0,0.0,0.0600818455158198
woG4,185,0.0607818590141222,0.1320885084569454,21.65365549723307,0.8293056170145671,91.09033346176147,0.0334464382135965,0.1108995636955636,0.0080766717399485,0.039563821582887,0.0340660059000136,0.0039793194202919,0.0,0.0,0.0607818590141222
woG4,186,0.0593949541388476,,,,91.169349193573,0.0324086820034951,0.1103340172376789,0.0080558843910694,0.03870017751746,0.0330962281155048,0.0039764321580926,0.0,0.0,0.0593949541388476
woG4,187,0.0602779318196851,,,,91.24108171463013,0.0331209315842048,0.1103044694564381,0.0080726083375696,0.0393147824301582,0.0337225685476279,0.0039750300614987,0.0,0.0,0.0602779318196851
woG4,188,0.0606834975178124,,,,91.25475454330444,0.03324990434053,0.1118108791406037,0.0081817019753707,0.0395611945509177,0.0338530076331779,0.0039672392008245,0.0,0.0,0.0606834975178124
woG4,189,0.0597273994725747,,,,91.20783686637878,0.032620327822009,0.1109132937720564,0.0081196204400392,0.0388278433228613,0.0332255174604351,0.0039095650178945,0.0,0.0,0.0597273994725747
woG4,190,0.060315988621995,0.1249956805258989,22.0971918741862,0.8302355130513509,91.28189301490784,0.0330748753927525,0.1108895877345663,0.0081434622349706,0.0393288763484261,0.0336854393884051,0.0039637934389814,0.0,0.0,0.060315988621995
woG4,191,0.0607550957041685,,,,91.18282151222228,0.033481042725263,0.1104796699813154,0.0081004281795476,0.0395810021484484,0.0340891709612285,0.0039095745849438,0.0,0.0,0.0607550957041685
woG4,192,0.058829944153301,,,,91.15068769454956,0.0320124065075985,0.1100359964566152,0.0080469178196164,0.038355024882638,0.0326547551228374,0.0038804761878382,0.0,0.0,0.058829944153301
woG4,193,0.058914077483484,,,,91.18072414398192,0.0321987485665766,0.1090803625153713,0.0080162621500184,0.0383887931887732,0.0328153469676121,0.0039785942387171,0.0,0.0,0.058914077483484
woG4,194,0.0596682562446985,,,,91.208163022995,0.0327354137495648,0.1095684688599383,0.0080281164130715,0.0389676565518144,0.033340764186177,0.0038825146754684,0.0,0.0,0.0596682562446985
woG4,195,0.0577691337551738,0.1246778015047311,21.92120259602865,0.8352272192637126,91.01429438591003,0.0313688559213378,0.1083734348172047,0.007987700958095,0.0376535797888626,0.0321149194124536,0.003870078616348,0.0,0.0,0.0577691337551738
woG4,196,0.0587090754301333,,,,91.24511551856996,0.0319972990050179,0.1094135036233995,0.0080245291951616,0.0383213755415111,0.0326286892971543,0.0038384459664678,0.0,0.0,0.0587090754301333
woG4,197,0.059189713697453,,,,91.50106477737428,0.03236484823779,0.1096114560228879,0.0080402414963321,0.0386078612207144,0.0329731069963242,0.0037235525659987,0.0,0.0,0.059189713697453
woG4,198,0.0582580780763118,,,,91.20105934143066,0.0316899855025723,0.1091529497357665,0.0080121754035048,0.0379995840494749,0.0323185623302811,0.0036357656611725,0.0,0.0,0.0582580780763118
woG4,199,0.0580589885472274,,,,91.2949948310852,0.0315353267016958,0.1090504903285229,0.0080062550889541,0.0379731212360937,0.032156339052637,0.0037082166651447,0.0,0.0,0.0580589885472274
woG4,200,0.0591312667629757,0.1239087879657745,22.09181416829427,0.8323904832204183,91.25710415840148,0.0323586292473263,0.1093488912113377,0.0079987911606726,0.0385575037999231,0.0329399552562686,0.0037221587663821,0.0,0.0,0.0591312667629757
woG4,201,0.0591804316175765,,,,91.14235854148863,0.0323538789678303,0.1095683359708942,0.0080353107120169,0.0386969321025688,0.0329593056202179,0.0037740035723039,0.0,0.0,0.0591804316175765
woG4,202,0.0568560185674272,,,,91.15238642692566,0.0307073322598074,0.1079685331368055,0.0079797205713684,0.0371693862205157,0.0313645276378412,0.0038495377664164,0.0,0.0,0.0568560185674272
woG4,203,0.0573055968909967,,,,91.17371082305908,0.0309996986761689,0.1084945944489025,0.0079823718158161,0.0375086629580034,0.0316186441933033,0.0038521020066328,0.0,0.0,0.0573055968909967
woG4,204,0.0561545535189206,,,,91.15789604187012,0.0301824268717013,0.1078291955541391,0.0079567825543831,0.0366308452317216,0.0308582154789664,0.0037224577495553,0.0,0.0,0.0561545535189206
woG4,205,0.0566240923754015,0.1289262063801288,21.857732645670573,0.8278619766235351,91.1209797859192,0.0305028563121058,0.1082324370986125,0.0079756660852581,0.0369799635754745,0.0311406490499856,0.0037632508167126,0.0,0.0,0.0566240923754015
woG4,206,0.0593288632750999,,,,91.1664707660675,0.0325359536304337,0.109176046535617,0.0080033181021448,0.0387100055966465,0.0331058718080891,0.0037295136345,0.0,0.0,0.0593288632750999
woG4,207,0.057635234149753,,,,91.1008644104004,0.0312240754605316,0.1087696351965919,0.0079927459611084,0.0377327682389343,0.0318563231190697,0.0038273680523862,0.0,0.0,0.057635234149753
woG4,208,0.0584667912516437,,,,91.39580941200256,0.0318290877659789,0.1093369355944336,0.0080362397062851,0.0381154349134838,0.032392591268557,0.0038449663142139,0.0,0.0,0.0584667912516437
woG4,209,0.0570087782183631,,,,91.21304488182068,0.0308101340578716,0.1081633162303049,0.0079849099274724,0.0373012156637965,0.0314509947097203,0.0037575575740641,0.0,0.0,0.0570087782183631
woG4,210,0.0581924573014505,0.1220210026949644,22.60917765299479,0.8344569047292073,91.13420748710632,0.031670000419387,0.1088278777286654,0.0080117420713249,0.0379351277637188,0.0323188457118927,0.0037388520899274,0.0,0.0,0.0581924573014505
woG4,211,0.0567849527922321,,,,90.97962355613708,0.030674856950025,0.1079845858401939,0.0079702773536021,0.0370972726921566,0.0312625292658073,0.0036700712974931,0.0,0.0,0.0567849527922321
woG4,212,0.0600410785953529,,,,91.48785281181335,0.033106721510164,0.1090411983552526,0.0079939720835384,0.0391447454477187,0.033697681745789,0.0038420205886216,0.0,0.0,0.0600410785953529
woG4,213,0.0567258070910074,,,,91.22824335098268,0.030614682152623,0.1078811717815086,0.0079933219001491,0.0370859444660485,0.0312905790375881,0.0038036358577092,0.0,0.0,0.0567258070910074
woG4,214,0.0577230711055339,,,,91.14807653427124,0.0314470804525447,0.107752221529601,0.0079587165831175,0.0376780230674098,0.0320746365507118,0.0035756562481496,0.0,0.0,0.0577230711055339
woG4,215,0.0558829197324201,0.1211786940693855,22.451338704427084,0.8354651927947998,91.5413875579834,0.030037014775711,0.1072456905099212,0.0079333199432394,0.0365792074561363,0.030698154060567,0.0037052195927616,0.0,0.0,0.0558829197324201
woG4,216,0.0563196822329134,,,,91.27334666252136,0.0303623750347827,0.1073580990072156,0.007947443686731,0.0367516203646044,0.0310270532232816,0.0038834997418443,0.0,0.0,0.0563196822329134
woG4,217,0.0587660419892092,,,,91.37168049812315,0.0320615237426073,0.1093371456763783,0.0080158169625601,0.0383640738875895,0.0326166729610718,0.0038836776263645,0.0,0.0,0.0587660419892092
woG4,218,0.054902969508386,,,,91.32554411888124,0.0293638073823979,0.1063984930515289,0.0079033812927845,0.0359626972711965,0.0300480449785951,0.003719921687572,0.0,0.0,0.054902969508386
woG4,219,0.0547580746170438,,,,91.14684438705444,0.0292870741123791,0.1061550828277087,0.0078819737136058,0.0358479713837875,0.0299554933625899,0.0036837800623482,0.0,0.0,0.0547580746170438
woG4,220,0.0557364447072881,0.1258481293916702,21.75142059326172,0.8365906238555908,91.281888961792,0.0299739568784344,0.1069240179218229,0.0079062690607226,0.0363845811912515,0.030598110610955,0.0037272798458541,0.0,0.0,0.0557364447072881
woG4,221,0.0563063219678206,,,,91.2094750404358,0.0300908321972753,0.1096408318300716,0.0079685416507733,0.0366688840488185,0.0307368405896132,0.0036257260639342,0.0,0.0,0.0563063219678206
woG4,222,0.0560062153295415,,,,91.18973469734192,0.0301644397960578,0.1070039277193976,0.0079471754009423,0.0366594798588117,0.0308338143084137,0.0036788183535433,0.0,0.0,0.0560062153295415
woG4,223,0.0555314892506013,,,,91.06753587722778,0.0298219379190294,0.1067113211897552,0.0079129244865025,0.036386446096003,0.0304729692240963,0.0037712090950245,0.0,0.0,0.0555314892506013
woG4,224,0.0556164853519103,,,,91.05162596702576,0.0299390038994492,0.1064107486459075,0.007887132038347,0.0364433600582548,0.0305652002971924,0.0036625433942211,0.0,0.0,0.0556164853519103
woG4,225,0.0559707175268501,0.126367887482047,21.96172180175781,0.8349742571512858,91.1060299873352,0.0301661423758649,0.1068730823329237,0.0079132722820475,0.0365530456889603,0.0307865534130422,0.0037049322988318,0.0,0.0,0.0559707175268501
woG4,226,0.0539882536366826,,,,91.11993098258972,0.028726547757988,0.1057526943136434,0.007867269435531,0.0353180893589971,0.0294231168589875,0.0036920948282311,0.0,0.0,0.0539882536366826
woG4,227,0.0551663016686674,,,,91.15074110031128,0.0295464036314458,0.1067057183531464,0.0079432886445009,0.0361415783218184,0.0301435657425737,0.0037104538680038,0.0,0.0,0.0551663016686674
woG4,228,0.056265911331675,,,,91.2393352985382,0.0303214180176375,0.1074626548368422,0.0079297323665413,0.0368308144178791,0.0309238462846298,0.0037171614230381,0.0,0.0,0.056265911331675
woG4,229,0.0539685675843817,,,,91.2335877418518,0.0287531462085784,0.1053261351389963,0.0078521627115971,0.0354685913313363,0.0294737072936335,0.003645788927822,0.0,0.0,0.0539685675843817
woG4,230,0.0540221817180758,0.1185129694640636,22.776534525553384,0.832568883895874,91.1360011100769,0.0287637171549264,0.1057631261036044,0.0078742944169789,0.0353640921291757,0.0293780105860262,0.0036943883646554,0.0,0.0,0.0540221817180758
woG4,231,0.0550008255255515,,,,90.92708778381348,0.0294849717470466,0.1062012329453327,0.0079087229201295,0.0360498710184312,0.0301152663152725,0.0035398613401978,0.0,0.0,0.0550008255255515
woG4,232,0.0537453077611376,,,,91.14360404014587,0.0285441675299748,0.1056920939781626,0.0078806297616941,0.0352396475700814,0.0292099089376994,0.0036517583047513,0.0,0.0,0.0537453077611376
woG4,233,0.053320324811779,,,,91.26397109031676,0.0283005444149746,0.1049791310654311,0.0078463359377117,0.0349815447555213,0.0289578191081031,0.0036313240492685,0.0,0.0,0.053320324811779
woG4,234,0.0535936163677299,,,,91.17736268043518,0.0285098961417059,0.1050267654364226,0.0078325219925676,0.0351109258280914,0.0291955738908565,0.0036261251089392,0.0,0.0,0.0535936163677299
woG4,235,0.0540438941450881,0.1265732944011688,22.201207478841145,0.8345142682393392,91.1892580986023,0.0288823514596604,0.1050097116681396,0.007847864264775,0.0354298037919597,0.0294902448191261,0.0035657379413634,0.0,0.0,0.0540438941450881
woG4,236,0.0540308728814125,,,,91.05501103401184,0.0287933533125724,0.105624150057308,0.0078598446647835,0.03544502822896,0.0294341347561996,0.0034809403005056,0.0,0.0,0.0540308728814125
woG4,237,0.0535769949163325,,,,90.8988778591156,0.0284914791156522,0.1051085200466093,0.0078605218240838,0.0350904884427541,0.0291377754546091,0.0036427118475777,0.0,0.0,0.0535769949163325
woG4,238,0.0536386577076599,,,,90.92819619178772,0.0285208346932882,0.105264130185862,0.007840425554724,0.0352268842827589,0.0291737001389265,0.0035411341279958,0.0,0.0,0.0536386577076599
woG4,239,0.0538440590388462,,,,91.15313816070557,0.0286704565505268,0.1053106535653599,0.0078655210377068,0.0353569401672384,0.029345607797264,0.0035756411179747,0.0,0.0,0.0538440590388462
woG4,240,0.0570732123355885,0.1302394587546587,21.491543579101563,0.8264240264892578,91.18768978118896,0.031032505490985,0.1069403579000566,0.0079346460015436,0.0373766827473386,0.0316144654710517,0.0036236587224803,0.0,0.0,0.0570732123355885
woG4,241,0.0582640047078249,,,,91.15166306495668,0.0318710138013616,0.1077274934190218,0.0079508576996349,0.0379995511783683,0.0324731767177581,0.0037715495878937,0.0,0.0,0.0582640047078249
woG4,242,0.0553959664262709,,,,91.0896291732788,0.0297962828753058,0.1060599972967241,0.0079099758409849,0.0363088998882496,0.0304613848232099,0.0037274476499525,0.0,0.0,0.0553959664262709
woG4,243,0.0558510165295151,,,,91.1661250591278,0.0302613912394545,0.1054471951039111,0.0078498479246055,0.0365796825833252,0.0308346486207647,0.0035843608984876,0.0,0.0,0.0558510165295151
woG4,244,0.0527504349096876,,,,91.23692083358765,0.0279481019977419,0.1042803003162634,0.0078129665658916,0.0345822975466974,0.0285834400441314,0.0035795900211135,0.0,0.0,0.0527504349096876
woG4,245,0.0524282758047834,0.128966499119997,21.992588806152344,0.8315320173899333,90.92605066299438,0.0276875049791863,0.1042236592925962,0.007809692848718,0.0345387696059512,0.0283454593240481,0.00355679532284,0.0,0.0,0.0524282758047834
woG4,246,0.05276968215638,,,,91.02825355529784,0.0279277287286202,0.104569060392067,0.0078157756332552,0.0346843850203469,0.0285462707846013,0.0035224984377072,0.0,0.0,0.05276968215638
woG4,247,0.0517298876475848,,,,91.06403708457948,0.0271741746711071,0.1039553118533775,0.0078149973987372,0.0340040629790698,0.0278905654234475,0.0034153455282469,0.0,0.0,0.0517298876475848
woG4,248,0.0514655169710272,,,,91.15910792350768,0.02696504051507,0.103914660997078,0.0077970432896228,0.0337230710190583,0.0276884490959957,0.003598610929702,0.0,0.0,0.0514655169710272
woG4,249,0.0521734663453258,,,,91.09289956092834,0.0275701766558846,0.1035851093589282,0.007787850708319,0.0342987174870537,0.0282541439089863,0.0035175532951844,0.0,0.0,0.0521734663453258
woG4,250,0.0536010736049931,0.1206132993102073,22.33782704671224,0.8375702540079752,91.07822799682616,0.0286176366975805,0.1042289738772345,0.0078296483166088,0.0353126088157296,0.0292368420384457,0.0035653807009097,0.0,0.0,0.0536010736049931
woG4,251,0.0512018041593618,,,,91.14912390708923,0.0268112393248765,0.1034322610644043,0.0077778402769357,0.033625977403927,0.0275218770457584,0.0036547437756795,0.0,0.0,0.0512018041593618
woG4,252,0.0528744642057868,,,,91.0765106678009,0.0278832000970351,0.1054777522556117,0.0079194339999898,0.0346965143823477,0.0285482415624085,0.0036032465668242,0.0,0.0,0.0528744642057868
woG4,253,0.0525722385185663,,,,91.127277135849,0.0277845234778083,0.1044266043139285,0.0078122568847306,0.0345713013905237,0.0284181575703083,0.0035471912171905,0.0,0.0,0.0525722385185663
woG4,254,0.0516714180102113,,,,91.18104934692384,0.0271934225819394,0.1034713773453821,0.007792071248481,0.0340252726903704,0.0278245283473954,0.0035094667310047,0.0,0.0,0.0516714180102113
woG4,255,0.0523377104250134,0.1282427404075861,21.690592447916668,0.8361190478006999,91.19455814361572,0.0275606348133478,0.104691100413682,0.0078570536475201,0.03427632849236,0.0282608621188851,0.0035784832577862,0.0,0.0,0.0523377104250134
woG4,256,0.0518785046535681,,,,90.79667139053343,0.0273273079350712,0.1037220163423506,0.0077897446023941,0.0340888839611997,0.0279502844682238,0.0035779871080895,0.0,0.0,0.0518785046535681
woG4,257,0.0515807540934593,,,,91.0165524482727,0.0270986225089577,0.1036208335493431,0.0077893651342477,0.0339668013582952,0.027760811699707,0.0035003904886849,0.0,0.0,0.0515807540934593
woG4,258,0.0508910769321879,,,,91.06653213500977,0.0266145341189914,0.103153641595215,0.0077878616895282,0.0334435571443106,0.0272924332406188,0.0035016434248078,0.0,0.0,0.0508910769321879
woG4,259,0.0516995161954985,,,,91.12796187400818,0.0272522034642637,0.1031564503419594,0.0077699175806807,0.0339447831521268,0.027907726171686,0.0036027625042823,0.0,0.0,0.0516995161954985
woG4,260,0.0516048927531867,0.1216616332530975,22.723035685221355,0.837049134572347,91.0634219646454,0.0271285247576774,0.1035461362268103,0.007781196236763,0.0339318690821528,0.027768369855695,0.0035895465464773,0.0,0.0,0.0516048927531867
woG4,261,0.050937020418341,,,,90.97500109672546,0.026680985969476,0.1028392070629557,0.0077477021994008,0.0335186234690615,0.0273566629859756,0.0036243173583853,0.0,0.0,0.050937020418341
woG4,262,0.0570133979905579,,,,91.13733196258544,0.0311951823837932,0.1052312914465294,0.0078459268065596,0.0374717805534601,0.0317758991856311,0.003603781695615,0.0,0.0,0.0570133979905579
woG4,263,0.0527091896253042,,,,91.10505247116087,0.0279589603487096,0.1039573623508703,0.0077899907501872,0.0345634719143148,0.0286079907148587,0.003505608861785,0.0,0.0,0.0527091896253042
woG4,264,0.0530036864496889,,,,90.73158502578735,0.0282267969040597,0.1037183359998171,0.0077864867520564,0.0348446126569245,0.0288317968580322,0.003448567864653,0.0,0.0,0.0530036864496889
woG4,265,0.0524510043047246,0.1263423766940832,21.92021331787109,0.8341291109720866,91.13269686698914,0.0277928971975553,0.1036489390936054,0.0077877888555226,0.034556623960494,0.0284169588054789,0.0034181803396185,0.0,0.0,0.0524510043047246
woG4,266,0.0537934236717028,,,,91.0629653930664,0.0287851583609571,0.1041826894048784,0.0078007034789465,0.0352819030493742,0.0294323533803957,0.0035225428720997,0.0,0.0,0.0537934236717028
woG4,267,0.0524442950263619,,,,91.2177324295044,0.0277638311849021,0.1039069158131959,0.0078084973969542,0.0344838851024625,0.0283389335925706,0.003468787542842,0.0,0.0,0.0524442950263619
woG4,268,0.0497094729274022,,,,91.19843554496764,0.0257901369029136,0.1023264141356358,0.0077258817485121,0.0327331219021169,0.0264383153837235,0.0034720848818294,0.0,0.0,0.0497094729274022
woG4,269,0.0484398031821016,,,,91.3279869556427,0.0248942213041372,0.1013808177142846,0.0076920268980816,0.0318903291949116,0.0256311393602461,0.0034550417617314,0.0,0.0,0.0484398031821016
woG4,270,0.049677768813782,0.1188481170684099,22.549513244628905,0.8382362683614095,90.96881484985352,0.0258323234948711,0.1017466827494199,0.0077342404125136,0.0327626521867073,0.02650122691068,0.0034434120247109,0.0,0.0,0.049677768813782
woG4,271,0.0502996349279753,,,,91.1271357536316,0.026238288760918,0.1025025375553819,0.0077436485911765,0.0330800755468548,0.0268952951720747,0.0034164698015837,0.0,0.0,0.0502996349279753
woG4,272,0.0493705715129121,,,,91.18799662590028,0.0256015021262354,0.1016712823852163,0.007703592014102,0.032552032013897,0.0262507132453019,0.0034861467858837,0.0,0.0,0.0493705715129121
woG4,273,0.0495978436264835,,,,91.19449973106384,0.0256567353565917,0.1025978649248842,0.0078174916905213,0.032662809261533,0.0263355706253501,0.0035051817358776,0.0,0.0,0.0495978436264835
woG4,274,0.0485313808026372,,,,91.12196660041808,0.0249452066958927,0.1015286719212766,0.0077385741331782,0.0319966924544729,0.0256679866493481,0.0034576426909045,0.0,0.0,0.0485313808026372
woG4,275,0.0482027765180243,0.1298341881483793,21.66949259440104,0.8351544380187989,91.11309099197388,0.024681295176632,0.1015860858510752,0.0077236542920963,0.0317538663836532,0.0253752672006605,0.0035252770920452,0.0,0.0,0.0482027765180243
woG4,276,0.0480712398153836,,,,91.12762880325316,0.024650154055142,0.1009863810461075,0.0076614177220913,0.0316893313629705,0.0253807802944154,0.0034844342573377,0.0,0.0,0.0480712398153836
woG4,277,0.048935140895306,,,,91.15838098526,0.0253257420921667,0.1010944496412746,0.0076835883960708,0.0322991350177125,0.0260049634475688,0.0034515984264797,0.0,0.0,0.048935140895306
woG4,278,0.0497634418491945,,,,91.07497501373292,0.0259203808229477,0.1016304585777345,0.0077181268506301,0.0327269853413349,0.0266153313616504,0.0033920010185388,0.0,0.0,0.0497634418491945
woG4,279,0.0489764312037923,,,,91.16877937316896,0.0253055771110487,0.101451886481926,0.0077151381067137,0.0322837107280483,0.0260148597728522,0.0035205615787446,0.0,0.0,0.0489764312037923
woG4,280,0.0488522566366391,0.1255909968167543,21.81549987792969,0.8367416540781657,91.0221266746521,0.0252078837699821,0.1015118775797671,0.0077378109944831,0.0322326705867394,0.0259014983951556,0.0033973359758583,0.0,0.0,0.0488522566366391
woG4,281,0.0480572535030421,,,,91.34650588035583,0.0246804694446628,0.1006614590277437,0.0076869709463026,0.031719230359695,0.0254049572910441,0.0034335804530648,0.0,0.0,0.0480572535030421
woG4,282,0.0506929348177108,,,,91.164972782135,0.0266154624033169,0.102004161135095,0.0077473435543294,0.0334104749022937,0.027230789732249,0.0033810582502409,0.0,0.0,0.0506929348177108
woG4,283,0.0493357293613132,,,,91.05985593795776,0.0256606209794151,0.1009411992596798,0.0076795320072379,0.0325379041863269,0.0263593768716224,0.0034380470551397,0.0,0.0,0.0493357293613132
woG4,284,0.0483124925922907,,,,91.09990549087524,0.0249151102893176,0.1004909008252816,0.0076537044169228,0.0318787246179141,0.0256209701956173,0.0033321198492051,0.0,0.0,0.0483124925922907
woG4,285,0.0493163203851121,0.1275322195142507,21.607303365071616,0.8397865295410156,91.08180212974548,0.0256439254726054,0.1009792592681822,0.0076803529642705,0.0326208497443404,0.0262916201084363,0.0034186943294862,0.0,0.0,0.0493163203851121
woG4,286,0.0483760922597568,,,,91.12440013885498,0.0249671708090139,0.1004603343908904,0.0076511817083495,0.0319662926962873,0.0256426483850742,0.0033934780560647,0.0,0.0,0.0483760922597568
woG4,287,0.0493295780062431,,,,91.20673513412476,0.0256270277313888,0.1012680100612953,0.0077052762823515,0.0324771131587321,0.0262614163554838,0.0034578996176113,0.0,0.0,0.0493295780062431
woG4,288,0.0488752851903927,,,,91.0384202003479,0.0253144058582113,0.1008160563765979,0.0076917593107848,0.032231444202852,0.0259834491174484,0.0034834604908819,0.0,0.0,0.0488752851903927
woG4,289,0.0479184952946227,,,,91.13435006141664,0.0245456948235142,0.1008720495661751,0.0076682733287882,0.0316462275862205,0.0252545552526707,0.003449621689544,0.0,0.0,0.0479184952946227
woG4,290,0.0478938454151397,0.1221230514347553,22.384911600748698,0.8419257164001465,91.10299563407898,0.0245869699331214,0.1004086747521259,0.0076453541023809,0.0317269131144294,0.025275261240599,0.0033762583005257,0.0,0.0,0.0478938454151397
woG4,291,0.0484007377269082,,,,91.1512541770935,0.0250114397084737,0.1002886104779165,0.0076440985020647,0.0319413570687174,0.0256789436518046,0.003408795359094,0.0,0.0,0.0484007377269082
woG4,292,0.0482973685549175,,,,91.18299412727356,0.0249353589825942,0.100114170645104,0.0076486802064493,0.0319401618917701,0.0256598776084233,0.0034407552047327,0.0,0.0,0.0482973685549175
woG4,293,0.0488357864717235,,,,91.153804063797,0.0253076757548651,0.1006605112161792,0.0076813944997113,0.0322921433959339,0.0259700287591482,0.0033448324863203,0.0,0.0,0.0488357864717235
woG4,294,0.0490133471970186,,,,91.16347050666808,0.0254032975978782,0.1009285493952329,0.0076915043154273,0.0324063184289414,0.0261014535656717,0.0034174397683198,0.0,0.0,0.0490133471970186
woG4,295,0.0479820833739931,0.119011839851737,22.56947886149089,0.8409272193908691,91.09906029701231,0.0247011214693183,0.1001097711383319,0.0076223798229771,0.0316770009116315,0.0253803930779705,0.0034142238828429,0.0,0.0,0.0479820833739931
woG4,296,0.0482226893092032,,,,91.14972925186156,0.0248510446933815,0.1004647553944196,0.0076514778097663,0.0318363270584921,0.0255374228200096,0.0033120810928311,0.0,0.0,0.0482226893092032
woG4,297,0.0498022010214016,,,,91.1036581993103,0.02607286566502,0.1007137845774165,0.0076648034098115,0.0328687600730384,0.0267015747252668,0.0033651378204221,0.0,0.0,0.0498022010214016
woG4,298,0.0499754953579824,,,,91.1941556930542,0.0261522587083402,0.101120932668936,0.0076780436507075,0.0329899429267302,0.0268068853918401,0.0033827673865207,0.0,0.0,0.0499754953579824
woG4,299,0.0483524700718336,,,,91.12431836128236,0.024978312625565,0.1002459472320118,0.0076427275856926,0.0318610770933207,0.0256575762416373,0.0034340911165078,0.0,0.0,0.0483524700718336
woG4,300,0.0466867869903073,0.1319166794419288,21.31976572672526,0.8361821333567302,91.09061551094057,0.0237571798402388,0.099453828862456,0.0076101989004394,0.0308758217963527,0.0244658127824058,0.0033474231337304,0.0,0.0,0.0466867869903073
woG4,301,0.0464012142209733,,,,91.07296252250671,0.0235716516045151,0.09906575523439,0.0076138216765505,0.0307021054332373,0.0243128188962086,0.0033784420258121,0.0,0.0,0.0464012142209733
woG4,302,0.0484605418731931,,,,91.37883424758913,0.0250702638362274,0.1001597999549303,0.0076466828286953,0.0320659814036039,0.0257529823842351,0.0033512338910053,0.0,0.0,0.0484605418731931
woG4,303,0.0489068607356948,,,,90.89301013946532,0.0252372572488594,0.1016391955438207,0.0077755876442753,0.0322356904994268,0.0259350017018494,0.0033636088483035,0.0,0.0,0.0489068607356948
woG4,304,0.0486043969199794,,,,91.1003143787384,0.0251627395265415,0.1003260851883497,0.0076535453363398,0.0321073039572258,0.0258533162232793,0.0033852382225259,0.0,0.0,0.0486043969199794
woG4,305,0.0473425011226876,0.122590035200119,22.20389200846354,0.8407111008961995,91.2577714920044,0.024277128172336,0.0994255528098247,0.0075997555185659,0.0312654909784676,0.0249971023409581,0.0033861529797727,0.0,0.0,0.0473425011226876
woG4,306,0.0496015976198384,,,,90.87644553184508,0.0259393912236221,0.1005191583125317,0.0076479935010925,0.0327805921465891,0.026559995716346,0.0033435737714171,0.0,0.0,0.0496015976198384
woG4,307,0.0503330815308651,,,,91.2028875350952,0.0264793105774604,0.1008477875443755,0.0076510046711802,0.0332308571602477,0.027095703957755,0.0033305342515289,0.0,0.0,0.0503330815308651
woG4,308,0.0522083070617718,,,,91.2301061153412,0.0277980993059082,0.102174168727437,0.0077143704564478,0.0344091631533181,0.0283810827331464,0.0033676679824387,0.0,0.0,0.0522083070617718
woG4,309,0.0503750564377816,,,,91.26309132575987,0.0265205558542101,0.1008123110552303,0.0076556184222219,0.0332539901748055,0.0271419685822529,0.0032644905522084,0.0,0.0,0.0503750564377816
woG4,310,0.0483743396938824,0.1260171961039304,21.98783467610677,0.8386084238688151,91.19981861114502,0.0250351405549855,0.0999610472898014,0.007637844840828,0.0319584606093217,0.0257237758411125,0.0032714664207038,0.0,0.0,0.0483743396938824
woG4,311,0.0472719416510863,,,,91.17619109153748,0.0241962905637309,0.0997194862756572,0.0076241615136749,0.0311792499889604,0.0248960648037371,0.0032870795646468,0.0,0.0,0.0472719416510863
woG4,312,0.0471583306178694,,,,91.17597651481628,0.0242224708428514,0.0987496976969672,0.007578566074982,0.0311953754271151,0.0249525952061302,0.0032290924363387,0.0,0.0,0.0471583306178694
woG4,313,0.047832191646954,,,,91.26524233818054,0.024546926833506,0.100403471071212,0.0076955124186199,0.031605851012053,0.0252743116656287,0.0032079660946304,0.0,0.0,0.047832191646954
woG4,314,0.0460711318052938,,,,91.29300379753111,0.0233848463575981,0.0985780641680858,0.0075839640664272,0.0304968903207632,0.0240787819455393,0.0033108690700142,0.0,0.0,0.0460711318052938
woG4,315,0.0459452861095549,0.1282471790909767,21.659898885091145,0.839777930577596,91.30114006996156,0.0233249135437558,0.0982428183321093,0.0075577282896418,0.0304022012431113,0.0240521164778925,0.0032932956094212,0.0,0.0,0.0459452861095549
woG4,316,0.0471860362430576,,,,90.91077065467834,0.0241947242165686,0.0991485846824333,0.0075782604981213,0.0312051129848009,0.0248876821982567,0.0033270679586032,0.0,0.0,0.0471860362430576
woG4,317,0.0464908948442975,,,,91.21375226974487,0.0236811153208989,0.0988711177325639,0.0075955229131962,0.0307839172205231,0.0243910441678933,0.0032301616290065,0.0,0.0,0.0464908948442975
woG4,318,0.0456692012118511,,,,91.17134356498718,0.0230382860287046,0.0987549341115795,0.0075761537338591,0.030240799834738,0.0237555932253599,0.0033560504451714,0.0,0.0,0.0456692012118511
woG4,319,0.0467538421698769,,,,91.13453841209412,0.0238070003764673,0.0994986036761862,0.0076672790675103,0.0310080049590009,0.0244619632139801,0.0033206710263659,0.0,0.0,0.0467538421698769
woG4,320,0.045201560619791,0.121666382998228,22.2617914835612,0.8391141891479492,91.21223068237305,0.0227446585099716,0.0981735513835656,0.0075691617132149,0.029964840070146,0.0234638968421543,0.0032805533131172,0.0,0.0,0.045201560619791
woG4,321,0.0454697746203326,,,,91.17096948623656,0.022929668449415,0.0983987699766628,0.0075572608000614,0.0301380591833444,0.0236661097370698,0.0032270030122341,0.0,0.0,0.0454697746203326
woG4,322,0.0455154681150786,,,,91.18979835510254,0.0229663584976777,0.0984123363846638,0.0075617361409192,0.0301344187350058,0.023673698840449,0.0032959758775446,0.0,0.0,0.0455154681150786
woG4,323,0.044778050564718,,,,91.0878701210022,0.0225095255529416,0.097294842122031,0.007533470817582,0.0297331470446508,0.0232593395793047,0.0033388187398859,0.0,0.0,0.044778050564718
woG4,324,0.045803376488754,,,,90.86078667640686,0.0232188891100346,0.0981995106720533,0.0075542576015606,0.0303384797708665,0.0239352690605599,0.0032839478178667,0.0,0.0,0.045803376488754
woG4,325,0.0459753617216817,0.1257565375417471,21.721163431803387,0.8444727579752604,91.10303211212158,0.0233406351848703,0.0983417884248201,0.0075792201954993,0.0304726687733267,0.0240094138416232,0.0033100050259534,0.0,0.0,0.0459753617216817
woG4,326,0.045259579542841,,,,91.10775375366212,0.0228841678147799,0.0974434492040853,0.0075225059618623,0.0300143750262309,0.0235866150421808,0.00330369499012,0.0,0.0,0.045259579542841
woG4,327,0.046485182432244,,,,90.90294885635376,0.023762525563113,0.0981933288886898,0.0075388039542423,0.0308253412883056,0.0244515652111807,0.0032547051812232,0.0,0.0,0.046485182432244
woG4,328,0.0471933907600211,,,,91.01107144355774,0.0242481102983726,0.0987028909511253,0.0075736796926157,0.0313079912734569,0.0249642986712641,0.0032957905596198,0.0,0.0,0.0471933907600211
woG4,329,0.0486292109259816,,,,90.92700839042664,0.025257609822772,0.0998462174759536,0.0076330820037449,0.0322063035163723,0.0258385353095707,0.0033600316411571,0.0,0.0,0.0486292109259816
woG4,330,0.0486871627632711,0.1195704862475395,22.551498413085938,0.8424901962280273,91.17347264289856,0.0253960668094089,0.0991550933142177,0.0076085710058324,0.0322330102446626,0.0260098946631931,0.0032097899858824,0.0,0.0,0.0486871627632711
woG4,331,0.047510968093745,,,,91.24302887916564,0.0245353590513839,0.0985271955122713,0.0075737970812459,0.0315452402946157,0.025170590117818,0.0032512751106386,0.0,0.0,0.047510968093745
woG4,332,0.0463330989367649,,,,91.06879830360413,0.0236564331428437,0.0980622460607622,0.0075500872535783,0.0307062442612941,0.0243651949052439,0.003253565200406,0.0,0.0,0.0463330989367649
woG4,333,0.0461198071659099,,,,91.1659185886383,0.0235414962268999,0.0976692320870571,0.0075423813646384,0.0306109203728007,0.024227850032268,0.0032045332997365,0.0,0.0,0.0461198071659099
woG4,334,0.0458289580114308,,,,91.08258533477785,0.0233423859033672,0.0973284894325694,0.0075172977941874,0.0304699888086465,0.024069745131753,0.003248563762487,0.0,0.0,0.0458289580114308
woG4,335,0.0454131231231034,0.128980316221714,21.60079905192057,0.8405826568603516,91.317058801651,0.0229998149634262,0.0975423230499517,0.0075298752425788,0.0301339930442513,0.0236839329152077,0.0032244967163128,0.0,0.0,0.0454131231231034
woG4,336,0.0446005476272252,,,,91.20149993896484,0.0223871513239306,0.097307941464127,0.0075187793719108,0.0296430685939114,0.0230977891516856,0.0031282784289405,0.0,0.0,0.0446005476272252
woG4,337,0.0455353019728523,,,,91.25915718078612,0.0231468570647669,0.0971755321885718,0.0075010468412312,0.0302153524988498,0.0238382668295478,0.0031522593716709,0.0,0.0,0.0455353019728523
woG4,338,0.0457267064723323,,,,91.04344606399536,0.0232221123945639,0.0976724688146935,0.0075360459779373,0.0303120649434992,0.0239615985192358,0.0032454526250357,0.0,0.0,0.0457267064723323
woG4,339,0.0457395835336847,,,,91.05084562301636,0.0233512167116535,0.09681129748704,0.0075031138926011,0.0304212192775773,0.0240154461400797,0.0031841166716328,0.0,0.0,0.0457395835336847
woG4,340,0.0462167665331822,0.1272061802446842,21.80632629394531,0.8400315125783284,90.87797403335573,0.0234848781046075,0.0987884548843884,0.0075508386744033,0.0305865134769043,0.024139515063191,0.0032656675216085,0.0,0.0,0.0462167665331822
woG4,341,0.0450472469884352,,,,91.14756512641908,0.0227933250764598,0.0967727108079879,0.0075130980103047,0.0299692492718335,0.0235367815972107,0.0032182928579325,0.0,0.0,0.0450472469884352
woG4,342,0.0444247137419268,,,,91.09371256828308,0.0222806116856146,0.0970087837977487,0.0075360453901354,0.0294908120251092,0.0230226699552941,0.0031522846767358,0.0,0.0,0.0444247137419268
woG4,343,0.044627389320951,,,,91.33244585990906,0.0224341047607118,0.0970110477971249,0.0075198309038017,0.0296372534004879,0.0231866480278797,0.003216567352895,0.0,0.0,0.044627389320951
woG4,344,0.0447852575052224,,,,91.32853722572328,0.0225658704847341,0.0970127235670558,0.0075342013809799,0.0297315399941118,0.0232921726085612,0.003172628778094,0.0,0.0,0.0447852575052224
woG4,345,0.0454366352317518,0.1248708926141262,22.09705861409505,0.8403412659962972,91.17460536956789,0.0231397605241566,0.096596031892495,0.0074769936799697,0.0302254016373734,0.0238245466540827,0.0031334737518069,0.0,0.0,0.0454366352317518
woG4,346,0.0449455378913,,,,91.09424328804016,0.0225866837121668,0.0978247410938388,0.0075518881528042,0.0298995711825421,0.0233157224586752,0.003155468819953,0.0,0.0,0.0449455378913
woG4,347,0.0443846144576053,,,,91.09929156303406,0.0222955308778242,0.0967199538574844,0.0074850295433682,0.0294314207448089,0.0229844923711336,0.0031928345780499,0.0,0.0,0.0443846144576053
woG4,348,0.0452039241027392,,,,91.17068362236024,0.0228790938319852,0.0972460728199755,0.0075174289618114,0.029982571413771,0.0235482501324083,0.0031723992614701,0.0,0.0,0.0452039241027392
woG4,349,0.0468138365197132,,,,91.16131567955016,0.024069626525533,0.097874109373718,0.007538801089662,0.031044835575902,0.0247196698347564,0.0032329028853993,0.0,0.0,0.0468138365197132
woG4,350,0.0467055540715084,0.1250281706452369,22.01518859863281,0.8438985506693523,91.02044701576231,0.0238974636924437,0.098554933168849,0.0076051964787155,0.0310652357694066,0.0245549639870153,0.0031047248277721,0.0,0.0,0.0467055540715084
woG4,351,0.0450016322133482,,,,91.0223104953766,0.0227431057127894,0.097000343877761,0.0075122254946437,0.0299167044033281,0.023425742945649,0.0031797272996732,0.0,0.0,0.0450016322133482
woG4,352,0.0446571263744205,,,,91.06721258163452,0.0225480788723245,0.0964254140853881,0.0074740001515744,0.0296433308833568,0.0232277849200563,0.003181390703816,0.0,0.0,0.0446571263744205
woG4,353,0.0471779885625497,,,,91.11094164848328,0.0243604169761548,0.0978256551945795,0.0075363675361407,0.0313315938120005,0.0250039384318668,0.0032448651971387,0.0,0.0,0.0471779885625497
woG4,354,0.0466223754080348,,,,91.11947512626648,0.0239952616011876,0.097246087965418,0.0075082498694174,0.0309760352047007,0.0246397190208195,0.0032345090885875,0.0,0.0,0.0466223754080348
woG4,355,0.0505233962607921,0.1197287961840629,22.48562215169271,0.8426377455393473,91.20853185653688,0.0267914258569601,0.0994980428062501,0.007635123806349,0.0335001843966177,0.0273900217239241,0.0033436003303323,0.0,0.0,0.0505233962607921
woG4,356,0.0481318846558694,,,,90.9496738910675,0.0250880972283785,0.0980432209421376,0.0075495759765693,0.0319809240182159,0.0257184199347603,0.0032208368895941,0.0,0.0,0.0481318846558694
woG4,357,0.0462560987283216,,,,91.13184714317322,0.0236964445774916,0.0973197153357208,0.0075282730528565,0.0307334214143577,0.0243703941203898,0.0031566275913482,0.0,0.0,0.0462560987283216
woG4,358,0.0447057615507577,,,,91.19999933242798,0.0226327790038996,0.0959957588891514,0.0074661955519838,0.0297233939751005,0.0233676230733389,0.0031114006873036,0.0,0.0,0.0447057615507577
woG4,359,0.0446424082868167,,,,91.23690843582152,0.0225841534690412,0.0960383952641096,0.0074528965385264,0.0296680877809641,0.0232871795210559,0.0031120951676771,0.0,0.0,0.0446424082868167
woG4,360,0.0443362258222015,0.1241661757230758,22.17672170003255,0.8400072733561198,91.13492035865784,0.0223522591557292,0.0959574453166273,0.0074560540942017,0.0295445606967464,0.0230508591124757,0.0030476221371991,0.0,0.0,0.0443362258222015
woG4,361,0.0443933795923825,,,,91.0855438709259,0.0223625724539771,0.0961577775048427,0.0074844072939308,0.0295405566509141,0.0231065828826461,0.0031044806514057,0.0,0.0,0.0443933795923825
woG4,362,0.045580453101973,,,,91.13183879852296,0.0231863489511926,0.0971637685767939,0.0075292286585222,0.0303448576510685,0.023801149571406,0.0031907346250382,0.0,0.0,0.045580453101973
woG4,363,0.043621269634879,,,,91.21281480789185,0.0218175324977787,0.0956585397485826,0.0074630167991777,0.0290754589664398,0.0225360644981265,0.0031069354392725,0.0,0.0,0.043621269634879
woG4,364,0.0431092637514726,,,,91.1652603149414,0.0214943910613045,0.0950561004583952,0.0074202588599053,0.0286934168734511,0.0222051619613146,0.0031117279031008,0.0,0.0,0.0431092637514726
woG4,365,0.0439474254266404,0.1294944006949663,21.76727701822917,0.8406118233998616,91.17090797424316,0.022084846375052,0.095599959131147,0.007445228118144,0.0292616206847253,0.0227857608745088,0.0031530181008971,0.0,0.0,0.0439474254266404
woG4,366,0.0432126699778877,,,,91.13835859298706,0.0215484320918922,0.0951697005600225,0.007444811858939,0.0288405993067827,0.022291011077764,0.0031386444547412,0.0,0.0,0.0432126699778877
woG4,367,0.043612533355834,,,,91.10961771011353,0.0216761996939045,0.0967089357923288,0.0075107143283439,0.0290466899998852,0.0224042108251911,0.0031234908144783,0.0,0.0,0.043612533355834
woG4,368,0.0429808966601725,,,,91.03130173683168,0.0213961770803835,0.0950030762641156,0.0074083301826517,0.0286294544176732,0.0221011626961656,0.0031656448664449,0.0,0.0,0.0429808966601725
woG4,369,0.0427083185736517,,,,91.239244222641,0.0211951102618677,0.0948732954556824,0.0074052891129108,0.0284350540366817,0.0219651256825347,0.0030514947987986,0.0,0.0,0.0427083185736517
woG4,370,0.0429017334321483,0.1326741073280573,21.564949544270835,0.8347347895304362,91.31011295318604,0.0213439357696009,0.0948544178829818,0.0074207293915516,0.0285721894536839,0.0221118347520833,0.0031306974391346,0.0,0.0,0.0429017334321483
woG4,371,0.0435965324095526,,,,91.23826622962952,0.0218161889275566,0.0955133408796591,0.0074559085559649,0.0291107789323222,0.0224977779873936,0.0031516078752694,0.0,0.0,0.0435965324095526
woG4,372,0.0452922309947306,,,,91.28014135360718,0.0231408547365763,0.0956298655173817,0.0074268912087332,0.0301663651604388,0.0238226322823616,0.0032214461186457,0.0,0.0,0.0452922309947306
woG4,373,0.0490438180716067,,,,91.2674241065979,0.0258654064162954,0.0976387491968811,0.0075109215724266,0.0325986126468318,0.0264712998979404,0.0031862954444969,0.0,0.0,0.0490438180716067
woG4,374,0.0455884422007642,,,,91.3925473690033,0.0233567716767553,0.0958290065898269,0.007442401485426,0.0303273445728128,0.0240306372555797,0.0031610506655434,0.0,0.0,0.0455884422007642
woG4,375,0.0448705870810835,0.1259322129189968,22.16478017171224,0.8418997605641683,91.1533215045929,0.0228010225033418,0.0957263537117692,0.0074404764912839,0.0299299619939239,0.0234960232265904,0.0030623203072864,0.0,0.0,0.0448705870810835
woG4,376,0.0438634714752924,,,,91.14752411842346,0.0220717856217725,0.0951611585304385,0.0074004008698078,0.0291725251609917,0.0227997714623076,0.0031716901375759,0.0,0.0,0.0438634714752924
woG4,377,0.0428357041730988,,,,91.4373335838318,0.0212401384258734,0.0953342240364825,0.0074219474049865,0.0284981486677634,0.0219760403327155,0.0031159299838005,0.0,0.0,0.0428357041730988
woG4,378,0.0430042780935764,,,,91.35917234420776,0.0214262643264087,0.0948427436781711,0.0074289595731152,0.0287319933537577,0.0221664072319743,0.0031039105617578,0.0,0.0,0.0430042780935764
woG4,379,0.0434118183482377,,,,91.2085440158844,0.0217486880490647,0.0949662254482019,0.0074065871284816,0.0288318434394285,0.0224638758227229,0.0031068004728829,0.0,0.0,0.0434118183482377
woG4,380,0.0435093255316624,0.1268155369907617,22.232535298665365,0.8417431195576985,91.34269738197328,0.0217955588882208,0.0951066906334923,0.0074138077716419,0.0290509031963397,0.0225089054600503,0.0031402365373233,0.0,0.0,0.0435093255316624
woG4,381,0.043025740987209,,,,91.0485315322876,0.0214946223193871,0.0944559720695995,0.0073742005767941,0.0287334958824222,0.0222332041145714,0.0031086452835865,0.0,0.0,0.043025740987209
woG4,382,0.0430983768195891,,,,91.25285077095032,0.0215688811034941,0.094362873034399,0.0073759727424285,0.028741110788017,0.0222932077547321,0.0031041871941434,0.0,0.0,0.0430983768195891
woG4,383,0.0427631126472451,,,,91.18262982368468,0.0213013493578087,0.0943367232064731,0.0073814242925555,0.028564363489019,0.0220450975122998,0.0031001811845182,0.0,0.0,0.0427631126472451
woG4,384,0.0425798504109509,,,,91.3065264225006,0.0211595418313365,0.0942776540263754,0.0073871285288182,0.0284428067322148,0.0218986358005003,0.0031769037786794,0.0,0.0,0.0425798504109509
woG4,385,0.0432273462781163,0.1250775530934333,21.954723103841147,0.8401967684427897,91.33745837211607,0.0216074735536927,0.0948128123752406,0.0074107047842174,0.0288708953217404,0.0223209012879944,0.0031695427892149,0.0,0.0,0.0432273462781163
woG4,386,0.0422085512918038,,,,91.28188395500185,0.0209314889869973,0.0937856362491357,0.0073594461523423,0.0281954751365253,0.0216981553869535,0.0030746895917233,0.0,0.0,0.0422085512918038
woG4,387,0.0434733567545648,,,,91.32272362709044,0.0218184463695058,0.0947693239469997,0.0073975933387448,0.029041662186262,0.0225221326834232,0.0030234012462687,0.0,0.0,0.0434733567545648
woG4,388,0.0428184895150241,,,,91.1834750175476,0.0213667522413564,0.0941443208788262,0.0073624856075363,0.0286035002743611,0.0221342541750703,0.0030854208343356,0.0,0.0,0.0428184895150241
woG4,389,0.0433475033181612,,,,91.11898851394652,0.021803990036982,0.0940654004206422,0.0073651338919814,0.0289224284533105,0.0225114640398103,0.0031169888660784,0.0,0.0,0.0433475033181612
woG4,390,0.0436962909202595,0.1144415941089391,22.533575948079427,0.8475308736165365,91.1606593132019,0.0219595526024454,0.0950128817167438,0.0074394101880063,0.0291775026526607,0.022652110130694,0.0031026578794584,0.0,0.0,0.0436962909202595
woG4,391,0.0437972758301213,,,,90.980397939682,0.022096631376714,0.0945653099505627,0.0073968757890531,0.0292831028613155,0.0227947988028286,0.0030549467001186,0.0,0.0,0.0437972758301213
woG4,392,0.0430998955776945,,,,90.85561847686768,0.0215623362417348,0.0944122227488971,0.0073798098372387,0.0287841018289327,0.0222800308914824,0.003100009717154,0.0,0.0,0.0430998955776945
woG4,393,0.0425841031657134,,,,91.2301859855652,0.021273961512097,0.093452046152021,0.0073386209188639,0.0284971689469501,0.0220052488071874,0.0030572499553138,0.0,0.0,0.0425841031657134
woG4,394,0.0421873508479263,,,,91.11587357521056,0.0209109258578449,0.0938146739709572,0.0073629668761105,0.0281775336498852,0.0216674860566854,0.0031046872704717,0.0,0.0,0.0421873508479263
woG4,395,0.0436752851533352,0.1129089016467332,22.906522115071613,0.8460092544555664,91.1256947517395,0.0220554498421242,0.0941502671749865,0.0073684052464964,0.0291661618613317,0.0227367885975686,0.0031027945615427,0.0,0.0,0.0436752851533352
woG4,396,0.0430840504065644,,,,91.05670356750488,0.0216396363360471,0.0936296621306997,0.0073624400261667,0.0288232399120194,0.0224049519289468,0.0030624111284135,0.0,0.0,0.0430840504065644
woG4,397,0.0432022572876732,,,,91.12275004386902,0.0217290738918131,0.0937314351074031,0.0073496891380302,0.0288578377670196,0.0224430148306562,0.0031094121303958,0.0,0.0,0.0432022572876732
woG4,398,0.0445954431550668,,,,91.0548198223114,0.0227393137718566,0.0945082727025766,0.0073710394198777,0.0297915793833185,0.0234055453224382,0.003086259272751,0.0,0.0,0.0445954431550668
woG4,399,0.0447338947446131,,,,91.16989016532898,0.0228120088348256,0.0947419370784134,0.0074298422741627,0.0298689601133714,0.0234989066852531,0.0031225590701367,0.0,0.0,0.0447338947446131
woG4,400,0.0433153265507006,0.1247290894389152,22.04507395426432,0.8448780377705892,91.21823310852052,0.0218014091894519,0.093919105217105,0.0073588432469328,0.0289371650757603,0.0225098079039913,0.0030146732851939,0.0,0.0,0.0433153265507006
woG4,401,0.0435997999013691,,,,91.16514563560486,0.0220189338290422,0.0939695287923343,0.007359873377489,0.0291432901667278,0.0227343965031695,0.0029887482876981,0.0,0.0,0.0435997999013691
woG4,402,0.0426233156171978,,,,91.21840977668762,0.0212285705597796,0.0941568178231598,0.0073682936881745,0.0284154207186132,0.0219218398780241,0.0030650701078006,0.0,0.0,0.0426233156171978
woG4,403,0.043504847793794,,,,91.11401629447936,0.0219404439396056,0.0940066297523311,0.0073790483474426,0.0291536890245119,0.0225925380974763,0.0030456707301381,0.0,0.0,0.043504847793794
woG4,404,0.0428794704102834,,,,91.44058632850648,0.0214712696577437,0.093727955075561,0.0073523269050189,0.0286946310432719,0.0222039673492678,0.0030628315289504,0.0,0.0,0.0428794704102834
woG4,405,0.0416572368932796,0.1240513324737548,22.24283599853516,0.8426408926645915,91.17666721343994,0.020623368119485,0.0927778614349052,0.0072938130756259,0.0278745902641142,0.0214146232827887,0.0029950796599789,0.0,0.0,0.0416572368932796
woG4,406,0.0415903577794794,,,,91.08634567260742,0.0205886579790442,0.092603324378123,0.0072991984178785,0.0278920864716905,0.0213454996892174,0.0030721743566319,0.0,0.0,0.0415903577794794
woG4,407,0.0419281093006739,,,,91.14140391349792,0.020833420582482,0.0928315784110397,0.0073024570888488,0.0280637348559303,0.0215642225898069,0.0030860692171044,0.0,0.0,0.0419281093006739
woG4,408,0.0427795704301507,,,,91.03795456886292,0.0214776080636093,0.093119564115024,0.0073200139545331,0.0286316594841783,0.0221759067222353,0.003028902500967,0.0,0.0,0.0427795704301507
woG4,409,0.0441166051495514,,,,91.10499620437622,0.0223901421595059,0.0942406722756682,0.0073894812881977,0.0294979741857921,0.0230843693430184,0.003052198299451,0.0,0.0,0.0441166051495514
woG4,410,0.0429090831245555,0.1247308067977428,21.89024403889974,0.8431796550750732,91.2941210269928,0.021556398350379,0.0932707991756376,0.0073334004493338,0.0287338554340063,0.0222746896420101,0.0030218499462639,0.0,0.0,0.0429090831245555
woG4,411,0.04236236535257,,,,91.06812596321106,0.021209573831226,0.0925917786652924,0.007301102279777,0.028381645381756,0.021944799445203,0.0029934704118622,0.0,0.0,0.04236236535257
woG4,412,0.0418314103373005,,,,91.24536323547365,0.0207594253550298,0.0928021923440401,0.0073083854341482,0.028034374270527,0.0214917685180047,0.0030641592313825,0.0,0.0,0.0418314103373005
woG4,413,0.0417790947878947,,,,91.28129386901855,0.0206953351935524,0.0929940611612601,0.0073416818040194,0.028000216732626,0.0214416503402419,0.0029902255294279,0.0,0.0,0.0417790947878947
woG4,414,0.0463349171074443,,,,91.0829119682312,0.0240051909807886,0.095412226973987,0.007426401623143,0.0310127141228953,0.0245673517757629,0.0031510487840068,0.0,0.0,0.0463349171074443
woG4,415,0.0460031771513282,0.122940294444561,22.24133809407552,0.8432157516479493,91.08583211898804,0.0237772871862303,0.0951415266169876,0.0074102569401997,0.0306781721683066,0.0244333461369769,0.0030403075726382,0.0,0.0,0.0460031771513282
woG4,416,0.0468051350965607,,,,91.15401101112366,0.0243608135745295,0.095561855152005,0.0074552324844799,0.031261812727593,0.0249799493028492,0.0030043263095202,0.0,0.0,0.0468051350965607
woG4,417,0.0462950445925358,,,,90.8030526638031,0.0240373792142042,0.0949171078009683,0.0074079678981702,0.0308969913539095,0.0246889728548951,0.0030018354214529,0.0,0.0,0.0462950445925358
woG4,418,0.0440523488538675,,,,91.1120126247406,0.0223774293010107,0.0939534169728638,0.0073578199638878,0.0294872427389758,0.0230634540136231,0.0030293105080433,0.0,0.0,0.0440523488538675
woG4,419,0.0433282444986407,,,,91.1184060573578,0.0218592324889585,0.0936004773515169,0.0073337411416358,0.0289068617018275,0.0225357803302343,0.0030318470299625,0.0,0.0,0.0433282444986407
woG4,420,0.0422095761283255,0.1333645638078451,21.31210327148437,0.8374369780222575,91.19227957725523,0.0210570041624615,0.0928680789275247,0.0073040387532139,0.0282769834042572,0.0217651164800417,0.0030246972236171,0.0,0.0,0.0422095761283255
woG4,421,0.0417567751996341,,,,91.17265605926514,0.0207437059200811,0.0924765062136728,0.0072894258287231,0.0280114699185627,0.021476321937669,0.0030117444236014,0.0,0.0,0.0417567751996341
woG4,422,0.0410564622124199,,,,91.27955603599548,0.0202006920561438,0.0923725889354455,0.0073025599465568,0.0275082688656498,0.0209790872196193,0.0029784253556052,0.0,0.0,0.0410564622124199
woG4,423,0.0410228041077002,,,,91.20398211479188,0.0201869630865508,0.0922603934514718,0.0072768161829072,0.0275386159506733,0.020958909428999,0.0029758706442691,0.0,0.0,0.0410228041077002
woG4,424,0.040849976959165,,,,91.14428067207336,0.0200559319241247,0.092179108838566,0.0072875124035922,0.0273931397461011,0.0208489098586142,0.0030196155001577,0.0,0.0,0.040849976959165
woG4,425,0.0406852213543702,0.1246869470924139,22.20403900146484,0.8417365709940593,90.91579627990724,0.0199769456092207,0.0918422952050068,0.0072648673028242,0.0272705730539364,0.0207550921477377,0.0029503004816284,0.0,0.0,0.0406852213543702
woG4,426,0.040956955128273,,,,91.19702172279358,0.0201590389440782,0.0921125876121833,0.0072878924862588,0.02747825372842,0.0209047436927918,0.0029677965737436,0.0,0.0,0.040956955128273
woG4,427,0.0413968803544269,,,,91.12681031227112,0.0205142028385498,0.0919928838972185,0.0072635361413303,0.0278006428241974,0.021271471651729,0.003027775260948,0.0,0.0,0.0413968803544269
woG4,428,0.0409566529675341,,,,90.90307641029358,0.0201749103296487,0.0919708003763292,0.0072827986670566,0.0274727058551106,0.0209116833360835,0.0030228629723557,0.0,0.0,0.0409566529675341
woG4,429,0.0408294551440926,,,,91.1673333644867,0.0200929010561743,0.0918263421684014,0.0072605731996295,0.0274178458866281,0.0208455096151618,0.0029630480958225,0.0,0.0,0.0408294551440926
woG4,430,0.040630159288889,0.1268261186778545,22.031539408365884,0.8418084939320882,91.28663063049316,0.019977744783229,0.0915112593134895,0.0072346638590402,0.0272512460722908,0.02074314779831,0.0029407857199672,0.0,0.0,0.040630159288889
woG4,431,0.0405709945031853,,,,91.19200277328493,0.0199223030511228,0.0915352628856408,0.0072472646954606,0.0272664175384113,0.0206913393616798,0.00295571389047,0.0,0.0,0.0405709945031853
woG4,432,0.0411512741483137,,,,91.2528841495514,0.0203127200089272,0.0921012006822179,0.0072786903550817,0.0276369885770512,0.0210564223301337,0.0029649404435777,0.0,0.0,0.0411512741483137
woG4,433,0.0406753639308888,,,,91.1417360305786,0.0200150670926468,0.0915053677363473,0.0072488630663786,0.0273068067236024,0.0207440429214449,0.0029836865132445,0.0,0.0,0.0406753639308888
woG4,434,0.0407509591552566,,,,91.18250870704652,0.0200487380603053,0.0916778577155754,0.0072716168036348,0.0273804956680682,0.0208098377467545,0.0029319220062223,0.0,0.0,0.0407509591552566
woG4,435,0.0409714598972045,0.1290089674293995,21.897689310709637,0.8402809778849284,91.07504320144652,0.0202543027851669,0.0914154213960053,0.0072433160404201,0.0275422282913913,0.0210250928982725,0.0029285085811203,0.0,0.0,0.0409714598972045
woG4,436,0.0404116906469962,,,,91.38029384613036,0.0198652252677034,0.0910103868265621,0.0072183917108617,0.0271632069050044,0.0206198744689587,0.0029619485826888,0.0,0.0,0.0404116906469962
woG4,437,0.0420584514523383,,,,91.31537652015686,0.0210163087477205,0.0921893906397897,0.0072775941559678,0.0281993186131852,0.0217625215176309,0.0030175540863429,0.0,0.0,0.0420584514523383
woG4,438,0.0424695353588608,,,,91.25597882270812,0.0213619638616066,0.0920843926609539,0.0072687087908814,0.0284964757147016,0.0220624485938641,0.0029908590978698,0.0,0.0,0.0424695353588608
woG4,439,0.0414375872274891,,,,91.69070768356325,0.0205946835902992,0.0916525814376893,0.0072535945438459,0.0278492838327513,0.0213340353144363,0.0029698316156711,0.0,0.0,0.0414375872274891
woG4,440,0.041069671328439,0.119874257594347,22.48406575520833,0.8478981018066406,91.46417593955994,0.0203378074649782,0.0913731680541742,0.0072527161463484,0.0275961777317475,0.0211027380857677,0.0029376325861657,0.0,0.0,0.041069671328439
woG4,441,0.0430083890124911,,,,91.22139167785645,0.0217932191310969,0.0920466932116961,0.0072615556495233,0.0288869113981968,0.0224964308216557,0.0029356073803787,0.0,0.0,0.0430083890124911
woG4,442,0.0421080852965595,,,,91.23931503295898,0.0210718017941737,0.0920823714772208,0.007259550042542,0.0282739959046488,0.0218028128910504,0.0029808444135104,0.0,0.0,0.0421080852965595
woG4,443,0.0410576205792241,,,,91.27927494049072,0.0203650533679689,0.0910962658827422,0.0072112368118231,0.0275467676034227,0.0211224704141133,0.0029916175408288,0.0,0.0,0.0410576205792241
woG4,444,0.0415647098580833,,,,91.46678376197816,0.0207039589810444,0.0916291011161491,0.0072594199302896,0.0279379707348884,0.0214185273259511,0.0029333888726751,0.0,0.0,0.0415647098580833
woG4,445,0.0405508935085085,0.1259733345359563,22.09664103190104,0.8415005048116048,91.19324612617493,0.0199754310802358,0.0910343058773728,0.0072073382439977,0.0272641880514069,0.0207185350190542,0.0029388354799221,0.0,0.0,0.0405508935085085
woG4,446,0.0416053530195208,,,,91.23169732093812,0.0206399993268681,0.0923946265314446,0.0072734715897956,0.0278734910439272,0.0214097685730237,0.0028831596976741,0.0,0.0,0.0416053530195208
woG4,447,0.0413794413697524,,,,91.3208601474762,0.0205572405906363,0.0915787039233035,0.0072361304230041,0.0277718194439762,0.0213364429130661,0.002931924983401,0.0,0.0,0.0413794413697524
woG4,448,0.041279961629847,,,,91.27372312545776,0.0204639023963789,0.0916937022912697,0.0072432866426887,0.0276824768754791,0.021251782599348,0.0029360605775928,0.0,0.0,0.041279961629847
woG4,449,0.0412015005579737,,,,91.07861638069151,0.0204241019520969,0.0915085297138964,0.0072510804118374,0.0276159047088051,0.021197098582128,0.0029984038603705,0.0,0.0,0.0412015005579737
woG4,450,0.0403099178535039,0.1220218446105718,22.599678548177085,0.8436882177988688,91.12013864517212,0.0198303201296901,0.0906071770386617,0.0072013333508531,0.0271194351562222,0.020620927634481,0.0029339244322981,0.0,0.0,0.0403099178535039
woG4,451,0.0412843085550626,,,,91.22980999946594,0.0203474243705878,0.0927245367745884,0.007250002417408,0.0276062183204244,0.0211017538991863,0.0029606844630611,0.0,0.0,0.0412843085550626
woG4,452,0.0415956377830417,,,,91.29131603240968,0.020799089933089,0.0910420202818073,0.0072093541833159,0.0279733550078311,0.0215213857133124,0.0029703898023294,0.0,0.0,0.0415956377830417
woG4,453,0.0424902995010135,,,,91.17257070541382,0.0212839891385958,0.0927597494398961,0.0072716239469553,0.0284630640745773,0.0220336638558961,0.0030623569771586,0.0,0.0,0.0424902995010135
woG4,454,0.0412055407421755,,,,91.1572036743164,0.0204889096899843,0.0910933823859105,0.0072283442399357,0.0277320685353679,0.021194885164255,0.0029207929905855,0.0,0.0,0.0412055407421755
woG4,455,0.0410053667871922,0.1279778704047203,21.833442179361978,0.8428475062052408,91.63872766494752,0.0203347273140412,0.0910667747747702,0.0072151582123192,0.0275682460241874,0.0210542066755597,0.0029195503390882,0.0,0.0,0.0410053667871922
woG4,456,0.0403650076601837,,,,91.10206270217896,0.0199032659398117,0.090444407013596,0.0071845002716682,0.0271353461459034,0.020645141654999,0.0029499874942645,0.0,0.0,0.0403650076601837
woG4,457,0.0401056428729999,,,,91.08611059188844,0.0196561107152431,0.0907484576350352,0.0071895732334433,0.0269918120389834,0.0204348100395109,0.0028934659403901,0.0,0.0,0.0401056428729999
woG4,458,0.0410656332206286,,,,91.26263523101808,0.0203883204929774,0.0910024936081933,0.007215069759576,0.027594697325811,0.0211034733878418,0.0029739261276592,0.0,0.0,0.0410656332206286
woG4,459,0.0428319799057284,,,,91.21365332603456,0.0216587406552595,0.0920109372647082,0.0072790992896637,0.0287184075253908,0.0223739410475751,0.0029422789077335,0.0,0.0,0.0428319799057284
woG4,460,0.0420692089151163,0.1227773372083902,22.22357940673828,0.8459198951721192,91.17910146713255,0.0211059557976292,0.0915543778997952,0.0072658657626874,0.0282494923878522,0.0218417113646864,0.0029812628931946,0.0,0.0,0.0420692089151163
woG4,461,0.0428984725359277,,,,91.20162296295166,0.0217540949109758,0.0915488991581025,0.0072638356836787,0.0288905531137448,0.0225014548336506,0.002966444249471,0.0,0.0,0.0428984725359277
woG4,462,0.0418567599301211,,,,91.20274066925047,0.0210103662608221,0.0909269017274262,0.0072309291085655,0.0282122217057669,0.0217369094063512,0.0030181509896838,0.0,0.0,0.0418567599301211
woG4,463,0.0407758356056741,,,,91.1273181438446,0.0202485480513729,0.090289009887664,0.0071917938099044,0.0274450795602847,0.0209930376913093,0.0028766502395318,0.0,0.0,0.0407758356056741
woG4,464,0.0398447757708977,,,,91.15277767181396,0.0195727491919256,0.0897420537276346,0.0071480335919644,0.0268474122906317,0.0203633363221268,0.0029107030723472,0.0,0.0,0.0398447757708977
woG4,465,0.039236423040389,0.1157737132161855,22.650508626302084,0.8485467592875163,91.3775703907013,0.0191197827626325,0.0894846706116785,0.0071604935009582,0.0264778322402815,0.0199360645330343,0.00288093857158,0.0,0.0,0.039236423040389
woG4,466,0.0393435854739585,,,,91.20893812179564,0.0191762623468749,0.0897149394770137,0.007171521810662,0.0265235029863285,0.0199931590573587,0.0028874230824914,0.0,0.0,0.0393435854739585
woG4,467,0.0398951460927969,,,,91.3169333934784,0.0195893024277613,0.0899327993392944,0.0071611683682126,0.026898658422173,0.0203650224587467,0.0029120969626151,0.0,0.0,0.0398951460927969
woG4,468,0.0405999586047207,,,,91.19896602630617,0.0201253169292553,0.090125063403708,0.0071616559747423,0.0273724793929789,0.0208716236177037,0.0029209459145156,0.0,0.0,0.0405999586047207
woG4,469,0.0398550310828646,,,,91.37652921676636,0.0195986998160598,0.089606652005774,0.0071478636580381,0.0268813346314137,0.0203836443604993,0.0028838005630665,0.0,0.0,0.0398550310828646
woG4,470,0.0399537402220436,0.1182136908173561,22.5022705078125,0.8466268539428711,91.14409446716309,0.0196547799850585,0.0897882463502102,0.0071478053873985,0.0269011563667264,0.020438448167177,0.0029193839214772,0.0,0.0,0.0399537402220436
woG4,471,0.0392132918579412,,,,91.17329287528992,0.0191197296009078,0.0893611043203072,0.0071240447053197,0.026471876462952,0.0199174431885485,0.0028994423594921,0.0,0.0,0.0392132918579412
woG4,472,0.0396697240591537,,,,91.05777263641356,0.0194670273006328,0.0894679285463739,0.0071519666874292,0.0267792896627158,0.0202538995377597,0.0028973210824378,0.0,0.0,0.0396697240591537
woG4,473,0.0399893599974571,,,,91.27690768241882,0.019707034960328,0.0895267309712582,0.0071600144404582,0.0270142054154736,0.020497617517888,0.0029331813184697,0.0,0.0,0.0399893599974571
woG4,474,0.0401554952726745,,,,91.1603569984436,0.0197870412261271,0.0900417703096983,0.0071683221145487,0.0269940971839623,0.0205453717852102,0.0029396239833211,0.0,0.0,0.0401554952726745
woG4,475,0.0407129476365984,0.1154599711298942,22.851509602864585,0.8475062529246012,91.23629927635191,0.020190946002048,0.0903052726729971,0.0071709329285277,0.0274259666530568,0.0209390697390085,0.0029471514672117,0.0,0.0,0.0407129476365984
woG4,476,0.0413088546302474,,,,91.22325086593628,0.0206515551621063,0.0903915034942939,0.0071680895549046,0.0278155092058367,0.0213884658363388,0.0029654352177606,0.0,0.0,0.0413088546302474
woG4,477,0.0406641926097332,,,,91.56029200553894,0.0202190335763648,0.0897353227998389,0.0071516342606151,0.0273750865007521,0.0209958791946534,0.002976195762682,0.0,0.0,0.0406641926097332
woG4,478,0.0408638667651131,,,,91.2994990348816,0.0203629089519381,0.0898837838016572,0.0071667108692412,0.027525972620752,0.0211103295785237,0.0029488808282681,0.0,0.0,0.0408638667651131
woG4,479,0.04097031663004,,,,91.22717595100404,0.0204678919609086,0.0896665434368321,0.0071460210305989,0.0276246299570212,0.0212297131933394,0.0029903533162365,0.0,0.0,0.04097031663004
woG4,480,0.0408227042004954,0.1203035693615675,22.543363444010417,0.8453650951385498,91.1353485584259,0.020326259576517,0.0898658467120811,0.0071604496066565,0.0275168297048963,0.0211138358019048,0.0029303949377804,0.0,0.0,0.0408227042004954
woG4,481,0.0444285894637225,,,,91.28636026382446,0.022947141847222,0.0918221952485256,0.0072514465132148,0.0297759902342909,0.0235995053176264,0.0030445652111189,0.0,0.0,0.0444285894637225
woG4,482,0.0490250701206873,,,,91.20182514190674,0.0263229589298611,0.0940075873351488,0.0073346174131223,0.0328877701683611,0.0268080717441244,0.0030200688333487,0.0,0.0,0.0490250701206873
woG4,483,0.0432549449538842,,,,91.1876187324524,0.0221435232087969,0.090755639506168,0.0072027361230375,0.029118204535153,0.0228770702665091,0.0029133499893894,0.0,0.0,0.0432549449538842
woG4,484,0.0417522410480458,,,,91.16487216949464,0.0209495831800044,0.0908890889316308,0.0071778365498652,0.028047518560388,0.021649428795962,0.0029589313504163,0.0,0.0,0.0417522410480458
woG4,485,0.0400325043249081,0.1284073106944561,21.931660461425786,0.8452083428700765,91.24317026138306,0.0197591403514513,0.0894169787891575,0.0071300697268643,0.0270067679955333,0.0205736660826035,0.0028629803449892,0.0,0.0,0.0400325043249081
woG4,486,0.0394582527338481,,,,91.0176568031311,0.0193382596871891,0.089138283104193,0.0071101184499251,0.0265871197687553,0.0201834455193554,0.0028760707631829,0.0,0.0,0.0394582527338481
woG4,487,0.0387413106156421,,,,91.08718729019164,0.0188052271889736,0.0888442812395877,0.0071214719820523,0.0261355060473328,0.019643335328361,0.0029232437449476,0.0,0.0,0.0387413106156421
woG4,488,0.039028406158456,,,,91.19561529159546,0.0190620389537977,0.0886491815574833,0.0070995183730284,0.0263830819090858,0.0198547072235311,0.0029053155401507,0.0,0.0,0.039028406158456
woG4,489,0.0394705309395174,,,,91.09976029396056,0.0193345630617781,0.089226342615534,0.0071440906870774,0.0266649257010001,0.0201480558569558,0.0029000799251781,0.0,0.0,0.0394705309395174
woG4,490,0.0392366784365206,0.1300117019563913,21.734494018554688,0.84337903658549,91.2590868473053,0.0191831086594306,0.088955001264322,0.0071139501590953,0.0264836544262581,0.0199904985283119,0.0029728656155667,0.0,0.0,0.0392366784365206
woG4,491,0.0394814371543585,,,,91.17771005630492,0.019407532269471,0.0888096470324719,0.0070874537341296,0.0266875359611433,0.0201470727009362,0.0029208364478526,0.0,0.0,0.0394814371543585
woG4,492,0.039200743797739,,,,91.34148049354552,0.0192426570507957,0.0882800514580773,0.0070688240210998,0.0264792000019892,0.0200700806530161,0.002878570117125,0.0,0.0,0.039200743797739
woG4,493,0.0402762446949472,,,,91.26790833473206,0.0199169455340406,0.0896990470221785,0.007143417174821,0.0271191850274068,0.0206882499814888,0.0030010778430208,0.0,0.0,0.0402762446949472
woG4,494,0.0389254384017625,,,,91.1985960006714,0.0189977134501592,0.0884731744156509,0.0071024062230297,0.0263197860207225,0.0198189251384407,0.0029032572208842,0.0,0.0,0.0389254384017625
woG4,495,0.0386008115057818,0.1273715030401945,21.832147725423177,0.8437994003295899,91.21171283721924,0.0187757843723673,0.0881332090643585,0.0071123198178581,0.0261119402883971,0.0196246653260876,0.0029442634645345,0.0,0.0,0.0386008115057818
woG4,496,0.0399682337693015,,,,91.2336642742157,0.0197825322355159,0.0887942358118588,0.0071180060002036,0.0269957560526787,0.0205885497395132,0.0029161868905114,0.0,0.0,0.0399682337693015
woG4,497,0.0414840962401911,,,,91.25330710411072,0.0208121947257123,0.0901376414494436,0.007168612082214,0.0279766783942697,0.0216015172114626,0.0029298349199663,0.0,0.0,0.0414840962401911
woG4,498,0.0404327122464043,,,,91.2477478981018,0.020009919596439,0.0899173397509778,0.0072180367929891,0.0272794705281247,0.0208050399545396,0.0028865415312838,0.0,0.0,0.0404327122464043
woG4,499,0.0390174533927538,,,,91.19642543792725,0.0190724222081117,0.0884715685101806,0.0070887950142143,0.026396565345406,0.0198709764517843,0.0029241899037962,0.0,0.0,0.0390174533927538
woG4,500,0.0386074415453877,0.1268072519451379,21.832526652018228,0.8440738995869954,91.20090532302856,0.0187800333331354,0.0882554093345266,0.0070685646496713,0.0260541285464509,0.0196062367882762,0.00287613386315,0.0,0.0,0.0386074415453877
woG4,501,0.0384236842882437,,,,91.20184898376463,0.0187130060703417,0.0876178790311344,0.0070442588041826,0.0260265049387197,0.019527300993805,0.002852528919962,0.0,0.0,0.0384236842882437
woG4,502,0.0385342333313138,,,,91.49805951118468,0.0187907965823275,0.0876342116809282,0.0070405328879132,0.0260516072119601,0.0196437599198495,0.0029174684323599,0.0,0.0,0.0385342333313138
woG4,503,0.0384570372245106,,,,91.35883975028992,0.0187427384900997,0.0876354330875834,0.0070269507504846,0.0259830631529454,0.0195482886075729,0.0028666629208839,0.0,0.0,0.0384570372245106
woG4,504,0.0388963817328703,,,,91.25245094299316,0.0190137257097197,0.0882388001582661,0.0070838047931978,0.0262755045484079,0.0198096108897665,0.002858536648106,0.0,0.0,0.0388963817328703
woG4,505,0.0387039905810942,0.1232077796012163,22.06292317708333,0.8457379817962647,91.6816792488098,0.0189010212579589,0.0878967427816547,0.007054174853275,0.0262053908826019,0.0197005250155315,0.0028651562818997,0.0,0.0,0.0387039905810942
woG4,506,0.03901025573494,,,,91.25492668151855,0.0190976802412359,0.0882654678626138,0.0070677712010067,0.0263732317071713,0.0199100904807936,0.0028436220800656,0.0,0.0,0.03901025573494
woG4,507,0.0398692951888823,,,,91.17064142227171,0.0197483146731115,0.0884636552607427,0.0071083414788189,0.0269970589882281,0.0205158127135917,0.0029135921924207,0.0,0.0,0.0398692951888823
woG4,508,0.0392041751412583,,,,91.14843416213988,0.0193214811399945,0.087719196178874,0.00704706885058,0.0265274868636834,0.0200989816994329,0.0028808210493584,0.0,0.0,0.0392041751412583
woG4,509,0.040701220636485,,,,91.26134181022644,0.0204123548751116,0.0884111846079591,0.0070796485982652,0.02756345279698,0.0211945158719527,0.0028653225096202,0.0,0.0,0.040701220636485
woG4,510,0.0428968305378908,0.1203409787267446,22.371739196777344,0.8453926881154378,91.50214743614195,0.0218979517517031,0.0905155446685728,0.0071766346551813,0.0288453833429051,0.022607106669638,0.002920786469419,0.0,0.0,0.0428968305378908
woG4,511,0.0405097697082845,,,,91.17986178398132,0.020237227985788,0.0886422488533082,0.0071007598412879,0.0273998711166567,0.0209777826351709,0.0029202457192949,0.0,0.0,0.0405097697082845
woG4,512,0.0398343964708877,,,,91.2027506828308,0.0197000086811355,0.0885948690234637,0.0070878161350265,0.0269468656481533,0.0205146619347763,0.0029010554454976,0.0,0.0,0.0398343964708877
woG4,513,0.0393785058261185,,,,91.17835021018982,0.0194398725985503,0.0878167728908726,0.0070373814049192,0.0266532375492522,0.0202496172707588,0.002900818264547,0.0,0.0,0.0393785058261185
woG4,514,0.0398097914628318,,,,91.25197339057922,0.0197612570949875,0.0880182595526585,0.007039797738515,0.0269137494510314,0.0205592992639199,0.0028605647948112,0.0,0.0,0.0398097914628318
woG4,515,0.0388483777947601,0.1178618092089891,22.579825846354165,0.8503156820933024,91.20917868614195,0.0190449486959908,0.0876288677825302,0.0070297282616623,0.0263146773499787,0.0198683870391401,0.0028595017941027,0.0,0.0,0.0388483777947601
woG4,516,0.0392098993246184,,,,91.11315965652466,0.0192720631793996,0.0880999565124511,0.0070749848783321,0.0265429670632374,0.0200892606154694,0.0028475462449485,0.0,0.0,0.0392098993246184
woG4,517,0.0383270282878494,,,,91.51754927635191,0.0186381620645034,0.0875873477732549,0.0070548263630356,0.0259625571856244,0.019458355336282,0.0028668317531586,0.0,0.0,0.0383270282878494
woG4,518,0.0385154283407037,,,,91.24253559112547,0.0188223514705896,0.0872817552480541,0.0070318032369078,0.0261129101005489,0.019669605518279,0.0028283639847239,0.0,0.0,0.0385154283407037
woG4,519,0.0383635854012653,,,,91.07363319396973,0.0187503918852718,0.0869338390279988,0.0070154254103354,0.0260104828773707,0.0195828557365619,0.00281170136238,0.0,0.0,0.0383635854012653
woG4,520,0.0385741340149132,0.1272453516721725,21.9902582804362,0.8437796910603841,91.18457102775574,0.0188817562168983,0.087215852053439,0.0070087489534596,0.0261543644592165,0.0197020309641346,0.0028350884524235,0.0,0.0,0.0385741340149132
woG4,521,0.0380505786781184,,,,91.28745245933531,0.0185084165089198,0.0868987289608502,0.0069969452470999,0.0257861190017495,0.0193442513433391,0.002822062898557,0.0,0.0,0.0380505786781184
woG4,522,0.0383114773230474,,,,91.3697383403778,0.0187087140702566,0.0869178004929276,0.0070044173874327,0.0259430032437209,0.0195454085383136,0.0028793750556002,0.0,0.0,0.0383114773230474
woG4,523,0.0393947093884964,,,,91.13338446617126,0.0194960016696179,0.0875403236170284,0.0070395344814865,0.0266312989787977,0.0202783812295462,0.0028687762468671,0.0,0.0,0.0393947093884964
woG4,524,0.0387169084068937,,,,91.22902297973631,0.019006079955973,0.0871051413113953,0.0070070955200029,0.0262402777987547,0.0198184435912331,0.0028973864067009,0.0,0.0,0.0387169084068937
woG4,525,0.0392874206309435,0.122926190495491,22.346729532877603,0.8470056056976318,91.26382088661194,0.0194002858317289,0.0876510851695889,0.00702841225897,0.026622944771022,0.0201750790059077,0.0027899979795023,0.0,0.0,0.0392874206309435
woG4,526,0.0392685972276281,,,,91.29407811164856,0.019332025108523,0.0879994347447254,0.0070425146450212,0.0265579860443707,0.0201731132969382,0.0028158649124708,0.0,0.0,0.0392685972276281
woG4,527,0.0394829106440798,,,,91.32412433624268,0.0195688127814868,0.0876188043688164,0.0070128437517149,0.026694247728122,0.0203037617163213,0.0028042808236157,0.0,0.0,0.0394829106440798
woG4,528,0.0381972248833931,,,,91.35292983055116,0.0186342094704264,0.0867499230337924,0.007008146528979,0.0259330856506941,0.0194891444102051,0.0028455465236205,0.0,0.0,0.0381972248833931
woG4,529,0.0378370503513295,,,,91.14127707481384,0.018383122965327,0.0865097876454963,0.0069681525070098,0.0256689105060745,0.0192355715944508,0.0028552984729119,0.0,0.0,0.0378370503513295
woG4,530,0.0383107884954966,0.1205261386930942,22.590093994140624,0.8472727457682292,91.19546365737916,0.0187104043062226,0.08693977262153,0.0069941354087233,0.02599575434674,0.0195393621555117,0.0027772291428905,0.0,0.0,0.0383107884954966
woG4,531,0.0384172001761979,,,,91.31056427955627,0.0188159595671125,0.0867563647324921,0.0070027465603818,0.02610385514124,0.01961867754027,0.0028200557237857,0.0,0.0,0.0384172001761979
woG4,532,0.0387749171922685,,,,91.50635075569151,0.0190403849023898,0.0872184409469854,0.0069918246428314,0.0262709112120334,0.0198840635645462,0.0027961088687975,0.0,0.0,0.0387749171922685
woG4,533,0.0378173431686934,,,,91.30192613601685,0.0184006422116863,0.0862522672434322,0.0069497531608174,0.0256707487001892,0.0192434772558998,0.002862714145134,0.0,0.0,0.0378173431686934
woG4,534,0.0380665277909548,,,,91.09538435935974,0.0185151953845605,0.0869693360367759,0.0069959655644555,0.025806185873378,0.0193443251468363,0.0027846695385781,0.0,0.0,0.0380665277909548
woG4,535,0.0393868669195741,0.1267126500606537,21.759223429361978,0.8478497664133707,91.15729832649232,0.0195157429982037,0.0872464512215286,0.0070134143566437,0.026764443480089,0.0203273541706263,0.0028357341175624,0.0,0.0,0.0393868669195741
woG4,536,0.0388887824918158,,,,91.10957169532776,0.0191886347229974,0.0868156464373479,0.0069736581902615,0.0263737524233636,0.0199789555636463,0.0027928276714624,0.0,0.0,0.0388887824918158
woG4,537,0.0387329978746224,,,,91.4244785308838,0.0190628328375884,0.086762823530885,0.0069743688065619,0.0262464338333391,0.0198729570542813,0.002908959612632,0.0,0.0,0.0387329978746224
woG4,538,0.0388839484390909,,,,91.2718586921692,0.0191877291644694,0.0867217085400565,0.0069850000713142,0.0263586058968403,0.0200011161858307,0.0028725076356108,0.0,0.0,0.0388839484390909
woG4,539,0.0388525530970731,,,,91.12028479576112,0.0191443135702341,0.0868968318720332,0.006989207653115,0.026378200160431,0.019944228957117,0.0028144013218688,0.0,0.0,0.0388525530970731
woG4,540,0.0390059083364293,0.1146605163812637,22.74498748779297,0.8500334103902181,91.24441480636597,0.0192053351307013,0.087311635251905,0.0070304933049884,0.0264462605729454,0.0200370320531188,0.0028649459747582,0.0,0.0,0.0390059083364293
woG4,541,0.0390495698074581,,,,91.2102108001709,0.0193399824354736,0.086513019487506,0.006973136987415,0.0265397224422605,0.0201395926157348,0.0029110070136681,0.0,0.0,0.0390495698074581
woG4,542,0.0387422759696596,,,,91.56233978271484,0.019093417501474,0.0865512216677431,0.0069848789898373,0.0263146828157735,0.0199222386219218,0.0028413551693522,0.0,0.0,0.0387422759696596
woG4,543,0.0375016717484495,,,,91.47590613365172,0.0181809525066589,0.0859915667870005,0.0069581220560081,0.0254612662295093,0.0190478389334605,0.0028451104561576,0.0,0.0,0.0375016717484495
woG4,544,0.0380068015246117,,,,91.14975261688232,0.0185878179494108,0.0859767955834748,0.0069491180274482,0.0257986266104901,0.0194372974916315,0.0027957287880393,0.0,0.0,0.0380068015246117
woG4,545,0.0382139083059107,0.1152884103357791,22.76377258300781,0.8521314779917399,91.48775625228882,0.0187012221068754,0.0863797518073535,0.0069557765659066,0.025943314519207,0.0195199898978481,0.0028558899381304,0.0,0.0,0.0382139083059107
woG4,546,0.0382668246194475,,,,91.20903968811037,0.0187642831645417,0.0862286252076508,0.0069529076801521,0.0259991044361816,0.0195779499719988,0.002813545471729,0.0,0.0,0.0382668246194475
woG4,547,0.0384052574756692,,,,91.1955108642578,0.0188662938117125,0.0862333105235803,0.0069696931626464,0.0261299379292081,0.0196737303841309,0.0028792642272596,0.0,0.0,0.0384052574756692
woG4,548,0.0381221703452165,,,,91.54006004333496,0.01867281821877,0.0859792413281612,0.0069305921530686,0.0258488484856779,0.0195383674419317,0.0028794338625138,0.0,0.0,0.0381221703452165
woG4,549,0.0390167632674584,,,,91.28707242012024,0.0193572769124732,0.0862771595110658,0.0069540705680694,0.026459211071373,0.0201316709080558,0.0028392158336097,0.0,0.0,0.0390167632674584
woG4,550,0.0392949452135162,0.1142937261611223,22.582674153645836,0.851259978612264,91.22963404655457,0.0195259638207002,0.086682843380287,0.0069598516174515,0.026600117184466,0.020331222892235,0.002803848280579,0.0,0.0,0.0392949452135162
woG4,551,0.0388270282018624,,,,91.15467071533205,0.019170125709755,0.0865220295601203,0.0069679805329527,0.0263957782327884,0.0199845361630203,0.0027703572595186,0.0,0.0,0.0388270282018624
woG4,552,0.0380544216051453,,,,91.36856985092165,0.0185320759650136,0.086657342852139,0.0069971600371855,0.0258419245756307,0.0193903176037625,0.0028558510535045,0.0,0.0,0.0380544216051453
woG4,553,0.0372423545808577,,,,91.15111708641052,0.0180658937019647,0.0852744647713958,0.0069109999200665,0.0253095064983993,0.018930787594653,0.0028602817233224,0.0,0.0,0.0372423545808577
woG4,554,0.0382420969516283,,,,91.29003620147704,0.0187764116181213,0.0859731396690743,0.0069365417928297,0.0259762152983639,0.0195995882290919,0.0028108985098384,0.0,0.0,0.0382420969516283
woG4,555,0.0380694382045357,0.114457506686449,22.794600931803384,0.8514550367991129,91.3750138282776,0.0186581152002708,0.085777358930619,0.0069198423355329,0.0258651339739072,0.0195221882237152,0.0028134818507556,0.0,0.0,0.0380694382045357
woG4,556,0.0376947905532405,,,,91.3329975605011,0.0184048865769119,0.0854491093119636,0.00690019056659,0.0256225758644401,0.0192515992819041,0.0028425238427293,0.0,0.0,0.0376947905532405
woG4,557,0.0374090644057656,,,,91.14335036277772,0.018198415095017,0.0852289185172221,0.0069030027752589,0.0254641935672061,0.0190909388017092,0.0028229756605215,0.0,0.0,0.0374090644057656
woG4,558,0.0369319205828866,,,,91.08407068252563,0.0178762276916474,0.0848978699230756,0.006882041536241,0.0251203022561356,0.0187294132106739,0.0027675345095378,0.0,0.0,0.0369319205828866
woG4,559,0.0383972888049043,,,,91.47940039634705,0.0189379412589258,0.0856521285948206,0.0069151748483237,0.0260980766816217,0.0197620506352577,0.0028189097781146,0.0,0.0,0.0383972888049043
woG4,560,0.0382956249914208,0.1257118079811334,21.84829305013021,0.8460860888163249,91.21185564994812,0.0188245546133791,0.0858875473991769,0.0069286510439925,0.0259887634120026,0.0196617906760485,0.0028755733949422,0.0,0.0,0.0382956249914208
woG4,561,0.0380726995740513,,,,91.12838220596312,0.0186694719309567,0.0856799253674804,0.0069243213081671,0.0259284480764973,0.0195104406352658,0.0028582281646792,0.0,0.0,0.0380726995740513
woG4,562,0.0379596370440281,,,,91.22082901000977,0.0186669829561085,0.0850775320021832,0.0068839157962041,0.0258503781219364,0.0194741363148586,0.0027996331938069,0.0,0.0,0.0379596370440281
woG4,563,0.0385182203999796,,,,91.49659991264345,0.019016754859295,0.0857260608282245,0.0069128886327055,0.026175890545376,0.019872819409385,0.0028534556059624,0.0,0.0,0.0385182203999796
woG4,564,0.0400785581651525,,,,91.48430562019348,0.0201552157045998,0.0865753649688158,0.0069448601007919,0.0271977596290287,0.0209283549185903,0.0028537829238616,0.0,0.0,0.0400785581651525
woG4,565,0.0392176012096346,0.1247253734618425,22.12657775878906,0.845898421605428,91.31623244285583,0.0195179218808036,0.086226323100387,0.0069258067714905,0.0266363801755255,0.0203154579522546,0.0028179756844736,0.0,0.0,0.0392176012096346
woG4,566,0.0390259361993826,,,,91.1866991519928,0.0193568015333692,0.0862497149920854,0.0069445962884051,0.0265390554015509,0.0201943840862053,0.0027805726219457,0.0,0.0,0.0390259361993826
woG4,567,0.0382111909967221,,,,91.48460745811462,0.0188267285721834,0.0853521516088579,0.0069018202322367,0.0259600926618107,0.0196695382187723,0.0028229179433317,0.0,0.0,0.0382111909967221
woG4,568,0.0380216791431923,,,,91.23885869979858,0.018665123761433,0.0854399624418039,0.0069004942082845,0.0258489780158537,0.0194949101061239,0.0028579421360503,0.0,0.0,0.0380216791431923
woG4,569,0.0371699019594759,,,,91.16167616844176,0.018105691459152,0.0844845644763258,0.0068490954219043,0.0253080160005903,0.0190008907410942,0.0028031422560042,0.0,0.0,0.0371699019594759
woG4,570,0.0368026591165632,0.121449589729309,22.38878885904948,0.8474133173624675,91.20583820343018,0.0178289379176424,0.0843434768622038,0.0068485662341117,0.025066446421332,0.0187426513961714,0.002824057903156,0.0,0.0,0.0368026591165632
woG4,571,0.0366528249635803,,,,92.25555086135864,0.0177058700517919,0.0844119616219254,0.0068479809684862,0.0249891797324917,0.018593247369176,0.0028122198213555,0.0,0.0,0.0366528249635803
woG4,572,0.0375679265402379,,,,91.26859712600708,0.0183432315873195,0.0851440615341311,0.0069101303529574,0.0255949463939569,0.0191887152213297,0.0027780007975572,0.0,0.0,0.0375679265402379
woG4,573,0.0371539786793902,,,,91.55766916275024,0.0180616808032281,0.0847321123373313,0.0068869473504238,0.025356081894553,0.0189281030649655,0.0028003183447328,0.0,0.0,0.0371539786793902
woG4,574,0.0367570900831554,,,,92.30099153518675,0.0178167809136822,0.0842169264300924,0.0068353508545665,0.0250348845786857,0.0186930243765599,0.0028075826312338,0.0,0.0,0.0367570900831554
woG4,575,0.0375647936168997,0.1219335738569498,22.464040120442707,0.8470237414042155,91.40145802497864,0.018394620753214,0.0847021927599047,0.0068800833083872,0.0256301263255662,0.0192424128763377,0.0027743298350451,0.0,0.0,0.0375647936168997
woG4,576,0.0370026535095005,,,,91.19090223312378,0.0179833418033162,0.0844590566197379,0.0068562176120543,0.0252127505564054,0.0188539560395674,0.0027478845073406,0.0,0.0,0.0370026535095005
woG4,577,0.0371501419204668,,,,91.22959351539612,0.0180768802242933,0.0845869857756817,0.0068776973210214,0.025356020396728,0.0189605877414101,0.0027591200463366,0.0,0.0,0.0371501419204668
woG4,578,0.0370814028028093,,,,91.17372751235962,0.018051820181188,0.0843738405430903,0.0068425607436229,0.0252628971929432,0.0189327290968694,0.0027975061980885,0.0,0.0,0.0370814028028093
woG4,579,0.0368473597298391,,,,91.1219081878662,0.0178960820003489,0.0841321031578251,0.0068409745428772,0.0251333652613837,0.0187880574099597,0.0027641568869184,0.0,0.0,0.0368473597298391
woG4,580,0.0377615735728721,0.1249899324029684,22.0072743733724,0.8459979057312011,91.18869471549988,0.0185543193069637,0.0847513099185756,0.006858125590475,0.0257030257375025,0.0193772210632679,0.002749566201571,0.0,0.0,0.0377615735728721
woG4,581,0.0375036347779582,,,,91.12076330184937,0.0183478160303269,0.0847522811811478,0.0068580228682668,0.0255358933135256,0.0191865673090224,0.0027486264322059,0.0,0.0,0.0375036347779582
woG4,582,0.0370828728573244,,,,91.1983540058136,0.0180625191996576,0.0843102980832584,0.0068364951961872,0.0252690120890248,0.0189320737740299,0.0028005975182168,0.0,0.0,0.0370828728573244
woG4,583,0.0371095363936219,,,,91.21626949310304,0.0180872517912724,0.0843497460982838,0.0068340420180962,0.0252686471327162,0.0189360420860838,0.0027427521102954,0.0,0.0,0.0371095363936219
woG4,584,0.0374649817001868,,,,91.26774168014526,0.0183256227278807,0.0846231868032549,0.0068536425910157,0.0255238307395675,0.0191911241864083,0.0027883363182496,0.0,0.0,0.0374649817001868
woG4,585,0.036976729672341,0.1123828254640102,23.13664347330729,0.8513174215952556,91.2638659477234,0.0179841025640852,0.0842514013657804,0.0068464809322546,0.0252441407990504,0.0188614458807545,0.0027596543516322,0.0,0.0,0.036976729672341
woG4,586,0.0373518390458871,,,,91.20973825454712,0.018304919610258,0.0840597445847558,0.0068191432481875,0.0255107854141807,0.0191644445504443,0.0027906085291999,0.0,0.0,0.0373518390458871
woG4,587,0.0378461696482339,,,,91.22263383865356,0.0186538157572389,0.0843785307446464,0.0068577290398114,0.0258352551456601,0.0195222413701722,0.0027677307857704,0.0,0.0,0.0378461696482339
woG4,588,0.0393457010876936,,,,91.3264935016632,0.0197370311733884,0.0852672355096848,0.0068988125145313,0.0267933972760057,0.0205123959048116,0.0028461558271016,0.0,0.0,0.0393457010876936
woG4,589,0.0419846280309997,,,,91.36929559707642,0.0216226907538585,0.0869398903651315,0.0069517104611655,0.0284772206739079,0.0223638127160976,0.0027803437589652,0.0,0.0,0.0419846280309997
woG4,590,0.0463508594872765,0.1196909807622432,22.620455932617187,0.8468548774719238,91.06369709968568,0.0247098312972754,0.0898783876270544,0.0071028838483769,0.0313053029421411,0.025338639963235,0.0028996638091067,0.0,0.0,0.0463508594872765
woG4,591,0.0418805314808106,,,,91.15547323226927,0.0215866431731303,0.0865756512665357,0.0069436966365233,0.0284888480225058,0.0222722633787598,0.0028349395414821,0.0,0.0,0.0418805314808106
woG4,592,0.0381819367347682,,,,91.01513838768004,0.0188282733080817,0.0851225261805487,0.0068700774420113,0.0260077443462414,0.0196846736915653,0.0028028232455787,0.0,0.0,0.0381819367347682
woG4,593,0.0369154263409923,,,,91.34925079345705,0.0179549867791108,0.0840380787849426,0.0068459472099899,0.0251730848409113,0.0188686581114765,0.0028106480250974,0.0,0.0,0.0369154263409923
woG4,594,0.0362549127980333,,,,91.71220517158508,0.0175198847046274,0.083361054053072,0.0067862355394563,0.0247612369445259,0.0184425450021736,0.0027768711824748,0.0,0.0,0.0362549127980333
woG4,595,0.0365544036946824,0.118242722004652,22.52886861165365,0.8494766235351563,92.20432949066162,0.0177500800947185,0.0834323314369702,0.006786087182442,0.0249401127736343,0.0186622283482527,0.0027814326635142,0.0,0.0,0.0365544036946824
woG4,596,0.0374513294120303,,,,91.1543378829956,0.0183978760156963,0.0839713660419964,0.0068118937779217,0.0255119526743522,0.0192912771961972,0.0027242717113666,0.0,0.0,0.0374513294120303
woG4,597,0.0369316740724884,,,,91.14124393463136,0.0180144818102727,0.0837738621430318,0.0068086054267697,0.025180076203141,0.0188774985612415,0.0027597040705169,0.0,0.0,0.0369316740724884
woG4,598,0.0362879696958622,,,,91.40713024139404,0.0175562130867457,0.0833148355366753,0.0067738630030243,0.0247797333772798,0.0184603256677262,0.0027674264121861,0.0,0.0,0.0362879696958622
woG4,599,0.0364886169153891,,,,91.21353244781494,0.0176951450402619,0.0834589009402228,0.0068019638429624,0.0249352549034796,0.018594714606822,0.0027596846644644,0.0,0.0,0.0364886169153891
woG4,600,0.0367618859669224,0.1191353593021631,22.572318013509115,0.8511914889017741,92.20020651817322,0.0179104484068077,0.0835032546129383,0.0067761405390213,0.0251355737630949,0.0187905273537655,0.0027273789193236,0.0,0.0,0.0367618859669224
woG4,601,0.0369058430469671,,,,91.14208221435548,0.0180087372141539,0.0835932073045949,0.006785134519603,0.0252016905053961,0.0189150729384578,0.002746472956773,0.0,0.0,0.0369058430469671
woG4,602,0.036963059383704,,,,91.255450963974,0.0180667911839411,0.0835632374052141,0.0067823655143777,0.0251887286478867,0.0189491098013813,0.0027217989039347,0.0,0.0,0.036963059383704
woG4,603,0.0373915781526536,,,,91.1832435131073,0.018378663014193,0.0837586590501128,0.0067930439502367,0.0255332501818899,0.019245919641718,0.0027202515410579,0.0,0.0,0.0373915781526536
woG4,604,0.0370692409055887,,,,91.19684648513794,0.0181068429326424,0.0839099395470541,0.0068151470747028,0.0253626051068794,0.0189495469809922,0.0027028923237803,0.0,0.0,0.0370692409055887
woG4,605,0.0362736526724012,0.1154497265815734,23.05936075846354,0.8487786928812663,92.44206023216248,0.0175819557282279,0.0830738178042114,0.0067534988849103,0.0247826756314053,0.0184802158476143,0.0026786452317686,0.0,0.0,0.0362736526724012
woG4,606,0.0360763440458256,,,,91.3404667377472,0.017434132216712,0.0829205029323452,0.0067640759898196,0.0246411610669532,0.0183895928327177,0.0027090080528993,0.0,0.0,0.0360763440458256
woG4,607,0.0365822980271988,,,,91.19065451622008,0.017835884706163,0.083016464456183,0.0067688977139711,0.024965966127996,0.018709581589601,0.0027038058911099,0.0,0.0,0.0365822980271988
woG4,608,0.0369858675804294,,,,91.06285524368286,0.0180780180561982,0.0836255877721505,0.0067853976659415,0.0252599868557003,0.0189338723182311,0.0027145952650452,0.0,0.0,0.0369858675804294
woG4,609,0.0370644780608718,,,,91.27180361747742,0.0181592497287592,0.0834872493001281,0.0067696340561493,0.0253511864508761,0.0189907271338657,0.002717729196044,0.0,0.0,0.0370644780608718
woG4,610,0.0368800412130648,0.115506786853075,22.924029541015624,0.8495952765146891,92.4561574459076,0.0180511013299348,0.0831458798197449,0.0067568989585107,0.0251716111221762,0.0189390978165215,0.0027208022895406,0.0,0.0,0.0368800412130648
woG4,611,0.0360830638282856,,,,91.347722530365,0.0174983033879858,0.0825296689252384,0.0067295834868688,0.0246601750020731,0.0184041332209208,0.0026898722810342,0.0,0.0,0.0360830638282856
woG4,612,0.0363082933682398,,,,91.25987148284912,0.0176053978044722,0.0830677943151505,0.0067418128038283,0.0247831050245488,0.0185185524589214,0.0027409563867802,0.0,0.0,0.0363082933682398
woG4,613,0.0368855391613772,,,,91.27412176132202,0.018088692486225,0.0829234753475814,0.0067501382073998,0.0252027239681023,0.0189278386380584,0.0027379052633358,0.0,0.0,0.0368855391613772
woG4,614,0.0371784130569364,,,,91.35703468322754,0.0182749369624452,0.0832502499955599,0.006770126111271,0.0254003545422045,0.0191357613877072,0.0027281387201434,0.0,0.0,0.0371784130569364
woG4,615,0.0367715917985703,0.1213370021432638,22.354713439941406,0.8485719362894694,91.8008873462677,0.0179408486153869,0.0832954381333022,0.0067875937627414,0.0251048030942434,0.0188496873301805,0.002734076508443,0.0,0.0,0.0367715917985703
woG4,616,0.036547071773742,,,,91.17424368858336,0.0178567375835092,0.0826605836876103,0.0067311747755366,0.0249970514235682,0.0187087137572711,0.0026647581539467,0.0,0.0,0.036547071773742
woG4,617,0.0363639065476714,,,,91.26456713676453,0.0176552649908012,0.0830763974150673,0.0067464798711789,0.0248009793032876,0.018550930468396,0.0026949162921318,0.0,0.0,0.0363639065476714
woG4,618,0.0371483400097635,,,,91.25127220153809,0.0182345263950038,0.0834118015453463,0.0067866743679662,0.0253311231976649,0.0191027203681649,0.0026959412746497,0.0,0.0,0.0371483400097635
woG4,619,0.0421635224407569,,,,91.15205502510072,0.0217669758655619,0.0869261534487614,0.0069343009181167,0.0286073465755239,0.0224806677824893,0.0028273377655318,0.0,0.0,0.0421635224407569
woG4,620,0.0497276914596069,0.1309802047908306,21.421734619140626,0.8398209730784099,91.33345007896423,0.0271685606280921,0.0916627029903599,0.0072038181843694,0.0334057524097991,0.0278052656499088,0.0027002610321553,0.0,0.0,0.0497276914596069
woG4,621,0.0435075647518283,,,,91.17399644851685,0.0227885759191312,0.0873052150499625,0.0069645111349823,0.0294391943721986,0.0234852562750094,0.0027849216245069,0.0,0.0,0.0435075647518283
woG4,622,0.0395162426484901,,,,91.23604083061218,0.0199301394588146,0.0847683392587255,0.0068504731151748,0.0268909109481534,0.0207815055704874,0.0027594304840141,0.0,0.0,0.0395162426484901
woG4,623,0.0384575381539151,,,,91.34490203857422,0.0191651231868833,0.0841594861179101,0.0068044849274466,0.0261721783393963,0.0200612605320381,0.002778009727185,0.0,0.0,0.0384575381539151
woG4,624,0.0367355194156531,,,,91.4170823097229,0.0179707503450087,0.0827980447010915,0.0067372610811602,0.0251081152971772,0.0189059538247643,0.0027294842832622,0.0,0.0,0.0367355194156531
woG4,625,0.0362942418633181,0.1199111957103014,22.74913940429688,0.8462571620941162,91.70749616622923,0.0176652855484089,0.0824445139189235,0.0067316328469266,0.0248159028314909,0.0186031844741741,0.0027473508475775,0.0,0.0,0.0362942418633181
woG4,626,0.0362233853456182,,,,91.255615234375,0.0176306541047257,0.0822998006812861,0.0067208307436438,0.0248097109562549,0.0185323114598505,0.0027559994048148,0.0,0.0,0.0362233853456182
woG4,627,0.0362467536489005,,,,91.20614409446716,0.0176686314850679,0.0821433614511958,0.0066995672999927,0.0248108316273962,0.0185902627704084,0.0027339967567908,0.0,0.0,0.0362467536489005
woG4,628,0.0372433071559081,,,,91.1505057811737,0.0183900021795244,0.0826646446204576,0.0067375045227741,0.0254917905406385,0.0192839347329906,0.0027575306780445,0.0,0.0,0.0372433071559081
woG4,629,0.0361823924801877,,,,91.32098698616028,0.0176300436533132,0.0820357159512941,0.0066892944875585,0.0247713480083668,0.0185621684936226,0.0027298116054553,0.0,0.0,0.0361823924801877
woG4,630,0.036187258350556,0.1219379939138889,22.353799438476564,0.8478991031646729,91.45623803138731,0.0176312968394429,0.0820966548606997,0.0066917631660633,0.0247707446334791,0.0185500467272444,0.0026900723011645,0.0,0.0,0.036187258350556
woG4,631,0.037218482996963,,,,91.19815135002136,0.0183421448865508,0.0829598879227872,0.0067514493301907,0.0254576806070618,0.0192194695004307,0.0026784187257213,0.0,0.0,0.037218482996963
woG4,632,0.0361153927219451,,,,91.2616662979126,0.0175684343519635,0.0821168334757695,0.0067149199598819,0.0247141668481416,0.0184875992508452,0.0027379201959864,0.0,0.0,0.0361153927219451
woG4,633,0.0361147385365406,,,,91.22867012023926,0.0175688632947133,0.0821539090305078,0.0067060505933143,0.0247156644453767,0.0184848717963475,0.0026657306655981,0.0,0.0,0.0361147385365406
woG4,634,0.0360060289624284,,,,91.21320676803587,0.0174657351825935,0.0822507528985132,0.0067075139835293,0.0246602260492375,0.0183744138015098,0.002745049947407,0.0,0.0,0.0360060289624284
woG4,635,0.0354824148149031,0.1168156489729881,22.903116861979168,0.8489636262257894,91.18708443641664,0.0170871402274389,0.0819640613970209,0.0066884604137635,0.0242749728628846,0.0180406155308983,0.002701508832645,0.0,0.0,0.0354824148149031
woG4,636,0.0356687246592807,,,,91.22438979148863,0.0172593831542696,0.0818253999850789,0.0066821371838755,0.0244064792899079,0.0181701453249962,0.0026859613221337,0.0,0.0,0.0356687246592807
woG4,637,0.0357328317754092,,,,91.24988079071044,0.0173374430780283,0.081620733757488,0.0066555622472717,0.0244776274489819,0.0182242146922183,0.0027055836484965,0.0,0.0,0.0357328317754092
woG4,638,0.0358544517552754,,,,91.2874813079834,0.0174482985109579,0.0814885213726856,0.0066473773207332,0.0245691503810345,0.0183520636933504,0.00268200997809,0.0,0.0,0.0358544517552754
woG4,639,0.0363302989786521,,,,91.16336846351624,0.0177280787897647,0.0822717552302313,0.0067017599978468,0.0248542028693024,0.0186383066790514,0.0026296386886464,0.0,0.0,0.0363302989786521
woG4,640,0.0355953113404942,0.1203299351036548,22.528073120117188,0.8482441425323486,91.18825244903564,0.0172405952786202,0.0815194136783725,0.0066568605071239,0.0243598463349655,0.0181519561447203,0.0026847705050356,0.0,0.0,0.0355953113404942
woG4,641,0.0360983312129974,,,,91.31833457946776,0.0175184417271711,0.0824262235985427,0.0067169680260121,0.0247210346650881,0.0184376032671845,0.0026862932956914,0.0,0.0,0.0360983312129974
woG4,642,0.0359458862422186,,,,91.04996299743652,0.0175092018545284,0.0815390612258285,0.0066501092658088,0.0246460645108437,0.0184233135650636,0.0027121425898302,0.0,0.0,0.0359458862422186
woG4,643,0.0358584428694648,,,,91.33597326278688,0.0174583858413408,0.0814836489372566,0.0066394337613257,0.024562793287647,0.0183332321371455,0.0026733422247295,0.0,0.0,0.0358584428694648
woG4,644,0.0361635461144271,,,,91.16839933395386,0.0176694129028769,0.0816343426704406,0.0066582647392709,0.0247631606905431,0.0185934999942413,0.0027039375119903,0.0,0.0,0.0361635461144271
woG4,645,0.0361497323563108,0.1159933619201183,23.049815368652343,0.8502089023590088,91.09495282173155,0.0175738657946835,0.0823032880415682,0.0067548213228888,0.0248270403502173,0.0184752644635126,0.002642698462415,0.0,0.0,0.0361497323563108
woG4,646,0.0360423891240211,,,,91.489590883255,0.0175417581359382,0.0819023544671105,0.0066897355546777,0.0246893169022485,0.0184277710504829,0.0027511337873159,0.0,0.0,0.0360423891240211
woG4,647,0.0353159511645065,,,,91.2556176185608,0.0170774375714483,0.0809800839814983,0.0066326415170075,0.0242195809183672,0.0180248952485987,0.0027165398131445,0.0,0.0,0.0353159511645065
woG4,648,0.0354051133617758,,,,91.24676847457886,0.0171211216003313,0.0812574996322882,0.0066341140734978,0.0242542131788662,0.018046780344343,0.0026745973713123,0.0,0.0,0.0354051133617758
woG4,649,0.03609581187856,,,,91.83594703674316,0.0176220845934919,0.0815794340899733,0.0066473479688045,0.0247184057781075,0.0185402011514076,0.0027366487059329,0.0,0.0,0.03609581187856
woG4,650,0.0369209498319713,0.1170118078589439,22.866204325358076,0.8491177082061767,91.10991764068604,0.0181856326239763,0.0823562032863742,0.0067154050949716,0.0253093172567056,0.0190405222113992,0.0026658288285243,0.0,0.0,0.0369209498319713
woG4,651,0.0372529193514683,,,,91.31442904472352,0.0184590597713335,0.0822301199201677,0.0066845700770738,0.0255024088546633,0.0193193541290085,0.0027631170089646,0.0,0.0,0.0372529193514683
woG4,652,0.0361262055602474,,,,91.2179274559021,0.0176490268395206,0.0816049517178144,0.0066508335904905,0.024732771390652,0.0185621136295624,0.0026606176951213,0.0,0.0,0.0361262055602474
woG4,653,0.0357528855321837,,,,91.27929759025574,0.0173410111809241,0.0816796461089712,0.0066650370135903,0.024518612818029,0.0182458096275441,0.0027003008586003,0.0,0.0,0.0357528855321837
woG4,654,0.0357424597576504,,,,91.21567559242249,0.0173687619828909,0.0814421582417409,0.0066565901182256,0.0245231074342107,0.0182497773288947,0.0026592531653701,0.0,0.0,0.0357424597576504
woG4,655,0.0360109403454622,0.113389503210783,22.92215372721354,0.852117395401001,91.21870398521423,0.017550601379671,0.08165114434039,0.0066447067551589,0.0246481832238982,0.0184675346846218,0.0026883736918833,0.0,0.0,0.0360109403454622
woG4,656,0.0362675720825791,,,,91.2693486213684,0.01775970997014,0.0815433713256335,0.0066677595729191,0.0248594523147969,0.0186754142957144,0.0027391139749956,0.0,0.0,0.0362675720825791
woG4,657,0.0364644009253529,,,,91.22753119468688,0.0178839918607693,0.0817713219611371,0.0066971649820381,0.0250493901644329,0.0187607214282282,0.0027969538636856,0.0,0.0,0.0364644009253529
woG4,658,0.0359104244404884,,,,91.21790432929993,0.0175551719062763,0.0809986327515273,0.0066234127209964,0.0246074153034047,0.0184638833352288,0.002661461239589,0.0,0.0,0.0359104244404884
woG4,659,0.0359001754493009,,,,91.1191110610962,0.0175285077592754,0.0811541593465648,0.0066309171675353,0.0246350082767302,0.0184063294780303,0.002686635204629,0.0,0.0,0.0359001754493009
woG4,660,0.0367968595418773,0.1174703817814588,22.590704345703124,0.8485230763753255,91.17741632461548,0.0181809050015738,0.0816498369467063,0.0066334829268763,0.0252430889694417,0.0190188921758996,0.0026697365273187,0.0,0.0,0.0367968595418773
woG4,661,0.0365340571361975,,,,91.2220423221588,0.0180199848045213,0.0812318598637815,0.0066303736568413,0.0250599060787773,0.0188958583185907,0.0026726224335658,0.0,0.0,0.0365340571361975
woG4,662,0.0364203104810392,,,,91.32573413848876,0.0178599185997345,0.0816923448296844,0.0066554552157882,0.0249483792538769,0.0187841960244247,0.002763218176742,0.0,0.0,0.0364203104810392
woG4,663,0.0358429643951478,,,,91.50620317459106,0.0175318190308867,0.0807631406627717,0.006610661666825,0.0246103744663786,0.0184219597655608,0.0026614824023677,0.0,0.0,0.0358429643951478
woG4,664,0.0356890295830662,,,,91.24253392219543,0.017402771348897,0.0808037109062319,0.0066061775528321,0.0244855624547258,0.0183377251273295,0.0026125297461804,0.0,0.0,0.0356890295830662
woG4,665,0.0363658462941158,0.1226064059883356,22.38948974609375,0.8451488494873047,91.37846565246582,0.0177625139610322,0.0821470100371564,0.0067008308661704,0.0249825026381944,0.0186563390154452,0.0027046346918633,0.0,0.0,0.0363658462941158
woG4,666,0.0355344646014883,,,,91.22599625587463,0.0172267999255754,0.0812122474928371,0.0066417801064118,0.0243503796852758,0.0181563714458072,0.0026804186264434,0.0,0.0,0.0355344646014883
woG4,667,0.0356583379544928,,,,91.32200050354004,0.0173329483091709,0.081152218775671,0.0066147912618108,0.0244682590003873,0.018248725277906,0.0026826395340202,0.0,0.0,0.0356583379544928
woG4,668,0.035532466945101,,,,91.19140982627869,0.0173145137941006,0.0804542180944661,0.0065953261638823,0.0243871402087025,0.0182601315060966,0.0027131997793149,0.0,0.0,0.035532466945101
woG4,669,0.0352450672414947,,,,91.15038657188416,0.0170988940068932,0.0803925912888323,0.006587153663248,0.0241986045797095,0.0180300137974688,0.0027004394434071,0.0,0.0,0.0352450672414947
woG4,670,0.0353132258398366,0.1160660181194543,22.61160634358724,0.8496436436971029,91.16611099243164,0.0171681114655659,0.0803408241662822,0.0065750810928398,0.0242535065798485,0.0180730458776481,0.0026293335182851,0.0,0.0,0.0353132258398366
woG4,671,0.0355609491406405,,,,91.24578213691711,0.0173640184669343,0.0803083445205063,0.0065771675531248,0.0244281750599868,0.0182800598931117,0.0026444261454687,0.0,0.0,0.0355609491406405
woG4,672,0.0358305398649612,,,,91.43774366378784,0.0175265874102955,0.0806729109560857,0.0065894218898363,0.0245916364928249,0.0184589411651135,0.0026803119756953,0.0,0.0,0.0358305398649612
woG4,673,0.0362054711421493,,,,91.12897896766664,0.0178179955796995,0.080822537179853,0.0066062147637493,0.0248750146921174,0.0186649221758984,0.0026349760367741,0.0,0.0,0.0362054711421493
woG4,674,0.0360970092693068,,,,91.2737627029419,0.0177134026269443,0.0808802525528141,0.0066131261887303,0.0247974159562441,0.0186062750986731,0.0026982956724317,0.0,0.0,0.0360970092693068
woG4,675,0.0393070110623709,0.1209597643464803,22.53184763590495,0.8477319399515788,91.3634388446808,0.0199954867530919,0.082947481362546,0.0067313677119854,0.0268813882969686,0.0208297896000449,0.0027045522345092,0.0,0.0,0.0393070110623709
woG4,676,0.0473825747880046,,,,91.24062657356262,0.0258547348107715,0.0872873048313328,0.0069695051900706,0.0321477049747939,0.0264872082844987,0.0027126283613873,0.0,0.0,0.0473825747880046
woG4,677,0.0434258802198484,,,,91.26240348815918,0.0229104042251701,0.0858298051552694,0.0068646274663538,0.0295197623247494,0.0235842042831612,0.0027418967205687,0.0,0.0,0.0434258802198484
woG4,678,0.0388341182537499,,,,91.51831197738647,0.0196160653941944,0.0829922815815347,0.0067129877327223,0.0265556477834699,0.0204597273765162,0.0027145475004112,0.0,0.0,0.0388341182537499
woG4,679,0.0396252956363509,,,,91.18573999404909,0.0202218255211339,0.0832108259201049,0.0067420744825704,0.0271088511331892,0.0210142821821643,0.0026647214411345,0.0,0.0,0.0396252956363509
woG4,680,0.0364969967116342,0.1179139278829097,22.669498697916666,0.8483437856038412,91.35053825378418,0.0179813583839501,0.0812271105461433,0.0066325043663993,0.0250211669834422,0.0189163153991103,0.002687367651665,0.0,0.0,0.0364969967116342
woG4,681,0.035631767138228,,,,91.62514972686768,0.017383283210277,0.0805734747745951,0.0066017270446984,0.0244720004590564,0.0182993098650677,0.0026844215534482,0.0,0.0,0.035631767138228
woG4,682,0.0354783196063315,,,,91.21792483329772,0.0172501512055025,0.0806797351993498,0.0065969364664166,0.0243087861167847,0.0182121314154174,0.0026153976557638,0.0,0.0,0.0354783196063315
woG4,683,0.0346362248795931,,,,91.26883220672607,0.0165435658752551,0.0809633502217589,0.0065946631194626,0.0237356930681061,0.0175379752563159,0.0026496560818546,0.0,0.0,0.0346362248795931
woG4,684,0.0346023762354352,,,,91.1632754802704,0.0166061613098031,0.0802579473276607,0.0065841298439677,0.0237601494233383,0.0175930724830412,0.0026111175620081,0.0,0.0,0.0346023762354352
woG4,685,0.034199921780678,0.1231087818741798,22.419945271809897,0.8448439439137777,91.25956654548644,0.0163924359166842,0.0794645078846665,0.006523651042266,0.023491759769252,0.0173588372599028,0.0026314788503709,0.0,0.0,0.034199921780678
woG4,686,0.0343124495025296,,,,91.21049571037292,0.0163939411782461,0.0801092562128285,0.006577475893418,0.0235495700149751,0.0173727516924626,0.0026841242263307,0.0,0.0,0.0343124495025296
woG4,687,0.035108725830424,,,,91.1523106098175,0.0170190266150309,0.0802180669346793,0.0065778467983587,0.0241211991390732,0.0179397597847903,0.0026306073786309,0.0,0.0,0.035108725830424
woG4,688,0.0346381284113301,,,,91.18446636199953,0.0166798778809607,0.0798723165129051,0.0065613058662866,0.0238400345484985,0.0176568976450772,0.0026344345581,0.0,0.0,0.0346381284113301
woG4,689,0.0342166865488789,,,,91.25404143333436,0.0163831447220605,0.0796520739305214,0.0065358090710627,0.0235197662650683,0.0173415213548502,0.0026131789734373,0.0,0.0,0.0342166865488789
woG4,690,0.0345282221945827,0.1164929401129484,23.01317901611328,0.8493051052093505,91.25666332244872,0.016639751420341,0.0795481058417773,0.0065436753383303,0.0237525565335985,0.0176050356344976,0.0025982332213583,0.0,0.0,0.0345282221945827
woG4,691,0.0341613623389943,,,,91.44817018508913,0.0163737257912022,0.0793441822294329,0.0065132316743924,0.0234647311545053,0.0173797599253717,0.0025902071277817,0.0,0.0,0.0341613623389943
woG4,692,0.035078206236978,,,,91.17434549331664,0.0170070727997016,0.0801192390137031,0.0065612240969279,0.024150983583121,0.0179184422767186,0.0026177314737979,0.0,0.0,0.035078206236978
woG4,693,0.0349102596462261,,,,91.2012264728546,0.0169432207667192,0.0795551997716309,0.0065351989975229,0.0240220195293182,0.0178786988950288,0.0026187174695879,0.0,0.0,0.0349102596462261
woG4,694,0.0344689665820266,,,,91.19215774536131,0.0165957779028132,0.0795161880430628,0.0065355392413397,0.0237044312716385,0.0175606343727253,0.0026312732652066,0.0,0.0,0.0344689665820266
woG4,695,0.0348836697760175,0.1194133087992668,22.629622904459637,0.8490046342213948,91.20963072776794,0.0169020395145797,0.0796819153379221,0.0065263125064523,0.02403774251398,0.0178314317246807,0.002671518995709,0.0,0.0,0.0348836697760175
woG4,696,0.0347158793268389,,,,91.22947907447816,0.0167880611814802,0.0795806431379474,0.0065201077854535,0.0238932927642933,0.0177316730002277,0.0025864764618626,0.0,0.0,0.0347158793268389
woG4,697,0.0353156079339688,,,,91.19185614585876,0.017229867747939,0.0798500219329458,0.0065508192160823,0.024341562594913,0.0181223627134058,0.0026112245376695,0.0,0.0,0.0353156079339688
woG4,698,0.0351417991103696,,,,91.2129135131836,0.0171002481575505,0.0797817150100332,0.0065333067218116,0.0241729786436333,0.0180183904489777,0.0026263943749296,0.0,0.0,0.0351417991103696
woG4,699,0.0350262733542772,,,,91.24561953544617,0.0169693312119142,0.0801054454240642,0.0065504676379935,0.0239872624944956,0.0179100812061644,0.0026575556481982,0.0,0.0,0.0350262733542772
woG4,700,0.0351033125866632,0.1140460018068552,22.95337270100912,0.8500047047932943,91.2052390575409,0.0170725435171215,0.0797354129494213,0.0065554907930953,0.0241354510310243,0.0179988557671303,0.0026509380445159,0.0,0.0,0.0351033125866632
woG4,701,0.0352715814608286,,,,91.24692249298096,0.0171845717676228,0.0798828088846363,0.0065520440865705,0.0242639706302128,0.0181227357233645,0.0026415108519865,0.0,0.0,0.0352715814608286
woG4,702,0.0347400867212258,,,,91.18670320510864,0.0168086507922557,0.0795629239473186,0.006521843077966,0.0238920219212037,0.0177482881995498,0.0026235653289792,0.0,0.0,0.0347400867212258
woG4,703,0.0348089050318374,,,,91.48162412643433,0.0168479580096289,0.0796544957356374,0.0065364700009221,0.0239399200244272,0.0177981886539425,0.0026389691495855,0.0,0.0,0.0348089050318374
woG4,704,0.0349253683702134,,,,91.1034905910492,0.0168742293598832,0.0801687572823196,0.0065708788146157,0.0239953829097698,0.0178054944749494,0.0027068890669367,0.0,0.0,0.0349253683702134
woG4,705,0.0348138577289512,0.1182403452694416,22.76491902669271,0.8497602621714274,91.5236678123474,0.0168774752175343,0.0794782320984074,0.0065264806903318,0.0239622992402339,0.017799114556525,0.0026439564516309,0.0,0.0,0.0348138577289512
woG4,706,0.0350016798274438,,,,91.18111777305604,0.0170333840670522,0.0794170757786172,0.0065281898905446,0.0240818812343917,0.0179631663333685,0.002626758367472,0.0,0.0,0.0350016798274438
woG4,707,0.0345855150371789,,,,91.2401077747345,0.0167311037218839,0.0791826800244753,0.0065044761391081,0.0238201530176963,0.0176831610027517,0.0026192588690614,0.0,0.0,0.0345855150371789
woG4,708,0.0350028716607904,,,,91.13126611709596,0.0170536707689771,0.0792290514609852,0.0064964975768578,0.024099730260548,0.0179967080991043,0.0026587271503722,0.0,0.0,0.0350028716607904
woG4,709,0.0352127285307792,,,,91.23821997642516,0.0171737330202318,0.0796136025522576,0.006528599031239,0.0242279820510598,0.0180910382206078,0.0026759781920519,0.0,0.0,0.0352127285307792
woG4,710,0.0348595588269536,0.1236669216305017,22.29348551432292,0.844617493947347,91.17779922485352,0.0169633173566983,0.0790967296381465,0.0065119943665493,0.0240154605679458,0.0178705029586543,0.0026349304167584,0.0,0.0,0.0348595588269536
woG4,711,0.0355706449720214,,,,91.63178849220276,0.0174739016372649,0.0795181818672868,0.006524791307442,0.024509861851569,0.0183612046549554,0.002621827566458,0.0,0.0,0.0355706449720214
woG4,712,0.0359318710130746,,,,92.04731249809264,0.0177006679663404,0.0800201902624036,0.0065663539037322,0.0247340053472606,0.0185560341771753,0.0026241104690106,0.0,0.0,0.0359318710130746
woG4,713,0.0350242423992909,,,,91.87454342842102,0.0170827747368421,0.0791760218925163,0.0065008709054501,0.0241317632150088,0.0179953583684123,0.0026300971092824,0.0,0.0,0.0350242423992909
woG4,714,0.0350204017624014,,,,91.24735927581789,0.0169751429319626,0.0799580128466496,0.0065775434429314,0.0241026158948413,0.0179003062810687,0.0026801078452453,0.0,0.0,0.0350204017624014
woG4,715,0.0351811797190152,0.1150069683790206,22.92639973958333,0.8489384651184082,91.2027370929718,0.0171614212106119,0.0795744486519547,0.0065275060001485,0.0242539618744469,0.0180410701308216,0.0026085588777605,0.0,0.0,0.0351811797190152
woG4,716,0.0357303378767654,,,,91.22341418266296,0.0175394056532837,0.0800713202992423,0.0065465076086035,0.0245342256623457,0.0183861835584899,0.0026616671878355,0.0,0.0,0.0357303378767654
woG4,717,0.0345111792662837,,,,91.2246594429016,0.0167129528861431,0.0788828393474954,0.0065042561046076,0.0237742166996735,0.0176507814894201,0.0026061687099396,0.0,0.0,0.0345111792662837
woG4,718,0.0353318831471146,,,,91.14811873435974,0.0172963201785918,0.0793441118764095,0.0065330037328063,0.0243361946042688,0.0182455054514842,0.0026412363060116,0.0,0.0,0.0353318831471146
woG4,719,0.0385571693940485,,,,91.3084635734558,0.0192810037463414,0.0840044207260257,0.0066543923820689,0.026365966047542,0.0201056158154836,0.002654774943233,0.0,0.0,0.0385571693940485
woG4,720,0.0379935039176804,0.1279914770275354,21.830371602376303,0.845553191502889,91.2502760887146,0.0192276644138772,0.0808381203745232,0.0066065439614696,0.0260963860028957,0.0200491397962218,0.0026531837356742,0.0,0.0,0.0379935039176804
woG4,721,0.0434089307902289,,,,91.66615271568298,0.0230669680311054,0.0844980502714876,0.0068080839548321,0.0295596072053323,0.0237423232069513,0.0026702219262513,0.0,0.0,0.0434089307902289
woG4,722,0.038100408878727,,,,91.59520053863524,0.0192847597244821,0.0810841624854041,0.0065949050514943,0.0261520061214439,0.0201138800666591,0.0026042827588246,0.0,0.0,0.038100408878727
woG4,723,0.0358959636116614,,,,91.66438961029051,0.0177073995582759,0.0796741530543468,0.0065256488398786,0.0247342208491974,0.0186120428251804,0.0026251481565433,0.0,0.0,0.0358959636116614
woG4,724,0.0352251662216225,,,,91.22570657730104,0.0172075794811253,0.0793675404103076,0.0065427915666435,0.0242812023727131,0.0181507108442973,0.0026584642421125,0.0,0.0,0.0352251662216225
woG4,725,0.0343186719434671,0.1170463319867849,22.6552490234375,0.850595235824585,91.33716249465942,0.0165926124976917,0.0786072978230773,0.0064714977872695,0.0236241634950408,0.0175502122242431,0.0026426769642266,0.0,0.0,0.0343186719434671
woG4,726,0.0339123850657803,,,,91.39988303184508,0.0163191255853801,0.0782163656148754,0.0064431130962415,0.0233774978865976,0.017304420776543,0.0025945577358246,0.0,0.0,0.0339123850657803
woG4,727,0.0338796408633228,,,,91.56603622436523,0.0162857000135862,0.0782219303435966,0.0064557439506389,0.0233740995515931,0.0172860982797307,0.00263395110483,0.0,0.0,0.0338796408633228
woG4,728,0.033838214642811,,,,91.74593567848206,0.0162168364345905,0.0785284066786531,0.0064685674685771,0.023296507586893,0.0172182324220288,0.0026415159790318,0.0,0.0,0.033838214642811
woG4,729,0.0340273623492141,,,,91.54864001274107,0.0164311213006616,0.0780712175564687,0.006433605508436,0.0234624169553156,0.0173886359944084,0.0026144617247647,0.0,0.0,0.0340273623492141
woG4,730,0.0339678011559804,0.11676936596632,22.652459208170573,0.8502084732055664,91.33524799346924,0.0163631278441333,0.0781597123771417,0.0064647592772103,0.0234374901753102,0.0173522324728794,0.0026504057860307,0.0,0.0,0.0339678011559804
woG4,731,0.034699150788613,,,,91.29973244667052,0.0168729166607143,0.0787670333854487,0.0064807471639827,0.0239148330493051,0.0178190674938139,0.0026267662961188,0.0,0.0,0.034699150788613
woG4,732,0.0350476262144378,,,,91.36975765228271,0.0170420575886964,0.0795927609576553,0.0065236895719207,0.024151456618651,0.0179655903675517,0.0026904402251095,0.0,0.0,0.0350476262144378
woG4,733,0.0349042676236541,,,,91.0945372581482,0.0170541346210558,0.0786081039514697,0.006471975345821,0.024068478403277,0.0179885338808669,0.0026516672128383,0.0,0.0,0.0349042676236541
woG4,734,0.0351137825608497,,,,91.33417749404909,0.017198021722133,0.0788448106070033,0.006480402305539,0.0241970983562899,0.0181175690358046,0.0025717089988947,0.0,0.0,0.0351137825608497
woG4,735,0.0350558857021273,0.1162361036986112,22.672383117675786,0.8522326151529948,91.51208686828612,0.0171453762478882,0.0788930341845653,0.0064815946312651,0.0241734889320662,0.0180498141887002,0.002607900180308,0.0,0.0,0.0350558857021273
woG4,736,0.0347278276763734,,,,91.56993055343628,0.0168982345122294,0.0787859212179653,0.0064668820476251,0.0239188301636547,0.0178261648283385,0.002620263137763,0.0,0.0,0.0347278276763734
woG4,737,0.0350710630386334,,,,91.41177415847778,0.017156652136721,0.0789345390483981,0.0064836959278241,0.0242028617162684,0.0180391603470092,0.0025747974744814,0.0,0.0,0.0350710630386334
woG4,738,0.035191330860262,,,,91.37687635421752,0.0172158447094261,0.0791561222467266,0.0065073695713196,0.0242627181540258,0.0181303451860659,0.0026201543986957,0.0,0.0,0.035191330860262
woG4,739,0.0345412464507046,,,,91.1624674797058,0.0167583809768567,0.0786775052547454,0.0064624125198995,0.0238009861624631,0.0177071968505739,0.0026575036692341,0.0,0.0,0.0345412464507046
woG4,740,0.0345682349422427,0.1155426520854234,22.850372314453125,0.847895352045695,91.995689868927,0.0168241021360774,0.0784322956546408,0.0064657427767505,0.0238347537052191,0.0177378209735282,0.002520701432883,0.0,0.0,0.0345682349422427
woG4,741,0.0346680252247902,,,,91.18630456924438,0.0167623830608046,0.0793654488735511,0.0065190934473037,0.0239244221755471,0.0177348570088993,0.0026743066312027,0.0,0.0,0.0346680252247902
woG4,742,0.0339004883817473,,,,91.19506359100342,0.0163697066075611,0.0777958294407266,0.0064323423105887,0.023398597602595,0.0173175930442502,0.0025547921502977,0.0,0.0,0.0339004883817473
woG4,743,0.0343741002324663,,,,91.4054832458496,0.0167129116560347,0.0780234502964332,0.0064266445802249,0.0236991010758964,0.0176550513515096,0.002617501803544,0.0,0.0,0.0343741002324663
woG4,744,0.0347693722511901,,,,91.2664077281952,0.0169506647364526,0.07863948872832,0.006477826418065,0.0239874749734509,0.0178666601385005,0.0025820265076558,0.0,0.0,0.0347693722511901
woG4,745,0.0349722913328985,0.1147360056638717,22.83841603597005,0.8528601010640462,91.4739682674408,0.0171164224443377,0.0785610626955501,0.0064844421843891,0.0241612745372609,0.0180278197999616,0.0026127641675154,0.0,0.0,0.0349722913328985
woG4,746,0.0339340301780182,,,,91.54106760025024,0.0163520849386199,0.0781215424420403,0.0064321342344227,0.0234099507148637,0.0173038926555729,0.0026066515672967,0.0,0.0,0.0339340301780182
woG4,747,0.0341160497093787,,,,91.51183819770812,0.0165025195503821,0.0780709117162423,0.0064290681315708,0.0235582227116359,0.017427491848586,0.0026410389787013,0.0,0.0,0.0341160497093787
woG4,748,0.0345978897034389,,,,91.3675410747528,0.0168283720897724,0.0784990123060883,0.0064814181265528,0.0239089713660908,0.0177513463117304,0.0025950950793692,0.0,0.0,0.0345978897034389
woG4,749,0.0341994494321893,,,,91.77398705482484,0.0165661977237609,0.0780592463055595,0.006440068917639,0.0236060884857519,0.0175334913350763,0.0025896937996683,0.0,0.0,0.0341994494321893
woG4,750,0.0343116005943691,0.1204935796558857,22.4194585164388,0.8490443229675293,91.42794632911682,0.0166520740928464,0.0781127190003629,0.0064329268510041,0.0236866539573205,0.0175886502428377,0.0026038696027559,0.0,0.0,0.0343116005943691
woG4,751,0.0344282938320128,,,,91.24776911735536,0.0167240287696362,0.078243682619001,0.0064471777352947,0.0237521680270428,0.0176788162608005,0.0026177103281952,0.0,0.0,0.0344282938320128
woG4,752,0.0343374349024207,,,,91.24900555610655,0.0166657898941489,0.078138809223644,0.0064442599245698,0.0236890816938925,0.0176078370451682,0.0026489498960159,0.0,0.0,0.0343374349024207
woG4,753,0.0342102498579465,,,,91.25220131874084,0.0165906400557179,0.0779513438216975,0.0064218737143015,0.0236294349411227,0.0175176290108165,0.002649171565102,0.0,0.0,0.0342102498579465
woG4,754,0.0352801095358416,,,,91.8019368648529,0.0173770021723552,0.0784292323667495,0.0064657437882279,0.0243720199729575,0.0182615593228428,0.0026670205836245,0.0,0.0,0.0352801095358416
woG4,755,0.0354535122111928,0.1214385107159614,22.352261352539063,0.8476085186004638,91.84075140953064,0.0174901138716301,0.0785664764584088,0.0064854788342032,0.0244959822290989,0.0184212796558,0.0026277220582772,0.0,0.0,0.0354535122111928
woG4,756,0.0352711595869699,,,,91.52849221229552,0.0173499778859683,0.0786040860121367,0.0064668160687643,0.0243550314125223,0.0182462374710279,0.0026197171255709,0.0,0.0,0.0352711595869699
woG4,757,0.0347475199578482,,,,91.232830286026,0.01698029930627,0.0781977460032603,0.0064371040732157,0.023987998040851,0.0179197801444984,0.002658844243193,0.0,0.0,0.0347475199578482
woG4,758,0.0345847802389352,,,,91.1320776939392,0.0168499955754788,0.0782722527863549,0.006443168553829,0.0238818967882849,0.0177604888611641,0.0026142310253802,0.0,0.0,0.0345847802389352
woG4,759,0.033818100685956,,,,91.39152550697328,0.0163029939027839,0.0777770207553613,0.0064240218193621,0.0233450384169328,0.0172537480572574,0.0026124933721177,0.0,0.0,0.033818100685956
woG4,760,0.0338259356432273,0.1252013761550188,22.15670674641927,0.8453937530517578,91.35502314567566,0.0163083780465311,0.0777583332335362,0.0064310192771744,0.0233607952192914,0.0172590564585245,0.0026447669222195,0.0,0.0,0.0338259356432273
woG4,761,0.0344273257450979,,,,91.10606455802916,0.0166110937010313,0.0791502785487253,0.006492066865054,0.023741594179854,0.0175470113906948,0.0026294580836337,0.0,0.0,0.0344273257450979
woG4,762,0.033764414718283,,,,91.32063245773315,0.0162817532288246,0.0776082653491223,0.0063929686200667,0.0233203141232494,0.0172274825086847,0.002633139545472,0.0,0.0,0.033764414718283
woG4,763,0.033775178333897,,,,91.23355031013487,0.0163110807370089,0.0774146162095617,0.006388038242251,0.023341239475813,0.0172871098868915,0.0025972726327351,0.0,0.0,0.033775178333897
woG4,764,0.0343912060479404,,,,91.47987413406372,0.0167020032502955,0.0782371930411604,0.0064363726815514,0.0237654850925089,0.0176155441516979,0.0025932119083857,0.0,0.0,0.0343912060479404
woG4,765,0.0339538194849842,0.1140820439904928,23.04139556884765,0.8516868750254313,91.4184672832489,0.0164239191694459,0.0776653172539883,0.006412179772284,0.0234606605572778,0.0173737884606005,0.0025985341874088,0.0,0.0,0.0339538194849842
woG4,766,0.0341882445376183,,,,91.26736736297607,0.0166096094247625,0.0776507229101462,0.0064170791130115,0.023618389630965,0.0175639934471396,0.0025987776108925,0.0,0.0,0.0341882445376183
woG4,767,0.0341161393606271,,,,91.28996062278748,0.0165635896312286,0.0775488756719182,0.0064153940279464,0.0236070746952881,0.0174973968676001,0.0026425391361193,0.0,0.0,0.0341161393606271
woG4,768,0.0342037740209307,,,,91.21802496910097,0.0166617083576981,0.0773164214657955,0.00639240332444,0.0236446761495632,0.0176090596121598,0.0026449488273623,0.0,0.0,0.0342037740209307
woG4,769,0.0347495003313314,,,,91.4212155342102,0.0170309477882673,0.0778535115914266,0.0064254997977528,0.0240133224726944,0.017942629762177,0.0026207328230127,0.0,0.0,0.0347495003313314
woG4,770,0.0348642148749261,0.1186890788376331,22.513819376627605,0.8462682723999023,91.2278015613556,0.0171048993046288,0.0780232836965654,0.0064351542463495,0.024100347177782,0.0179883890220376,0.0026044907052161,0.0,0.0,0.0348642148749261
woG4,771,0.0342845430933549,,,,91.27412748336792,0.0166614637404802,0.0778724106608844,0.0064311573037602,0.0236887277760466,0.0175853192607765,0.0026062192828547,0.0,0.0,0.0342845430933549
woG4,772,0.0346523471726257,,,,91.19143271446228,0.016940522633615,0.0780298343447388,0.0064201891139821,0.0239502290630194,0.0178238353004953,0.0025694277027782,0.0,0.0,0.0346523471726257
woG4,773,0.0345728846541682,,,,91.3130247592926,0.0168922346879224,0.0778604447841644,0.0064237763185328,0.0239078778636137,0.0178022503654365,0.0025914249365355,0.0,0.0,0.0345728846541682
woG4,774,0.0337697627999987,,,,91.31163573265076,0.0163399424235962,0.0771451289536523,0.0063915030179606,0.0233733134161009,0.0172991866520682,0.0026096611819993,0.0,0.0,0.0337697627999987
woG4,775,0.0343788015488229,0.1151741743087768,22.80062510172526,0.8505882898966471,91.40745162963869,0.0167867538335992,0.0774988146101842,0.0064016035376269,0.0237582720144361,0.0176916653366728,0.0026018749416775,0.0,0.0,0.0343788015488229
woG4,776,0.0344539254934328,,,,91.33245754241943,0.0168464174036119,0.0774897610554929,0.0064049386801045,0.0238463005173157,0.0177547674565041,0.0025642391019424,0.0,0.0,0.0344539254934328
woG4,777,0.0339554918655118,,,,91.37546825408936,0.0164868965683901,0.0771052734773667,0.0063742216233713,0.0234948129423695,0.0174714446022007,0.0026277386083374,0.0,0.0,0.0339554918655118
woG4,778,0.0341939985691035,,,,91.35906553268433,0.0166576570739633,0.0773095815885262,0.0064035950049177,0.0236722071517686,0.0175880952967239,0.0026041069926816,0.0,0.0,0.0341939985691035
woG4,779,0.0338785376124938,,,,91.2854826450348,0.0164353535510599,0.0770507415787118,0.0063818920323564,0.0234717426928462,0.0173954203129425,0.0026206820735662,0.0,0.0,0.0338785376124938
woG4,780,0.0340074695433016,0.1096916850656271,23.2515380859375,0.8543929735819499,91.31780219078064,0.0165342934063223,0.0771690548443403,0.0063800484144327,0.0235115886574275,0.0174604335906686,0.0025725139149457,0.0,0.0,0.0340074695433016
woG4,781,0.0339153045483055,,,,91.26051259040833,0.0164385538349752,0.0772875996886706,0.0063803924465185,0.0234512833756257,0.0173863794914156,0.0026401541110883,0.0,0.0,0.0339153045483055
woG4,782,0.0336092544078338,,,,91.31717658042908,0.0162526284588775,0.0768016435083795,0.0063606313597716,0.0232624946711737,0.0172427744055014,0.0026099163367122,0.0,0.0,0.0336092544078338
woG4,783,0.0339825540536739,,,,91.32190442085266,0.0164899963687067,0.0773814857983198,0.006386829721436,0.0235004499707309,0.0174103352836653,0.0025486217866094,0.0,0.0,0.0339825540536739
woG4,784,0.0342471342778108,,,,91.34764313697816,0.0166728549988054,0.0775404679970663,0.0064103909535333,0.0236884918995201,0.0175826545178768,0.0026384834543664,0.0,0.0,0.0342471342778108
woG4,785,0.0344339341352709,0.1187692880630493,22.59654541015625,0.8484217166900635,91.16125059127808,0.016608430736805,0.0792615657947102,0.0064244241049116,0.0237602815261019,0.017532346854139,0.0025969373885748,0.0,0.0,0.0344339341352709
woG4,786,0.0339335912960718,,,,91.37311267852785,0.0164891825149171,0.0770621509825597,0.0063706683491158,0.023514541278242,0.0174099571285311,0.0025424661198783,0.0,0.0,0.0339335912960718
woG4,787,0.0341041918202746,,,,91.41246962547302,0.0166138935391409,0.0771277121833113,0.0063779103172729,0.0235828452621449,0.0175349543054328,0.002607837694384,0.0,0.0,0.0341041918202746
woG4,788,0.034010814365427,,,,91.27159023284912,0.0165834883609633,0.076770043763958,0.0063688339489954,0.0235596517497887,0.0175225301264006,0.0025512405287581,0.0,0.0,0.034010814365427
woG4,789,0.0346653885437084,,,,91.3992862701416,0.0170792804527111,0.0769816216875295,0.0063791007975299,0.0240187642821034,0.0179764754520576,0.0025389129930504,0.0,0.0,0.0346653885437084
woG4,790,0.0350409163406393,0.1184758748859167,22.464536539713546,0.8493818759918212,91.30563020706175,0.0173077395445377,0.0774621983043483,0.0064086003751936,0.0242742344614912,0.0182233468598884,0.0025851024700267,0.0,0.0,0.0350409163406393
woG4,791,0.0348896903489701,,,,91.27881169319151,0.0171824226415426,0.0775325293423699,0.0064065094052462,0.0241137042748512,0.018100769243768,0.0025976570819306,0.0,0.0,0.0348896903489701
woG4,792,0.0340953435840421,,,,91.26407718658449,0.016594166096422,0.0771843449014132,0.0063952991632042,0.0236198484561726,0.0175368209506888,0.002585104908546,0.0,0.0,0.0340953435840421
woG4,793,0.0335933375248654,,,,91.15337419509888,0.0162358631792127,0.0768555998802185,0.0063740569166839,0.0232200314077075,0.0172145199412327,0.0026240581713357,0.0,0.0,0.0335933375248654
woG4,794,0.0333251811747179,,,,91.18372440338136,0.0160492159441479,0.0766683377203394,0.0063491969857914,0.0230859660726712,0.0170276394785671,0.0025731149696378,0.0,0.0,0.0333251811747179
woG4,795,0.0335051563919567,0.110069764778018,23.079121398925786,0.8517769018809,91.2463402748108,0.0162113630212843,0.0765369788545076,0.0063491841400286,0.0232037484691646,0.017177988095667,0.0025486233720525,0.0,0.0,0.0335051563919567
woG4,796,0.0339090369611245,,,,91.26997017860413,0.0165213699391508,0.0765904017159196,0.0063540912901249,0.0234914243404493,0.0174715324747757,0.002597268792938,0.0,0.0,0.0339090369611245
woG4,797,0.03380145793628,,,,91.14744234085084,0.0164291690653342,0.0766559072205277,0.0063576037064194,0.0233945836862701,0.0173879026771202,0.0025859395477187,0.0,0.0,0.03380145793628
woG4,798,0.0333093437289849,,,,91.27938508987428,0.0161069485465766,0.0760949102581524,0.0063158088128967,0.0230980311581468,0.0170949368936116,0.0025692232970346,0.0,0.0,0.0333093437289849
woG4,799,0.0329874128133791,,,,91.26157093048096,0.0158581839889654,0.0761198259767938,0.0063195215866397,0.0228407053719656,0.0168151488207036,0.0025624032609439,0.0,0.0,0.0329874128133791
woG4,800,0.0338862147792929,0.1133456099778413,22.60256907145182,0.8531918366750081,91.35738015174866,0.0164278629922964,0.0772744241307993,0.0063762153617152,0.0234402760283135,0.0173396540759894,0.0025652994899857,0.0,0.0,0.0338862147792929
woG4,801,0.0338166733348711,,,,91.22072315216064,0.0164265414073941,0.0768425161721276,0.0063654701626233,0.0234030272781116,0.0173377260932179,0.0025711651141449,0.0,0.0,0.0338166733348711
woG4,802,0.0337220039218664,,,,91.21479630470276,0.0163662239191595,0.0766960831939197,0.0063596068209678,0.0233651259761364,0.017294227702879,0.0025666383019701,0.0,0.0,0.0337220039218664
woG4,803,0.0336396102259149,,,,91.3694236278534,0.0163140133878246,0.0765759954687024,0.0063527663291783,0.0233106714764945,0.0172539752694304,0.0025738805864525,0.0,0.0,0.0336396102259149
woG4,804,0.0333544105199761,,,,91.1611316204071,0.0160826287522423,0.0766227851148511,0.0063521053840513,0.0231184421763679,0.0170376021414995,0.0025470303070968,0.0,0.0,0.0333544105199761
woG4,805,0.0355530348224718,0.1226152814924717,22.418260701497395,0.8447462558746338,91.23292231559752,0.0176331111550575,0.0781679392838087,0.0064338582289237,0.0246539206595205,0.0184737154068883,0.0025747858844773,0.0,0.0,0.0355530348224718
woG4,806,0.0403518720575776,,,,91.26069617271423,0.0210393738444344,0.0812924802303314,0.0066058154515616,0.0276066729585166,0.0218476671343821,0.0026283410318638,0.0,0.0,0.0403518720575776
woG4,807,0.0405882101078502,,,,91.34581756591795,0.0211497659749183,0.0819677681219382,0.0066762942931477,0.0278786902285379,0.0218744167798488,0.0025535662234837,0.0,0.0,0.0405882101078502
woG4,808,0.0361072345652052,,,,91.32138681411745,0.018039934924941,0.078367036874177,0.0064484071803325,0.0249379894039669,0.0189280922707842,0.0026145724238079,0.0,0.0,0.0361072345652052
woG4,809,0.0343265529325018,,,,91.20238494873048,0.0168060172410284,0.0769481370683576,0.006365816673783,0.0237432752094674,0.017760377400173,0.0026060790472404,0.0,0.0,0.0343265529325018
woG4,810,0.0335610701595662,0.1248674448579549,22.042291768391927,0.8467758655548095,91.1461944580078,0.0162473741582915,0.0765498529692165,0.0063723564075428,0.0232293885811919,0.0172357761499578,0.0025886673137705,0.0,0.0,0.0335610701595662
woG4,811,0.0333789867944404,,,,91.1375572681427,0.0161570651136094,0.0761753809256631,0.0063331633535229,0.0231220066074098,0.0171275187329557,0.0025461470669127,0.0,0.0,0.0333789867944404
woG4,812,0.0328431512519228,,,,91.07724452018738,0.0157177577207445,0.0762013788106011,0.0063445230117678,0.0227866143782119,0.016734557600356,0.0026014938580299,0.0,0.0,0.0328431512519228
woG4,813,0.0326713593218658,,,,91.30384635925292,0.0156495632512159,0.075697979966148,0.0062991502297828,0.0226619287439789,0.0166824888667,0.002533613930296,0.0,0.0,0.0326713593218658
woG4,814,0.0326170837659327,,,,91.5811002254486,0.0156235429152968,0.0755531450764077,0.0063031694973956,0.0226585796163951,0.0166385867174898,0.0025625799483902,0.0,0.0,0.0326170837659327
woG4,815,0.0328221793332305,0.1225446872413158,22.362860107421877,0.8482794761657715,91.15685558319092,0.015707622098996,0.0761959884987502,0.0063503208421323,0.0227723838150745,0.0167165344321459,0.0025318117734029,0.0,0.0,0.0328221793332305
woG4,816,0.033739532573057,,,,91.38839721679688,0.0160930809396945,0.0789562600557921,0.0063671457188081,0.0232694999727069,0.0171077024634377,0.0025194264732713,0.0,0.0,0.033739532573057
woG4,817,0.0329565558521474,,,,91.22537231445312,0.015876408712175,0.0757714895928492,0.0063078226254428,0.022849947527112,0.0168293384819856,0.0025646099648972,0.0,0.0,0.0329565558521474
woG4,818,0.0333013054151393,,,,91.28340029716492,0.0161239350229868,0.0759772702318723,0.0063163799703212,0.0230862194229467,0.0170737176400716,0.0025414931530621,0.0,0.0,0.0333013054151393
woG4,819,0.0329963553422054,,,,91.15818881988524,0.0159234446778771,0.0756248274787527,0.0062988246027685,0.0229327329510792,0.0168940137201523,0.0025102950739445,0.0,0.0,0.0329963553422054
woG4,820,0.0333776339796967,0.1199341341853141,22.52987670898437,0.8490294138590495,91.23596906661987,0.016121826501044,0.0764442408671144,0.006328493196395,0.0231500758224579,0.0170798817741089,0.0025595490473368,0.0,0.0,0.0333776339796967
woG4,821,0.0337439724473191,,,,91.12000250816344,0.016394751795308,0.0766400782788386,0.0063489996122013,0.0233908415634612,0.0172981545939797,0.0025607570290153,0.0,0.0,0.0337439724473191
woG4,822,0.0339564213865116,,,,91.19329404830933,0.0165651879258087,0.0766378660671046,0.0063384645580329,0.0235411737755429,0.0174649692919166,0.0025292736789226,0.0,0.0,0.0339564213865116
woG4,823,0.0333797480056031,,,,91.18997716903688,0.0161576861301895,0.0762016924678302,0.0063418192869113,0.0231559682774861,0.0170909833376769,0.0025505298103557,0.0,0.0,0.0333797480056031
woG4,824,0.0329367840876344,,,,91.19792938232422,0.0158279488076929,0.0759596287227067,0.0063214888681703,0.0228548652996293,0.0168257804404272,0.0025658813919719,0.0,0.0,0.0329367840876344
woG4,825,0.0331123921501099,0.1211222987622022,22.341395568847656,0.8491136391957601,91.29245638847352,0.0159047535070996,0.076488267691409,0.0063307040970253,0.0229301404925521,0.0168930007083738,0.0025606420784272,0.0,0.0,0.0331123921501099
woG4,826,0.0327626815462698,,,,91.21601462364195,0.0157325174583152,0.0756458337189721,0.0062987831169281,0.0227390897964112,0.0167138619562152,0.0025806237311774,0.0,0.0,0.0327626815462698
woG4,827,0.03283555414833,,,,91.17677927017212,0.0158016735489373,0.0755677799709507,0.0062892492650626,0.0228002239095016,0.016778582539104,0.0025564565821398,0.0,0.0,0.03283555414833
woG4,828,0.0335545432219495,,,,91.26699447631836,0.0163161453073386,0.076042427879865,0.006321013151271,0.0232847900603149,0.017235949658407,0.0025751198895779,0.0,0.0,0.0335545432219495
woG4,829,0.0335029245919135,,,,91.21657991409302,0.0163255777958108,0.0756060959862881,0.006297713590282,0.0232838965326425,0.0172758820680443,0.0025457276497036,0.0,0.0,0.0335029245919135
woG4,830,0.0332459459753065,0.1249997243285179,22.273732503255207,0.8443426291147867,91.26974034309389,0.0160987729008202,0.0757725590565165,0.006287496924385,0.0230645384853247,0.0170747356672511,0.0025850478545419,0.0,0.0,0.0332459459753065
woG4,831,0.0337572430458958,,,,91.12956309318542,0.0164372451969834,0.0763544708978934,0.0063539633382356,0.023419228695394,0.0173527566700807,0.0025629858194361,0.0,0.0,0.0337572430458958
woG4,832,0.0337480621595607,,,,91.22343921661376,0.016437730408411,0.0763089217123438,0.0063434412863227,0.0234463328159734,0.0173420218720299,0.0025338769148935,0.0,0.0,0.0337480621595607
woG4,833,0.0335859024255979,,,,91.21012234687804,0.0163686135707453,0.0758036487415188,0.0062951409586201,0.0233356619223219,0.0173061282267091,0.0025488207780862,0.0,0.0,0.0335859024255979
woG4,834,0.033277617553707,,,,91.24508619308472,0.0161601227295936,0.0755331853374106,0.0063005422535886,0.0231261110681368,0.0171157651443461,0.0024905938804951,0.0,0.0,0.033277617553707
woG4,835,0.0328638156051518,0.1202881708741188,22.533477783203125,0.8507142384847005,91.13653016090392,0.0158459346008593,0.0753862672164791,0.0062831027841684,0.0228127026777775,0.0168339468263944,0.0025497501883961,0.0,0.0,0.0328638156051518
woG4,836,0.0330576618492114,,,,91.35349130630492,0.0159820135698088,0.0755382488008405,0.0063016758029364,0.0229713532722509,0.0169385575582502,0.0025550887517279,0.0,0.0,0.0330576618492114
woG4,837,0.0333787562081315,,,,91.207448720932,0.0161641310427154,0.076065286749699,0.0063492919367997,0.0232001911833515,0.0171458749482255,0.0025272108900711,0.0,0.0,0.0333787562081315
woG4,838,0.0331854253060749,,,,91.15373635292052,0.0160634117506322,0.0757209634194608,0.0062968150395747,0.0230308065847417,0.0170230460124181,0.0025244261368109,0.0,0.0,0.0331854253060749
woG4,839,0.0330109196852465,,,,91.16388535499571,0.0159470478042227,0.0755059240294284,0.0062791852654553,0.0229208293737324,0.0169340836067424,0.0025442547601891,0.0,0.0,0.0330109196852465
woG4,840,0.0332642515480029,0.1247102003544569,22.30763905843099,0.8474875926971436,91.1659824848175,0.0161373321669267,0.0755729431011637,0.0063015770312154,0.0231091894942228,0.0170946440079295,0.0026029355740021,0.0,0.0,0.0332642515480029
woG4,841,0.0333975480686201,,,,91.0903971195221,0.0162166723080712,0.0758152511276182,0.0063006180685899,0.0232065775675973,0.0171593726521022,0.0025644483279482,0.0,0.0,0.0333975480686201
woG4,842,0.0332709154969111,,,,91.17694997787476,0.0161602329081077,0.0754882781231989,0.0062866554381783,0.0231085166823668,0.0171207852860088,0.0025033615453199,0.0,0.0,0.0332709154969111
woG4,843,0.0332393186227952,,,,91.129390001297,0.0160912847696024,0.0758342420468564,0.0063067170119554,0.0230821980560412,0.0170436549290526,0.0025281814188452,0.0,0.0,0.0332393186227952
woG4,844,0.0334142311705184,,,,91.11697435379028,0.0162489513149026,0.075714105465373,0.006287530845138,0.02320264256941,0.0171816460559236,0.0025155818510655,0.0,0.0,0.0334142311705184
woG4,845,0.0331628772384319,0.1209189761430025,22.308493041992183,0.850324551264445,91.15231561660768,0.0160807177088544,0.0754733295714269,0.0062795331392467,0.0230440617935945,0.0169946049935505,0.0025592122912086,0.0,0.0,0.0331628772384319
woG4,846,0.0337377202498619,,,,91.17663025856018,0.0163652044720947,0.0767873979982782,0.0063669978369973,0.0234401270472368,0.0172820916613105,0.0025553416458844,0.0,0.0,0.0337377202498619
woG4,847,0.0348323392300087,,,,91.20030999183656,0.0173164042567864,0.0761236089174864,0.0063386832165424,0.0241807248504435,0.0181980260998987,0.0025799448485486,0.0,0.0,0.0348323392300087
woG4,848,0.0383181288899456,,,,91.129497051239,0.019757673380988,0.078743751908912,0.0064649561412449,0.0264298160270345,0.0205396741521773,0.0025415549648269,0.0,0.0,0.0383181288899456
woG4,849,0.0370724167461033,,,,91.13818979263306,0.0188267883600392,0.0782914576960391,0.0064288876954557,0.025574738587268,0.0196147515041539,0.0026441943701967,0.0,0.0,0.0370724167461033
woG4,850,0.0342404103731034,0.1152512691915035,22.938453165690103,0.8497396945953369,91.19237923622131,0.0168612469369392,0.0759738693471814,0.0063315878839796,0.0238090059796317,0.0178012443385774,0.0025191744083355,0.0,0.0,0.0342404103731034
woG4,851,0.0333571745174341,,,,91.10706782341003,0.0162353961896456,0.0753862017490824,0.0062926432888832,0.0231956565050316,0.0171891970743165,0.0025715435679513,0.0,0.0,0.0333571745174341
woG4,852,0.0333603856871362,,,,91.34305596351624,0.0161712364156226,0.0759341863335156,0.0063202944145247,0.0231925125355969,0.0171290696216899,0.0025223911211245,0.0,0.0,0.0333603856871362
woG4,853,0.0329023521149256,,,,91.12868094444276,0.0158935749567434,0.0752594314637731,0.0062899297526961,0.0228660402392021,0.0168655358911415,0.0025371841997572,0.0,0.0,0.0329023521149256
woG4,854,0.0328046955534669,,,,91.23415493965148,0.0158008458474498,0.0753796325355279,0.0062642231637031,0.0227786267603762,0.0167934980976288,0.0025337917403867,0.0,0.0,0.0328046955534669
woG4,855,0.0324570334623338,0.1187245305627584,22.639662170410155,0.8520735104878744,91.2633490562439,0.0155891051103712,0.0749168322711694,0.006238992766813,0.0225594405802424,0.0165737539560335,0.0024868436959251,0.0,0.0,0.0324570334623338
woG4,856,0.0330055675423536,,,,91.3530900478363,0.015998905684921,0.0751301743945137,0.0062549244555201,0.0229114425277001,0.0169645047700795,0.0024821596448195,0.0,0.0,0.0330055675423536
woG4,857,0.0330259790033346,,,,91.38335752487184,0.0160112054942206,0.0751102806114759,0.0062703539437965,0.0229673568678439,0.016976374842715,0.0025256230222962,0.0,0.0,0.0330259790033346
woG4,858,0.0329647794457488,,,,91.3319764137268,0.0159190598890551,0.0754544383189717,0.0062771311648128,0.0228752762338787,0.0169065205731474,0.0025296336627702,0.0,0.0,0.0329647794457488
woG4,859,0.0329970074206835,,,,91.1498200893402,0.0159991498517452,0.0750256918492864,0.0062553657325686,0.0229402535106437,0.0169562501756504,0.0025595596807314,0.0,0.0,0.0329970074206835
woG4,860,0.0338305893705272,0.1190215889364481,22.6014887491862,0.8496170043945312,91.31213569641112,0.0165916323341184,0.0756599434086533,0.0062811411440097,0.0235023667394626,0.0174900525722835,0.0024713521253615,0.0,0.0,0.0338305893705272
woG4,861,0.0334449944803949,,,,91.14017033576964,0.0163139919063351,0.0754482775438027,0.0062811755781352,0.0232434092150604,0.0172123749373999,0.0024719253644255,0.0,0.0,0.0334449944803949
woG4,862,0.0330171248127446,,,,91.2060203552246,0.0159560365480233,0.0754830441513999,0.0062756091356277,0.0229393654182309,0.0169252977691224,0.0025580256707874,0.0,0.0,0.0330171248127446
woG4,863,0.0329704082067139,,,,91.31521224975586,0.0160048849208921,0.0747969331311397,0.006237281392878,0.0229556642503279,0.0169691212902792,0.0025480163916296,0.0,0.0,0.0329704082067139
woG4,864,0.0332213692122795,,,,91.15970015525818,0.0161822481676325,0.0749974944552437,0.0062549455266934,0.0231123693195767,0.0171273409877522,0.002528642633926,0.0,0.0,0.0332213692122795
woG4,865,0.0336636736622599,0.1235002055764198,21.99562479654948,0.8501715501149495,91.24419617652892,0.0164519652541055,0.0756874851516035,0.0062901546556472,0.0234148249213324,0.0173566727746339,0.0024944605300065,0.0,0.0,0.0336636736622599
woG4,866,0.0334169245554042,,,,91.22013998031616,0.0162028814894986,0.0760360125635491,0.0063064031295295,0.0231921033338323,0.0171782627976575,0.0025287492555703,0.0,0.0,0.0334169245554042
woG4,867,0.0330708330252864,,,,91.2301857471466,0.0158728795034475,0.0765207961934511,0.0063335921111531,0.0229388826267152,0.0168347163049534,0.002513751655733,0.0,0.0,0.0330708330252864
woG4,868,0.0329009996513362,,,,91.16584610939026,0.0158978073979865,0.0752510320944864,0.0062729301499813,0.022869669473501,0.0168628183147702,0.0024969125212815,0.0,0.0,0.0329009996513362
woG4,869,0.032757716833568,,,,91.2613172531128,0.0158058091249988,0.0751058830589544,0.0062584804035112,0.0227612261584059,0.0167604361004272,0.0025014465495363,0.0,0.0,0.032757716833568
woG4,870,0.0325455030456918,0.1194027103483676,22.56357727050781,0.8497077147165935,91.16317629814148,0.0156839744142088,0.074744452707103,0.0062363404078317,0.0226309623676123,0.0166432982707609,0.0024863344809941,0.0,0.0,0.0325455030456918
woG4,871,0.0325921332066664,,,,91.67595887184144,0.0157303589045024,0.0746245779952064,0.006229594409023,0.0226738062824626,0.0167051144936656,0.0025209993268095,0.0,0.0,0.0325921332066664
woG4,872,0.032798320528303,,,,91.59028720855711,0.0158583161298979,0.0749240424789366,0.0062518937772781,0.0228294834693069,0.016826992816307,0.0024630736624516,0.0,0.0,0.032798320528303
woG4,873,0.0326818482889259,,,,91.46249055862428,0.0158084689135678,0.0745736873540722,0.0062245817026734,0.0227444633826247,0.0167789283345957,0.0025094275240648,0.0,0.0,0.0326818482889259
woG4,874,0.0331838045757813,,,,91.63622069358826,0.0160846813337602,0.0755108912460139,0.006284819316638,0.0230708259738004,0.0170455972633523,0.0025432819827864,0.0,0.0,0.0331838045757813
woG4,875,0.0328957592671523,0.116179846227169,22.738742065429687,0.8493097146352132,91.22676396369934,0.0159353264531151,0.0749098634133573,0.0062450472395256,0.0228995490880286,0.016875494592136,0.0025579700528903,0.0,0.0,0.0328957592671523
woG4,876,0.03395837336229,,,,91.07081747055054,0.0166137176260474,0.0761924894129643,0.0063211984443859,0.0236060122776104,0.0175444327951332,0.0025294310838884,0.0,0.0,0.03395837336229
woG4,877,0.0337073392402686,,,,91.24854946136476,0.0165390044404957,0.0752727648273843,0.0062715407770096,0.0233935612314915,0.0174611457012838,0.0025016102213679,0.0,0.0,0.0337073392402686
woG4,878,0.0330923630352147,,,,91.22340106964111,0.0160874017270007,0.0749417909833251,0.0062501358410312,0.0229892315892655,0.0170405510980941,0.0025492070646399,0.0,0.0,0.0330923630352147
woG4,879,0.0331087534270081,,,,91.32612705230711,0.0161280578735177,0.0746797626135779,0.006231657809532,0.0230224420179109,0.0170926939558665,0.002585172541554,0.0,0.0,0.0331087534270081
woG4,880,0.0329379598289483,0.1176769360899925,22.663672383626302,0.8521648248036703,91.30083656311037,0.0159531325773626,0.0750163822877602,0.0062549563266001,0.0229171034192941,0.0169128989037431,0.0025459200145722,0.0,0.0,0.0329379598289483
woG4,881,0.0327743116124975,,,,91.50434041023254,0.0158924124982269,0.0744755043358099,0.0062274611039758,0.0228070859476679,0.0168598961527841,0.0025331705119689,0.0,0.0,0.0327743116124975
woG4,882,0.0333744292681823,,,,91.25473189353944,0.0162600740775099,0.0753444472297293,0.006272029311045,0.0232264378153886,0.0171978889170606,0.0025174203481464,0.0,0.0,0.0333744292681823
woG4,883,0.0329187056355056,,,,91.40084171295166,0.015986064433685,0.0746502226493397,0.0062251892856887,0.0229287689750189,0.0169595682108011,0.0024704073420267,0.0,0.0,0.0329187056355056
woG4,884,0.0333029773910758,,,,91.21474766731262,0.0162589394899665,0.0749286823585385,0.0062526996652061,0.0231609947857309,0.0171877494784163,0.0025208837044478,0.0,0.0,0.0333029773910758
woG4,885,0.038380368597439,0.1212887670844793,22.685489400227866,0.8482616742451986,91.16334557533264,0.0199399160557105,0.0776457576478113,0.0064082424038044,0.0265490208966199,0.0207019565306359,0.0026107877282975,0.0,0.0,0.038380368597439
woG4,886,0.0366765892010976,,,,91.35836386680604,0.0186310653406821,0.0772872283810474,0.0063807878845569,0.0253617690463901,0.019495911705384,0.0025659518981482,0.0,0.0,0.0366765892010976
woG4,887,0.034924591616651,,,,91.62842082977296,0.0172814477128205,0.0770783961796369,0.0063456145599942,0.0241395853856792,0.0181462517634156,0.0025460794367674,0.0,0.0,0.034924591616651
woG4,888,0.0330611033914763,,,,91.7679727077484,0.0160553936357991,0.0749717467143887,0.0062539026706067,0.0229871298842987,0.0170309949803669,0.0025260331701739,0.0,0.0,0.0330611033914763
woG4,889,0.032583397752071,,,,91.68617749214172,0.0157282337332602,0.0745661962227743,0.0062420991837184,0.0226884673914459,0.016703987127689,0.0025281807737898,0.0,0.0,0.032583397752071
woG4,890,0.0327476859245388,0.1117460764944553,23.07498270670573,0.853256638844808,91.3542251586914,0.0158456813956259,0.0747024089586539,0.0062342358096579,0.0227718314186471,0.0168172862136461,0.002496587611605,0.0,0.0,0.0327476859245388
woG4,891,0.0325421324976887,,,,91.36704850196838,0.0157057387586377,0.0745504918645639,0.0062458841340066,0.0226646346864519,0.01665272054522,0.002472632908602,0.0,0.0,0.0325421324976887
woG4,892,0.0322082837219121,,,,91.17185759544373,0.0154702959002041,0.0742412575932799,0.0062185709658613,0.0224344230821875,0.0164766359967408,0.0025098668831232,0.0,0.0,0.0322082837219121
woG4,893,0.0324097771930401,,,,91.16829895973206,0.0156180598147091,0.0743775910041371,0.0062061674095171,0.0225464184997511,0.0165985546639708,0.0025168175343424,0.0,0.0,0.0324097771930401
woG4,894,0.0324839631126063,,,,91.132563829422,0.0156509321808937,0.0745864930700083,0.0062308755997171,0.0226092221077959,0.0166158417819953,0.0025200822646347,0.0,0.0,0.0324839631126063
woG4,895,0.0327058461662687,0.1154597550630569,22.750350443522134,0.8510160128275553,91.7825894355774,0.015836597939373,0.0745209812140855,0.0062305781776543,0.0228217456214984,0.0167930005270926,0.0024403990604189,0.0,0.0,0.0327058461662687
woG4,896,0.032734165075006,,,,91.1539363861084,0.0158453201188049,0.0746284278689837,0.0062368002464445,0.02279051945957,0.0168042719501574,0.0024830582981058,0.0,0.0,0.032734165075006
woG4,897,0.0325691864871587,,,,91.15978002548218,0.0157615866160905,0.0742239614979165,0.0062006321319638,0.0227103696632214,0.0167387669951822,0.0024923804730413,0.0,0.0,0.0325691864871587
woG4,898,0.0330219366206008,,,,91.209077835083,0.0161085856513532,0.0743617259088109,0.0062265614788124,0.0230146810244463,0.0170467903028379,0.002465389641269,0.0,0.0,0.0330219366206008
woG4,899,0.0331277299489154,,,,91.22580170631409,0.0161061055317032,0.0750240717754989,0.0062672003805942,0.0230825674017799,0.0170626982466363,0.0024438495991072,0.0,0.0,0.0331277299489154
woG4,900,0.0329320811681815,0.113171212375164,23.11785430908203,0.851091225941976,91.10109305381776,0.0160185068341918,0.0744609866963058,0.0062237540431717,0.0229404516304369,0.0169915934398648,0.002496042775494,0.0,0.0,0.0329320811681815
woG4,901,0.0334997147504912,,,,91.13575792312622,0.0163543850229289,0.0753725986988818,0.0062944930329247,0.0233347170650348,0.0172990592669878,0.0024765701525554,0.0,0.0,0.0334997147504912
woG4,902,0.0327436612216664,,,,91.13133645057678,0.0158734834050668,0.0744011094335649,0.0062197242523772,0.0228141643809246,0.0168632327151469,0.0025155663038947,0.0,0.0,0.0327436612216664
woG4,903,0.0328715826674807,,,,91.23872232437134,0.0159848639665202,0.0743815131851884,0.0062172598640632,0.0228862235795889,0.0169330284946033,0.0025140608500567,0.0,0.0,0.0328715826674807
woG4,904,0.0328020477575845,,,,91.27180814743042,0.0159438168324652,0.0742624626785028,0.0062056829977292,0.0228654463836526,0.0168819442452465,0.0025369075258628,0.0,0.0,0.0328020477575845
woG4,905,0.0324521897757639,0.1123274639248848,23.207002766927083,0.8518840154012044,91.37548422813416,0.0156782060769982,0.0741720644176983,0.0062045288657708,0.0226092643837337,0.0166511189757434,0.0024872758620433,0.0,0.0,0.0324521897757639
woG4,906,0.0322108022624351,,,,91.1247456073761,0.0155333510798509,0.0738085825912288,0.0061780655981789,0.0224362569708438,0.0165160112617323,0.0024894632009758,0.0,0.0,0.0322108022624351
woG4,907,0.0320996587912811,,,,91.31253004074097,0.0154257911547529,0.0739651654587417,0.0061881887539457,0.0223599293223414,0.016406078044264,0.0024959162797504,0.0,0.0,0.0320996587912811
woG4,908,0.0322967223120761,,,,91.42816686630248,0.0155615601612285,0.0741022077740215,0.0062013830890359,0.022497531896854,0.0165684455547664,0.0024533763777876,0.0,0.0,0.0322967223120761
woG4,909,0.0325956554686436,,,,91.20762705802916,0.015800973018784,0.0741250285359679,0.0061917210639011,0.0227061479703569,0.0167473697973812,0.0025047001440352,0.0,0.0,0.0325956554686436
woG4,910,0.0327077246744368,0.1158753596246242,22.844492594401043,0.8511808554331461,91.09509372711182,0.0158666478485235,0.0742658664945696,0.0062089448462652,0.0227748232084463,0.0168381391138937,0.0025141934566505,0.0,0.0,0.0327077246744368
woG4,911,0.0321382826927011,,,,91.17654609680176,0.0154837810464936,0.0737173371627682,0.0061834100481183,0.0224311847132859,0.0164768982251159,0.0024731935862619,0.0,0.0,0.0321382826927011
woG4,912,0.0323897474063713,,,,91.3543026447296,0.0156633458176597,0.0738820873323034,0.0061953250723356,0.0226052567271179,0.0166222392505065,0.0025181686634495,0.0,0.0,0.0323897474063713
woG4,913,0.0329389131979131,,,,91.29473185539246,0.0160671914469633,0.0742322822086146,0.0061958173450204,0.0229537966279465,0.0169749292850372,0.0024474829160532,0.0,0.0,0.0329389131979131
woG4,914,0.0329094537091059,,,,91.26773953437804,0.0159481451388631,0.0749432996648256,0.0062307304202685,0.0228860243070931,0.0168848261771509,0.0025053719835371,0.0,0.0,0.0329094537091059
woG4,915,0.0324438985315014,0.1159876100718975,22.92863515218099,0.850761334101359,91.25199604034424,0.0156592368224605,0.0742630347853801,0.0062054082423021,0.0226082496543521,0.0166389332458254,0.0024811122318363,0.0,0.0,0.0324438985315014
woG4,916,0.0324003006957593,,,,91.28956174850464,0.015621280221299,0.0743210217991813,0.0062069452337187,0.0225564168582929,0.0165795364157586,0.0025012371703776,0.0,0.0,0.0324003006957593
woG4,917,0.0324774797486721,,,,91.4259819984436,0.0157027695266926,0.0741655328234688,0.0061930940051364,0.0226339307598403,0.0166536309817408,0.0024848056892238,0.0,0.0,0.0324774797486721
woG4,918,0.0326046837402171,,,,91.09339761734007,0.0158012361174113,0.0741916499176963,0.0061881188245978,0.022742302294393,0.0167573104139234,0.0024305945028528,0.0,0.0,0.0326046837402171
woG4,919,0.0326840539508667,,,,91.25443887710573,0.0157953418531745,0.0747034793994465,0.006225432694859,0.0227306316087602,0.0167801250306675,0.0024680321722207,0.0,0.0,0.0326840539508667
woG4,920,0.0324497752380175,0.1164409760385751,22.885875956217447,0.8512976805369059,91.10842537879944,0.0157077812559169,0.0739504958762497,0.0061745847838732,0.0226057288236916,0.0166638681252838,0.0024932252565688,0.0,0.0,0.0324497752380175
woG4,921,0.0345864940098807,,,,91.1578438282013,0.0172219684378045,0.0753877358358414,0.006270887784385,0.0240354966295913,0.0181068998120236,0.0024825116370415,0.0,0.0,0.0345864940098807
woG4,922,0.040565320290625,,,,91.1564395427704,0.0214861495435604,0.0792399092775876,0.0064839243404109,0.0278595128997427,0.0222168653882795,0.002460669213715,0.0,0.0,0.040565320290625
woG4,923,0.0405847889478089,,,,91.22528123855592,0.0213950310726879,0.0800089303587303,0.0065332718773699,0.0279175518233267,0.0221000748579619,0.0026041962393391,0.0,0.0,0.0405847889478089
woG4,924,0.0349511217600742,,,,91.2198088169098,0.0174205787021849,0.0760123289999414,0.0063229740662194,0.024299827740207,0.0183372722679107,0.0025137988640545,0.0,0.0,0.0349511217600742
woG4,925,0.0332946284964192,0.1241345982998609,22.40775807698568,0.8483343760172526,91.22480273246764,0.0162212607511853,0.0751193175550367,0.0062666763933222,0.0231335736643217,0.0171990094278923,0.0025206029626968,0.0,0.0,0.0332946284964192
woG4,926,0.0323468191915603,,,,91.19895219802856,0.015601526922928,0.0740746982762071,0.0062154058183802,0.0225432574840598,0.0166145088609124,0.0024619322560239,0.0,0.0,0.0323468191915603
woG4,927,0.0319887660443782,,,,91.25203657150269,0.0153735803486015,0.0737018233439961,0.0061824057884819,0.0222974042255492,0.0163562710885508,0.0024468095259374,0.0,0.0,0.0319887660443782
woG4,928,0.0318057261193629,,,,91.17858409881592,0.0152328894320936,0.0735973759752805,0.0061921945231065,0.0222229051144152,0.0162479002334055,0.0024525976155838,0.0,0.0,0.0318057261193629
woG4,929,0.0314430460089542,,,,91.28933477401732,0.0149846443769018,0.0733033179259691,0.0061593674863764,0.0219411949978255,0.0160073293143974,0.0024771695550088,0.0,0.0,0.0314430460089542
woG4,930,0.0315816170062686,0.1269294787198305,22.194515991210935,0.8463051001230876,91.15273547172546,0.015105416341761,0.0732336361877253,0.0061567508077371,0.0220381876331616,0.0161239235417642,0.0024434689186192,0.0,0.0,0.0315816170062686
woG4,931,0.0316981306818665,,,,91.3162579536438,0.0151765307442086,0.0734258968322003,0.0061608016105429,0.0221330446923976,0.0161710259672559,0.0024353236782547,0.0,0.0,0.0316981306818665
woG4,932,0.0315246321871632,,,,91.31079125404358,0.0150410093473972,0.0734738389976689,0.0061505965022064,0.0219672077915585,0.0160177910440891,0.0024260230940675,0.0,0.0,0.0315246321871632
woG4,933,0.0316388696340508,,,,91.15863966941832,0.0151495263514826,0.0732861151460741,0.006145777411713,0.0220691764986783,0.0161300881567304,0.0024698147179032,0.0,0.0,0.0316388696340508
woG4,934,0.0316204891738588,,,,91.2331714630127,0.0151581302758489,0.0730758206766159,0.0061462021845041,0.0220819428624188,0.0161463259871988,0.0024731850721987,0.0,0.0,0.0316204891738588
woG4,935,0.032466581595115,0.1255582850426435,22.25687001546224,0.8450499534606933,91.19188618659972,0.0157057937830075,0.0740285535327723,0.0062106794231097,0.0226948412562735,0.0166521736909253,0.0024993528991739,0.0,0.0,0.032466581595115
woG4,936,0.0323048968203976,,,,91.29016637802124,0.0155932625343442,0.0739518697144555,0.0061815813542572,0.0225077340165611,0.0165547000503808,0.0024776958171507,0.0,0.0,0.0323048968203976
woG4,937,0.0318609625101089,,,,91.30248475074768,0.0153120540036651,0.0733754610429044,0.0061490606253233,0.0222448796171267,0.0163069584361109,0.002426922157193,0.0,0.0,0.0318609625101089
woG4,938,0.0322477584704756,,,,91.15054893493652,0.0155594607234978,0.0738625272375638,0.0061925524296086,0.0225172625075964,0.0165215909679527,0.0024198935659159,0.0,0.0,0.0322477584704756
woG4,939,0.0320076170667517,,,,91.1611351966858,0.0154157688719083,0.0734946234304396,0.0061599374481583,0.0223506748157202,0.0163796542929943,0.0024459103673895,0.0,0.0,0.0320076170667517
woG4,940,0.0320170054395423,0.1226875111460685,22.253680928548174,0.8509935220082601,91.23162508010864,0.0154251401526395,0.0734339659331274,0.0061698790666357,0.0223486177531666,0.0164097883799647,0.0024803590103907,0.0,0.0,0.0320170054395423
woG4,941,0.0322903130722583,,,,91.16438746452332,0.015636374196801,0.0735853534252917,0.0061602920988483,0.022514877459187,0.0165544381731602,0.0024505390539444,0.0,0.0,0.0322903130722583
woG4,942,0.0322677591723985,,,,91.2806224822998,0.0156155827180406,0.0735834832074212,0.0061574847300033,0.0224994818191425,0.0165651178094329,0.0024224666622849,0.0,0.0,0.0322677591723985
woG4,943,0.031701460847112,,,,91.4780113697052,0.015208486681346,0.0731950363174813,0.0061290565931589,0.0221370738152353,0.0161984295233107,0.0024576713846324,0.0,0.0,0.031701460847112
woG4,944,0.0321334540141654,,,,91.12272477149963,0.0155106420689796,0.0735253129826217,0.006157104448858,0.0224335250200428,0.0164726336990467,0.0024618814216514,0.0,0.0,0.0321334540141654
woG4,945,0.0323301541054102,0.122401338070631,22.452019246419272,0.8483062903086345,91.18704414367676,0.0156200988920497,0.0739380150544838,0.0062014896052385,0.0225709086268773,0.0165549001473261,0.0024078158636913,0.0,0.0,0.0323301541054102
woG4,946,0.0326174765397779,,,,91.65914130210876,0.0158015657750675,0.0742661400896604,0.0062256916884149,0.0227954331632764,0.0167280020131195,0.0024433709627597,0.0,0.0,0.0326174765397779
woG4,947,0.0321152819106813,,,,91.17936182022096,0.0155183046476029,0.0733565507365054,0.0061533223211643,0.0224321143411588,0.0164819647267949,0.0024358270228,0.0,0.0,0.0321152819106813
woG4,948,0.032063303515315,,,,91.26005625724792,0.0154751206091681,0.0733549868474241,0.0061751104085935,0.0224261799384458,0.0164340551423489,0.0024409208071731,0.0,0.0,0.032063303515315
woG4,949,0.0323189700663578,,,,91.35257387161256,0.0156198925353953,0.073794415739716,0.0062192569479163,0.0225775128184649,0.0165899274412725,0.0024345732961025,0.0,0.0,0.0323189700663578
woG4,950,0.0323012222948132,0.1207776684314012,22.39498545328776,0.8493691444396972,91.25228190422058,0.0156201679396946,0.0736918527571881,0.0061840455173743,0.022560742378357,0.0165864533943231,0.0024490499998763,0.0,0.0,0.0323012222948132
woG4,951,0.0329323241059653,,,,91.54383754730225,0.0160410471000998,0.0743630846015742,0.0062233336311841,0.0229847099265602,0.0169664612345275,0.002419725908768,0.0,0.0,0.0329323241059653
woG4,952,0.0327162883076511,,,,91.27092123031616,0.0159342356530002,0.0738585527803077,0.0061825861177239,0.022814284071143,0.016856747618342,0.0024705941127575,0.0,0.0,0.0327162883076511
woG4,953,0.0326459261542949,,,,91.36380076408386,0.0159232063051007,0.0734732512567864,0.0061582906389242,0.0228084869469042,0.0168486842427585,0.0024925183402717,0.0,0.0,0.0326459261542949
woG4,954,0.0326605166201708,,,,91.23596477508544,0.0158851572892582,0.0738685898116377,0.0061999949947243,0.0228248128331586,0.0168154078428862,0.002450048287025,0.0,0.0,0.0326605166201708
woG4,955,0.0319547572890754,0.1213635113090276,22.637941487630208,0.8478902498881022,91.0426425933838,0.0153810330284912,0.0733708705081314,0.006141908241619,0.0223163760526747,0.0163930877661485,0.0024633765588972,0.0,0.0,0.0319547572890754
woG4,956,0.0317754225927542,,,,91.38753938674928,0.0152607307860963,0.0732524785839143,0.0061440763128616,0.0221831567554933,0.0162303099240802,0.0024862654657927,0.0,0.0,0.0317754225927542
woG4,957,0.0318259252387969,,,,91.36497569084167,0.0153397022151067,0.0729339860501836,0.0061312905249384,0.022287991699442,0.0163139241182657,0.0024216998469649,0.0,0.0,0.0318259252387969
woG4,958,0.0322674835467192,,,,91.4021852016449,0.0156296834609181,0.0734809114307653,0.0061528166053725,0.0225610523255633,0.0165428090458888,0.0024322005128106,0.0,0.0,0.0322674835467192
woG4,959,0.0320573363789036,,,,91.2199001312256,0.0154723034423516,0.0733108886929809,0.006156552113501,0.0224218171731126,0.0164525462696176,0.00245396551136,0.0,0.0,0.0320573363789036
woG4,960,0.0317818857271407,0.1121316794306039,23.183839925130208,0.853405237197876,91.05998706817628,0.0152982457571464,0.0729994856920398,0.0061318782753631,0.0222045590520882,0.0162815023060949,0.002430721934213,0.0,0.0,0.0317818857271407
woG4,961,0.0323541903501895,,,,91.18437266349792,0.0156949751430236,0.0734883952336233,0.0061577266734856,0.0226259619134982,0.0166312182688566,0.0023968557872023,0.0,0.0,0.0323541903501895
woG4,962,0.0317905685238418,,,,91.21516823768616,0.0153140532784163,0.0729510554524718,0.006120794884036,0.0222045861367808,0.0162766693297346,0.0024514490519993,0.0,0.0,0.0317905685238418
woG4,963,0.0317117817180811,,,,91.20382070541382,0.0152520867995917,0.0728985481574887,0.0061296084609462,0.0221679396316653,0.0162593450809477,0.0024140943032613,0.0,0.0,0.0317117817180811
woG4,964,0.031602743646649,,,,91.28290557861328,0.015186051357171,0.0727827016447411,0.0061124590011771,0.0220856330296421,0.0161631411842269,0.0024273112067021,0.0,0.0,0.031602743646649
woG4,965,0.0325062161647394,0.1231442783027887,22.40497334798177,0.8487365086873372,91.2796905040741,0.0156687401830539,0.0746196684290151,0.0062386536527974,0.0227369156009593,0.0165891251526772,0.0024476791126081,0.0,0.0,0.0325062161647394
woG4,966,0.0324502100282516,,,,91.17594599723816,0.0157523104829377,0.0736163971854037,0.0061730149041739,0.0226833501479542,0.0166903719702949,0.0024255768426495,0.0,0.0,0.0324502100282516
woG4,967,0.0327572847914988,,,,90.9551899433136,0.0159820310130226,0.0737701801003002,0.0061727491394448,0.0228952527595836,0.016880178533983,0.0024179128107431,0.0,0.0,0.0327572847914988
woG4,968,0.0318494149957035,,,,91.47242403030396,0.0153617652698007,0.0729146717024631,0.0061162044866712,0.0222618887735316,0.0163294637774224,0.0024724310086505,0.0,0.0,0.0318494149957035
woG4,969,0.0323109412260475,,,,91.26622676849364,0.0156744342129372,0.0733408102246581,0.0061529966273543,0.0225703971170377,0.0166372464221642,0.0024331749815753,0.0,0.0,0.0323109412260475
woG4,970,0.0322807912302554,0.118090821430087,22.8936762491862,0.8501801649729411,91.2873101234436,0.0156211234384872,0.0736227392173204,0.006153539727732,0.0225472550564369,0.0165460924694284,0.0024447642828788,0.0,0.0,0.0322807912302554
woG4,971,0.0321416054684363,,,,91.23094010353088,0.0155720141655231,0.0731395893409603,0.006136653063147,0.0224622905284899,0.0165040917831976,0.0024252304364545,0.0,0.0,0.0321416054684363
woG4,972,0.0318361910243259,,,,91.12123942375185,0.0153450468768838,0.072966953770059,0.0061164547204513,0.0222409305574952,0.0163353274377887,0.0024242304593752,0.0,0.0,0.0318361910243259
woG4,973,0.032182049357378,,,,91.1587905883789,0.0155921149082848,0.0731547743570609,0.0061296875565694,0.0224812594242393,0.0165676874887259,0.0024774411433666,0.0,0.0,0.032182049357378
woG4,974,0.032176895494588,,,,91.44680571556091,0.0155179209732374,0.0737159066512936,0.0061898375231558,0.0224753283269581,0.016477382467052,0.0024824168916684,0.0,0.0,0.032176895494588
woG4,975,0.0318989715706862,0.1159634012728929,22.84199981689453,0.8506402174631754,91.27640914916992,0.0154015244687067,0.0729192627257988,0.006125632469298,0.0222745640127018,0.0163867341461362,0.0024245484449641,0.0,0.0,0.0318989715706862
woG4,976,0.0320807737221971,,,,91.14729952812196,0.0155109441228455,0.0731866506279492,0.0061379906580187,0.0224183161101746,0.0164665901483815,0.0024768601020904,0.0,0.0,0.0320807737221971
woG4,977,0.0320672974845425,,,,91.3531482219696,0.0155171564337415,0.0730911722925842,0.0061261976065236,0.0224132303179043,0.0164646820516371,0.0024270000581278,0.0,0.0,0.0320672974845425
woG4,978,0.0324010644413408,,,,91.15663075447084,0.015747171116718,0.0733793705213265,0.0061709681281545,0.0226538456197766,0.0166557284423195,0.0024373202182001,0.0,0.0,0.0324010644413408
woG4,979,0.032050179042777,,,,91.09699940681458,0.0155215855596251,0.0729742665759852,0.0061297018546611,0.0224037817297656,0.0164613503290981,0.0023924420195532,0.0,0.0,0.032050179042777
woG4,980,0.0318274270040822,0.117790088057518,22.726932271321616,0.8499895413716634,91.18401026725768,0.0153764584101736,0.0726768457498706,0.0061167959299427,0.0222782998299989,0.0163398282068064,0.0024171507002243,0.0,0.0,0.0318274270040822
woG4,981,0.031990477204567,,,,91.196959733963,0.0154768319220327,0.0728721188717201,0.0061170237222839,0.0223820811198627,0.0164609875942229,0.0024276458430218,0.0,0.0,0.031990477204567
woG4,982,0.0337324650713899,,,,91.13407588005066,0.0167139055833342,0.0740919885088185,0.0062077339627917,0.0235794016358549,0.0175766871524516,0.0024085570380595,0.0,0.0,0.0337324650713899
woG4,983,0.0329633324147492,,,,91.33754968643188,0.0161606447435304,0.0735621667299114,0.0061734938158149,0.0230318375435642,0.0170862804792943,0.002498553364946,0.0,0.0,0.0329633324147492
woG4,984,0.0320314707723064,,,,91.28382563591003,0.0155189295039802,0.0728325653271596,0.0061169901393262,0.0223835417084762,0.0164759708415777,0.0024491162239726,0.0,0.0,0.0320314707723064
woG4,985,0.0320777249079747,0.1162645556032657,22.65576629638672,0.8518410841623942,91.28368735313416,0.0155721710552079,0.0727042462982115,0.0061058822053591,0.0224173512752549,0.0165344201043614,0.0024293782074981,0.0,0.0,0.0320777249079747
woG4,986,0.0321950586818036,,,,91.42698287963869,0.0155532996582447,0.0736129792010198,0.0061610913892719,0.0224896746794464,0.016511381947298,0.0023788390986499,0.0,0.0,0.0321950586818036
woG4,987,0.031458606836615,,,,91.1007936000824,0.0151198740712687,0.0724046933846395,0.0060869440623391,0.022001243700258,0.0160957510567835,0.0024303956716855,0.0,0.0,0.031458606836615
woG4,988,0.03189802389653,,,,91.17148637771606,0.0153622408321157,0.0731520012753908,0.0061453709810147,0.0223073519720527,0.0163593118262217,0.0024907948052296,0.0,0.0,0.03189802389653
woG4,989,0.0317851194928659,,,,91.16691136360168,0.0152401540611611,0.0734915660053003,0.0061543397872601,0.0221988056542077,0.0162081789668099,0.0024496600142542,0.0,0.0,0.0317851194928659
woG4,990,0.0324388471141946,0.1167015843093395,22.660772196451823,0.8504944483439127,91.3177878856659,0.0157078294709447,0.0739800216721706,0.006177501644191,0.0226552551612257,0.0165879532206253,0.0024391021407743,0.0,0.0,0.0324388471141946
woG4,991,0.0323084736029144,,,,91.38312578201294,0.0156852512574586,0.0732623333813714,0.0061593268669714,0.022567162160441,0.0166219606018457,0.0024517570564057,0.0,0.0,0.0323084736029144
woG4,992,0.0326873572604333,,,,91.38221287727356,0.0159878838792076,0.0732711314177904,0.0061519245204866,0.0228744770675042,0.016891686612221,0.0024113945288919,0.0,0.0,0.0326873572604333
woG4,993,0.0332331304270468,,,,91.15523409843443,0.0163650056652602,0.0736795888572442,0.0061789384459099,0.023254203579587,0.0172475526399421,0.0024674079756893,0.0,0.0,0.0332331304270468
woG4,994,0.0344037884296696,,,,91.22141027450562,0.0172452137225353,0.0740827317120599,0.0061742435285791,0.0239759902927841,0.0181241813344789,0.0024317094233635,0.0,0.0,0.0344037884296696
woG4,995,0.0342071500652637,0.1083215456455946,23.26449025472005,0.8535109361012777,91.50583124160768,0.0169807511809297,0.0748807323760673,0.0062064370884727,0.0238030338583544,0.0178918925068173,0.0025168227129157,0.0,0.0,0.0342071500652637
woG4,996,0.0334570082515233,,,,91.54413223266602,0.0165172085303385,0.0738046496617989,0.0061776613545619,0.0233488573585865,0.017469561315279,0.0024799777659564,0.0,0.0,0.0334570082515233
woG4,997,0.032219624956001,,,,91.28208923339844,0.0156321819016679,0.0731078254394844,0.006142059213207,0.0225474275190566,0.0165902919319198,0.0024039147786231,0.0,0.0,0.032219624956001
woG4,998,0.0316096416934103,,,,91.3944263458252,0.0151819401100033,0.0728339821588797,0.0061145996365726,0.0221185314499574,0.0161789647898957,0.0023949823044545,0.0,0.0,0.0316096416934103
woG4,999,0.0312291602527753,,,,91.43515062332152,0.0149234625907828,0.072561181470996,0.0061095499292351,0.0218318373071732,0.0158957979168559,0.0023791979870484,0.0,0.0,0.0312291602527753
woG4,1000,0.0310461120069271,0.1127397753298282,22.830255126953126,0.8534035205841064,91.14977741241456,0.0148348354688677,0.0720906443283206,0.0060729029374655,0.021705252324521,0.0158406387648132,0.0023685812479701,0.0,0.0,0.0310461120069271
