Loss_Variant,Epoch,Train_Loss,Val_Loss,Val_PSNR,Val_SSIM,Time,recon,ssim,edge,wav,base,illum,col,oe,total
woG3,1,0.1824023657646335,0.189298890531063,17.00158971150716,0.7081897020339966,92.52551460266112,0.1226973344006987,0.2920917839300437,0.0155218814759225,0.1175279843269801,0.0,0.0,0.2856462039664143,5.811567112828853e-07,0.1824023657646335
woG3,2,0.151763807737925,,,,91.70844006538393,0.1024739837548771,0.2371953530389754,0.0134261209349773,0.1004912201009812,0.0,0.0,0.2499955678816701,6.024382862864573e-07,0.151763807737925
woG3,3,0.1476534355859287,,,,91.7485625743866,0.1002459388043059,0.227174589379889,0.0129130516376834,0.0986324706893475,0.0,0.0,0.2397523160840644,1.1384544498693345e-06,0.1476534355859287
woG3,4,0.1416579027522782,,,,91.73239517211914,0.0960770715028047,0.2180776913635066,0.0125275104779933,0.0948125520934824,0.0,0.0,0.2328891899497782,1.1819893057889385e-06,0.1416579027522782
woG3,5,0.1408857758782926,0.1447910256683826,19.42253189086914,0.7673182805379232,91.59292888641356,0.0960044594267841,0.2131628394126892,0.0122639680449224,0.0946428363257255,0.0,0.0,0.236112507396057,1.468903633605358e-06,0.1408857758782926
woG3,6,0.1348281622421546,,,,91.64589238166808,0.0916120275000079,0.2050003712294531,0.0118877374124331,0.0907989922971999,0.0,0.0,0.2303878261906201,1.6211452613788929e-06,0.1348281622421546
woG3,7,0.129393847811906,,,,91.5998466014862,0.0875632234039853,0.1981885408768888,0.0116442083113933,0.0873065176801603,0.0,0.0,0.2267797688236002,1.6481052902781312e-06,0.129393847811906
woG3,8,0.1288571821250876,,,,91.66068840026855,0.0874491300372803,0.1954845170505711,0.0114723593721807,0.0871155453143549,0.0,0.0,0.2271246856353322,1.8874923285439915e-06,0.1288571821250876
woG3,9,0.1248001837950261,,,,91.66148805618286,0.0847224724769103,0.1883042576860209,0.0112006362130651,0.0845156889103475,0.0,0.0,0.2255382816322514,1.9123007416083902e-06,0.1248001837950261
woG3,10,0.1228499636664742,0.1312352158129215,20.15788879394531,0.7781815528869629,91.53965210914612,0.0835274944967422,0.1849325900195075,0.0110111597230749,0.0836014508529276,0.0,0.0,0.2171942484183389,2.2109925459959698e-06,0.1228499636664742
woG3,11,0.1200969489138634,,,,91.57175278663637,0.0814559932065303,0.1813234379057024,0.0108987466760407,0.0818317996979248,0.0,0.0,0.217546958659516,2.0025339059258828e-06,0.1200969489138634
woG3,12,0.1208927343126203,,,,91.82280898094176,0.0823111691985462,0.180668972554754,0.0108444040610653,0.0824179242624611,0.0,0.0,0.2172771744796487,2.170779857246967e-06,0.1208927343126203
woG3,13,0.1178063162159724,,,,91.72903108596802,0.0797657081093944,0.1780175273535681,0.0107764976488456,0.080236141951602,0.0,0.0,0.2190120497443637,2.1479393725257338e-06,0.1178063162159724
woG3,14,0.118019449356638,,,,91.64513683319092,0.0803460456491982,0.175867455904601,0.0106381995443132,0.0806038875560291,0.0,0.0,0.215651985074653,2.3946002393503075e-06,0.118019449356638
woG3,15,0.1145614090024447,0.1253814790397882,20.52037353515625,0.7938898245493571,91.67013096809389,0.0777171977230759,0.1713816225528717,0.0105335432501723,0.0784030724316835,0.0,0.0,0.2169012191598532,2.111935071196698e-06,0.1145614090024447
woG3,16,0.1118992928598748,,,,91.79196643829346,0.0755046856452207,0.170150093856405,0.0104681005945704,0.0764257928631344,0.0,0.0,0.2117298823766044,2.6937079018636e-06,0.1118992928598748
woG3,17,0.1124787414293797,,,,91.6070704460144,0.076272971256346,0.1687825805828219,0.0103947959046383,0.0769850513668822,0.0,0.0,0.2104907079798276,2.5044167470628007e-06,0.1124787414293797
woG3,18,0.1121886097749725,,,,91.70349836349487,0.0758997059014977,0.16849833189464,0.0104220479642819,0.076840606289076,0.0,0.0,0.2172888493562331,2.659113188247965e-06,0.1121886097749725
woG3,19,0.1128754541888588,,,,91.7819573879242,0.0766136978798713,0.1685040534519758,0.0103776652068205,0.0772290738818586,0.0,0.0,0.2144453034537737,3.240420324480122e-06,0.1128754541888588
woG3,20,0.1102447127770693,0.1411415543407201,19.597527567545573,0.7915590922037761,91.79030108451845,0.0749272954970842,0.1636995140646324,0.0101973189682256,0.0757488743631077,0.0,0.0,0.209634249755105,2.9184987637775245e-06,0.1102447127770693
woG3,21,0.1085024422920141,,,,91.72668719291688,0.0734379481463158,0.1632649473479536,0.0101734902557046,0.07469302825019,0.0,0.0,0.204529689350089,4.138094070274863e-06,0.1085024422920141
woG3,22,0.1085286974357288,,,,91.7518436908722,0.0735249422551667,0.1622155401550355,0.0101521699154963,0.0747954019146864,0.0,0.0,0.2090077463720665,2.7447463998812167e-06,0.1085286974357288
woG3,23,0.1068363345426614,,,,91.78022122383118,0.072157275267556,0.1611728736611663,0.0100999876711761,0.0733574287446796,0.0,0.0,0.2064752921339918,2.8889218967134108e-06,0.1068363345426614
woG3,24,0.1050518990540113,,,,91.71840739250185,0.0708195448043893,0.1588301556032212,0.0100915237276463,0.0723566706063317,0.0,0.0,0.2057345419145021,3.0741712129985785e-06,0.1050518990540113
woG3,25,0.1034982164741539,0.1180203445255756,21.117390187581385,0.801294740041097,91.64516592025755,0.0697285490202122,0.1568732535252805,0.0099439532419697,0.071296522271682,0.0,0.0,0.2018863335251808,3.328957808247179e-06,0.1034982164741539
woG3,26,0.1048659524101702,,,,91.67416191101074,0.0708147481877784,0.1582236040811069,0.0099851202265527,0.0722453967347496,0.0,0.0,0.201936702747814,4.075802826151803e-06,0.1048659524101702
woG3,27,0.1025672902154629,,,,91.71905708312988,0.0690992307986636,0.155194518507504,0.0098652505109727,0.0707325110914277,0.0,0.0,0.2018491319212757,3.490056386994577e-06,0.1025672902154629
woG3,28,0.1015310801687787,,,,91.67452597618104,0.0682819242909795,0.1545667037612102,0.0098082181295288,0.0700360182672739,0.0,0.0,0.1985409096738354,4.046636579409719e-06,0.1015310801687787
woG3,29,0.1033427454531192,,,,91.60351943969728,0.0696681584002541,0.1566268293583979,0.0099402257836744,0.0712413872424207,0.0,0.0,0.1992101317546406,3.764642002366477e-06,0.1033427454531192
woG3,30,0.1010570903232351,0.1191216129809618,20.95538330078125,0.8090856711069743,91.4480972290039,0.0679370372204995,0.1531406645892096,0.0098001347266931,0.0696701585147224,0.0,0.0,0.2042647822469961,3.772494456456957e-06,0.1010570903232351
woG3,31,0.1002978414419244,,,,91.59486770629884,0.067221048883483,0.1535821107567334,0.0098510540747007,0.0692201705313608,0.0,0.0,0.2004631824302868,4.548702462358712e-06,0.1002978414419244
woG3,32,0.1023042100008393,,,,91.66649293899536,0.0690753387256724,0.1539859898754808,0.0097919272060399,0.0706566299510295,0.0,0.0,0.1994403441909883,3.896860421912726e-06,0.1023042100008393
woG3,33,0.098832930636699,,,,91.4118766784668,0.0661223916428499,0.1522375643253326,0.009771500576715,0.0682076895762173,0.0,0.0,0.1964831560483721,5.08854567902313e-06,0.098832930636699
woG3,34,0.0970896809804635,,,,91.7998685836792,0.064947094096512,0.1494483459191244,0.0096473875646403,0.0671062683228586,0.0,0.0,0.1937209937538279,4.391941614608141e-06,0.0970896809804635
woG3,35,0.097326956933639,0.1189590878784656,20.881407165527342,0.8060273170471192,91.66814827919006,0.0649859831805844,0.150735148152367,0.0096739210325797,0.0673245641051745,0.0,0.0,0.1930498824622787,4.229302370049881e-06,0.097326956933639
woG3,36,0.0975930714888162,,,,91.74906969070436,0.0653193150723322,0.1503629953157706,0.0097185017380741,0.0674547851391014,0.0,0.0,0.1918477863684052,4.263053950355926e-06,0.0975930714888162
woG3,37,0.0945641440873752,,,,91.39489316940308,0.0629765309057519,0.1472473081018104,0.0095591169751447,0.0653143847269601,0.0,0.0,0.1898681256370466,4.723460543471039e-06,0.0945641440873752
woG3,38,0.0958164979505245,,,,91.75923490524292,0.0640434760325512,0.1480660399452584,0.0095920384914965,0.0662799137110104,0.0,0.0,0.1890534483751312,5.0922535821814665e-06,0.0958164979505245
woG3,39,0.0929889837432591,,,,91.5916793346405,0.0617132470866695,0.1457897952345551,0.0095408038946143,0.0643524569688273,0.0,0.0,0.1890991362514066,4.781331721272641e-06,0.0929889837432591
woG3,40,0.0929368263812827,0.1045378316193819,21.933545939127605,0.8146800359090169,91.61481881141664,0.0617641031772631,0.145718292134707,0.0095458077304981,0.0644138212636357,0.0,0.0,0.1842263322018209,5.690995125130074e-06,0.0929368263812827
woG3,41,0.0945903061293676,,,,92.24823117256165,0.0630413751255293,0.1465707084194558,0.0095597514920852,0.065484952975492,0.0,0.0,0.1923241611020487,5.748160420000008e-06,0.0945903061293676
woG3,42,0.0941256309447229,,,,92.60657835006714,0.0626290972481985,0.146780252456665,0.0095254288085537,0.0651045808965554,0.0,0.0,0.189740523024172,4.746894605771807e-06,0.0941256309447229
woG3,43,0.0921184222412402,,,,91.3490583896637,0.0610112277638228,0.1453633987512745,0.0095120065379887,0.0638690437571924,0.0,0.0,0.1858752118881608,5.628178783516915e-06,0.0921184222412402
woG3,44,0.0920500600802116,,,,91.70191359519958,0.0610892858173026,0.1448083378252435,0.0094991144380669,0.0637586468555888,0.0,0.0,0.183191743480866,4.031224902223407e-06,0.0920500600802116
woG3,45,0.0906716252325988,0.1080309376120567,22.20503845214844,0.8146075089772542,92.09019899368286,0.0600379089229419,0.14322977720714,0.0093958550667176,0.0628988867411848,0.0,0.0,0.1823748676869712,4.847805483238729e-06,0.0906716252325988
woG3,46,0.0919376093527821,,,,91.51429438591003,0.0609352200704275,0.1446874395745699,0.0094736067341548,0.0636734856506351,0.0,0.0,0.1865830290146538,5.444778056989224e-06,0.0919376093527821
woG3,47,0.089856638466237,,,,91.59245562553406,0.05917354636505,0.1437166963444381,0.0094808835658382,0.0623225120552739,0.0,0.0,0.1832844989343744,5.248274465405596e-06,0.089856638466237
woG3,48,0.0879917830289876,,,,91.61645030975342,0.0578441315284762,0.1414600884328123,0.0093447361790315,0.0609664359725401,0.0,0.0,0.1792018026357791,5.000237699182737e-06,0.0879917830289876
woG3,49,0.0909549265367085,,,,91.56901454925536,0.0604317784614738,0.1422752791740855,0.0093364438965733,0.0632561957310946,0.0,0.0,0.1827243382691359,5.17740514964345e-06,0.0909549265367085
woG3,50,0.0880162129942022,0.1133772321045398,21.33497060139974,0.8123465855916341,91.59272718429564,0.0579934524158473,0.1410691181167227,0.0093589900672191,0.0610382752645699,0.0,0.0,0.1755665008161888,5.110129814539237e-06,0.0880162129942022
woG3,51,0.0870230106300995,,,,91.64615726470949,0.0572240990052213,0.1392735579951864,0.0093079552008602,0.0605162077690245,0.0,0.0,0.1800560363125605,6.213758105150306e-06,0.0870230106300995
woG3,52,0.0872289334713924,,,,91.72248125076294,0.0573136051964075,0.139529073824648,0.0093036908923541,0.0606847137640245,0.0,0.0,0.1832973180857838,5.923996113323548e-06,0.0872289334713924
woG3,53,0.0862408388467108,,,,91.55064535140993,0.0565733626851292,0.1393225427533759,0.0092902175937092,0.0599519648879277,0.0,0.0,0.1754181075413696,6.43870052549898e-06,0.0862408388467108
woG3,54,0.0867941965822313,,,,91.72751498222352,0.0570350754395371,0.1393673913400681,0.009293347089475,0.0601791247694951,0.0,0.0,0.1787481071030507,5.255100966512746e-06,0.0867941965822313
woG3,55,0.0841033706960619,0.1213019769638776,21.06150258382161,0.8111356258392334,91.5471088886261,0.054766927006059,0.1385624056956807,0.0092659722937301,0.0583172672290782,0.0,0.0,0.1711670691605474,6.048549850759942e-06,0.0841033706960619
woG3,56,0.0838706737964368,,,,91.63991475105286,0.0546955879258572,0.1369468496471154,0.0091722891971346,0.0582915653520431,0.0,0.0,0.1755528887275789,6.087828316445396e-06,0.0838706737964368
woG3,57,0.0826603519562326,,,,91.71130847930908,0.0535208554633083,0.1371426357597601,0.0091851093676551,0.0573360959648108,0.0,0.0,0.1760950457976489,5.718809355264794e-06,0.0826603519562326
woG3,58,0.0822403495978625,,,,91.64919638633728,0.0533625523666622,0.1358747614211723,0.0091433583254941,0.0570491250970813,0.0,0.0,0.1737710724844307,6.319394421102868e-06,0.0822403495978625
woG3,59,0.0833501782817918,,,,91.7993745803833,0.0544738093788018,0.135601778010853,0.0091214414846274,0.0580541654566272,0.0,0.0,0.1717820256093486,5.611947604459464e-06,0.0833501782817918
woG3,60,0.082040275431803,0.1254704408347606,20.626344807942708,0.809815502166748,92.40639448165894,0.0533103838288148,0.1353471205859887,0.0091369417190673,0.0570108568387442,0.0,0.0,0.1705024690046662,5.8643252714275126e-06,0.082040275431803
woG3,61,0.0816724213359297,,,,91.83881998062134,0.0527778775660229,0.1360708211289077,0.0091520643174709,0.0566175680485416,0.0,0.0,0.1748428791761398,5.424061631241779e-06,0.0816724213359297
woG3,62,0.0802875528814362,,,,91.78261756896973,0.0518216487997379,0.1341702254092107,0.0090728011745654,0.0557738517517926,0.0,0.0,0.1712376297008795,6.846075172176559e-06,0.0802875528814362
woG3,63,0.0810650360205623,,,,91.82385420799255,0.0525449953026703,0.1342507014509107,0.009065010760468,0.0563938527322206,0.0,0.0,0.1708807622800107,6.1472371389888365e-06,0.0810650360205623
woG3,64,0.0838463966291947,,,,91.65425395965576,0.0549728889629,0.1351923566372668,0.0091110466040487,0.0586585472108887,0.0,0.0,0.1723178067534673,6.193242176707373e-06,0.0838463966291947
woG3,65,0.0806253453808241,0.1258336286991834,20.548851013183597,0.8122931162516276,91.4772253036499,0.0520530641536976,0.1347000603793097,0.0090992333191889,0.0560955144159618,0.0,0.0,0.1712302455648047,6.419061529342408e-06,0.0806253453808241
woG3,66,0.078496315165377,,,,91.61363172531128,0.0505201557925978,0.132090653063821,0.0089858186767115,0.0544548892706144,0.0,0.0,0.1678404904535559,6.872315927890898e-06,0.078496315165377
woG3,67,0.0808560588381818,,,,91.59005641937256,0.0524064163814802,0.1342534833267087,0.0090308346953548,0.0562607702783873,0.0,0.0,0.1679581338997747,5.251044687615178e-06,0.0808560588381818
woG3,68,0.0817463645619935,,,,91.6286141872406,0.0531196095446338,0.1347779734212844,0.0090986561892767,0.0568284987792617,0.0,0.0,0.1704389900579804,6.533805939705506e-06,0.0817463645619935
woG3,69,0.078392189637315,,,,91.72726345062256,0.0504463775175028,0.1322356350109225,0.0089853137662848,0.0546069236044756,0.0,0.0,0.1646288809229115,6.934186903851792e-06,0.078392189637315
woG3,70,0.0779429275053935,0.1156874615699052,21.384244283040363,0.8182030995686849,91.59542608261108,0.0499468294628819,0.1319480469969452,0.0089771109365965,0.054175353624293,0.0,0.0,0.1710473872476914,5.8734436035014285e-06,0.0779429275053935
woG3,71,0.0769910266409154,,,,91.5722885131836,0.0493836833438912,0.1306418263521351,0.0089183348750115,0.0535352487178122,0.0,0.0,0.1641130090736952,7.22690747891849e-06,0.0769910266409154
woG3,72,0.0768159084083115,,,,91.57089710235596,0.0492890771539484,0.1301648983212768,0.0088970481616551,0.0534803336944247,0.0,0.0,0.1639372045632268,7.283062323904694e-06,0.0768159084083115
woG3,73,0.0751083688657792,,,,91.68972897529602,0.0478205061288642,0.1293484045833837,0.0088896373989152,0.0522060770480359,0.0,0.0,0.1632278463268866,7.764309144508616e-06,0.0751083688657792
woG3,74,0.0756934646089546,,,,91.7032709121704,0.0483467675531741,0.1295568571716058,0.0089053094547364,0.0527342796386753,0.0,0.0,0.1624545150848685,6.965026439104947e-06,0.0756934646089546
woG3,75,0.0749773748341153,0.1130986101925373,21.55118103027344,0.8191192468007406,91.66260528564452,0.0476945357733085,0.1294223309540357,0.0088843898160657,0.0521056537714893,0.0,0.0,0.1628372986785701,7.075384782040759e-06,0.0749773748341153
woG3,76,0.0753090930339254,,,,91.64973306655884,0.0478153557318155,0.1308134398499473,0.0089728659263155,0.0524719902543259,0.0,0.0,0.1612625804225929,6.744127193450357e-06,0.0753090930339254
woG3,77,0.0752409044042474,,,,92.04974484443665,0.0481178995038642,0.1287151237980264,0.0088429628627099,0.0524185114524892,0.0,0.0,0.1590016878164205,7.323112200541088e-06,0.0752409044042474
woG3,78,0.0778837452841098,,,,91.6395297050476,0.0502798312542135,0.1302779849435462,0.0089182236392173,0.0543572196248369,0.0,0.0,0.1633828378847387,7.051482941723219e-06,0.0778837452841098
woG3,79,0.075724415572696,,,,91.61274194717409,0.0482791859015333,0.1306008525559159,0.0089342670370137,0.0528128140102155,0.0,0.0,0.1591647601396334,6.805773418376229e-06,0.075724415572696
woG3,80,0.0742081050440424,0.1176268961280584,21.2551020304362,0.8147555351257324,91.882550239563,0.0472043849772117,0.1283252884130009,0.0088300994620276,0.0517583749882999,0.0,0.0,0.1586338430032378,7.459509334521924e-06,0.0742081050440424
woG3,81,0.0756699435535024,,,,91.67067360877992,0.0484934746150354,0.1288050242134782,0.008870396625678,0.0529045576199156,0.0,0.0,0.1589883652011879,6.338043144359755e-06,0.0756699435535024
woG3,82,0.0735829816673134,,,,91.672682762146,0.046660045574068,0.1279541982001945,0.0087977402354972,0.0511710698426258,0.0,0.0,0.1598081673632879,7.027226928694939e-06,0.0735829816673134
woG3,83,0.0725080055780098,,,,91.63216066360474,0.0459217590692101,0.1260346535776482,0.008757056695119,0.0505720253300959,0.0,0.0,0.159868021175021,7.284977581314517e-06,0.0725080055780098
woG3,84,0.0735802041885794,,,,91.49523854255676,0.0469012905950429,0.1267645349268053,0.0087622262415338,0.0513845513132019,0.0,0.0,0.1557644720448822,6.849456689725227e-06,0.0735802041885794
woG3,85,0.0727005665663813,0.1114801429212093,21.81975402832031,0.8209448178609212,91.64958810806274,0.0461002821255414,0.1264321872445403,0.0087432820411002,0.0505865830012032,0.0,0.0,0.1575641587498735,8.217990374649575e-06,0.0727005665663813
woG3,86,0.0729128728147412,,,,91.41501212120056,0.0462189139798283,0.126615893156802,0.0087590827568449,0.0508190740480041,0.0,0.0,0.1599013415760681,6.731180371533654e-06,0.0729128728147412
woG3,87,0.0724812791850723,,,,91.8935546875,0.0459742964260646,0.1259102000564825,0.0087288349187459,0.0507110315451367,0.0,0.0,0.156352733307686,7.371259069086863e-06,0.0724812791850723
woG3,88,0.0718085239717706,,,,91.72499537467957,0.0454025908113747,0.1252704663354842,0.0086938427822267,0.0500861640225668,0.0,0.0,0.1586848422274237,7.991609889732977e-06,0.0718085239717706
woG3,89,0.0727213421744889,,,,91.60339736938477,0.0461951434062641,0.1258120238780975,0.008703986140823,0.0507025928618233,0.0,0.0,0.1581452454089141,8.298481813018493e-06,0.0727213421744889
woG3,90,0.0730335995493853,0.121582381427288,21.20345204671224,0.8178847153981527,91.68440127372742,0.0463695760022421,0.1263621234502948,0.0087411129679225,0.050963211377136,0.0,0.0,0.1597756686024978,7.869735923725476e-06,0.0730335995493853
woG3,91,0.0714317878067004,,,,91.60084652900696,0.0451118986534534,0.1246587648743488,0.0086853095620382,0.0498327362488527,0.0,0.0,0.1600057497987004,7.459481550027828e-06,0.0714317878067004
woG3,92,0.0710259307420156,,,,91.72603297233582,0.0448379310183837,0.1245603673770779,0.0086755201441892,0.0496593740936674,0.0,0.0,0.1548670654902692,7.711337139733661e-06,0.0710259307420156
woG3,93,0.0716728055696995,,,,91.73261857032776,0.0453491289412877,0.1249883971253379,0.0087187251602833,0.0501710386244488,0.0,0.0,0.1562858448043221,7.978116235793774e-06,0.0716728055696995
woG3,94,0.0723359192736813,,,,91.61937475204468,0.0459691293720827,0.1252911999577381,0.0087168176933268,0.0506187610511408,0.0,0.0,0.154384864219388,7.067111701531394e-06,0.0723359192736813
woG3,95,0.0696544831954553,0.1183265075087547,21.131617228190105,0.8233285268147786,91.60031175613403,0.0437599763915431,0.1234307596918012,0.0086531269470932,0.0485946334684725,0.0,0.0,0.1529795179967997,7.49864366955222e-06,0.0696544831954553
woG3,96,0.0694298585418795,,,,91.52794075012208,0.0434830167987307,0.1238529726130063,0.0086460369104733,0.0483930387580003,0.0,0.0,0.1532535444884026,8.021287862792024e-06,0.0694298585418795
woG3,97,0.0683042982318362,,,,91.5564534664154,0.0426220495528617,0.1225654790635968,0.0086338643831979,0.0475812672530529,0.0,0.0,0.1529576311834523,7.941282942324435e-06,0.0683042982318362
woG3,98,0.0676791321974797,,,,91.60858678817748,0.0421445372163272,0.1222398242012399,0.0085545948469919,0.0471103345730998,0.0,0.0,0.150100013454918,6.39899060969481e-06,0.0676791321974797
woG3,99,0.068446201592928,,,,91.77647566795348,0.0426776016161578,0.1226604199800335,0.0086230412621783,0.0477481582431031,0.0,0.0,0.1559227651259938,7.724372612052716e-06,0.068446201592928
woG3,100,0.0714295891220452,0.1236889772117137,20.816521199544272,0.8214507261912029,91.7223608493805,0.0452473727436583,0.1240919022286524,0.0086519652634065,0.0499755789174652,0.0,0.0,0.1568852129285453,8.157369973548822e-06,0.0714295891220452
woG3,101,0.0689614291501338,,,,91.85126447677612,0.0432193111475618,0.1228956702302713,0.0085948287341438,0.0479977757776858,0.0,0.0,0.1519064067511773,7.4984938501721855e-06,0.0689614291501338
woG3,102,0.0679533211972381,,,,91.8491723537445,0.0424573521938968,0.12205521200524,0.0085743893602038,0.0474544323247964,0.0,0.0,0.1481264007018237,8.467503971651914e-06,0.0679533211972381
woG3,103,0.0676894508241141,,,,91.7786169052124,0.0422239570466221,0.121598479200582,0.00853732059954,0.0472133206356255,0.0,0.0,0.1510851788105534,8.593439334051197e-06,0.0676894508241141
woG3,104,0.0666803915175746,,,,91.70870280265808,0.0413838002800208,0.1210840442141548,0.0085226405625704,0.0465540075521977,0.0,0.0,0.149172265326879,8.676328997318725e-06,0.0666803915175746
woG3,105,0.0680098214843234,0.1128396168351173,21.803190104166667,0.824495776494344,92.04668641090392,0.042406898969021,0.1222149314450436,0.0085790316177318,0.0474714162133511,0.0,0.0,0.152196388935945,9.008004298561292e-06,0.0680098214843234
woG3,106,0.0673369694440091,,,,92.27359819412231,0.0419763906049679,0.1209265780253488,0.0085233225998636,0.0470598205374401,0.0,0.0,0.1515289625672043,6.045079985940517e-06,0.0673369694440091
woG3,107,0.0684971170896878,,,,92.0503270626068,0.042775582186267,0.1225553042575961,0.008617926312641,0.0479476753103195,0.0,0.0,0.1535722588295819,8.27168811826414e-06,0.0684971170896878
woG3,108,0.0684336423263198,,,,91.60971450805664,0.0426635044611624,0.1234826308781983,0.0086579732711381,0.0477564839463009,0.0,0.0,0.149711716126223,9.156749888147853e-06,0.0684336423263198
woG3,109,0.0672275574236619,,,,91.51482820510864,0.0419383625362495,0.1208386895109395,0.0085273960254109,0.0469913643586342,0.0,0.0,0.1488809772446507,9.243783381272728e-06,0.0672275574236619
woG3,110,0.0693186332517471,0.1196501236408948,21.2554931640625,0.8233490467071534,91.88452196121216,0.0435970473240633,0.1229297323305098,0.0085841062188637,0.048465321313773,0.0,0.0,0.148780225699798,9.021436367375516e-06,0.0693186332517471
woG3,111,0.0679415238441013,,,,91.68989396095276,0.0424248894340679,0.1216360535777983,0.0085470924673021,0.0473677955995329,0.0,0.0,0.1527183632381626,8.041716165879233e-06,0.0679415238441013
woG3,112,0.0673538752083407,,,,91.76020312309264,0.0418731847808497,0.1220938895569473,0.0085846806540474,0.0470516064250078,0.0,0.0,0.1486578391345798,8.722819292646645e-06,0.0673538752083407
woG3,113,0.0659187207395424,,,,91.81142020225523,0.0407934873441203,0.1201337575912475,0.0085665170278888,0.04617705803792,0.0,0.0,0.1491293897394274,9.07185387127544e-06,0.0659187207395424
woG3,114,0.0689903299217341,,,,91.6947057247162,0.0432779477359574,0.1224311067432653,0.0085800131553875,0.0481746713554517,0.0,0.0,0.1532333087115014,7.474951815963506e-06,0.0689903299217341
woG3,115,0.0672984956534671,0.1239055227488279,21.20928649902344,0.8167241414388021,91.90004229545592,0.0418666556294335,0.1212577634170407,0.0085743545653817,0.047093085303414,0.0,0.0,0.1523460777568035,8.912786309238385e-06,0.0672984956534671
woG3,116,0.0661500382740966,,,,91.75897645950316,0.0410700870799969,0.119669174561735,0.0084545292250323,0.0462035482108104,0.0,0.0,0.1505241892376884,8.02506901930924e-06,0.0661500382740966
woG3,117,0.0645794867858535,,,,91.7267255783081,0.039706316394884,0.1193708538031969,0.0084315671730542,0.0451169687582821,0.0,0.0,0.1468259629900338,8.642337893657915e-06,0.0645794867858535
woG3,118,0.0655237166058333,,,,91.84057950973512,0.0405321908412409,0.1196056594614122,0.008471685274672,0.0458473991755335,0.0,0.0,0.1479615504380132,6.893569078149432e-06,0.0655237166058333
woG3,119,0.0648159399995061,,,,91.81306505203248,0.0399098989752228,0.1190514515657893,0.0084396634502794,0.0453453498938288,0.0,0.0,0.149931293652683,8.61150091935553e-06,0.0648159399995061
woG3,120,0.0645084056514697,0.1217429339885711,21.08523661295573,0.8232064882914225,92.34982872009276,0.0396041259871887,0.1191169575589602,0.0084407688500206,0.0450576394796371,0.0,0.0,0.1505002020934566,8.236418607037473e-06,0.0645084056514697
woG3,121,0.0632982209752329,,,,91.35035610198976,0.0387112337210383,0.1181219738037859,0.0084004702703019,0.0442148770251479,0.0,0.0,0.1455693266919401,9.080427534335913e-06,0.0632982209752329
woG3,122,0.0625687402779938,,,,91.79375052452087,0.0381136842102545,0.1173424271286511,0.0083543187404265,0.0436849965423834,0.0,0.0,0.1470549446759654,7.683643284593304e-06,0.0625687402779938
woG3,123,0.0628807559670483,,,,91.68341708183289,0.0384186340312733,0.1173926670043194,0.0083735585212707,0.0439159108142628,0.0,0.0,0.1460590378427114,8.981234446793496e-06,0.0628807559670483
woG3,124,0.0636872818357631,,,,91.64981389045715,0.0390748468029205,0.1180195920780056,0.0083834696293915,0.0445055313652656,0.0,0.0,0.1464893705532199,9.27634817666123e-06,0.0636872818357631
woG3,125,0.0641046241841843,0.1126645449548959,22.048751831054688,0.8232820828755697,91.72853302955627,0.0393699431394944,0.1181266742651579,0.0084243904509138,0.0448908758670335,0.0,0.0,0.1501547279538678,9.485921859298897e-06,0.0641046241841843
woG3,126,0.0644068515813741,,,,91.67887234687804,0.039696976863092,0.1186171916664623,0.0084077118892131,0.0450013782065667,0.0,0.0,0.1448347962415609,1.0344893288152027e-05,0.0644068515813741
woG3,127,0.0628648873907132,,,,91.69489216804504,0.0384109084357003,0.1175602317833509,0.0083812345544517,0.0438838288737613,0.0,0.0,0.144503830519856,9.8792692307092e-06,0.0628648873907132
woG3,128,0.0657672608484987,,,,91.893940448761,0.0408455147942314,0.1189417712024,0.0084328203057473,0.0461370696267876,0.0,0.0,0.1483893386531071,8.662529811613695e-06,0.0657672608484987
woG3,129,0.0643268378726283,,,,91.74130773544312,0.0396915277252431,0.1180717979298263,0.0084045490891229,0.0449950485261248,0.0,0.0,0.1452305705332365,9.717128600171202e-06,0.0643268378726283
woG3,130,0.0630421026258683,0.1216797363013029,21.277674357096355,0.8220058917999268,91.74986672401428,0.0387579384030865,0.116781438471841,0.0083406643873294,0.0442705651836805,0.0,0.0,0.1404086095509959,9.66865998600712e-06,0.0630421026258683
woG3,131,0.0619118519921283,,,,91.72657823562622,0.0376646701154894,0.1166623435059531,0.0083396983119185,0.0431972878725558,0.0,0.0,0.1437485204612622,9.12547128404284e-06,0.0619118519921283
woG3,132,0.0608054490790503,,,,91.64384698867798,0.0367449976381708,0.1163929124347499,0.0083291519883653,0.0425061345192008,0.0,0.0,0.1392240340164938,8.49887369147595e-06,0.0608054490790503
woG3,133,0.0616475420347491,,,,91.90401768684389,0.0374278250440466,0.1166051064358383,0.0083293305083987,0.0431035153079228,0.0,0.0,0.1432055702097103,9.139089851993323e-06,0.0616475420347491
woG3,134,0.0612091466051633,,,,91.7154734134674,0.0371408283588339,0.1159716483022345,0.0083010813076293,0.0428236519734634,0.0,0.0,0.141576702477502,9.024929907255489e-06,0.0612091466051633
woG3,135,0.0617057519858,0.116581792011857,21.66480255126953,0.8258141199747722,91.62696194648744,0.0375011961785007,0.1167783458701899,0.0083223123248422,0.0431768467466606,0.0,0.0,0.1408725490824121,8.941193901616544e-06,0.0617057519858
woG3,136,0.0629109459639084,,,,91.62972116470335,0.0386895985632646,0.1161573710011654,0.0082799319280922,0.0440483684575215,0.0,0.0,0.1429891559432764,9.209993363216824e-06,0.0629109459639084
woG3,137,0.0604904184392729,,,,91.7260537147522,0.0365313891871053,0.1153646341112793,0.0083024031787988,0.0422704155694265,0.0,0.0,0.1428745111114666,8.987325375572032e-06,0.0604904184392729
woG3,138,0.0603857288656176,,,,91.75377058982848,0.0364410021327069,0.1151317778180857,0.0082428261416307,0.0420910936368049,0.0,0.0,0.1447716675332335,9.724225556592191e-06,0.0603857288656176
woG3,139,0.0610717346158916,,,,91.6561245918274,0.0369961755350232,0.1156996234518582,0.0082989012456086,0.0427050602881879,0.0,0.0,0.1444593297287089,7.821194865741685e-06,0.0610717346158916
woG3,140,0.0604263175828535,0.1199708748608827,21.514073689778645,0.8239318370819092,91.6705996990204,0.0364808006914424,0.1155686026713887,0.0083021695618746,0.0422129144769955,0.0,0.0,0.1408996589970393,9.117004709562627e-06,0.0604263175828535
woG3,141,0.060654468071021,,,,91.65707993507384,0.0367775573166178,0.1147513164848577,0.0082620414638067,0.0424640543422982,0.0,0.0,0.1426944084099081,9.810653772048236e-06,0.060654468071021
woG3,142,0.0605828662815152,,,,92.07240509986876,0.0367948668627221,0.114701866615014,0.0082471875844095,0.042397452442006,0.0,0.0,0.138923955867525,8.476578947635709e-06,0.0605828662815152
woG3,143,0.0615494690346913,,,,91.73866868019104,0.0374993108609905,0.1156509039831943,0.0083128897144963,0.043121784879658,0.0,0.0,0.141852281438034,8.922675287945295e-06,0.0615494690346913
woG3,144,0.0594548665781001,,,,91.64232850074768,0.0357661422372597,0.1142442861541372,0.0082325261261802,0.0416541056341079,0.0,0.0,0.1404014743986677,9.708318102548748e-06,0.0594548665781001
woG3,145,0.0600475565087599,0.1155719049274921,22.062211100260416,0.8245630582173665,91.72335267066956,0.0362972927997346,0.1144111708539431,0.0082802056510489,0.0420437186773194,0.0,0.0,0.1405495330080634,8.894820083991951e-06,0.0600475565087599
woG3,146,0.0599580033697554,,,,91.59176635742188,0.0361693341010173,0.1148353429114232,0.008255561119037,0.0418217731487067,0.0,0.0,0.140237704896536,9.338071506905944e-06,0.0599580033697554
woG3,147,0.0588627515635529,,,,91.5967984199524,0.0352443291301854,0.1143926347865433,0.0082121279899824,0.0411639771439501,0.0,0.0,0.1377857124707737,8.798965587804706e-06,0.0588627515635529
woG3,148,0.0606488145155007,,,,91.61884999275208,0.0367670872966285,0.1151054579703534,0.008246432339055,0.0423615308875431,0.0,0.0,0.1407287115933465,9.014890321309202e-06,0.0606488145155007
woG3,149,0.0616982947485368,,,,91.65806937217712,0.0375753240507157,0.1159240105113045,0.0082907023282385,0.0431717277702982,0.0,0.0,0.1433004022988139,8.762219983488438e-06,0.0616982947485368
woG3,150,0.06084510250414,0.1154326684772968,22.13909505208333,0.8226003328959147,91.72243118286131,0.0370460757375007,0.1145108791648364,0.0082174956905426,0.0426518793416316,0.0,0.0,0.1399636709848876,9.605843668657722e-06,0.06084510250414
woG3,151,0.0607330737727098,,,,91.79701566696168,0.0367666003828654,0.1153493303744519,0.0082764798225682,0.0423078307820881,0.0,0.0,0.1432764272770432,9.491744132857244e-06,0.0607330737727098
woG3,152,0.0587272217161342,,,,91.6181914806366,0.0351528824749784,0.1142415023240886,0.008270739673133,0.041046051736005,0.0,0.0,0.1370396292234053,1.0019625835282049e-05,0.0587272217161342
woG3,153,0.057449377355639,,,,91.63564085960388,0.0342271666454731,0.1125220871362529,0.0081737810596976,0.0401843900899173,0.0,0.0,0.1360180589874259,9.630128601364755e-06,0.057449377355639
woG3,154,0.0574765875019499,,,,91.64014792442322,0.0340958985454234,0.1129119958056778,0.0081834305196114,0.0401878466096813,0.0,0.0,0.1409810835220774,6.868791411607962e-06,0.0574765875019499
woG3,155,0.0575538033650058,0.1149169038981199,21.778911336263025,0.8266774495442708,91.63552403450012,0.0341746622360632,0.1130289068964661,0.0081833306677089,0.0402759132357161,0.0,0.0,0.139673505650192,9.530454837303377e-06,0.0575538033650058
woG3,156,0.0585730868223749,,,,91.7496325969696,0.0352315754614404,0.1128878832840528,0.0081771376397704,0.0410109386916776,0.0,0.0,0.13592485985795,9.96021988803913e-06,0.0585730868223749
woG3,157,0.0585352014139538,,,,92.0443184375763,0.0351653775108642,0.1130098461127672,0.0081821116580643,0.0410636507707541,0.0,0.0,0.1362026439460574,9.627555318979878e-06,0.0585352014139538
woG3,158,0.0558272046571383,,,,91.62496089935304,0.0329448332490979,0.1110737387274132,0.0080995527439613,0.0391669375821948,0.0,0.0,0.1341440659321722,9.630688443543974e-06,0.0558272046571383
woG3,159,0.0565762367007918,,,,91.60306739807127,0.0335104519379187,0.1116186419471365,0.0081338935806492,0.0396573677139936,0.0,0.0,0.1371800584993401,1.0275512019742117e-05,0.0565762367007918
woG3,160,0.0568770705187907,0.1126538384705782,21.859815470377605,0.8243001937866211,91.70140814781188,0.0337358190846003,0.112013604308738,0.0081348499802292,0.0397409671978628,0.0,0.0,0.1376545859164879,9.90187551589908e-06,0.0568770705187907
woG3,161,0.057050097733736,,,,91.59167790412904,0.0339302535733727,0.1120029331230726,0.0081289127873653,0.040037679180625,0.0,0.0,0.1354923648912398,9.667021220006716e-06,0.057050097733736
woG3,162,0.0578562931203451,,,,91.53087782859802,0.0345005007827135,0.1131767313011357,0.0082007461097702,0.0405352754732135,0.0,0.0,0.1363164129071548,9.498558526695858e-06,0.0578562931203451
woG3,163,0.0562892966888478,,,,91.627423286438,0.0332847388583372,0.1116841015268544,0.0081207595944984,0.0394419166030453,0.0,0.0,0.1345225989085729,9.895439703285824e-06,0.0562892966888478
woG3,164,0.0567832151885892,,,,91.67983746528624,0.0336632865221529,0.1120195892013487,0.0081292428534294,0.0397099263691267,0.0,0.0,0.1366819513992208,9.45832725661699e-06,0.0567832151885892
woG3,165,0.057396012923268,0.1162543185055255,21.832581075032557,0.8265902678171794,91.76278162002563,0.0342510704745034,0.1118953902213299,0.0081203258214671,0.0402525508715236,0.0,0.0,0.1367155375172857,1.0235934923174002e-05,0.057396012923268
woG3,166,0.0564892575083697,,,,91.58351564407349,0.0334499787356032,0.111604920176209,0.0081134742473206,0.0395795351779851,0.0,0.0,0.1363196030991976,1.1178389095362154e-05,0.0564892575083697
woG3,167,0.0578379295461001,,,,91.73469161987305,0.0344926840091337,0.1130828378630466,0.0082141108291803,0.0404381988203672,0.0,0.0,0.1368477014122439,1.039137972867413e-05,0.0578379295461001
woG3,168,0.0573676513721708,,,,91.62289547920228,0.0342460520199087,0.1119341508286898,0.0081184500232949,0.0402719907340456,0.0,0.0,0.1351848391846555,9.781282419768956e-06,0.0573676513721708
woG3,169,0.0565995782858035,,,,91.65174102783205,0.0336612035352431,0.1109143827782302,0.0080604713894884,0.0395482982676781,0.0,0.0,0.1367115226314693,9.922492834703056e-06,0.0565995782858035
woG3,170,0.0576304825725125,0.1093197129666805,22.498527018229165,0.8281053384145101,92.0029468536377,0.0344516443180256,0.111660105283143,0.0081213548374896,0.0404447663392199,0.0,0.0,0.1394033563002699,1.0580777620678966e-05,0.0576304825725125
woG3,171,0.0570846997262513,,,,91.70608139038086,0.0339811321378487,0.1117946271036492,0.0081112925077742,0.0400844438184724,0.0,0.0,0.1360979805715748,9.335538796807376e-06,0.0570846997262513
woG3,172,0.0560991750938481,,,,91.63453340530396,0.0331330927943841,0.1113731997912047,0.0081363318442199,0.0394221465943045,0.0,0.0,0.1349710455072708,9.271977602429128e-06,0.0560991750938481
woG3,173,0.0546283407411614,,,,91.66978168487547,0.0319908433975499,0.110083949859025,0.0080596300483238,0.0382004930317157,0.0,0.0,0.1332892465908996,9.873925708206762e-06,0.0546283407411614
woG3,174,0.0537486795458148,,,,91.48881316184998,0.0311989391711158,0.1098178669077451,0.0080624186418584,0.0377103962675958,0.0,0.0,0.1328506215063274,9.48513109560556e-06,0.0537486795458148
woG3,175,0.0533726212614383,0.1125414576381445,22.05701599121094,0.8288713137308756,91.67846393585204,0.0309200474656507,0.1096420498167882,0.0080339022812845,0.037318341647748,0.0,0.0,0.1309505558771188,9.24376966310041e-06,0.0533726212614383
woG3,176,0.0534264552788656,,,,91.6189136505127,0.0310183914653101,0.1091096963061661,0.0080252527068445,0.0374018231437343,0.0,0.0,0.1324047217237167,1.0636451904810264e-05,0.0534264552788656
woG3,177,0.054871207988653,,,,91.82007384300232,0.0321453934932341,0.1105706545173144,0.0080731882461819,0.0383682597245349,0.0,0.0,0.1333498285747454,9.916497905422334e-06,0.054871207988653
woG3,178,0.0552614059787793,,,,91.71502375602722,0.0325721209624507,0.1101892292499542,0.0080850542958092,0.0386805395733137,0.0,0.0,0.1331052803052742,9.891778516667376e-06,0.0552614059787793
woG3,179,0.0546262834953968,,,,91.60445666313171,0.0318996881241681,0.1105275828330243,0.0080720106269553,0.0381449297314784,0.0,0.0,0.1346081916059626,9.905086463751858e-06,0.0546262834953968
woG3,180,0.0539417847013864,0.1137292683124542,21.99553680419922,0.8284135341644288,91.63042259216309,0.0314129096165788,0.1097775082119175,0.0080434024585868,0.0378491969962344,0.0,0.0,0.1316021332120309,9.961869971608004e-06,0.0539417847013864
woG3,181,0.054194798723596,,,,92.00009989738464,0.0316376586246197,0.1099582045781807,0.0080475528251196,0.0379724530503153,0.0,0.0,0.1311565963093374,1.0339996479393228e-05,0.054194798723596
woG3,182,0.0529454065883745,,,,92.25376725196838,0.0306370395128844,0.1088205849538083,0.0080041695943438,0.0371417037257161,0.0,0.0,0.1306817201805896,9.98578280969438e-06,0.0529454065883745
woG3,183,0.0558548917169453,,,,91.58486914634705,0.0328517441225589,0.1117641451905985,0.0081770534161478,0.0391509342847056,0.0,0.0,0.1348746511169144,1.0501506908072792e-05,0.0558548917169453
woG3,184,0.0544711269560407,,,,91.8334538936615,0.0319954533526887,0.1094790789924684,0.0080106357746131,0.0382146848151918,0.0,0.0,0.1298002721589119,9.892527523387866e-06,0.0544711269560407
woG3,185,0.0525249473933802,0.105829432606697,22.83308512369792,0.8323774496714275,91.99402785301208,0.030244662319539,0.10884141726572,0.0079993110600492,0.0366827313345475,0.0,0.0,0.1309693021180688,1.0170702163443252e-05,0.0525249473933802
woG3,186,0.0535853844990984,,,,91.75860071182252,0.0311436797415868,0.1091146215063626,0.0080191640977243,0.0375749749116233,0.0,0.0,0.1333729671772386,9.526740039588036e-06,0.0535853844990984
woG3,187,0.0518267420807578,,,,91.62668657302856,0.0297342547841492,0.1076460109382379,0.0079538505295383,0.0363160944314765,0.0,0.0,0.1321248034717606,1.0916362544194734e-05,0.0518267420807578
woG3,188,0.0538186808651099,,,,91.68257021903992,0.0311404230897543,0.1104450733935246,0.0081000395088655,0.0376346999718273,0.0,0.0,0.1347810464193586,9.679107802293644e-06,0.0538186808651099
woG3,189,0.0532937850192433,,,,91.47904706001282,0.0309122794567317,0.1091983543067681,0.0080302109804431,0.0372890703166361,0.0,0.0,0.1308507707397468,1.0033935058980976e-05,0.0532937850192433
woG3,190,0.0571821661757641,0.1150532271713018,22.064043680826824,0.8246474266052246,91.53915905952454,0.0340563108167443,0.1118494887821009,0.0081895420988105,0.0401531072699877,0.0,0.0,0.1363303069880262,9.98656773682027e-06,0.0571821661757641
woG3,191,0.0548979883982998,,,,91.7387330532074,0.0323720804461446,0.1093869473113388,0.0080365215306032,0.0386105402693396,0.0,0.0,0.1313546878881142,1.0280479028381658e-05,0.0548979883982998
woG3,192,0.0513362759938005,,,,91.49650764465332,0.0292345580385356,0.1083674841239804,0.0079738678807606,0.0359035077672757,0.0,0.0,0.1287761726645661,9.778628968665762e-06,0.0513362759938005
woG3,193,0.0526231781075723,,,,91.72090029716492,0.0304263832933101,0.1082016591165886,0.0079832313483061,0.0368006012600953,0.0,0.0,0.1311615797706314,1.0426224165269764e-05,0.0526231781075723
woG3,194,0.0516527138467206,,,,91.62294483184814,0.0296136301896366,0.1077664592226997,0.0079637384652847,0.0361617211496732,0.0,0.0,0.1291444118699578,1.0130623519687314e-05,0.0516527138467206
woG3,195,0.0501990923505337,0.1182530801743269,21.41197255452474,0.8285938262939453,91.68221759796144,0.0284208515200947,0.1066771110550302,0.0079117391380618,0.0351686624077255,0.0,0.0,0.1283746089969502,1.0159402848386274e-05,0.0501990923505337
woG3,196,0.0514234285496297,,,,91.6425449848175,0.029475442897223,0.107225015026624,0.0079240538637901,0.0360931103713199,0.0,0.0,0.1290239058434963,1.0323623176753066e-05,0.0514234285496297
woG3,197,0.0504040909228754,,,,91.7868719100952,0.0285908760594539,0.1066890740003742,0.0079134269961018,0.0352644182772177,0.0,0.0,0.1296466509277214,9.528716187799406e-06,0.0504040909228754
woG3,198,0.050535428475161,,,,91.69102454185486,0.0287149956480401,0.1069057867175242,0.0079152459759631,0.0353255806277032,0.0,0.0,0.1281324264089592,1.068317525795939e-05,0.050535428475161
woG3,199,0.05401605731029,,,,91.73668575286864,0.0314558641221679,0.1093567961552104,0.0080248175616391,0.0378863839432597,0.0,0.0,0.1362211445315939,9.865117992243092e-06,0.05401605731029
woG3,200,0.0512836925135772,0.1053153146058321,22.654898579915365,0.8348137060801188,91.64167547225952,0.0292772864159501,0.1075000196206765,0.0079376317301123,0.0359610351199497,0.0,0.0,0.1303771188268896,9.644494070016591e-06,0.0512836925135772
woG3,201,0.0508776755667612,,,,91.49317741394044,0.0290137267534117,0.1069034899844497,0.0079282538079824,0.0356779536385028,0.0,0.0,0.1288837486358939,1.0082099622553889e-05,0.0508776755667612
woG3,202,0.0502331915357318,,,,91.5750138759613,0.0284909293299815,0.1065478520315201,0.0079286591470485,0.0351688661383556,0.0,0.0,0.1275020145856943,1.0161029333857996e-05,0.0502331915357318
woG3,203,0.0510009060018375,,,,91.66448831558228,0.0291261814656804,0.1069429819701147,0.0079102890649963,0.0357632106475409,0.0,0.0,0.1288304804656349,9.569409575769275e-06,0.0510009060018375
woG3,204,0.0502707574241718,,,,91.66030883789062,0.0285647257429654,0.106082620679355,0.0078862219949665,0.0351524419135979,0.0,0.0,0.1293514395041055,1.0296154932521191e-05,0.0502707574241718
woG3,205,0.049798164089195,0.1117334626615047,21.978385416666665,0.8324190298716228,91.71228766441344,0.0281943291364634,0.1059035512267566,0.0078666029330037,0.0349742518127208,0.0,0.0,0.1263461272369642,1.087703564918782e-05,0.049798164089195
woG3,206,0.05144264832994,,,,91.82647824287416,0.029615488911017,0.1068297067626578,0.0079116607733742,0.0360616041713806,0.0,0.0,0.1261045924830632,9.977612086229418e-06,0.05144264832994
woG3,207,0.0502817028919692,,,,91.67230010032654,0.0285575875981909,0.1065556314147886,0.0079066262878172,0.035303743586677,0.0,0.0,0.1260520174916161,9.876615098673576e-06,0.0502817028919692
woG3,208,0.0500398012885793,,,,91.67975211143494,0.0282582035135538,0.1066138045709641,0.007927358264989,0.0349588852039858,0.0,0.0,0.1298173304769348,1.0138219504382947e-05,0.0500398012885793
woG3,209,0.0486659409447771,,,,91.65744042396544,0.0272302011974522,0.1054089396703438,0.0078734268900007,0.0339960803995366,0.0,0.0,0.1255472503358223,9.522426257378632e-06,0.0486659409447771
woG3,210,0.048808000676456,0.1107823699712753,22.394204711914064,0.8354758898417155,91.7161328792572,0.0273932694060514,0.1054960352475525,0.0078656004596745,0.034194937403329,0.0,0.0,0.1230674191515465,1.0170022356901995e-05,0.048808000676456
woG3,211,0.0470892474604923,,,,91.64753818511964,0.0260130454877727,0.1041202344855324,0.0078044990879162,0.0329782762335705,0.0,0.0,0.1214783217635799,1.1318062396793249e-05,0.0470892474604923
woG3,212,0.0478433538838976,,,,91.66126251220705,0.0266434460664626,0.1044114793910354,0.0078184688063033,0.0335051013523193,0.0,0.0,0.1233372536839031,1.090069975961185e-05,0.0478433538838976
woG3,213,0.0494836559366495,,,,91.77473521232604,0.0278670192680886,0.1059549895466351,0.0078971076023871,0.0346609978463317,0.0,0.0,0.1277774855128077,1.029188258236846e-05,0.0494836559366495
woG3,214,0.0482059571830952,,,,91.7534704208374,0.0269449892469116,0.1046206809458185,0.0078145753874703,0.0337838346566088,0.0,0.0,0.1237164434411975,1.013492258402146e-05,0.0482059571830952
woG3,215,0.0476656474600561,0.1103640086948871,22.148887634277344,0.8361104329427084,91.77346873283386,0.0263780558665023,0.1043591816894343,0.0077896276679744,0.033253719022528,0.0,0.0,0.1291914114759105,1.0635682456218e-05,0.0476656474600561
woG3,216,0.0468362168118846,,,,91.6516969203949,0.0257285068223833,0.1041316458436309,0.0078045448601306,0.0327469107130023,0.0,0.0,0.1238938743156976,1.053671591300507e-05,0.0468362168118846
woG3,217,0.0477313862075326,,,,91.67108345031738,0.0265201981194683,0.1045367141238978,0.0078253710001218,0.0335407210361273,0.0,0.0,0.1228023507922399,1.0738418942734902e-05,0.0477313862075326
woG3,218,0.0479477414952927,,,,91.8060896396637,0.026760613667916,0.1041837065923409,0.0077984516096652,0.0335797203216152,0.0,0.0,0.124158236427141,1.0660091314509912e-05,0.0479477414952927
woG3,219,0.0478197958961617,,,,92.06445789337158,0.0266124159784712,0.1043296446565721,0.0078106622276522,0.033533010143237,0.0,0.0,0.1242329081917395,1.0079778897015348e-05,0.0478197958961617
woG3,220,0.047915206672471,0.1174079924821853,21.814998372395834,0.8258743604024251,91.70207953453064,0.0266669709693457,0.10434767750443,0.0078169487103758,0.0335548998879604,0.0,0.0,0.1260370500691112,1.029532426303342e-05,0.047915206672471
woG3,221,0.0501116783220748,,,,91.82237219810486,0.0281874470595942,0.1080379862277234,0.0079128723706072,0.035149967099433,0.0,0.0,0.1255405757148734,8.017885502758968e-06,0.0501116783220748
woG3,222,0.0479654566247443,,,,91.5904369354248,0.0268316976726055,0.1040988105242369,0.0078378120880024,0.033709723594003,0.0,0.0,0.1215084834238056,9.917500069149564e-06,0.0479654566247443
woG3,223,0.0494465550377232,,,,91.6289415359497,0.0280317138178182,0.105175032478864,0.0078292894635166,0.034784910543898,0.0,0.0,0.1232110979188172,1.0721184744054264e-05,0.0494465550377232
woG3,224,0.0481017942341869,,,,91.60080099105836,0.0269199996789703,0.1040716757539843,0.0078108915295757,0.0337864792768339,0.0,0.0,0.1238741346436445,9.701725591652728e-06,0.0481017942341869
woG3,225,0.0474893428751679,0.1114194858819246,22.21402333577474,0.8351822376251221,91.56227612495422,0.0263668376509649,0.1041005160964903,0.0078063084053058,0.033297857697137,0.0,0.0,0.1226587216751497,1.088392502574886e-05,0.0474893428751679
woG3,226,0.0470552965082594,,,,91.73851990699768,0.0260117295824113,0.1036745910761786,0.0077785993048341,0.0329743581747666,0.0,0.0,0.1232698902670965,1.0189562322586648e-05,0.0470552965082594
woG3,227,0.0482756415473633,,,,91.80617666244508,0.0271154553858471,0.1038890979329093,0.007815236122668,0.0339705084190994,0.0,0.0,0.1234163148481337,9.256131973866098e-06,0.0482756415473633
woG3,228,0.0500959084353974,,,,91.6632273197174,0.0284883235352205,0.1059156851690323,0.0078683676709588,0.0352478617130488,0.0,0.0,0.1253439324190382,1.0606331807108636e-05,0.0500959084353974
woG3,229,0.050992788746953,,,,91.71200275421144,0.0292058116069338,0.1067769498121543,0.0078928558972709,0.0357745094988189,0.0,0.0,0.1256864754269357,1.007901265722572e-05,0.050992788746953
woG3,230,0.0492641792525766,0.1096543800085783,22.5693120320638,0.8335078398386637,91.64252495765686,0.0278940360046556,0.1047988108924177,0.0078422989444349,0.0346542598954478,0.0,0.0,0.1242879462413123,1.0638616359091245e-05,0.0492641792525766
woG3,231,0.0486097099473241,,,,91.58738923072816,0.02740357205516,0.1042340099811554,0.007817222729142,0.0341739677137038,0.0,0.0,0.1223077308997267,1.032301113702474e-05,0.0486097099473241
woG3,232,0.0492922687506089,,,,91.65572714805604,0.0279742464209433,0.1046737300567939,0.0078227005013432,0.0347255119351578,0.0,0.0,0.1223840934575581,1.0499227485178116e-05,0.0492922687506089
woG3,233,0.0459814925571201,,,,91.74778985977171,0.0252279171750682,0.1025507943552048,0.0077265911357721,0.0321941705970246,0.0,0.0,0.1204490579176144,1.114133435522432e-05,0.0459814925571201
woG3,234,0.0466158082403364,,,,91.6731367111206,0.0257778201313292,0.1027756015785404,0.0077390694383867,0.032747044090609,0.0,0.0,0.1207413745769223,1.0302390205630388e-05,0.0466158082403364
woG3,235,0.0456171469365964,0.1120439916849136,22.43569793701172,0.8314752578735352,91.7412326335907,0.0249197281225294,0.1023247950389737,0.0077111182245807,0.0319690752133238,0.0,0.0,0.1202757098391407,1.02889579332504e-05,0.0456171469365964
woG3,236,0.0463293774022919,,,,91.58692526817322,0.0255408984700553,0.1026886129965547,0.007725219635415,0.0324602797474773,0.0,0.0,0.1200999629790665,1.0366372447782356e-05,0.0463293774022919
woG3,237,0.0462283622168126,,,,91.59156966209412,0.0253942028512475,0.1029078598882331,0.0077425540791305,0.032389682580213,0.0,0.0,0.1209784454559205,1.085979991621218e-05,0.0462283622168126
woG3,238,0.0475803954435176,,,,91.65494966506958,0.026624348090931,0.1031880408036904,0.007760723350478,0.0334452894653697,0.0,0.0,0.1207035031230723,1.114462405035447e-05,0.0475803954435176
woG3,239,0.0462715816455053,,,,91.73479533195496,0.0255054813489073,0.1024426182762521,0.0077328342089398,0.0325533738512484,0.0,0.0,0.1204342899508163,1.0949351546874112e-05,0.0462715816455053
woG3,240,0.0463336835935956,0.1049942262470722,22.83828633626302,0.8365277131398519,91.74739742279051,0.0255804381821854,0.1024283576207082,0.007718334287466,0.0325476040941525,0.0,0.0,0.119957797778923,1.102748042126786e-05,0.0463336835935956
woG3,241,0.0458997123431964,,,,92.04974865913393,0.0252501459059412,0.1020232214302313,0.0077023372592282,0.0322649301197685,0.0,0.0,0.1189832888910027,1.0615422165993211e-05,0.0458997123431964
woG3,242,0.0461756028845661,,,,92.14857125282288,0.0254045501351356,0.1022908409110835,0.0077455726940734,0.0324438845005924,0.0,0.0,0.1222261834706439,1.1316393751884298e-05,0.0461756028845661
woG3,243,0.0458059344959796,,,,91.67288088798524,0.0252027364569853,0.1019417961112788,0.0077099848508102,0.0321919475911093,0.0,0.0,0.1175486792306431,1.0000626601413731e-05,0.0458059344959796
woG3,244,0.0456767963001229,,,,91.95030641555786,0.0250779516903347,0.1016206164829066,0.0076887432264438,0.0320687157208802,0.0,0.0,0.1202855514148708,1.0606338991263548e-05,0.0456767963001229
woG3,245,0.0459820977946529,0.1128408163785934,22.251224772135416,0.8345353285471598,92.23275423049928,0.0253285866871964,0.1018696427345275,0.0077038523397545,0.032381965595557,0.0,0.0,0.1198605911226057,1.022049729855798e-05,0.0459820977946529
woG3,246,0.0466414886206144,,,,92.33275651931764,0.0258501308099901,0.1023378337992996,0.0077212947061987,0.032747742765751,0.0,0.0,0.1217345584977845,1.068843997447766e-05,0.0466414886206144
woG3,247,0.0463488015239356,,,,91.66598534584044,0.0256375497298651,0.1019335340281001,0.0077171942379447,0.0325124437966551,0.0,0.0,0.1217128551091815,1.089629112231227e-05,0.0463488015239356
woG3,248,0.0470447373103167,,,,91.66639161109924,0.0262402346601984,0.1021312230923136,0.0077070053552323,0.0331585511381997,0.0,0.0,0.1223339008503272,1.0664977615635866e-05,0.0470447373103167
woG3,249,0.0460323380214757,,,,91.63863277435304,0.0253864308269541,0.1015499800932211,0.0076948941387541,0.0323213022507605,0.0,0.0,0.1221417333991801,1.263863961164174e-05,0.0460323380214757
woG3,250,0.0453017471113898,0.1100795902311801,22.29062805175781,0.8363062381744385,91.7357165813446,0.0248236634127307,0.1012150332575938,0.0076907475280468,0.0319120970661522,0.0,0.0,0.1179107333854085,1.0846524268901208e-05,0.0453017471113898
woG3,251,0.0443858720026299,,,,91.6315803527832,0.0240660067724033,0.1007620902335057,0.0076448970959048,0.0311828996131166,0.0,0.0,0.1164283946874078,1.0699639340419575e-05,0.0443858720026299
woG3,252,0.0455920139144434,,,,91.86432123184204,0.0248832186058041,0.1024520915062701,0.0077750462977612,0.0320155533855078,0.0,0.0,0.1195439805322494,1.0527991348187211e-05,0.0455920139144434
woG3,253,0.0442832716908611,,,,91.66182565689088,0.0239753798108364,0.1008502738397629,0.0076599643493193,0.0311202427952504,0.0,0.0,0.1153812235923575,1.0840382828199249e-05,0.0442832716908611
woG3,254,0.0438481604405602,,,,91.64066338539124,0.0236353228311436,0.1002584944982997,0.0076467386546132,0.0307607428308148,0.0,0.0,0.116538029194611,1.060337914614284e-05,0.0438481604405602
woG3,255,0.0451891873428811,0.1055284570902586,22.816738891601563,0.8389103730519613,91.67444944381714,0.0246320424112873,0.1021073314010119,0.0077300667915432,0.0317784085198015,0.0,0.0,0.1156080847941949,1.0696340525015672e-05,0.0451891873428811
woG3,256,0.0447733096442505,,,,91.46751737594604,0.0243779057178829,0.1008849696057741,0.0076542369654921,0.0314929840597705,0.0,0.0,0.1180197451507947,1.1258023091679967e-05,0.0447733096442505
woG3,257,0.045066111660028,,,,92.3831512928009,0.0245280250387846,0.1016794936578781,0.0076923522922653,0.0317402429512289,0.0,0.0,0.1181111238652565,1.024740570335354e-05,0.045066111660028
woG3,258,0.0462596776024972,,,,92.33723068237305,0.0256551384208265,0.1017079885865821,0.0076994438174745,0.0326124153970206,0.0,0.0,0.1177134164838028,1.0642904891141866e-05,0.0462596776024972
woG3,259,0.0465024879477063,,,,92.42859506607056,0.0257740806421784,0.1022143036615653,0.0077265863169412,0.0326655640526384,0.0,0.0,0.119829241858154,1.023518087088619e-05,0.0465024879477063
woG3,260,0.0449105567894265,0.1068696938455104,22.80468495686849,0.8375714619954427,92.41855478286745,0.0245147922427439,0.1009422662805338,0.0076565018427542,0.031652824785255,0.0,0.0,0.1169632230503637,1.0859270110381824e-05,0.0449105567894265
woG3,261,0.0445510826730093,,,,91.78196024894714,0.0242844860329002,0.1003031149262287,0.0076164974006595,0.03133544638814,0.0,0.0,0.1166682505949598,1.0327476951302886e-05,0.0445510826730093
woG3,262,0.0459236420813154,,,,91.68277525901794,0.0254217665489824,0.1012557661924205,0.0076880211460969,0.032372120355607,0.0,0.0,0.1169617571180961,1.046103509563482e-05,0.0459236420813154
woG3,263,0.0446786650563361,,,,91.60042667388916,0.0244269594855484,0.1003454689119683,0.0076286202395853,0.0314279842938556,0.0,0.0,0.1152049830397133,1.1537541060806674e-05,0.0446786650563361
woG3,264,0.044162633783016,,,,91.51826858520508,0.0239257299967232,0.1003661717547745,0.007628912190128,0.0310304583676281,0.0,0.0,0.1158992908589664,1.0992726420318448e-05,0.044162633783016
woG3,265,0.0427841185515777,0.1095775756984949,22.45634053548177,0.8368558883666992,91.60205912590028,0.0228128221771511,0.0995438030508698,0.0075852935179518,0.0300934864971481,0.0,0.0,0.112643618625207,1.0912896808412356e-05,0.0427841185515777
woG3,266,0.0434107478311071,,,,91.67673087120056,0.0233388504501981,0.0996096090215151,0.0075959365005742,0.0304955606822107,0.0,0.0,0.1155453262636896,1.0734995697455671e-05,0.0434107478311071
woG3,267,0.0446190489150705,,,,91.7533700466156,0.0242480238075139,0.1007491589569654,0.0076619634885707,0.0314276174901694,0.0,0.0,0.1180618128998846,1.069194470057898e-05,0.0446190489150705
woG3,268,0.044457459532213,,,,91.64062070846558,0.0242275496502025,0.1002398519242396,0.007627501511244,0.0313327968822883,0.0,0.0,0.115291293313513,1.0683696907008824e-05,0.044457459532213
woG3,269,0.0442698615923768,,,,91.631427526474,0.0240996082191218,0.0999772924868786,0.0076228877716529,0.031136747319862,0.0,0.0,0.1150730077604778,1.1468772181310602e-05,0.0442698615923768
woG3,270,0.0434493987408817,0.1100414935499429,22.276251220703124,0.8358285109202067,91.71531081199646,0.0234280663740928,0.0993987062915426,0.0076217065130161,0.0305964369632181,0.0,0.0,0.1141309708234716,1.0594378581486214e-05,0.0434493987408817
woG3,271,0.0442587527003688,,,,91.61552166938782,0.0240185771091673,0.1003141657250826,0.0076429548532106,0.0311319227864752,0.0,0.0,0.1160118617728108,1.1139039977479294e-05,0.0442587527003688
woG3,272,0.044084862363143,,,,91.78449177742004,0.024004057607018,0.0995486359127232,0.0076061608594246,0.031166884498518,0.0,0.0,0.1137372980535519,1.0427737976966092e-05,0.044084862363143
woG3,273,0.0442140743472292,,,,91.80756497383118,0.0239066042952605,0.1008897311374789,0.007719411457446,0.0311402911931032,0.0,0.0,0.1148354104552112,1.077965432098865e-05,0.0442140743472292
woG3,274,0.0451108188994351,,,,91.76196932792664,0.0247524566490386,0.1006552620989377,0.0076622115104596,0.0317365110806021,0.0,0.0,0.1168972369527719,9.618484341569982e-06,0.0451108188994351
woG3,275,0.0455145160743936,0.1122112572193145,22.19229532877604,0.8345244407653809,91.68336987495422,0.0251319011764936,0.100526359726171,0.0076589592900432,0.032068518585846,0.0,0.0,0.1177564245938766,1.0298536116865498e-05,0.0455145160743936
woG3,276,0.045080684507113,,,,91.7237331867218,0.0248243095750202,0.0998633362230707,0.0076129793449014,0.0318672791673023,0.0,0.0,0.1173366325922676,1.098249309320106e-05,0.045080684507113
woG3,277,0.0467026581163289,,,,91.68270802497864,0.0261706879102915,0.100673570496137,0.0076278287718896,0.0329403579387752,0.0,0.0,0.1207104025744512,1.059744932037934e-05,0.0467026581163289
woG3,278,0.0494865738618813,,,,91.67602562904358,0.0283267857873293,0.1030914299800747,0.0077580480996641,0.0349933036954187,0.0,0.0,0.1254298529114391,1.0905196695146998e-05,0.0494865738618813
woG3,279,0.0509938377520588,,,,91.73883008956908,0.0296376889846364,0.1040585817860775,0.0077834176853848,0.0360868716856739,0.0,0.0,0.123556749162371,1.0615853496954145e-05,0.0509938377520588
woG3,280,0.050072856064214,0.1114809177815914,22.146290588378907,0.8343404610951741,91.59694910049438,0.0286881441983287,0.1044713190344513,0.0078454446047544,0.0353851991201766,0.0,0.0,0.1245411090613877,1.0326426161721969e-05,0.050072856064214
woG3,281,0.046225717031687,,,,91.63909649848938,0.0257421925465469,0.1006508767604827,0.0076689806491991,0.0326524077624571,0.0,0.0,0.1195070760660484,1.092209235730505e-05,0.046225717031687
woG3,282,0.0441272500749738,,,,91.68139457702635,0.024006772267281,0.0997533944786572,0.0076247431437072,0.0311000116596945,0.0,0.0,0.1144061482160306,1.0732033156577076e-05,0.0441272500749738
woG3,283,0.0427427795853038,,,,91.74504065513612,0.0228841448294334,0.0987025020552463,0.0075668858623773,0.0301272275353797,0.0,0.0,0.1132315226570993,1.06181927227631e-05,0.0427427795853038
woG3,284,0.0427254366031924,,,,91.60408353805542,0.0229073034400944,0.0985246486351138,0.0075493165631549,0.0301145229824498,0.0,0.0,0.1126348384213252,1.1100140637951877e-05,0.0427254366031924
woG3,285,0.043384669623414,0.1142514608800411,21.67799580891927,0.8347609996795654,91.76545596122742,0.023509377048763,0.0987319662922718,0.0075742321462965,0.0306369898016335,0.0,0.0,0.1117851665762604,1.2326736170237365e-05,0.043384669623414
woG3,286,0.042453400179988,,,,91.71490740776062,0.0226041700187154,0.0985983351214987,0.0075626320617853,0.0298647306493071,0.0,0.0,0.1146027172808764,1.1513655937737524e-05,0.042453400179988
woG3,287,0.0420863855416413,,,,91.61360788345335,0.0223922529486847,0.0981337139840985,0.0075538830266746,0.0296689614073419,0.0,0.0,0.1111377015038103,1.1000074175350596e-05,0.0420863855416413
woG3,288,0.0421727182740559,,,,91.60731792449953,0.0224406539966337,0.0982646844426139,0.0075682382152766,0.029677027103598,0.0,0.0,0.1119838235136426,1.1047000684363796e-05,0.0421727182740559
woG3,289,0.041939701808647,,,,91.6017563343048,0.0222710009862775,0.0983330021139051,0.0075506099392888,0.0295348580560234,0.0,0.0,0.1089160122649103,1.1076210586475062e-05,0.041939701808647
woG3,290,0.0418377007037156,0.1110613364726305,22.33628489176432,0.8354358514149983,91.60310697555542,0.0221332945234951,0.0984055766316711,0.0075508092385029,0.0294537394017469,0.0,0.0,0.1104814635864535,1.0064881927486216e-05,0.0418377007037156
woG3,291,0.0416270484384454,,,,91.9595229625702,0.0220335638990289,0.0976478916699769,0.0075145238308144,0.0293080483822793,0.0,0.0,0.1112911257831776,1.0769339491765027e-05,0.0416270484384454
woG3,292,0.042761985777465,,,,92.0681893825531,0.0229406471776424,0.0981569080079188,0.0075228143842188,0.0301491804726299,0.0,0.0,0.1154807443257238,1.1177714911161884e-05,0.042761985777465
woG3,293,0.0428699184148038,,,,91.64978647232056,0.0230327135669525,0.0985110636617316,0.0075577254804065,0.0301469611309346,0.0,0.0,0.1135394943908589,1.1169073249741307e-05,0.0428699184148038
woG3,294,0.0426389072395739,,,,91.7823166847229,0.0228484357997286,0.0982887564135379,0.0075626036182778,0.03005247068454,0.0,0.0,0.1132360879698249,1.079985673059548e-05,0.0426389072395739
woG3,295,0.0417376204286931,0.112955929711461,22.05772196451823,0.8392633120218913,91.64937567710876,0.0221663085881193,0.0972174923928057,0.0074929355865069,0.0294512448771322,0.0,0.0,0.1128913895150677,1.1324412673812755e-05,0.0417376204286931
woG3,296,0.0415953566610324,,,,91.65861916542052,0.0220782916886029,0.0973502036000861,0.007511335638825,0.0293696993259621,0.0,0.0,0.1094642143207983,1.069067654334948e-05,0.0415953566610324
woG3,297,0.0417619529256566,,,,91.5859034061432,0.0222446180528915,0.0972843937209395,0.0074943676056554,0.0294485736607772,0.0,0.0,0.1096980277387822,1.1030174939739311e-05,0.0417619529256566
woG3,298,0.0430142938266279,,,,91.7041082382202,0.0232637358493492,0.0981222777093043,0.0075449117031864,0.0304010757626812,0.0,0.0,0.1111388044034848,1.0861985118966864e-05,0.0430142938266279
woG3,299,0.043113630829898,,,,91.84717965126038,0.0233857275414295,0.0979483171564633,0.0075277225038067,0.0305012713842948,0.0,0.0,0.1109530141607659,1.0718785347319716e-05,0.043113630829898
woG3,300,0.0424389690008075,0.1103037577122449,22.220613606770836,0.8369347254435221,91.68764424324036,0.0227705961032236,0.0978206557328583,0.0075223524558556,0.0299794384140948,0.0,0.0,0.1110350236479864,1.011742388133957e-05,0.0424389690008075
woG3,301,0.0423900746267105,,,,91.63386368751526,0.022699495548474,0.0979211027504967,0.0075472521339924,0.0298938771068561,0.0,0.0,0.1116712778562405,1.1493166590889478e-05,0.0423900746267105
woG3,302,0.0433015557860986,,,,91.72379446029665,0.0234500330979706,0.0981426146186766,0.0075555393037187,0.0306600997163379,0.0,0.0,0.1149716392220532,1.1232453125566974e-05,0.0433015557860986
woG3,303,0.0428462437979999,,,,91.6179051399231,0.0229421832033845,0.09938829990684,0.0076501580321642,0.0302101710933398,0.0,0.0,0.1098192376008287,1.0914659674186252e-05,0.0428462437979999
woG3,304,0.0418745008923235,,,,91.49986028671265,0.0223286056387253,0.0974722226135066,0.0075142773929372,0.0295273715355357,0.0,0.0,0.1093521774670139,1.1447781015386738e-05,0.0418745008923235
woG3,305,0.0426331406123325,0.1111403703689575,22.256408182779943,0.8367236614227295,91.59328889846802,0.0229929374897333,0.0975481345028173,0.0074973103368929,0.0301423223505987,0.0,0.0,0.1110808889641136,1.1354878463070353e-05,0.0426331406123325
woG3,306,0.0428918624815882,,,,91.74649477005003,0.0232010444580409,0.09753517440108,0.0075106256160518,0.0303747380213415,0.0,0.0,0.1127463545589173,1.040857731028701e-05,0.0428918624815882
woG3,307,0.0425813127095337,,,,91.52387428283691,0.0228895731117637,0.0976376426024515,0.0074969452317254,0.0300107926710462,0.0,0.0,0.1135135591946175,1.1104834330249183e-05,0.0425813127095337
woG3,308,0.0444174789533507,,,,91.55930399894714,0.0244103434007065,0.0987998662424869,0.0075748887554299,0.0313478395281756,0.0,0.0,0.1150237097114813,1.0927812098920726e-05,0.0444174789533507
woG3,309,0.0431268029372955,,,,91.70668387413023,0.0233676892812134,0.0980066026820511,0.0075255383729751,0.0304810403708796,0.0,0.0,0.1121624631837743,1.1310672150580444e-05,0.0431268029372955
woG3,310,0.0423317427334726,0.1078277360647916,22.387247212727864,0.8416828473409017,91.62029790878296,0.0226054015248769,0.0980047686178176,0.0075312818163914,0.0298295502749378,0.0,0.0,0.113129461000933,1.0821268144861162e-05,0.0423317427334726
woG3,311,0.0419399411280135,,,,91.58622312545776,0.0223445807904249,0.0975273144049722,0.0075089513957805,0.0296092087433474,0.0,0.0,0.1110981089963776,1.1590796277008204e-05,0.0419399411280135
woG3,312,0.0413127181685117,,,,91.80405402183531,0.0219014346385832,0.0966620455022718,0.0074626578048604,0.0291999461068237,0.0,0.0,0.110136794811878,1.1189124808162756e-05,0.0413127181685117
woG3,313,0.0419649708802338,,,,91.63547205924988,0.022332034035601,0.0980735001016835,0.0075815321808894,0.0296729127952798,0.0,0.0,0.108444530180976,1.1095784780897954e-05,0.0419649708802338
woG3,314,0.0408319519741124,,,,91.60341906547546,0.0214934489216472,0.0967061289998351,0.0074809256666263,0.0288164165390075,0.0,0.0,0.1076555592236948,1.1245999868279592e-05,0.0408319519741124
woG3,315,0.0415675338418757,0.1080805407837033,22.837217712402342,0.838472064336141,91.68335247039796,0.022180105368683,0.0963465356435932,0.0074630097131107,0.0294617669901154,0.0,0.0,0.1102619633750348,1.1671241639935733e-05,0.0415675338418757
woG3,316,0.0409054762576935,,,,91.6056215763092,0.0216328695599661,0.0961622371048223,0.0074404494638447,0.0289321110324292,0.0,0.0,0.1080782572265531,1.1405117652476816e-05,0.0409054762576935
woG3,317,0.0419336978926277,,,,91.6123230457306,0.0224169651886112,0.0968589963483028,0.0074927120881735,0.0297137926805947,0.0,0.0,0.111801708422479,1.0937764099235526e-05,0.0419336978926277
woG3,318,0.0420070703553616,,,,91.65654683113098,0.0223966317526141,0.0974409809855164,0.0075176402174516,0.0296520316729047,0.0,0.0,0.1123066069405587,1.1443394734500376e-05,0.0420070703553616
woG3,319,0.0421986560199837,,,,91.75635194778442,0.0225928444186317,0.0978940285620142,0.0075589252548048,0.0299407722978074,0.0,0.0,0.1074192091883694,1.1473014053763168e-05,0.0421986560199837
woG3,320,0.0420591239130399,0.1130839753895998,22.06448974609375,0.8361100673675537,91.7229824066162,0.0224542751312866,0.0975816665125674,0.0075234806233803,0.0297115081768544,0.0,0.0,0.1107195096670604,1.1330503193806946e-05,0.0420591239130399
woG3,321,0.0422002284283765,,,,91.48860430717468,0.0226291776634752,0.0973530015984519,0.0074961580351361,0.029816436749257,0.0,0.0,0.1103933492034185,1.1063313512302549e-05,0.0422002284283765
woG3,322,0.0417894703931495,,,,91.68113994598389,0.0222263644128793,0.0973271009374837,0.0074835971654316,0.0294899763539433,0.0,0.0,0.1115272926380399,1.1646575684837637e-05,0.0417894703931495
woG3,323,0.0411000161538602,,,,91.60040593147278,0.021841486328144,0.0961304609892798,0.0074571329932354,0.0291279656049169,0.0,0.0,0.106787870836551,1.0901652066199624e-05,0.0411000161538602
woG3,324,0.0410243381791916,,,,91.79175519943236,0.0217306724001393,0.0963410124426982,0.0074441800214594,0.0290477897849727,0.0,0.0,0.1073182957155294,1.1512443026687692e-05,0.0410243381791916
woG3,325,0.0410067724430414,0.109708946198225,22.324664815266928,0.8358599344889323,91.82049536705016,0.0216708660782238,0.0964063352248707,0.0074788232555338,0.0290148195001434,0.0,0.0,0.1089856896976955,1.1498236966135735e-05,0.0410067724430414
woG3,326,0.0409344213205527,,,,91.58261370658876,0.0217606326580414,0.0957057383216795,0.0074317327311231,0.0289816014987767,0.0,0.0,0.1063850732733968,1.1110499543900291e-05,0.0409344213205527
woG3,327,0.0406133832532118,,,,91.68141913414,0.0214480670459079,0.0957127853495175,0.00741919750905,0.0286917466609204,0.0,0.0,0.1070993953369191,1.103560688170322e-05,0.0406133832532118
woG3,328,0.0403480805212357,,,,91.67085933685304,0.0212270981311553,0.0958082861587649,0.0074301277455247,0.0285360951007145,0.0,0.0,0.1047615635468334,1.1372978659783837e-05,0.0403480805212357
woG3,329,0.0408171678236762,,,,91.58611392974854,0.0216035296850395,0.0958468904260729,0.0074350789884013,0.0289006527116308,0.0,0.0,0.1076343057707684,1.1182318361812657e-05,0.0408171678236762
woG3,330,0.0420103269155885,0.1142493318766355,21.907726542154947,0.8368977387746175,91.63637232780457,0.0227157014620597,0.0958745352557448,0.0074533860077012,0.0298932486473292,0.0,0.0,0.1074599866740039,1.1551838695578734e-05,0.0420103269155885
woG3,331,0.0441478459378246,,,,91.72958064079285,0.0243038256179358,0.0980712927755762,0.0075358188764543,0.0313185005922053,0.0,0.0,0.1125470387337149,1.1441689499449809e-05,0.0441478459378246
woG3,332,0.0446265571155264,,,,91.83132433891296,0.0246776465601364,0.098248404069025,0.0075300317181304,0.0316636735023778,0.0,0.0,0.1150970082027746,1.1362161739638547e-05,0.0446265571155264
woG3,333,0.0428089864826837,,,,91.64081525802612,0.0232181738237621,0.0971616672687843,0.0075027106833628,0.0303350651148157,0.0,0.0,0.1107254175805166,1.1319917180726248e-05,0.0428089864826837
woG3,334,0.042472848134329,,,,91.79303622245789,0.0229800475578083,0.0965701390485294,0.0074707761513771,0.0300601135908824,0.0,0.0,0.1114408735674424,1.137190381987914e-05,0.042472848134329
woG3,335,0.043251075003235,0.1092608831822872,22.39767100016276,0.8384394486745198,91.6238570213318,0.0235268316750765,0.0975040979072695,0.007498287210302,0.0305985498898586,0.0,0.0,0.1137858647547784,1.1261333833084577e-05,0.043251075003235
woG3,336,0.0420147450030094,,,,91.67815971374512,0.0225597967805921,0.0965847715002591,0.0074704487037035,0.0298038859256222,0.0,0.0,0.1104644149480784,1.1078780450630784e-05,0.0420147450030094
woG3,337,0.0416061480636479,,,,91.63226842880248,0.0222628005383322,0.0960970540515712,0.0074304560901688,0.0294510987205583,0.0,0.0,0.110053253344825,1.1296760247277138e-05,0.0416061480636479
woG3,338,0.0413831252543652,,,,91.74378752708436,0.0221148502448054,0.0958322995021695,0.0074385400655389,0.0293659944484224,0.0,0.0,0.1086056425129292,1.1011116216552654e-05,0.0413831252543652
woG3,339,0.0404121703849952,,,,91.6138527393341,0.0214131445715539,0.0948076003887614,0.0073896070644564,0.0286931935697793,0.0,0.0,0.1056409873617965,1.297026549177771e-05,0.0404121703849952
woG3,340,0.041292034868212,0.108883136883378,22.339459228515626,0.8396925608317057,91.60947680473328,0.0218635042289607,0.0972407206160123,0.0074639366099946,0.0291256991169247,0.0,0.0,0.1069530701478485,1.07783015710417e-05,0.041292034868212
woG3,341,0.0402243105297694,,,,91.6029977798462,0.0211350172681764,0.0952167462130061,0.0074305367831629,0.0284905440983225,0.0,0.0,0.1077948279190258,1.140201225585896e-05,0.0402243105297694
woG3,342,0.0394999751149386,,,,91.7883234024048,0.0205855504685982,0.0948165664907361,0.0074212579094789,0.027968380707087,0.0,0.0,0.1041644680939736,1.167985070203464e-05,0.0394999751149386
woG3,343,0.0399120122224825,,,,91.69730401039124,0.0208934651015967,0.0952783119483072,0.0074199366719141,0.0282967580238082,0.0,0.0,0.10459758817661,1.1045493216686924e-05,0.0399120122224825
woG3,344,0.0398400632175998,,,,91.70350790023804,0.0208166801279074,0.0951991916679945,0.0074285802328348,0.0281998460929169,0.0,0.0,0.1057985376444507,1.1639996244708306e-05,0.0398400632175998
woG3,345,0.0392654552048102,0.1082195043563842,22.49489339192708,0.8405179023742676,91.48696565628052,0.0204459409855428,0.0943303152185971,0.0073623346244977,0.0278075418786191,0.0,0.0,0.1038567031443607,1.1218616085343875e-05,0.0392654552048102
woG3,346,0.0401049688702724,,,,91.74538445472716,0.0209935722628333,0.0953171580541329,0.0074220650111798,0.0283919055106454,0.0,0.0,0.1085626118068323,1.1424346337260645e-05,0.0401049688702724
woG3,347,0.0391541658671664,,,,92.03508448600768,0.0203554228971116,0.0941601219724436,0.0073693863642936,0.0277341364989759,0.0,0.0,0.1043703371323034,1.17183886812796e-05,0.0391541658671664
woG3,348,0.0398481190815323,,,,91.73689150810242,0.0209157081229276,0.0945785470673295,0.0073861293914559,0.0282502436827196,0.0,0.0,0.10580920861637,1.1841018886439456e-05,0.0398481190815323
woG3,349,0.0409218379769657,,,,91.65912365913393,0.0218192940180907,0.0950989869774365,0.0073985703991817,0.0290475428623498,0.0,0.0,0.1071927514171502,1.0870685342330956e-05,0.0409218379769657
woG3,350,0.0413643419742584,0.1061913091689348,22.652081807454422,0.8414326667785644,91.58610033988953,0.022082703287301,0.0963857408429755,0.0074882175273368,0.0293987916751963,0.0,0.0,0.1048675226505662,1.1218488093529617e-05,0.0413643419742584
woG3,351,0.0404881561694086,,,,91.44729661941528,0.0214363617333965,0.0948546523930596,0.0074009417831042,0.0287605161916037,0.0,0.0,0.1076296239663831,1.1523823034737435e-05,0.0404881561694086
woG3,352,0.0397802937592639,,,,91.7117247581482,0.0208498845716602,0.0943779017104477,0.0073664029544891,0.0281633917456034,0.0,0.0,0.1076110462184812,1.1142938077681522e-05,0.0397802937592639
woG3,353,0.0401450531618272,,,,91.75478649139404,0.0212202744909607,0.0943321546570199,0.0073685069705863,0.0285631437770655,0.0,0.0,0.1060683959026317,1.09927736863654e-05,0.0401450531618272
woG3,354,0.0405090418109884,,,,91.68940424919128,0.021509678935113,0.0945776994111108,0.0073906706882732,0.0287790860156299,0.0,0.0,0.1070366875863954,1.13435355744909e-05,0.0405090418109884
woG3,355,0.0406069094162495,0.1112498175352811,22.06690317789713,0.8375097910563151,91.66986203193665,0.0215728951190583,0.0946503100825137,0.0074019599667765,0.0288000725759345,0.0,0.0,0.1081126016854751,1.115787895391901e-05,0.0406069094162495
woG3,356,0.039973264315822,,,,91.65917015075684,0.0211018181528102,0.094120162432311,0.0073443348061476,0.0283492034698118,0.0,0.0,0.1059077708813987,1.1292994264589329e-05,0.039973264315822
woG3,357,0.0404256883184196,,,,91.79631686210632,0.0213800589554011,0.0947691314533108,0.0074035131456483,0.0286519055666982,0.0,0.0,0.1083910665245818,1.097922939716436e-05,0.0404256883184196
woG3,358,0.0393904418852485,,,,91.61854577064514,0.0206228003715027,0.0936604948317418,0.0073314063541102,0.0279256337490238,0.0,0.0,0.1058915525552679,1.1495304334755284e-05,0.0393904418852485
woG3,359,0.0396051379378701,,,,91.66762924194336,0.0207963122940454,0.0939030271084582,0.0073425907843944,0.0281294826265485,0.0,0.0,0.1052884529421075,1.1396193416472766e-05,0.0396051379378701
woG3,360,0.0441568837058348,0.1137743331491947,22.10514170328776,0.8344206174214681,91.5948805809021,0.0245166318796452,0.0967869118588869,0.007476544297743,0.0314244682457847,0.0,0.0,0.1117158465575976,1.131171184091154e-05,0.0441568837058348
woG3,361,0.0419867257663949,,,,91.69128632545473,0.0227479858430804,0.0954427211011042,0.0074331007103939,0.0298406558538802,0.0,0.0,0.1081653962858387,1.1609722296407423e-05,0.0419867257663949
woG3,362,0.0405687738637455,,,,91.66842126846312,0.0215249498237351,0.0945178968984572,0.0074026294083136,0.0288273630450006,0.0,0.0,0.1094852994028173,1.1236368238284206e-05,0.0405687738637455
woG3,363,0.0407082004564218,,,,91.65622782707214,0.0217172320794741,0.0946511665328604,0.0073979423060768,0.0289356280270902,0.0,0.0,0.1054216906061915,1.1209118247011638e-05,0.0407082004564218
woG3,364,0.0402955808295089,,,,91.75403046607973,0.0214048970307483,0.0942993408343831,0.0073549808384697,0.0286890933534405,0.0,0.0,0.104139538756648,1.1494222953892924e-05,0.0402955808295089
woG3,365,0.0407330665096152,0.1136465240269899,21.892513529459634,0.8380383809407552,91.92909288406372,0.0218099648987904,0.0943482654993651,0.0073707463815197,0.0289911678457846,0.0,0.0,0.1041460080896733,1.1012524641940684e-05,0.0407330665096152
woG3,366,0.0394446882953653,,,,91.68882417678832,0.0206914493417153,0.0937057953388964,0.0073577968373161,0.0280315543479118,0.0,0.0,0.1043418251955118,1.1816500403348642e-05,0.0394446882953653
woG3,367,0.0399737853220984,,,,91.8515157699585,0.020983501284032,0.0950565225765353,0.0074137138721884,0.0284399385487691,0.0,0.0,0.1042905641933445,1.1315925627408867e-05,0.0399737853220984
woG3,368,0.0388275435285978,,,,91.6800618171692,0.0202183378555002,0.0931115609700562,0.0073138484502302,0.0275584619767108,0.0,0.0,0.103599233461208,1.1725287942921213e-05,0.0388275435285978
woG3,369,0.0390495418372457,,,,91.73934197425842,0.0203769483343988,0.0933266638732347,0.0073095219377733,0.0276701618291315,0.0,0.0,0.1047195694180297,1.1300639120159863e-05,0.0390495418372457
woG3,370,0.0388018630414468,0.1082696989178657,22.64628397623698,0.8385668595631918,91.52828311920166,0.0202201590415273,0.0929876018743046,0.0073147109350891,0.0276335371108573,0.0,0.0,0.1028515900195133,1.1261671119616394e-05,0.0388018630414468
woG3,371,0.0389226585870883,,,,91.58516192436218,0.020261560650695,0.0933262837714836,0.007333758901652,0.0276379157468432,0.0,0.0,0.104215962537488,1.1458505621067494e-05,0.0389226585870883
woG3,372,0.0394823213917065,,,,91.85540056228638,0.0208139774526973,0.0931807038236837,0.0073033541872272,0.0280549237962629,0.0,0.0,0.1040781361096706,1.1379332308687246e-05,0.0394823213917065
woG3,373,0.0389763950599265,,,,91.665278673172,0.0203637957008036,0.0930350618284256,0.0072988369960154,0.0276544443713348,0.0,0.0,0.1039964249204905,1.136108466572278e-05,0.0389763950599265
woG3,374,0.0384379986551452,,,,91.82486343383788,0.0199601526341599,0.0926086433598252,0.0072691901243429,0.027318024015451,0.0,0.0,0.1018765251778188,1.1722361574974863e-05,0.0384379986551452
woG3,375,0.038500479590453,0.1117885708808898,22.423053995768228,0.8372588793436686,91.7378933429718,0.0199785078188679,0.0928003089349778,0.0072873253108109,0.0273527463623246,0.0,0.0,0.1024612135818747,1.1493397040824568e-05,0.038500479590453
woG3,376,0.0384418420249321,,,,91.62380051612854,0.0199152167321595,0.0930425422113449,0.0072996152610685,0.0272926816900001,0.0,0.0,0.1010865871412832,1.1660505138658702e-05,0.0384418420249321
woG3,377,0.0388891102868269,,,,91.57310509681702,0.0202184173843411,0.093431506489144,0.0073148499254412,0.0275759767420345,0.0,0.0,0.1042015832528227,1.142519963927075e-05,0.0388891102868269
woG3,378,0.0395739135927841,,,,91.70375609397888,0.0208671737889774,0.093267662603347,0.0073352460596771,0.0282341621541341,0.0,0.0,0.1045488613795061,1.17591461940062e-05,0.0395739135927841
woG3,379,0.0398583208042822,,,,91.57217407226562,0.0211174288902004,0.0934596315759127,0.0073260689215337,0.0283469405238989,0.0,0.0,0.1043884983500007,1.1789658003501168e-05,0.0398583208042822
woG3,380,0.0401800112707204,0.1091486942023038,22.630250549316408,0.8390550295511882,91.59642767906188,0.0213788223498668,0.0934994875407609,0.0073240920767707,0.0286446514493617,0.0,0.0,0.105918868918155,1.109483043572562e-05,0.0401800112707204
woG3,381,0.0394625587114056,,,,91.53418040275574,0.0208123432411277,0.0931592823052015,0.0072956157516169,0.0281458142839494,0.0,0.0,0.1029881848419298,1.1249300513523962e-05,0.0394625587114056
woG3,382,0.0391680885594887,,,,91.57537198066711,0.0205586376737375,0.0928464395100953,0.0072870522119165,0.0278470442615083,0.0,0.0,0.104512743499191,1.1366716967397869e-05,0.0391680885594887
woG3,383,0.0387522346935555,,,,91.8656907081604,0.0202800683585591,0.092581387914595,0.0072797700518467,0.0275974346355336,0.0,0.0,0.1006530379784888,1.1369505781806837e-05,0.0387522346935555
woG3,384,0.040550194634888,,,,91.6335906982422,0.0217148668407538,0.0937616356083604,0.0073510675278843,0.0289365386010193,0.0,0.0,0.1044240836359438,1.2375202465408087e-05,0.040550194634888
woG3,385,0.0400565726163445,0.1059751510620117,22.69454345703125,0.8422674020131429,91.53431344032288,0.0213176211128469,0.0935083915952776,0.0073339343223659,0.028604878250082,0.0,0.0,0.1028746541772709,1.1207225209470708e-05,0.0400565726163445
woG3,386,0.0426109029193882,,,,91.72739362716676,0.0235210504978284,0.0944146797305247,0.0073555001500444,0.0304836386997924,0.0,0.0,0.106053300049217,1.1824696419931792e-05,0.0426109029193882
woG3,387,0.0435271090598868,,,,91.5866482257843,0.0241469174516616,0.0955793930858862,0.0074109402580614,0.0310806545474734,0.0,0.0,0.1093085279963055,1.1226221837433096e-05,0.0435271090598868
woG3,388,0.0408035660559525,,,,91.61982798576356,0.0220223134459897,0.09345222398883,0.0073174254999297,0.0291602730628896,0.0,0.0,0.1032305027312431,1.1539004452409598e-05,0.0408035660559525
woG3,389,0.0397491095068513,,,,91.71366572380066,0.0211056691716562,0.092795506852572,0.0072893292307243,0.0282892707552089,0.0,0.0,0.1048194974599803,1.1610591444566265e-05,0.0397491095068513
woG3,390,0.0395417990865277,0.1104927118867635,22.091678365071616,0.839598814646403,91.62293767929076,0.0208609429661367,0.0931656956672668,0.0073184318531335,0.0281515044816693,0.0,0.0,0.1043923019324658,1.1325003171050952e-05,0.0395417990865277
woG3,391,0.039258183132796,,,,92.17770171165466,0.0206860207998361,0.0926155462616779,0.0072943313528218,0.0279642151760273,0.0,0.0,0.1038928795605897,1.1856787699268652e-05,0.039258183132796
woG3,392,0.0381732611749015,,,,91.73548746109007,0.0197097014208308,0.0923181073587448,0.0072553262122158,0.0270606275403597,0.0,0.0,0.1044055659812493,1.157415188997472e-05,0.0381732611749015
woG3,393,0.0377131273176093,,,,91.98623561859132,0.0194850592629709,0.0913186034218209,0.0072090258634817,0.0268574418103108,0.0,0.0,0.101055539503205,1.1960032382092976e-05,0.0377131273176093
woG3,394,0.0378974457958438,,,,92.27906370162964,0.0195445800200104,0.091724864283546,0.007249591322463,0.0268837744980806,0.0,0.0,0.1040417411532558,1.1933384901471753e-05,0.0378974457958438
woG3,395,0.0379925726103733,0.1060877805575728,22.86679077148437,0.8426565329233805,92.59755063056946,0.0197148625967932,0.0915710525434525,0.0072311815065255,0.0270331300428656,0.0,0.0,0.1008860652991494,1.2083125521471797e-05,0.0379925726103733
woG3,396,0.0374714309563402,,,,91.66501331329346,0.0192964954042165,0.0910119702581499,0.0072154234980278,0.0267078712979545,0.0,0.0,0.1012813078514376,1.129345647352649e-05,0.0374714309563402
woG3,397,0.0374735211495493,,,,91.5352063179016,0.0193183621635935,0.0910704624457437,0.0072035499806439,0.0266724607342335,0.0,0.0,0.1000248806886985,1.1739516537301685e-05,0.0374735211495493
woG3,398,0.0381438689397983,,,,91.61331462860107,0.0198371278915981,0.0917079424271818,0.0072208344287498,0.0271013304743854,0.0,0.0,0.1010642304375279,1.1689118149473337e-05,0.0381438689397983
woG3,399,0.0384243623216132,,,,91.55746936798096,0.0200334089792898,0.0920659728714677,0.0072757827850883,0.0273723430381935,0.0,0.0,0.1013683058077194,1.1440084636215244e-05,0.0384243623216132
woG3,400,0.0377431475236767,0.1073187375441193,22.6447509765625,0.8423684755961101,91.62101912498474,0.0194967789880809,0.0912387664200829,0.007221854776602,0.0268857884755144,0.0,0.0,0.1024241354316473,1.1465101871082956e-05,0.0377431475236767
woG3,401,0.037116727410037,,,,91.60468912124634,0.0190310106444798,0.0908253486039208,0.0071902119699621,0.0264730173789086,0.0,0.0,0.0992222330609306,1.1715414442901247e-05,0.037116727410037
woG3,402,0.037510901888008,,,,91.82852435112,0.0192711708196973,0.0915375943066643,0.0072232174522961,0.0267144079762892,0.0,0.0,0.1005330117205615,1.1794772208604063e-05,0.037510901888008
woG3,403,0.0372796416984962,,,,91.51672983169556,0.0191375949633781,0.0909549931033713,0.0072040021053103,0.026549265872626,0.0,0.0,0.1007270151596577,1.1562578629282948e-05,0.0372796416984962
woG3,404,0.0380948518754028,,,,91.8055500984192,0.0199039088959088,0.0910062281811823,0.0072076282021207,0.0272016577178337,0.0,0.0,0.1001686334274098,1.217955097601461e-05,0.0380948518754028
woG3,405,0.0384006017330484,0.1109440401196479,22.265138753255208,0.8401302337646485,91.79661297798155,0.020095033426082,0.0913138008508526,0.007198541001493,0.027336362459254,0.0,0.0,0.1030771458429879,1.1858961181018494e-05,0.0384006017330484
woG3,406,0.0382888282298064,,,,91.6921525001526,0.0199977190111626,0.0914499495850234,0.0072117886834274,0.0273422679604321,0.0,0.0,0.1012764186216671,1.1718157195481856e-05,0.0382888282298064
woG3,407,0.038525494884272,,,,92.27130770683289,0.020195782871642,0.0914842115073907,0.007214660697128,0.0274652037845893,0.0,0.0,0.1024506950720411,1.1672775276594656e-05,0.038525494884272
woG3,408,0.0379772036198954,,,,93.08779811859132,0.0198091762522082,0.0909916001265166,0.0071969751161752,0.0271143869603755,0.0,0.0,0.099508687273645,1.1383478901090516e-05,0.0379772036198954
woG3,409,0.038081015902953,,,,92.60570645332336,0.0198100685050375,0.0914835524363596,0.0072522672717688,0.0271884360823963,0.0,0.0,0.1005303830091582,1.1783572519770393e-05,0.038081015902953
woG3,410,0.0378168485448008,0.1118862219154834,22.16239522298177,0.8425162156422933,92.45374202728271,0.0196768606509097,0.0908725686737748,0.0071972647918479,0.0270294689832896,0.0,0.0,0.0993383529244876,1.143522655153287e-05,0.0378168485448008
woG3,411,0.0384473116060749,,,,91.6066210269928,0.0201634512221837,0.0910352116725483,0.0072005935944616,0.0274169084112175,0.0,0.0,0.1037538712080873,1.181243830126498e-05,0.0384473116060749
woG3,412,0.0406394404374429,,,,91.75750398635864,0.0218986721297145,0.0926037782528361,0.0072727207338712,0.0290515256404388,0.0,0.0,0.1081162324999688,1.1835801098292096e-05,0.0406394404374429
woG3,413,0.0409755249370317,,,,91.53233289718628,0.0221878758433168,0.0933562536708644,0.0073412981296538,0.0293300186940392,0.0,0.0,0.1035313879551946,1.1651327165782215e-05,0.0409755249370317
woG3,414,0.0380621231695423,,,,91.63758397102356,0.0198484277200014,0.090903100420217,0.0071936032971458,0.0271478790453955,0.0,0.0,0.1023300950278024,1.1799817762583466e-05,0.0380621231695423
woG3,415,0.0376669968799,0.1108228806406259,22.205933634440104,0.8403068542480469,91.76034545898438,0.0195553531854978,0.0907528932954444,0.0071822915027742,0.0268774689709553,0.0,0.0,0.0994640488910381,1.1608187647334757e-05,0.0376669968799
woG3,416,0.0376196350810713,,,,91.7050633430481,0.0194945787537659,0.0905665940925723,0.0071930325032807,0.0268348919868957,0.0,0.0,0.101675303011644,1.180439103803488e-05,0.0376196350810713
woG3,417,0.0373539491480246,,,,91.71813750267027,0.0192808543912089,0.0903722463084048,0.0071783282309312,0.0266007995690967,0.0,0.0,0.1015080194614949,1.165968202448156e-05,0.0373539491480246
woG3,418,0.0372000446878984,,,,91.72123765945436,0.0191595185639672,0.0905141009659063,0.0071710315113123,0.0265748371202193,0.0,0.0,0.0989376673566513,1.1870949430744752e-05,0.0372000446878984
woG3,419,0.0375986216650878,,,,91.62548732757568,0.0195002479814603,0.0904252021039118,0.0071757226747262,0.0268403032153356,0.0,0.0,0.1014231744481891,1.1897037259396172e-05,0.0375986216650878
woG3,420,0.037558106094843,0.1124548595398664,22.05545908610026,0.8376184304555258,91.86135578155518,0.019496981985867,0.0901985476251508,0.0071603985709428,0.0268688829707317,0.0,0.0,0.1011847155932031,1.1675680779962155e-05,0.037558106094843
woG3,421,0.0374349590207709,,,,91.61159634590148,0.0193485244039873,0.0903164558723324,0.0071593113358086,0.0266810558644718,0.0,0.0,0.1023199158247377,1.1746697014769878e-05,0.0374349590207709
woG3,422,0.0380472642537511,,,,91.75851559638976,0.0198716526377762,0.0907081863919242,0.0072062611694401,0.0272094317879833,0.0,0.0,0.1016097473377575,1.2075889404957864e-05,0.0380472642537511
woG3,423,0.0388846061665748,,,,91.78918242454527,0.0205556263185304,0.0911940438825576,0.0072015852965109,0.027795083301722,0.0,0.0,0.1033038387044531,1.1041729932245225e-05,0.0388846061665748
woG3,424,0.0389357305391401,,,,91.69585132598876,0.0205800162597757,0.0915139048803048,0.0072252162117663,0.0278706229062842,0.0,0.0,0.101880182710583,1.1410550881269969e-05,0.0389357305391401
woG3,425,0.0377276137807085,0.1113448180258274,22.14743550618489,0.8407519499460856,91.7533187866211,0.0196786538285554,0.090251581102121,0.007166592450049,0.027033598849275,0.0,0.0,0.0995043679827549,1.1735094465286424e-05,0.0377276137807085
woG3,426,0.0374882736044829,,,,91.64761066436768,0.0194522524481547,0.0903763888312167,0.0071837985907207,0.0268016747870772,0.0,0.0,0.0988062743219684,1.1321441073756228e-05,0.0374882736044829
woG3,427,0.0372235211772752,,,,91.68688821792604,0.0192564930919496,0.0897545428549657,0.0071309142494116,0.0265749569554797,0.0,0.0,0.1010593221080107,1.177751672523666e-05,0.0372235211772752
woG3,428,0.0378448447426323,,,,91.74046397209167,0.0197979840144637,0.0902118697518208,0.0071804539804331,0.0271347526491421,0.0,0.0,0.0992577531237582,1.2220511906912782e-05,0.0378448447426323
woG3,429,0.0377308557603935,,,,91.72157669067384,0.019672772404356,0.0902108745496781,0.0071668193072508,0.0269915290848642,0.0,0.0,0.1004335236903585,1.179155190983211e-05,0.0377308557603935
woG3,430,0.0375733376312695,0.1154005210846662,21.69192047119141,0.8432844638824463,91.6306962966919,0.0195482369802403,0.0899561247864707,0.0071489996043965,0.0268633511741874,0.0,0.0,0.1012520010231948,1.2330949931623856e-05,0.0375733376312695
woG3,431,0.0385077651590108,,,,91.69573831558228,0.0202282562424413,0.0908512756472728,0.0071821663696624,0.0275010576044194,0.0,0.0,0.104625367177803,1.1668554653337105e-05,0.0385077651590108
woG3,432,0.0388130589586789,,,,91.55435132980348,0.0204651437577654,0.091160382403702,0.0072126367175188,0.0277476454855965,0.0,0.0,0.1046648474379641,1.1703835446396237e-05,0.0388130589586789
woG3,433,0.0386156916893163,,,,91.69630002975464,0.0204057680274985,0.0908450254651366,0.0071905743040633,0.02762602544466,0.0,0.0,0.1006722578809398,1.1363311015377248e-05,0.0386156916893163
woG3,434,0.0409166782972265,,,,91.57764840126038,0.0221774010903766,0.0927522001696414,0.0072976025775624,0.0292816941061469,0.0,0.0,0.1059457261237453,1.1650136745366058e-05,0.0409166782972265
woG3,435,0.0392736170410377,0.1102681960910558,22.28264923095703,0.8403910795847574,91.70963144302368,0.0209096475794422,0.0912546657147954,0.0071984697629499,0.0280803295890571,0.0,0.0,0.1034648510948067,1.2219436684541911e-05,0.0392736170410377
woG3,436,0.0380838700249546,,,,91.67950916290285,0.020038014415224,0.090026172946711,0.0071491496484787,0.0272701360346352,0.0,0.0,0.1001371060971353,1.1874450147699686e-05,0.0380838700249546
woG3,437,0.0379760414056602,,,,91.74597311019896,0.0199355560690775,0.0901438491266281,0.0071488225767694,0.0272035478446327,0.0,0.0,0.0992532059183863,1.18318480585589e-05,0.0379760414056602
woG3,438,0.0391095270876024,,,,91.643577337265,0.0208792922728252,0.0906129987513432,0.0071773450863623,0.0280412570344375,0.0,0.0,0.1017998734214266,1.1954239985372237e-05,0.0391095270876024
woG3,439,0.0372366242141264,,,,91.6444926261902,0.0192934868429772,0.089661527852543,0.0071291397860059,0.0266622844625447,0.0,0.0,0.1002174168825149,1.1974869544795208e-05,0.0372366242141264
woG3,440,0.036502590540369,0.1110410243272781,22.105130513509117,0.8405786196390788,91.79239749908449,0.0187349267319211,0.0891786085777595,0.0071074674440334,0.0261084940437166,0.0,0.0,0.0973351460072349,1.1636750588476994e-05,0.036502590540369
woG3,441,0.0363010083340474,,,,91.79094338417052,0.0185819044632867,0.0887115348557956,0.0070809413808718,0.0259838090812573,0.0,0.0,0.0989753384387395,1.145132359836052e-05,0.0363010083340474
woG3,442,0.0368065934506107,,,,91.69340085983276,0.0189614217255081,0.0892651921412983,0.0071002022328893,0.0262960445319042,0.0,0.0,0.0998290700563153,1.1758632973141546e-05,0.0368065934506107
woG3,443,0.0363600294365257,,,,91.658185005188,0.0186618587964015,0.0886201907376774,0.0070667818100878,0.0260128134892123,0.0,0.0,0.0985329339860892,1.1902082246330755e-05,0.0363600294365257
woG3,444,0.0369934343015317,,,,91.69801139831544,0.0191669873740585,0.0892188480642975,0.0071224353302911,0.0265625028672521,0.0,0.0,0.0981188948098264,1.1930252188593028e-05,0.0369934343015317
woG3,445,0.0363851854974617,0.1085024029016494,22.441531372070312,0.8428005695343017,91.80518794059752,0.0187131150961532,0.0886757740231811,0.0070764615513445,0.0260521148591012,0.0,0.0,0.0966296378736857,1.1885543299568542e-05,0.0363851854974617
woG3,446,0.0368036731741711,,,,91.72367930412292,0.0189092144461684,0.0895684532454756,0.0071230420163359,0.0262603457925505,0.0,0.0,0.1001046777504389,1.169808246615895e-05,0.0368036731741711
woG3,447,0.0369384386805725,,,,91.63613367080688,0.0191805542324532,0.0889401601963355,0.0070935421504965,0.0264752969283183,0.0,0.0,0.0972020542401759,1.1786032620895594e-05,0.0369384386805725
woG3,448,0.0364611528844374,,,,91.70980882644652,0.0187278423214056,0.0888456472607909,0.0070848184404894,0.0261038444539318,0.0,0.0,0.0981896977383093,1.2070344822377232e-05,0.0364611528844374
woG3,449,0.0367784233244716,,,,91.71417212486269,0.0189822162577851,0.0890900961688307,0.0071111681439806,0.026369621061155,0.0,0.0,0.0983723802339346,1.1635942185128464e-05,0.0367784233244716
woG3,450,0.0365492557099119,0.1092761754989624,22.479377237955728,0.842587947845459,91.64692044258118,0.0188296123896343,0.0887321756511438,0.0070867483107159,0.0262273366059191,0.0,0.0,0.0978588877154178,1.1421195746937403e-05,0.0365492557099119
woG3,451,0.0369927868491313,,,,91.67193007469176,0.0189548627641357,0.0902909333588647,0.0071201451183831,0.0263750625499447,0.0,0.0,0.1014076023377844,1.1972137247758362e-05,0.0369927868491313
woG3,452,0.0364933562174928,,,,91.75704073905943,0.0187884600084946,0.0887736008792627,0.0070743257634066,0.026111677365347,0.0,0.0,0.0973042546786734,1.2023889668552294e-05,0.0364933562174928
woG3,453,0.0370540945317413,,,,91.60460329055786,0.0191283118758411,0.0897771564663433,0.0071171287420495,0.0264688970017262,0.0,0.0,0.0992861455764438,1.1763169978552198e-05,0.0370540945317413
woG3,454,0.0368267646609026,,,,91.59703016281128,0.0190875516196743,0.088599473726554,0.0070764425909146,0.0264072591499959,0.0,0.0,0.0991384212355144,1.201269137539068e-05,0.0368267646609026
woG3,455,0.0379036661909251,0.1075968705117702,22.310684712727863,0.8427969455718994,91.66278529167175,0.0199126290600197,0.0898289318944587,0.0071274152514143,0.0271355073105116,0.0,0.0,0.099468282439181,1.2003848139576969e-05,0.0379036661909251
woG3,456,0.0403972936061317,,,,92.05629897117616,0.0218698301001406,0.0915484149925044,0.0072117279527983,0.0288756115087231,0.0,0.0,0.1062222699039295,1.2018312738883766e-05,0.0403972936061317
woG3,457,0.0384500270831536,,,,91.58305096626282,0.0203038775896439,0.0901779933053939,0.0071505287215571,0.0275941928085245,0.0,0.0,0.102713545753819,1.1742497535357554e-05,0.0384500270831536
woG3,458,0.0375030137384768,,,,91.75858449935912,0.0196607984434507,0.0890065675876179,0.0070892891304598,0.0269227876770691,0.0,0.0,0.0991413106561684,1.1630643948358726e-05,0.0375030137384768
woG3,459,0.0379065411226427,,,,91.60175919532776,0.0199390642925119,0.0894799164084137,0.0071248078001205,0.0272397142453271,0.0,0.0,0.1004974674433469,1.218874478439025e-05,0.0379065411226427
woG3,460,0.0372770149260759,0.1060877498239278,22.73489176432292,0.845860465367635,91.53832674026488,0.0194132243985401,0.0892072085474358,0.0071252721350365,0.0267645835448972,0.0,0.0,0.0992583189403913,1.1233708676387448e-05,0.0372770149260759
woG3,461,0.0373318151677729,,,,92.21613597869872,0.0194688906175557,0.0888985151150187,0.0071153405969809,0.0268330856943961,0.0,0.0,0.1012807513174952,1.1851879891753146e-05,0.0373318151677729
woG3,462,0.0367012234618429,,,,92.1792368888855,0.0190494609156959,0.0882271376789593,0.007076551202593,0.0263654538048583,0.0,0.0,0.0977253583183542,1.2056824150324304e-05,0.0367012234618429
woG3,463,0.0366107689552619,,,,91.90102338790894,0.0189335427140114,0.088369861000874,0.0070734563718748,0.0262419238656026,0.0,0.0,0.0984300334372969,1.195895398955358e-05,0.0366107689552619
woG3,464,0.0380590736682786,,,,91.77580738067628,0.0201340972858129,0.0891296355450739,0.0070996479490069,0.0273041042697722,0.0,0.0,0.1008053069598362,1.1401217439227222e-05,0.0380590736682786
woG3,465,0.0394733044334122,0.1045616427436471,22.730411275227866,0.8433600107828776,91.58901858329772,0.0212765046257953,0.0900251919128855,0.007146190989335,0.0284446580182822,0.0,0.0,0.1030008877154256,1.2050457066849094e-05,0.0394733044334122
woG3,466,0.0416015598495475,,,,91.53643250465392,0.0228313412364633,0.0927448248276945,0.0072826037649065,0.0298946756472597,0.0,0.0,0.1051338517152872,1.1291487200310932e-05,0.0416015598495475
woG3,467,0.0408310735231784,,,,92.07722687721252,0.0222749298545302,0.0917078388518974,0.0072121417844576,0.0293786600995503,0.0,0.0,0.1044473295390117,1.2124246270770594e-05,0.0408310735231784
woG3,468,0.0382560831570967,,,,91.77012252807616,0.0203037368759635,0.0893551218705099,0.0070882819776163,0.0274190693849422,0.0,0.0,0.1000511177250596,1.1558115017215096e-05,0.0382560831570967
woG3,469,0.0373738196938008,,,,91.83507013320924,0.0195494262257316,0.0888071299576368,0.0070924114199263,0.0267817564919346,0.0,0.0,0.100302179176055,1.1903154579358233e-05,0.0373738196938008
woG3,470,0.0377848313693873,0.108962096273899,22.278470357259117,0.841913906733195,92.18177008628844,0.0199172453130366,0.0890597329765069,0.0070854176301509,0.0271150221529065,0.0,0.0,0.0992517684143586,1.1803338431763154e-05,0.0377848313693873
woG3,471,0.0361484556199341,,,,91.5759961605072,0.0186386133971639,0.0877419578247383,0.0070275029751517,0.0259669451806388,0.0,0.0,0.0959848876218082,1.1978256587052073e-05,0.0361484556199341
woG3,472,0.0358440237822102,,,,91.7413296699524,0.0183506989698918,0.0873493068530911,0.0070146752300015,0.0256748533135921,0.0,0.0,0.0993043806587086,1.1920960338501309e-05,0.0358440237822102
woG3,473,0.0360980338768148,,,,91.6749906539917,0.0185853568150005,0.0877366398201614,0.0070330684653437,0.0259109217459793,0.0,0.0,0.0963767628628211,1.182184644670124e-05,0.0360980338768148
woG3,474,0.0363312984557181,,,,91.62060856819151,0.0188044226331422,0.0877766936528878,0.0070379372518204,0.0261139476855025,0.0,0.0,0.0959618193265356,1.2220867584149275e-05,0.0363312984557181
woG3,475,0.0357185827384962,0.1054055225104093,22.7732416788737,0.8435911337534586,91.63744354248048,0.0182489340163034,0.0875853524833429,0.007013588849852,0.0256181832128128,0.0,0.0,0.0965795164591953,1.2111068735219234e-05,0.0357185827384962
woG3,476,0.0354038222738709,,,,91.73301362991332,0.0180688550787382,0.0870680437713372,0.0069866279258438,0.0254073170563358,0.0,0.0,0.0946361805755095,1.2006901128747866e-05,0.0354038222738709
woG3,477,0.0355302764286027,,,,91.67566633224487,0.0181848437174177,0.086874746885456,0.0069899134467676,0.0255375273037152,0.0,0.0,0.0960802185791926,1.186017551802012e-05,0.0355302764286027
woG3,478,0.0357180993210096,,,,91.78561782836914,0.0183290644838917,0.0872615106770249,0.00699708664973,0.0256772781035206,0.0,0.0,0.094782372325903,1.2375069901623458e-05,0.0357180993210096
woG3,479,0.0356376177829797,,,,91.6474027633667,0.0182402819074446,0.0871135309094288,0.0069931401817708,0.0255967021507562,0.0,0.0,0.0966396353467077,1.1996966854721854e-05,0.0356376177829797
woG3,480,0.0352552509179613,0.1056427862495184,22.52915496826172,0.8453342755635579,91.63944602012634,0.0179192666346054,0.0869596683588184,0.0069939506652413,0.0252865837947999,0.0,0.0,0.0959646046833425,1.1747453801324409e-05,0.0352552509179613
woG3,481,0.0353391407607275,,,,91.61520671844482,0.0179819115895594,0.0868813786350312,0.0069915239019777,0.0253596865862119,0.0,0.0,0.0973275336971292,1.20460833667248e-05,0.0353391407607275
woG3,482,0.0354227876351749,,,,91.6123583316803,0.0181573998091406,0.0865431672236958,0.006964258143495,0.0254903948087184,0.0,0.0,0.0948174537510656,1.1911987501507855e-05,0.0354227876351749
woG3,483,0.0356560963679288,,,,91.67034244537354,0.0183465333777617,0.0865885820545134,0.0069696612133201,0.0256473233801175,0.0,0.0,0.0960437677434233,1.3090407009846346e-05,0.0356560963679288
woG3,484,0.0360851926637477,,,,91.58999848365784,0.018590261724579,0.0875654117982895,0.0070076489546259,0.0259332977326922,0.0,0.0,0.0967475078450363,1.2245223937071964e-05,0.0360851926637477
woG3,485,0.0362553412980232,0.1066747959703207,22.795787556966147,0.8431584517161052,91.60907220840454,0.0187816885376318,0.0874676533409806,0.0070046487523884,0.0260591493827886,0.0,0.0,0.0959209569531386,1.2097685719516308e-05,0.0362553412980232
woG3,486,0.0377442157506698,,,,91.71997356414796,0.0200060377141735,0.0883154844651456,0.0070413318997035,0.0270964141293871,0.0,0.0,0.0985478378649129,1.1859619842656646e-05,0.0377442157506698
woG3,487,0.0398245915831601,,,,91.68514943122864,0.0215772907554981,0.0901301454325191,0.0071482981639135,0.0286405144228798,0.0,0.0,0.1039500064292892,1.2264083732452202e-05,0.0398245915831601
woG3,488,0.0379986875217224,,,,91.68609094619752,0.0201819565941075,0.0886075457588571,0.0070609928788159,0.0273368297999755,0.0,0.0,0.0992741633634098,1.1884037819634748e-05,0.0379986875217224
woG3,489,0.0374464777252468,,,,91.81030774116516,0.019702387027076,0.0883100731451003,0.0070702434215908,0.0269814040969874,0.0,0.0,0.0992717920023886,1.1870090850108349e-05,0.0374464777252468
woG3,490,0.0370026062563306,0.1036284752190113,22.87505798339844,0.8437867482503255,91.64341044425964,0.0193801297592457,0.087859925188002,0.0070171191521202,0.0266008510284858,0.0,0.0,0.098222319739031,1.1690744007600056e-05,0.0370026062563306
woG3,491,0.0366680962262583,,,,92.05313491821288,0.0191206045250301,0.0875457950302811,0.0069930235794211,0.0263550794210101,0.0,0.0,0.0978721954600244,1.2044839171167653e-05,0.0366680962262583
woG3,492,0.0364537469004509,,,,91.71306300163268,0.0190117642604058,0.0869978207056639,0.0069746057136503,0.0262311735709548,0.0,0.0,0.0972481379132779,1.2262112887852888e-05,0.0364537469004509
woG3,493,0.0360800255486955,,,,91.55011081695557,0.0186729044577137,0.0870788869310597,0.0069883180873804,0.0259677942262076,0.0,0.0,0.095916481200056,1.188282607504745e-05,0.0360800255486955
woG3,494,0.0360779194771999,,,,91.66985440254211,0.0186819836772123,0.0870092882484686,0.0069992505491054,0.0259154766614808,0.0,0.0,0.0960610450291242,1.207259164185167e-05,0.0360779194771999
woG3,495,0.0363428022284976,0.1063350159674882,22.825154622395832,0.8444224198659261,91.62265920639038,0.0188759726960761,0.0872172723050977,0.0070181476986646,0.026166641267902,0.0,0.0,0.096994058671789,1.1855833408938906e-05,0.0363428022284976
woG3,496,0.0358341799621455,,,,91.8130669593811,0.0185081684793971,0.0865222909411446,0.0069749227507406,0.0258014575563004,0.0,0.0,0.0967342375060085,1.1965054590466977e-05,0.0358341799621455
woG3,497,0.0357657406845542,,,,91.67934727668762,0.0184469852046888,0.0865853892975166,0.0069701542207574,0.0257173364249164,0.0,0.0,0.0962466445186587,1.1872779987887776e-05,0.0357657406845542
woG3,498,0.0359019707338731,,,,91.57608437538148,0.0184671419642132,0.0873957398484964,0.0070551420775715,0.0258498991702179,0.0,0.0,0.0952298256767089,1.2183729682942792e-05,0.0359019707338731
woG3,499,0.0359695508282204,,,,91.71242022514345,0.0186259634182101,0.0866127952200467,0.0069707773518977,0.0259209853887069,0.0,0.0,0.0964664512726127,1.2094157321221456e-05,0.0359695508282204
woG3,500,0.0364298962636805,0.107996491715312,22.560330708821613,0.8418433666229248,91.80551958084106,0.0190427503014197,0.0867000979478242,0.0069682207454728,0.0262240008985409,0.0,0.0,0.0967839526653778,1.2062885104853095e-05,0.0364298962636805
woG3,501,0.036542105381606,,,,91.60373663902284,0.0191341712918193,0.0866957746568273,0.0069641999339257,0.0263231015290881,0.0,0.0,0.0974695517635736,1.1821751504663345e-05,0.036542105381606
woG3,502,0.0368649525659494,,,,91.66325283050536,0.019406528395341,0.0868384911388647,0.0069525967405528,0.026605033208845,0.0,0.0,0.0978246909550956,1.237722291633335e-05,0.0368649525659494
woG3,503,0.03627848423651,,,,91.39732837677002,0.0189260914005705,0.08638225813381,0.0069358115443257,0.0260870368601601,0.0,0.0,0.0980582934666852,1.3459669865398285e-05,0.03627848423651
woG3,504,0.0363179731686584,,,,91.5782346725464,0.018935045570929,0.0866070878310281,0.0069693282864926,0.0261768063560861,0.0,0.0,0.0974567199706054,1.1872215058886204e-05,0.0363179731686584
woG3,505,0.0363554962773303,0.1116661075502634,22.32616424560547,0.8390392780303955,91.68863439559937,0.0189923028247888,0.0864845822091962,0.0069520635774633,0.0261785757315696,0.0,0.0,0.0974248667537677,1.1895044004851148e-05,0.0363554962773303
woG3,506,0.0381148749901378,,,,91.7209780216217,0.0203199406215524,0.0880003053633893,0.0070152288554694,0.0273627515760113,0.0,0.0,0.1027491926291927,1.2250360329638246e-05,0.0381148749901378
woG3,507,0.0361009080909559,,,,91.57256937026978,0.0187907676655249,0.0862894307394496,0.0069729475128907,0.0260539024335439,0.0,0.0,0.0966822705002593,1.2022431761055708e-05,0.0361009080909559
woG3,508,0.0350221477174123,,,,91.64636778831482,0.0179567340165987,0.0854325260295242,0.0069033573973221,0.0252229056519563,0.0,0.0,0.0943706979150654,1.203344064879225e-05,0.0350221477174123
woG3,509,0.0348815371541947,,,,91.49213862419128,0.0178172993931736,0.085493977929725,0.0069055130502941,0.0251168043764888,0.0,0.0,0.0942698916206594,1.2279339468890442e-05,0.0348815371541947
woG3,510,0.0385096137274484,0.1124875470995903,21.835738118489584,0.8386660893758138,91.70242071151732,0.0207099528433602,0.0879926305325305,0.007031135398467,0.0277508516322638,0.0,0.0,0.1014512188305131,1.166108381864671e-05,0.0385096137274484
woG3,511,0.0417517814174538,,,,91.71832418441772,0.0231741116092097,0.0910852336492694,0.0072022736851187,0.030143724998734,0.0,0.0,0.1071580666743341,1.1115509955637438e-05,0.0417517814174538
woG3,512,0.0389750150383495,,,,91.67788934707642,0.0210227026588848,0.0887975067388816,0.0070674464976812,0.0280959820527522,0.0,0.0,0.1015756501526129,1.2228002228728416e-05,0.0389750150383495
woG3,513,0.0360802360581325,,,,91.73615765571594,0.0187106981690301,0.0867069192597123,0.0069432262232008,0.0259766890743716,0.0,0.0,0.0969042299223727,1.1887055437011128e-05,0.0360802360581325
woG3,514,0.035311843314376,,,,91.6488242149353,0.018214861511207,0.0854526719108956,0.0068920486087559,0.0254650723998297,0.0,0.0,0.0948576315565676,1.197521314557555e-05,0.035311843314376
woG3,515,0.0347356257318961,0.1067379564046859,22.59784444173177,0.843768819173177,91.71734285354614,0.0176784807174909,0.0855866660837267,0.0068892343809492,0.0249892382073353,0.0,0.0,0.0937711616642162,1.2067391933417356e-05,0.0347356257318961
woG3,516,0.0350186504179337,,,,91.62357902526855,0.0179363632971634,0.0855404094594423,0.0069112436250462,0.0252815434312234,0.0,0.0,0.0941509441396252,1.2079611172914096e-05,0.0350186504179337
woG3,517,0.0348478345902728,,,,91.54120302200316,0.0177794485581947,0.0853903249638979,0.0069073795905855,0.0251455046541866,0.0,0.0,0.095135390514233,1.1997973580948486e-05,0.0348478345902728
woG3,518,0.034514178857818,,,,91.58934211730956,0.0175619383846394,0.0849451261465666,0.0068759800194472,0.0248826693315975,0.0,0.0,0.0937969298636327,1.1997933341096052e-05,0.034514178857818
woG3,519,0.034233952948793,,,,91.71093726158142,0.0173574538641899,0.0846086730722521,0.0068617276904615,0.0246421667960945,0.0,0.0,0.0935308582103643,1.2098942663752304e-05,0.034233952948793
woG3,520,0.0345856533004123,0.10635572578758,22.71013488769531,0.8440024852752686,91.64659237861632,0.0176487927493013,0.08489925450966,0.0068665634970501,0.0249303327567997,0.0,0.0,0.0932048808966503,1.195422761473243e-05,0.0345856533004123
woG3,521,0.0347586407433034,,,,91.50214099884032,0.0177899923893149,0.0849031209945678,0.0068657230452222,0.0250752026932772,0.0,0.0,0.0941876868305147,1.2343011756058145e-05,0.0347586407433034
woG3,522,0.0349786452582625,,,,91.64280223846436,0.0179533135894014,0.085060634573952,0.0068800614795601,0.0252284784419614,0.0,0.0,0.0951916914982873,1.208525563200477e-05,0.0349786452582625
woG3,523,0.0346551871263101,,,,91.57615613937378,0.0176785630632008,0.0849286141942759,0.0068728149273112,0.025012572983005,0.0,0.0,0.0946282611885031,1.197578665718363e-05,0.0346551871263101
woG3,524,0.0349421030460078,,,,91.69557404518127,0.0179496143990364,0.0850511613439341,0.0068676803455703,0.0251674521256421,0.0,0.0,0.0938960930912709,1.1188546346315049e-05,0.0349421030460078
woG3,525,0.0345849506251636,0.1071567963808775,22.712437947591145,0.8413910547892253,91.61158108711244,0.0176006060887555,0.0851340406253689,0.0068696716430093,0.0249228728935122,0.0,0.0,0.0938401929118105,1.2032877658962515e-05,0.0345849506251636
woG3,526,0.0347172396532336,,,,91.55312132835388,0.0176754156814613,0.0854641897756545,0.006885963873785,0.0249469747125613,0.0,0.0,0.0941008179158461,1.2284163296723069e-05,0.0347172396532336
woG3,527,0.034811767138785,,,,91.88355016708374,0.0178537806419686,0.0846524570809036,0.006846998108276,0.0251132405332488,0.0,0.0,0.0954298927891449,1.101915821159692e-05,0.034811767138785
woG3,528,0.0352770075904297,,,,91.6464159488678,0.0181996133483824,0.0850861194680948,0.0068786116622266,0.0254972936341264,0.0,0.0,0.0965319719531985,1.2234120097643492e-05,0.0352770075904297
woG3,529,0.0347077859351869,,,,91.6310670375824,0.0177743609338143,0.0844906114163945,0.0068396370205264,0.0250627154820278,0.0,0.0,0.0956357844234978,1.180851984615564e-05,0.0347077859351869
woG3,530,0.0348901645906391,0.1030937787145376,22.999483235677083,0.845227305094401,91.60504055023192,0.0178657439537346,0.0851444377273809,0.0068677255719686,0.0251733317788018,0.0,0.0,0.0947690502908386,1.2056175104128794e-05,0.0348901645906391
woG3,531,0.0349385699745817,,,,91.62567520141602,0.0179462762183097,0.0849636973904781,0.0068715270570494,0.0252406744164277,0.0,0.0,0.0942393252778737,1.225432772557066e-05,0.0349385699745817
woG3,532,0.0349833824076369,,,,91.60936546325684,0.0179830022217308,0.0849113581610507,0.0068582830068914,0.0252688465273526,0.0,0.0,0.0949566675747027,1.2082134216049255e-05,0.0349833824076369
woG3,533,0.034493942668692,,,,91.74415254592896,0.0176299266807246,0.0841316487945494,0.0068115520989522,0.0249060259246435,0.0,0.0,0.0955544704968323,1.1925284200528385e-05,0.034493942668692
woG3,534,0.0354051530422245,,,,91.61335396766664,0.0183029437559794,0.085304741976691,0.0068784352300352,0.0255442859269067,0.0,0.0,0.0959455516555758,1.2212659167921128e-05,0.0354051530422245
woG3,535,0.0384791514943124,0.1065408270806074,22.68083750406901,0.8465282281239828,91.67983078956604,0.0206175118715303,0.0883294099667033,0.0070096680657846,0.0276292982037927,0.0,0.0,0.1025643376175497,1.136376099864491e-05,0.0384791514943124
woG3,536,0.0354981475708181,,,,91.95556259155272,0.0183934055299299,0.0851926764503854,0.0068607928410752,0.0256122453061894,0.0,0.0,0.0966850183598819,1.2074009640576144e-05,0.0354981475708181
woG3,537,0.0350662445435758,,,,91.6793429851532,0.0180820993865366,0.0847349626119019,0.0068515732189732,0.0253171537560029,0.0,0.0,0.0952912366903219,1.2466025379284465e-05,0.0350662445435758
woG3,538,0.034876124017307,,,,91.62552523612976,0.0179496687516325,0.0843620197694809,0.0068373229224845,0.0251814563850276,0.0,0.0,0.0957824156665411,1.2084441106583502e-05,0.034876124017307
woG3,539,0.0348578267349082,,,,91.66885685920715,0.0179418854445951,0.0843794160201901,0.006831203262917,0.0252088640251609,0.0,0.0,0.0950321098942248,1.1733115206860556e-05,0.0348578267349082
woG3,540,0.0352224985168117,0.1106768827885389,22.411051432291668,0.8417260805765788,91.62862062454224,0.0181431894221144,0.0850016103416192,0.0068773827553711,0.0254462280417563,0.0,0.0,0.0974688903718698,1.220366970616691e-05,0.0352224985168117
woG3,541,0.0347410583196849,,,,91.73809456825256,0.0178422549144044,0.0842768799086086,0.0068298005727959,0.0250851036370044,0.0,0.0,0.0954422871047844,1.2702008481150132e-05,0.0347410583196849
woG3,542,0.0351176580841668,,,,91.38343477249146,0.0181494017177429,0.0845392331725261,0.0068502219958749,0.0254091659453926,0.0,0.0,0.0956002333674763,1.2177110802403055e-05,0.0351176580841668
woG3,543,0.0351396145787639,,,,91.593918800354,0.018184287007898,0.0845550464802101,0.0068404278431667,0.0254406468164114,0.0,0.0,0.0947336515747621,1.2432170883488678e-05,0.0351396145787639
woG3,544,0.0349135082367746,,,,91.76945328712463,0.0179897356915791,0.0845303471948279,0.0068417989408414,0.0252420717438102,0.0,0.0,0.0941322137158913,1.2014723927095543e-05,0.0349135082367746
woG3,545,0.0346908423530518,0.1074343938380479,22.51852823893229,0.8450205008188884,91.7592315673828,0.0178128152658216,0.0841014678360985,0.006813779295819,0.0250529284955414,0.0,0.0,0.0958881469473975,1.2035984247344325e-05,0.0346908423530518
woG3,546,0.0347706381781179,,,,91.56769323349,0.0179363488158608,0.0839331746101379,0.0068004284489167,0.0251856894827768,0.0,0.0,0.094465606891718,1.2430909825394645e-05,0.0347706381781179
woG3,547,0.0347634197411234,,,,92.1689350605011,0.0178781309562017,0.0842871397245125,0.0068301201977415,0.0251286695100611,0.0,0.0,0.0945148688786831,1.2066034114450805e-05,0.0347634197411234
woG3,548,0.0342275928858606,,,,92.36683416366576,0.0174670364081737,0.0837930812210333,0.0067850763272097,0.0247350070991965,0.0,0.0,0.093671034746727,1.1888958745844356e-05,0.0342275928858606
woG3,549,0.0362289203788901,,,,91.879944562912,0.0191012308169461,0.0848561173579731,0.0068583713775714,0.0262175751239305,0.0,0.0,0.0979411138496438,1.2506748508578109e-05,0.0362289203788901
woG3,550,0.0368356624862453,0.1045243255794048,22.76543884277344,0.842780081431071,91.9154613018036,0.0195812815876647,0.0853299693983109,0.0068785107511355,0.026671274794174,0.0,0.0,0.0988568378093301,1.2097895756198004e-05,0.0368356624862453
woG3,551,0.0358613943833796,,,,91.76496839523315,0.0187339170408419,0.0851795961622332,0.0068777850447375,0.0260074317119404,0.0,0.0,0.0962966807553025,1.203539591111543e-05,0.0358613943833796
woG3,552,0.0357831696536941,,,,91.66980934143066,0.0186288996340065,0.0854136269600665,0.006913743863554,0.0259165608430983,0.0,0.0,0.0961546198632873,1.21194239129365e-05,0.0357831696536941
woG3,553,0.0348323095192919,,,,91.83756136894226,0.0179646558082494,0.0841377323768177,0.006823974167241,0.0252097287200024,0.0,0.0,0.0944447864579861,1.2110016823619969e-05,0.0348323095192919
woG3,554,0.0344141723557573,,,,91.60581135749815,0.0176615269976805,0.0837838649749755,0.0067812512193607,0.0248700935607318,0.0,0.0,0.092813435667118,1.2648979803532945e-05,0.0344141723557573
woG3,555,0.0338040775024011,0.1078044585883617,22.341537475585938,0.8446103890736898,91.72578740119934,0.017190715061409,0.0831473455077312,0.0067523173247387,0.0244452556763149,0.0,0.0,0.0923951885922521,1.2020468490362053e-05,0.0338040775024011
woG3,556,0.0338724609617082,,,,91.63819074630736,0.0172189656629792,0.0832341381760894,0.0067570504186613,0.0244641140805648,0.0,0.0,0.0936636880773012,1.1893708953599448e-05,0.0338724609617082
woG3,557,0.0340070993044093,,,,91.92449975013731,0.0174015389801171,0.083047159871117,0.0067531178976393,0.0246404242991912,0.0,0.0,0.0919732079520577,1.3192260905429075e-05,0.0340070993044093
woG3,558,0.0341205788226645,,,,91.65932416915894,0.017479068095811,0.0830404211263187,0.0067485138987664,0.02472239377771,0.0,0.0,0.0935055815660562,1.1823865371866097e-05,0.0341205788226645
woG3,559,0.0346337805700595,,,,91.67799639701845,0.0178544787216748,0.0836446602813533,0.0067740713368307,0.025076908578516,0.0,0.0,0.0943811755688464,1.2287971571746268e-05,0.0346337805700595
woG3,560,0.0339356581146111,0.1092870663851499,22.29676818847656,0.842670758565267,91.58839750289916,0.0172917311476757,0.0832232603284179,0.0067638178016288,0.0245237150458527,0.0,0.0,0.0930114061739601,1.2118741185142348e-05,0.0339356581146111
woG3,561,0.0339353386557004,,,,91.60968923568726,0.0172720575995254,0.0833649410576116,0.0067598012344697,0.0245338172544954,0.0,0.0,0.0928861871972435,1.2038726132942671e-05,0.0339353386557004
woG3,562,0.0341839476900755,,,,91.71369528770448,0.0174834657704732,0.0832254740058398,0.006763539387707,0.0247082479038565,0.0,0.0,0.095085080590893,1.2212741745490227e-05,0.0341839476900755
woG3,563,0.0347707065310878,,,,91.65594291687012,0.0179992211661988,0.0835889572979974,0.0067656703797153,0.0252391707121593,0.0,0.0,0.0937800485274342,1.2299887838403886e-05,0.0347707065310878
woG3,564,0.0352418465906235,,,,91.6413917541504,0.0183195804825938,0.0841341653808218,0.0067999904295887,0.0255410024880996,0.0,0.0,0.0959370888952837,1.194051745277998e-05,0.0352418465906235
woG3,565,0.0415186232383378,0.1095917597413063,22.151829528808594,0.8388168493906657,91.7660071849823,0.023311559179584,0.0887476020171994,0.0070255357241563,0.0300381563863426,0.0,0.0,0.1070238992144338,1.162224787044532e-05,0.0415186232383378
woG3,566,0.0397418926271503,,,,91.56853461265564,0.0217475500797517,0.0885158718609419,0.0070198673972493,0.0286838485874602,0.0,0.0,0.1035573868783282,1.1212640057350898e-05,0.0397418926271503
woG3,567,0.0373706626324135,,,,91.6245937347412,0.0199958153954539,0.0861501923350037,0.0068902174644477,0.0269578251315922,0.0,0.0,0.0975528175286093,1.2507947185689115e-05,0.0373706626324135
woG3,568,0.0362583778065736,,,,91.64256572723389,0.0190915804753293,0.0853384542660635,0.006848488789296,0.0261883056859989,0.0,0.0,0.0964210229757868,1.1908587647229966e-05,0.0362583778065736
woG3,569,0.0354279676360673,,,,91.82891702651978,0.0185714375120816,0.0837500012311779,0.0067874202428416,0.0256375061638164,0.0,0.0,0.0951768733927461,1.2045501625914449e-05,0.0354279676360673
woG3,570,0.0347087755799293,0.1106037758290767,22.13138224283854,0.8424989859263102,91.96576881408691,0.017927088835811,0.0836998839847377,0.0067711080745106,0.0250939789426619,0.0,0.0,0.0940255772200275,1.1889166164558788e-05,0.0347087755799293
woG3,571,0.0343386976689588,,,,91.60479044914246,0.0176920675077155,0.0830688955353908,0.0067422063181512,0.0248398900596944,0.0,0.0,0.0930936107808937,1.2214994466034996e-05,0.0343386976689588
woG3,572,0.0346593895896536,,,,91.63695693016052,0.0178995285351134,0.083600887509643,0.0068035089109306,0.025113545831476,0.0,0.0,0.0935174242944502,1.2007578405739071e-05,0.0346593895896536
woG3,573,0.0344254591914474,,,,91.73724174499512,0.0177194555824408,0.0831708360890873,0.0067769076415627,0.0249919031945164,0.0,0.0,0.0946029086643066,1.2174881730116557e-05,0.0344254591914474
woG3,574,0.0338440075684644,,,,91.73841094970705,0.0173358199049214,0.0824558324501162,0.0067099490008301,0.0245355887216378,0.0,0.0,0.0920671206883719,1.2542649053511931e-05,0.0338440075684644
woG3,575,0.0342022403616641,0.1111824102699756,21.893251037597658,0.8434897740681966,91.77741694450378,0.0175498819482497,0.0829898348597229,0.0067507633634033,0.0247672849227903,0.0,0.0,0.0942421326200004,1.191805301525668e-05,0.0342022403616641
woG3,576,0.0339403133228665,,,,91.81476259231567,0.0173785599391357,0.0826867755319251,0.0067386172242371,0.0246001464223153,0.0,0.0,0.0926836262166988,1.2159640779833996e-05,0.0339403133228665
woG3,577,0.0343663273531882,,,,91.66876935958862,0.0176918385550379,0.0831488854572421,0.0067746617037375,0.0249087759217277,0.0,0.0,0.0935298045944483,1.2443785431229578e-05,0.0343663273531882
woG3,578,0.0338170723226226,,,,91.6078040599823,0.0173204407615006,0.0822429564155516,0.0067084035072781,0.0244832716531074,0.0,0.0,0.0932986012919515,1.3393435701493986e-05,0.0338170723226226
woG3,579,0.0336026342616218,,,,91.75224256515504,0.0171442424618929,0.0822728276252746,0.0067098351046595,0.0243721060668591,0.0,0.0,0.0916042401775962,1.2229702725186089e-05,0.0336026342616218
woG3,580,0.033369804381347,0.1047522686421871,22.736866251627603,0.8471628189086914,91.6333303451538,0.0169387085851831,0.0820941153119822,0.0066891357753059,0.024189157632836,0.0,0.0,0.0923633636509786,1.214246494431079e-05,0.033369804381347
woG3,581,0.0331995904018155,,,,91.7933235168457,0.0168112811296567,0.082027794396291,0.0066805086423047,0.0240643307429234,0.0,0.0,0.09124228040703,1.2244191003959514e-05,0.0331995904018155
woG3,582,0.0334575451513538,,,,91.45360255241394,0.0170284573553649,0.0820936184437548,0.0066884972792515,0.0242549657256754,0.0,0.0,0.0920052172646659,1.1825170423500364e-05,0.0334575451513538
woG3,583,0.0334472511360635,,,,91.64152884483336,0.0170378794847819,0.0820049941539764,0.0066796271550301,0.0242923847017962,0.0,0.0,0.0915563729148907,1.226780215411026e-05,0.0334472511360635
woG3,584,0.0346209103943871,,,,91.66713738441469,0.0179628445079824,0.0828020689917392,0.0067287837097909,0.0251216785600561,0.0,0.0,0.0945728485335092,1.2498992786937035e-05,0.0346209103943871
woG3,585,0.0340606326420531,0.1068929266184568,22.566563415527344,0.8454275290171306,91.85113549232484,0.017441233749822,0.0828348847686267,0.0067335929908621,0.0247184470387511,0.0,0.0,0.0939944071664673,1.2228535544494282e-05,0.0340606326420531
woG3,586,0.0332807256824901,,,,91.65626406669617,0.0169174235588947,0.0818591088545127,0.0066761833035432,0.0241435730341272,0.0,0.0,0.0909510385550436,1.1966431046899544e-05,0.0332807256824901
woG3,587,0.0338628943856866,,,,91.64857959747314,0.0173818029112136,0.0821782643677758,0.0067008752375841,0.0245935294135916,0.0,0.0,0.0925851930543536,1.2154544225194155e-05,0.0338628943856866
woG3,588,0.0346097376075435,,,,91.66233777999878,0.0180036614832208,0.0827213999677877,0.0067435110171065,0.0251629276078988,0.0,0.0,0.0923767956431771,1.2017443798787205e-05,0.0346097376075435
woG3,589,0.0335967813420002,,,,91.67411732673644,0.0171685535384372,0.0818654494207413,0.0066659249304259,0.0243742577426257,0.0,0.0,0.0932524734039287,1.2342948943029688e-05,0.0335967813420002
woG3,590,0.0336995479940879,0.1076820436865091,22.543685404459637,0.844159189860026,91.81277441978456,0.0172493741542223,0.0818758714394491,0.0066630933605531,0.0244586282470797,0.0,0.0,0.0939413467269452,1.2099840695056876e-05,0.0336995479940879
woG3,591,0.0340746213361376,,,,91.80161142349245,0.0175876633309927,0.0820130300326425,0.0066727509905324,0.0246921932538513,0.0,0.0,0.0937934120597898,1.2174726081500407e-05,0.0340746213361376
woG3,592,0.0341773483077766,,,,91.795743227005,0.0176317828066158,0.0824210575369537,0.0066994584497583,0.024824597491104,0.0,0.0,0.0930671379519779,1.2332366409249226e-05,0.0341773483077766
woG3,593,0.0339428688567437,,,,91.8119580745697,0.0174482512501541,0.0820963324093427,0.0067061551800761,0.0246925493244264,0.0,0.0,0.0934666758861209,1.2201308933901165e-05,0.0339428688567437
woG3,594,0.0332126080012712,,,,91.62625575065611,0.0168880799357764,0.0816489927104262,0.0066745248394178,0.024138913054752,0.0,0.0,0.0906108500222202,1.2238245727453436e-05,0.0332126080012712
woG3,595,0.033139027823068,0.1084679663181305,22.36413319905599,0.8460423787434895,91.63641452789308,0.0168775838921915,0.0811670549580308,0.0066387943186812,0.024069366526225,0.0,0.0,0.0914385236005802,1.2598046760422656e-05,0.033139027823068
woG3,596,0.0335001816331851,,,,91.67412400245668,0.0171480286164117,0.0815568527237313,0.006661726325964,0.02432040037343,0.0,0.0,0.0919890986663884,1.243641153154712e-05,0.0335001816331851
woG3,597,0.0339154668274472,,,,91.63488173484802,0.0174390530122108,0.0819608285778858,0.0066826208456434,0.0245881437201846,0.0,0.0,0.0940492618829011,1.2120302381991283e-05,0.0339154668274472
woG3,598,0.0333638565889636,,,,91.65682768821716,0.017031695777703,0.0813987802286617,0.0066409738310689,0.024219205694609,0.0,0.0,0.0926318527428341,1.2118533074716744e-05,0.0333638565889636
woG3,599,0.0336347860513163,,,,91.76173281669617,0.0172534373008691,0.0816008145691918,0.0066717090982119,0.0244475239735157,0.0,0.0,0.092585881713961,1.2123862177319106e-05,0.0336347860513163
woG3,600,0.033865521997824,0.1042307037860155,22.687833658854167,0.8477818012237549,91.75394606590272,0.0174130640664427,0.0819564759731292,0.0066728445216555,0.0245695463152693,0.0,0.0,0.0929828993060061,1.2221712068293291e-05,0.033865521997824
woG3,601,0.0347360951490089,,,,91.6518852710724,0.0181612920428275,0.08239133485028,0.0066965171021455,0.0252954612837218,0.0,0.0,0.0928758319589446,1.2321315231481874e-05,0.0347360951490089
woG3,602,0.0348822406996957,,,,92.25292944908142,0.0182312691859045,0.0824408902496588,0.0066981197708881,0.0253265656714068,0.0,0.0,0.0961843769325584,1.186246296919182e-05,0.0348822406996957
woG3,603,0.0340863474659988,,,,92.01760864257812,0.0176062479798422,0.0817864009591399,0.0066525819825894,0.0247680677375832,0.0,0.0,0.0948970268984309,1.2396364535494814e-05,0.0340863474659988
woG3,604,0.0346233595895474,,,,91.79199767112732,0.0179867275425645,0.082331758542139,0.0067099196393592,0.0251235280063797,0.0,0.0,0.0970685515308477,1.184440831434128e-05,0.0346233595895474
woG3,605,0.0352203883230686,0.1000515446066856,23.229205322265624,0.846478796005249,92.15404963493349,0.0185671736272509,0.0824378826579109,0.0067094305175219,0.0256205461308604,0.0,0.0,0.0951147681010551,1.2173719682587317e-05,0.0352203883230686
woG3,606,0.035685053919671,,,,91.84117269515993,0.0189462591756562,0.0825956752065752,0.0067232630337725,0.0260135144850269,0.0,0.0,0.0966038446201652,1.2188886812681985e-05,0.035685053919671
woG3,607,0.0370098417624831,,,,91.9630823135376,0.0199162995167931,0.0840952943583003,0.0067809230770121,0.0268642299152055,0.0,0.0,0.0995472384402986,1.1852655863374348e-05,0.0370098417624831
woG3,608,0.0354313462606219,,,,92.2948441505432,0.0186945397452619,0.0825363011633763,0.0067083616206636,0.025752464080321,0.0,0.0,0.0980312443170391,1.2088956006525115e-05,0.0354313462606219
woG3,609,0.0340960784280886,,,,91.84307312965392,0.0176302036652188,0.0820005115915517,0.00667085231007,0.0247447590694808,0.0,0.0,0.0926277060977748,1.2003459610273068e-05,0.0340960784280886
woG3,610,0.0336394002661109,0.1067567486315965,22.72657165527344,0.8431124528249104,92.02358198165894,0.017252672883514,0.0816522440949424,0.0066632871042753,0.0244223412859146,0.0,0.0,0.0925910234695575,1.1833005331912876e-05,0.0336394002661109
woG3,611,0.0331927769527327,,,,91.70717406272888,0.0169022853303028,0.0810796940912965,0.0066187016047598,0.0240555689746483,0.0,0.0,0.0936515908993658,1.2482275496257318e-05,0.0331927769527327
woG3,612,0.0328143316885975,,,,91.7732720375061,0.016599730504524,0.0809930836568113,0.0066121887896576,0.0237924300790688,0.0,0.0,0.0915757137976708,1.2004714216349085e-05,0.0328143316885975
woG3,613,0.0329299981660041,,,,91.62545537948608,0.0167512746802607,0.0807501077651977,0.0066072974491436,0.0239676173135149,0.0,0.0,0.0909155152402207,1.2265806268778237e-05,0.0329299981660041
woG3,614,0.0327657442387254,,,,91.66729927062988,0.0166393824257567,0.0804644227027893,0.0065905730675173,0.0238302159275798,0.0,0.0,0.0910312008784442,1.2783128563623136e-05,0.0327657442387254
woG3,615,0.0331688186184304,0.1081262491643428,22.408033752441405,0.8447678724924723,91.7739233970642,0.0169385352752125,0.0809405030774288,0.0066367821599982,0.0241318941727036,0.0,0.0,0.0913347113327901,1.2259062020508155e-05,0.0331688186184304
woG3,616,0.0329279939292884,,,,91.6086196899414,0.0167749498085286,0.0804816889958303,0.0065853309027514,0.023931596680071,0.0,0.0,0.0918437798858666,1.2056039678685926e-05,0.0329279939292884
woG3,617,0.0330482071998422,,,,91.65406799316406,0.0168332735107081,0.0807568943891369,0.0066030675079673,0.0240023415993715,0.0,0.0,0.0925469242158483,1.2011180078487936e-05,0.0330482071998422
woG3,618,0.0336247203169298,,,,91.57441401481628,0.0173536713891586,0.080924886171935,0.0066250729218094,0.0244718601346993,0.0,0.0,0.092159540590937,1.2253739939827854e-05,0.0336247203169298
woG3,619,0.033728488369799,,,,91.7009301185608,0.0173737954073509,0.0814461693411967,0.0066414472368377,0.0245749765823854,0.0,0.0,0.091978692861854,1.2267108049069925e-05,0.033728488369799
woG3,620,0.0335163496526294,0.1118284370750188,22.15331573486328,0.8413452943166096,91.62062048912048,0.0172118780615388,0.0813068039104586,0.0066377400672521,0.0243217588906161,0.0,0.0,0.0915351318592419,1.2056183654987436e-05,0.0335163496526294
woG3,621,0.0331753160285412,,,,91.59039998054504,0.016986220449087,0.0807664726601272,0.0065942833020702,0.0241421292169538,0.0,0.0,0.0906459252182089,1.212151204190852e-05,0.0331753160285412
woG3,622,0.0331075549064601,,,,91.65182423591614,0.0169301648532635,0.0806573951830629,0.0066027969511256,0.0241044354930397,0.0,0.0,0.0910081424612979,1.2311956069066407e-05,0.0331075549064601
woG3,623,0.033475555937554,,,,91.67888832092284,0.0172453854599448,0.08079473063594,0.0065985909876886,0.0243959968955424,0.0,0.0,0.0914614935878847,1.2110836925112605e-05,0.033475555937554
woG3,624,0.0337210021699305,,,,91.75124430656432,0.0174297306564499,0.0809889787533244,0.0066104821219551,0.0245624967072097,0.0,0.0,0.0923639397274275,1.2180447396884372e-05,0.0337210021699305
woG3,625,0.0347318221036283,0.114344110712409,21.75886739095052,0.8416091283162435,91.65890789031982,0.0182157331757003,0.0815643741459143,0.0066619548225225,0.0252772322626876,0.0,0.0,0.0963016609798689,1.2288256941835816e-05,0.0347318221036283
woG3,626,0.036541283451265,,,,91.59860277175903,0.0196785507189323,0.0830700778570331,0.0067332247997344,0.0266629994129304,0.0,0.0,0.0966199094154795,1.211534567274231e-05,0.036541283451265
woG3,627,0.0351647534331337,,,,91.55988621711732,0.018613260300433,0.0816723313487944,0.0066528412853138,0.025620791709936,0.0,0.0,0.0959108792795021,1.1999840175041687e-05,0.0351647534331337
woG3,628,0.0344851136543467,,,,91.60012531280518,0.0180232768618791,0.0816332629469574,0.0066643128434928,0.0251156517502958,0.0,0.0,0.093712849267682,1.222162084237738e-05,0.0344851136543467
woG3,629,0.0342143809148034,,,,91.76587700843812,0.0178466227638428,0.0810511185497534,0.0066251206253731,0.0249120335659531,0.0,0.0,0.0942874867469072,1.2148000672918538e-05,0.0342143809148034
woG3,630,0.0345808574929833,0.1070441380143165,22.26920878092448,0.845972188313802,91.71372199058531,0.018137762315388,0.0816080384567135,0.0066462247002656,0.0252096562218837,0.0,0.0,0.0926341821790718,1.2178566969246807e-05,0.0345808574929833
woG3,631,0.0337316047583447,,,,91.70837903022766,0.0174046740943535,0.081278672960938,0.0066411864951436,0.0245757063804957,0.0,0.0,0.0918445637846579,1.2216960083161656e-05,0.0337316047583447
woG3,632,0.0325657293108887,,,,91.63841724395752,0.016536019002011,0.080150802115925,0.0065906608103179,0.0237028176865738,0.0,0.0,0.08906041901009,1.228691906124561e-05,0.0325657293108887
woG3,633,0.0328774285792815,,,,91.63757061958312,0.0167629114794926,0.0803893340415641,0.0065822249018877,0.0239285905769125,0.0,0.0,0.0906296747385478,1.2431713310257308e-05,0.0328774285792815
woG3,634,0.0326974320026939,,,,91.6038589477539,0.0166231825199649,0.0799812332528536,0.0065632981961959,0.023774848686012,0.0,0.0,0.0923394807843399,1.2158977243760004e-05,0.0326974320026939
woG3,635,0.032480941764766,0.1073430348187685,22.52363484700521,0.8456027666727702,91.8152666091919,0.0164308838668416,0.0800541038395928,0.0065521967070574,0.023601150735602,0.0,0.0,0.0913058924870412,1.2241742374810571e-05,0.032480941764766
woG3,636,0.0326728152080637,,,,91.49999928474426,0.0166469692771674,0.0799450981812398,0.0065595675584264,0.023764823303848,0.0,0.0,0.0902397202663734,1.2218619448096432e-05,0.0326728152080637
woG3,637,0.032739344541533,,,,91.74092364311218,0.0167249063197828,0.0796539348657014,0.0065358406005305,0.0238580637016013,0.0,0.0,0.0915393763695095,1.2300718840906353e-05,0.032739344541533
woG3,638,0.033020894867597,,,,91.69650626182556,0.0169350828471608,0.0799665534105457,0.0065370075858854,0.0240319653673738,0.0,0.0,0.0920648662159677,1.2366440526650216e-05,0.033020894867597
woG3,639,0.0346238306555591,,,,91.6251871585846,0.0181251734983725,0.0814930254318675,0.0066290879755693,0.0250812350375364,0.0,0.0,0.0968312787533295,1.2426020115509702e-05,0.0346238306555591
woG3,640,0.0335726805916819,0.1087894216179847,22.37501322428385,0.8427097956339519,91.77770519256592,0.0173487948543834,0.0806117385137276,0.0065828414546081,0.0244872483165293,0.0,0.0,0.0921939985185373,1.2277274445934533e-05,0.0335726805916819
woG3,641,0.0332419559756507,,,,91.69611620903017,0.0170718032530829,0.0806043519348394,0.0065995882089692,0.0242707426125397,0.0,0.0,0.0903869396777915,1.2208962002655022e-05,0.0332419559756507
woG3,642,0.0326311565844006,,,,91.57312750816344,0.0166474944362264,0.0796523226089164,0.0065335394761173,0.0238022820443892,0.0,0.0,0.0902415622697501,1.224677514256389e-05,0.0326311565844006
woG3,643,0.0322832142262429,,,,91.63465237617493,0.0163758915513143,0.079345091444547,0.0065100885122312,0.0235435745800982,0.0,0.0,0.0898222363569208,1.2368498990390753e-05,0.0322832142262429
woG3,644,0.032358060361909,,,,91.67508101463318,0.0164073665366798,0.0795674998252118,0.0065291418663424,0.0235640690356615,0.0,0.0,0.0901932245212011,1.2138404372146304e-05,0.032358060361909
woG3,645,0.0327379901542282,0.104721637442708,22.75011952718099,0.8471008618672689,91.66631841659546,0.0166474585955748,0.0802578281183711,0.0066264951716131,0.0238480781220266,0.0,0.0,0.0906281639501208,1.224846219532322e-05,0.0327379901542282
woG3,646,0.0327449901121073,,,,91.8413541316986,0.0167379803634935,0.0796749181434756,0.0065498063722472,0.0238784133288703,0.0,0.0,0.0908943756987325,1.206587085821486e-05,0.0327449901121073
woG3,647,0.033000933327025,,,,91.66665625572205,0.016985728405416,0.0797996335342282,0.0065477131522398,0.024066878971262,0.0,0.0,0.0896196607958342,1.3018376544732894e-05,0.033000933327025
woG3,648,0.0326182486825302,,,,91.56686878204346,0.01665589736286,0.0795961002834507,0.0065363822886567,0.0237644225221554,0.0,0.0,0.0897422138387795,1.1886446066039126e-05,0.0326182486825302
woG3,649,0.0331193458166767,,,,91.88995337486269,0.0170445861523879,0.0798283595530713,0.0065360722059506,0.0241322541365125,0.0,0.0,0.0921500010385376,1.2140430851250816e-05,0.0331193458166767
woG3,650,0.0331585875208504,0.1029296349734067,22.9013671875,0.8478749434153239,91.61957597732544,0.0170077485734688,0.0803146122908983,0.006585182732765,0.0241498386975927,0.0,0.0,0.0921138633408995,1.232715968365876e-05,0.0331585875208504
woG3,651,0.0332645092648072,,,,91.83699035644533,0.0171647754299347,0.07978975284295,0.0065332181812798,0.0242698461611251,0.0,0.0,0.0931449884731994,1.2227167557715212e-05,0.0332645092648072
woG3,652,0.033592825495928,,,,91.52190947532654,0.0174189190242867,0.080032395534828,0.0065625415786673,0.0245241612180701,0.0,0.0,0.0939433064433883,1.2088941009900046e-05,0.033592825495928
woG3,653,0.0332855078406998,,,,91.7212586402893,0.0171182966699487,0.0802351065346452,0.0065646917811121,0.024276804255291,0.0,0.0,0.0930719921579126,1.2611316894694716e-05,0.0332855078406998
woG3,654,0.0328174797421107,,,,91.77460646629332,0.0168042865841359,0.079623456861152,0.0065248658724098,0.023957857564397,0.0,0.0,0.0913341189963651,1.1980976479656474e-05,0.0328174797421107
woG3,655,0.0327079964679528,0.1074186731129884,22.461397806803387,0.845167875289917,91.93915343284608,0.01668360724007,0.0796567655977655,0.0065256587466316,0.0238096952499424,0.0,0.0,0.0922347447361613,1.2054042925174074e-05,0.0327079964679528
woG3,656,0.0330705294293946,,,,91.93328022956848,0.0170268231819643,0.079757808173289,0.0065555025319584,0.0241478370105633,0.0,0.0,0.0910154074796887,1.2430631069777242e-05,0.0330705294293946
woG3,657,0.0329954785707055,,,,91.78924870491028,0.0169060186971528,0.0801671802020463,0.006593484567005,0.0241130581049279,0.0,0.0,0.0902770953100235,1.2177183062483489e-05,0.0329954785707055
woG3,658,0.0327456479311966,,,,91.80540919303894,0.0167410485980818,0.0795431327624399,0.0065273303370617,0.0238418870865077,0.0,0.0,0.0919645107122229,1.21017288068348e-05,0.0327456479311966
woG3,659,0.0325270638511073,,,,91.88554239273073,0.0166195943783663,0.079084032871684,0.0064905304652562,0.0237435937141541,0.0,0.0,0.0910362527079758,1.2529501265401693e-05,0.0325270638511073
woG3,660,0.033327691913506,0.1081082392483949,22.552017211914062,0.8407749970753987,91.88242316246031,0.0172573838108142,0.0797188834088747,0.0065241974728853,0.0243007827046342,0.0,0.0,0.0921040023142685,1.2296718375951148e-05,0.033327691913506
woG3,661,0.0334222574764099,,,,91.72415924072266,0.0173865549083127,0.0794419954057599,0.0065220696737104,0.0244180392015908,0.0,0.0,0.0919865730417067,1.2486602557116545e-05,0.0334222574764099
woG3,662,0.0336531946649316,,,,92.03243565559389,0.0174444517059648,0.0804127835836566,0.0065589752945224,0.0245511262433328,0.0,0.0,0.092733277862922,1.2077881598411896e-05,0.0336531946649316
woG3,663,0.0332321808520765,,,,91.56890869140624,0.0171706086925429,0.079505335112087,0.0065150953806387,0.0242387009860917,0.0,0.0,0.0935396681860333,1.2718205398455893e-05,0.0332321808520765
woG3,664,0.0327299939102081,,,,91.73355507850648,0.0168024114424698,0.0791944416820025,0.006504815608095,0.0238962297053,0.0,0.0,0.0905677275884835,1.2199271353672762e-05,0.0327299939102081
woG3,665,0.0329975590689993,0.1038996912539005,22.9111811319987,0.8484561761220296,91.7833104133606,0.016899273929293,0.0802944986546625,0.0065909806661857,0.0241388221210265,0.0,0.0,0.0896667031052171,1.2102122148349527e-05,0.0329975590689993
woG3,666,0.032565216961332,,,,91.71043825149536,0.0166777383734578,0.0789520804022179,0.0064964604728137,0.023784565502686,0.0,0.0,0.090847726667025,1.232012833599234e-05,0.032565216961332
woG3,667,0.0328228207549355,,,,91.72586226463318,0.0168418606483667,0.0795014520160487,0.0065051073219901,0.0239672605635323,0.0,0.0,0.0906490917760329,1.2398062460356317e-05,0.0328228207549355
woG3,668,0.0323714493911285,,,,91.76141619682312,0.0165318330810939,0.078877391873813,0.0064855327669408,0.0236294644457272,0.0,0.0,0.0896626169503223,1.2119802900613806e-05,0.0323714493911285
woG3,669,0.0322819781016375,,,,91.72658395767212,0.0164756681770086,0.0786879912751619,0.0064792021551764,0.023543875023234,0.0,0.0,0.0897759028603551,1.2287002233024044e-05,0.0322819781016375
woG3,670,0.0328072958213628,0.1051092110574245,22.92857106526693,0.8451802889506023,91.74765968322754,0.0169043485151573,0.0790645274959626,0.0064870576969668,0.023952345317993,0.0,0.0,0.0901302046402067,1.2319718457185528e-05,0.0328072958213628
woG3,671,0.0327873242805238,,,,91.71598768234252,0.0169012333098493,0.0786934426573456,0.0064808832668531,0.0239457593253645,0.0,0.0,0.0921122564583039,1.2387148838933752e-05,0.0327873242805238
woG3,672,0.0324209087574091,,,,91.59670114517212,0.0166006137418453,0.0787674945886017,0.0064847831018879,0.0237036581517609,0.0,0.0,0.0892259718041073,1.1918729545890336e-05,0.0324209087574091
woG3,673,0.0327134909963265,,,,91.61838579177856,0.0167945779508865,0.0789211690425872,0.0064839406633657,0.0238409286639729,0.0,0.0,0.0924570103954584,1.2597227069062898e-05,0.0327134909963265
woG3,674,0.0330476099319878,,,,91.7767128944397,0.0170416426539543,0.0793589275391375,0.0065237943896046,0.0241274445882586,0.0,0.0,0.092280989482266,1.2314079799116604e-05,0.0330476099319878
woG3,675,0.0324092012234642,0.1071674153208732,22.569830830891927,0.8450802485148112,91.70827603340148,0.0165851302139583,0.0786339484277318,0.0064724729449839,0.023669125924467,0.0,0.0,0.0905850931513505,1.2293247963610224e-05,0.0324092012234642
woG3,676,0.0323978686537288,,,,91.75691056251526,0.0165922334570376,0.0784251582427103,0.0064702521146992,0.0236593013110219,0.0,0.0,0.0912736425878571,1.3154623566312168e-05,0.0323978686537288
woG3,677,0.0321004798055672,,,,91.57823610305786,0.0163377281583723,0.0781068142320288,0.006433223425716,0.0234119702267964,0.0,0.0,0.0925992867130725,1.247158433525824e-05,0.0321004798055672
woG3,678,0.0320455275750795,,,,91.60484743118286,0.0163304543382198,0.0781764818019554,0.0064396182109494,0.0234180323962793,0.0,0.0,0.0896526896929154,1.2322944598058304e-05,0.0320455275750795
woG3,679,0.0324220080539339,,,,91.77607917785645,0.0166285825343649,0.0785018616035336,0.00646556299905,0.0236940801021505,0.0,0.0,0.0899609551444405,1.222629263797894e-05,0.0324220080539339
woG3,680,0.0329038292383317,0.1052557732909917,22.76405283610026,0.844564946492513,91.77495098114014,0.0169628775663307,0.0789633168548834,0.0064855408663937,0.0240622968183921,0.0,0.0,0.0923534758755418,1.2328560162922398e-05,0.0329038292383317
woG3,681,0.0329002293101588,,,,91.53747010231018,0.0169877471616033,0.078818073038195,0.0064746012002779,0.0240650590219092,0.0,0.0,0.0920357032388937,1.2204630747608122e-05,0.0329002293101588
woG3,682,0.0327046647148787,,,,91.68882989883424,0.0168660946007146,0.0787092911415412,0.0064767240203123,0.0239260716317984,0.0,0.0,0.0897065255119175,1.2357097907159138e-05,0.0327046647148787
woG3,683,0.0323491742468026,,,,91.64269948005676,0.016540356537663,0.0785754752940818,0.0064825662068228,0.0236534140927747,0.0,0.0,0.0902986264192178,1.2207266325644332e-05,0.0323491742468026
woG3,684,0.0330125543853787,,,,91.7146303653717,0.0170235764387933,0.0792997748148245,0.0065124381703828,0.0241417473899658,0.0,0.0,0.0918462383637174,1.244389312543489e-05,0.0330125543853787
woG3,685,0.0328587564777155,0.1070770733058452,22.61672159830729,0.8439344088236491,91.68698024749756,0.0169836385557275,0.0787491031357499,0.0064694199417183,0.0240079458482319,0.0,0.0,0.0909259730614111,1.2614829920273146e-05,0.0328587564777155
woG3,686,0.0322566699145025,,,,91.73396396636964,0.0164487453742471,0.0784774735325672,0.0064716534154703,0.0235417107364437,0.0,0.0,0.0914629664821703,1.2434319380323791e-05,0.0322566699145025
woG3,687,0.0328859714638502,,,,91.61253905296326,0.0169722893061574,0.0790050772369885,0.0065158330644557,0.0240833800835687,0.0,0.0,0.0905168025647519,1.2231835792737455e-05,0.0328859714638502
woG3,688,0.0330291600195599,,,,91.5916838645935,0.0171325698067418,0.0788678248397639,0.006497999401305,0.024187398715647,0.0,0.0,0.0903202138657941,1.199754507794696e-05,0.0330291600195599
woG3,689,0.0329377025243688,,,,91.77323651313782,0.0170818130241432,0.078624712150605,0.0064637713367119,0.024104293359474,0.0,0.0,0.0905263573541993,1.233373164998384e-05,0.0329377025243688
woG3,690,0.0325803014861999,0.1037903316318988,22.82746073404948,0.8501341978708903,91.59958624839784,0.0167339516223454,0.0785917405222283,0.0064701512971221,0.0238062651430974,0.0,0.0,0.091472948031103,1.209734497156414e-05,0.0325803014861999
woG3,691,0.032211253434786,,,,91.38989424705504,0.0164529362952977,0.0782810908849122,0.0064394884040487,0.0235534878753003,0.0,0.0,0.0904887070665594,1.2554267672673732e-05,0.032211253434786
woG3,692,0.0327864450204079,,,,91.71164965629578,0.0169417755220268,0.0787125293348656,0.0064819664885213,0.0239988247573864,0.0,0.0,0.0896832085229822,1.2111407901460506e-05,0.0327864450204079
woG3,693,0.0319385885520548,,,,91.7128176689148,0.0162807900886066,0.0779665009897263,0.0064353808230094,0.0233835586972656,0.0,0.0,0.0885123819051707,1.2153298241522728e-05,0.0319385885520548
woG3,694,0.0323536342742746,,,,91.7052869796753,0.0165950649677485,0.0782078455706111,0.0064433087312356,0.0236236703597375,0.0,0.0,0.0907602653090582,1.2785929883308348e-05,0.0323536342742746
woG3,695,0.0324671839623421,0.1066907178610563,22.55156656901041,0.8459000587463379,91.58024668693542,0.0166515084059878,0.0782703351779062,0.0064496887794344,0.0237574054416818,0.0,0.0,0.092596166690842,1.2480475183814208e-05,0.0324671839623421
woG3,696,0.0321618424209414,,,,91.59389758110046,0.0164506289436191,0.0779820411908822,0.0064293741989025,0.0235259312769917,0.0,0.0,0.0905120759347423,1.225071951117704e-05,0.0321618424209414
woG3,697,0.0321773755837415,,,,91.64003896713255,0.0164600171942691,0.078245179086435,0.0064590606994957,0.0235416536738515,0.0,0.0,0.0887085814028978,1.2421120085337216e-05,0.0321773755837415
woG3,698,0.0320912847509149,,,,91.58364486694336,0.016373330818825,0.0780403443047257,0.006427814143893,0.0234918315421606,0.0,0.0,0.0905520326656396,1.242039305471547e-05,0.0320912847509149
woG3,699,0.0317513779202689,,,,91.64441394805908,0.0161132715627184,0.077880529595203,0.0064087196226521,0.0231944049907023,0.0,0.0,0.0889957489323664,1.2333229704084606e-05,0.0317513779202689
woG3,700,0.0325937936632115,0.1087214257568121,22.295772806803384,0.8470051606496175,91.5529351234436,0.0167741107250579,0.0783801186280172,0.0064590743792502,0.0239074294928644,0.0,0.0,0.0913496536859234,1.238849185597195e-05,0.0325937936632115
woG3,701,0.0326558481901884,,,,91.8028678894043,0.0168380127441076,0.0785953211979787,0.0064665465863787,0.0239134470733707,0.0,0.0,0.0896006694033009,1.2040173591969626e-05,0.0326558481901884
woG3,702,0.0322456998048258,,,,91.67251563072205,0.0165757181000758,0.077906854328562,0.0064144967482654,0.0236347216471541,0.0,0.0,0.0886163573834251,1.2341999934802796e-05,0.0322456998048258
woG3,703,0.0323519127779319,,,,91.7034432888031,0.0166259099057585,0.0779917552822926,0.0064301774646231,0.0236751256266334,0.0,0.0,0.0905798766151314,1.228117442825932e-05,0.0323519127779319
woG3,704,0.0319975293165103,,,,91.92115569114684,0.0162925576317872,0.0782127995960048,0.0064459766822363,0.0234078968356012,0.0,0.0,0.0888998684335927,1.234267394898148e-05,0.0319975293165103
woG3,705,0.0320457251223384,0.1039341408759355,23.146040852864584,0.8458588123321533,91.68242168426514,0.0164022090860077,0.0775945631207012,0.0064008694626848,0.0234538316574008,0.0,0.0,0.0903929280819463,1.2282156541528674e-05,0.0320457251223384
woG3,706,0.0320540346266304,,,,91.64090943336488,0.0164431179720969,0.0775304094689791,0.0064113231559024,0.0234696855539547,0.0,0.0,0.0891543814881903,1.2607110675204518e-05,0.0320540346266304
woG3,707,0.0323915140336898,,,,91.7833333015442,0.0166794909240647,0.0778431941251285,0.0064210391920212,0.0237328811533382,0.0,0.0,0.0907869726480519,1.2154111054837726e-05,0.0323915140336898
woG3,708,0.0324081855474925,,,,91.99247002601624,0.016729265130812,0.0777405373385695,0.0064025830389687,0.0237678014520616,0.0,0.0,0.0898080679786498,1.247799415312484e-05,0.0324081855474925
woG3,709,0.0323617784306407,,,,91.70692110061646,0.0166224321182511,0.0781402983626381,0.0064499754741116,0.0237332510258086,0.0,0.0,0.0898509186799409,1.239871089376415e-05,0.0323617784306407
woG3,710,0.031784030379819,0.107594383880496,22.76812388102213,0.8445819695790608,91.77389025688171,0.0161801603561664,0.0773992621507801,0.0063962435700976,0.0232242107711976,0.0,0.0,0.0908047746195167,1.3599576211050131e-05,0.031784030379819
woG3,711,0.0319270905962244,,,,91.65949511528017,0.0163232030606538,0.0772473152543677,0.006380319936949,0.0233562927326706,0.0,0.0,0.0914572972010393,1.2441089557660345e-05,0.0319270905962244
woG3,712,0.0318263155392936,,,,91.45941162109376,0.0162563289393533,0.077381209271853,0.0063896714576107,0.0233325741223258,0.0,0.0,0.0888291668818622,1.3196287834157562e-05,0.0318263155392936
woG3,713,0.0313839796380918,,,,91.77066135406494,0.0159209108010667,0.0770347470142802,0.0063595615487667,0.022972999476507,0.0,0.0,0.0875957587459048,1.2341369189044955e-05,0.0313839796380918
woG3,714,0.0322200813040625,,,,91.94082760810852,0.016475363512386,0.0780550026502765,0.0064465265824138,0.0235818600831706,0.0,0.0,0.0913733419824819,1.250042631970812e-05,0.0322200813040625
woG3,715,0.0322469005697086,0.1052363440394401,22.83167775472005,0.8478586673736572,91.6663019657135,0.0165257667053918,0.0780171483266549,0.0064189932900709,0.0235891675378089,0.0,0.0,0.090517744269283,1.2317349221169365e-05,0.0322469005697086
woG3,716,0.0323416828406883,,,,91.75205183029176,0.0166675187876356,0.0779027460051364,0.006407627019054,0.02366733777749,0.0,0.0,0.0887432353051959,1.187571945817688e-05,0.0323416828406883
woG3,717,0.032200192788341,,,,91.74488854408264,0.0165615031098733,0.0776329475348113,0.0064251604203714,0.0236187800077996,0.0,0.0,0.0891431110498846,1.2448936367495951e-05,0.032200192788341
woG3,718,0.0322251818677196,,,,91.79768896102904,0.0165527028825561,0.0776184176812406,0.0064227130286945,0.0236234672550783,0.0,0.0,0.0909290900301249,1.2085309518767196e-05,0.0322251818677196
woG3,719,0.0336509069091961,,,,91.7463002204895,0.0173570719455964,0.0810919306317313,0.0065006632510511,0.0245424108885106,0.0,0.0,0.092074786022794,1.233287558249645e-05,0.0336509069091961
woG3,720,0.0325376895851776,0.1048251297324895,22.972422790527343,0.8467607816060384,91.68819952011108,0.0168228610037047,0.0779083078024817,0.0064295129583324,0.0238893476360645,0.0,0.0,0.0897916944117331,1.2468442691319114e-05,0.0325376895851776
woG3,721,0.0321226525502126,,,,91.67686700820924,0.016527195911488,0.0774141427923421,0.0063915403987296,0.0235411204687762,0.0,0.0,0.0890173403332467,1.2149311174536235e-05,0.0321226525502126
woG3,722,0.0321786223040496,,,,91.61214447021484,0.0165647573952303,0.077308923983183,0.006389383686569,0.023571100918057,0.0,0.0,0.0906122356775354,1.2373574984103996e-05,0.0321786223040496
woG3,723,0.0328038855471083,,,,91.62519097328186,0.0170732600553358,0.0778045605440608,0.0064088044245345,0.0240664080273909,0.0,0.0,0.0907033312699345,1.219852460405206e-05,0.0328038855471083
woG3,724,0.0324499411203089,,,,91.66655158996582,0.0167496098724545,0.0777171112474848,0.0064360817482114,0.0238348578454041,0.0,0.0,0.0907023300370964,1.2489962788572546e-05,0.0324499411203089
woG3,725,0.0332951677932602,0.1058897860348224,22.5836415608724,0.8481722990671794,91.70659375190736,0.0174179924346628,0.0783130927164046,0.00643700961077,0.0243545731407452,0.0,0.0,0.0929936311955823,1.2222841568137385e-05,0.0332951677932602
woG3,726,0.0324051339698375,,,,91.63395667076112,0.0167890033135037,0.0772965486909522,0.0063735228547154,0.0237448960695354,0.0,0.0,0.0901629429188419,1.211087970043505e-05,0.0324051339698375
woG3,727,0.0322399824002727,,,,91.66069197654724,0.0166226069397125,0.0773509775028854,0.0063961307617423,0.023627816157446,0.0,0.0,0.0902286599100124,1.235897945209058e-05,0.0322399824002727
woG3,728,0.0325132849794186,,,,91.6402473449707,0.0168085653777615,0.0778376640843563,0.0064215537000325,0.0238136399964817,0.0,0.0,0.0901388977272588,1.2296829982228648e-05,0.0325132849794186
woG3,729,0.0314198303051659,,,,91.54911971092224,0.0160326810828486,0.0764978850474123,0.0063302393193494,0.0230450920882772,0.0,0.0,0.0876111927762871,1.2281767264386958e-05,0.0314198303051659
woG3,730,0.0314748806604107,0.109296791255474,22.41345723470052,0.8433979352315267,91.62625288963318,0.0160170988653038,0.0767918781178896,0.0063713636386712,0.0230839805616462,0.0,0.0,0.088679284865006,1.2732699803649344e-05,0.0314748806604107
woG3,731,0.0314963455388291,,,,91.64367938041688,0.0160706185918973,0.0766300632328283,0.0063420190117092,0.0230698850937187,0.0,0.0,0.0884201586796123,1.2226713665708924e-05,0.0314963455388291
woG3,732,0.0324517455806986,,,,91.76592516899107,0.0167447317269493,0.077866114553858,0.0064207010322296,0.0238028028674545,0.0,0.0,0.0900856767338318,1.2362104232532264e-05,0.0324517455806986
woG3,733,0.0321685132707973,,,,91.72743916511536,0.0165902117618405,0.0771973494623528,0.0063684567442682,0.0236165261002959,0.0,0.0,0.0895414645249237,1.2431497931002804e-05,0.0321685132707973
woG3,734,0.0316787575081479,,,,91.8111217021942,0.0161900385053919,0.0770271469335087,0.0063559365855743,0.0232489258203594,0.0,0.0,0.0878405762286704,1.241769551595728e-05,0.0316787575081479
woG3,735,0.0315846767215455,0.1062983954325318,22.83788096110026,0.8454567432403565,91.90054225921632,0.016125097237222,0.0768720532049898,0.0063591124718917,0.0231547268244941,0.0,0.0,0.087915742159134,1.2260278157638591e-05,0.0315846767215455
woG3,736,0.0312580195270845,,,,91.60166215896606,0.0158515708353065,0.0765037531735467,0.0063327303171524,0.0229103488878148,0.0,0.0,0.0890648805337851,1.2329649942566882e-05,0.0312580195270845
woG3,737,0.0314031603944594,,,,91.74977517127992,0.0159948737070452,0.0765653154889091,0.0063392281299456,0.0230383498853713,0.0,0.0,0.0881668621155082,1.2238092422121738e-05,0.0314031603944594
woG3,738,0.0314776823840668,,,,91.65669775009157,0.0160232749385911,0.0766061866869692,0.0063552025468928,0.0230897519981763,0.0,0.0,0.0899206514119124,1.2579618617093895e-05,0.0314776823840668
woG3,739,0.0311794757965158,,,,91.78497886657716,0.0157818405766834,0.0766945666954165,0.006337619342719,0.0228374457200531,0.0,0.0,0.0874725433341303,1.2212950811259849e-05,0.0311794757965158
woG3,740,0.0315715616233036,0.1119108758866787,22.12806650797526,0.8419786771138509,91.71643018722534,0.0161286243542906,0.0767744110255944,0.006344432473091,0.0231485587208852,0.0,0.0,0.0878771932215475,1.249945857099169e-05,0.0315715616233036
woG3,741,0.0319914060537932,,,,91.79738450050354,0.0163023006400001,0.0780392689783065,0.0064365428254069,0.0234799097276857,0.0,0.0,0.0891436868362495,1.2108583170279116e-05,0.0319914060537932
woG3,742,0.0316822767776788,,,,91.6150312423706,0.0162169857362865,0.0767190480818514,0.0063531604980988,0.0232278413719451,0.0,0.0,0.0890708342499908,1.3137231788725322e-05,0.0316822767776788
woG3,743,0.0314983262634668,,,,91.74020504951476,0.0161225964757995,0.0764359822038744,0.006324939519457,0.0231060288067846,0.0,0.0,0.0872739741013797,1.232545969147724e-05,0.0314983262634668
woG3,744,0.0316981908972146,,,,91.67749834060668,0.0161982844660028,0.0769034101337683,0.0063579453357693,0.0232307508618372,0.0,0.0,0.0893956658231918,1.2397795516085668e-05,0.0316981908972146
woG3,745,0.0316152237050357,0.1096328906714916,22.274604288736978,0.844012467066447,91.73490357398988,0.0161692495457828,0.0765729502576296,0.0063611713818228,0.0231786639597572,0.0,0.0,0.0893777947201103,1.2370712841458155e-05,0.0316152237050357
woG3,746,0.0318421102052585,,,,91.7286217212677,0.016322040281518,0.0768993741176167,0.0063532334179846,0.0233276466090903,0.0,0.0,0.0900582283368853,1.25235720252279e-05,0.0318421102052585
woG3,747,0.0316073328226071,,,,91.85972118377686,0.0161986325210968,0.0763013699992758,0.0063218606948913,0.0231736530244472,0.0,0.0,0.0896692439669468,1.241352604142518e-05,0.0316073328226071
woG3,748,0.0324021067439776,,,,91.7484335899353,0.0167734435774752,0.0772818883911508,0.0063988885300264,0.0237812441086671,0.0,0.0,0.0906907693773019,1.2004978897801049e-05,0.0324021067439776
woG3,749,0.0316546529714689,,,,91.72892022132874,0.016159175360789,0.0768932079682584,0.0063613451192857,0.0232067193042059,0.0,0.0,0.0893382944899504,1.252289507851668e-05,0.0316546529714689
woG3,750,0.0314582578043957,0.1059175245463848,22.686287434895835,0.8498106638590495,91.64089798927309,0.0160421303122258,0.0764405722500848,0.006326915413813,0.0230633995770553,0.0,0.0,0.0894250442563998,1.226069114220266e-05,0.0314582578043957
woG3,751,0.031864947150843,,,,92.06698155403136,0.0163999717132967,0.0766738770438022,0.0063501550648056,0.0233748508006578,0.0,0.0,0.0888136788347705,1.2408766388628856e-05,0.031864947150843
woG3,752,0.0315448859187423,,,,91.8647255897522,0.0161541805327793,0.0763509742549208,0.0063223353411513,0.0231623325390038,0.0,0.0,0.0884416823076908,1.218253167765902e-05,0.0315448859187423
woG3,753,0.031798390625808,,,,91.85086274147034,0.0163596077577867,0.0763660811009954,0.0063112229242401,0.02340190221754,0.0,0.0,0.0898016879915214,1.2320285416921518e-05,0.031798390625808
woG3,754,0.0317223379846479,,,,91.60408210754396,0.0162844088875123,0.0763403016035674,0.0063256934384403,0.0232807414636748,0.0,0.0,0.0904007106408721,1.253437251096499e-05,0.0317223379846479
woG3,755,0.0316158708978871,0.105847243219614,22.957152303059896,0.846177609761556,91.88845872879028,0.0162050481122292,0.0764215700939053,0.0063585302025293,0.0232371348414386,0.0,0.0,0.0885284030504646,1.217924464946294e-05,0.0316158708978871
woG3,756,0.0320969640933832,,,,91.99637818336488,0.0165638491343401,0.0768760154481794,0.0063503702995596,0.0235622090089028,0.0,0.0,0.0899548352711269,1.2025661495669013e-05,0.0320969640933832
woG3,757,0.0321501887815653,,,,92.644460439682,0.0166618812859791,0.0766125697581494,0.0063520846907507,0.023624690478576,0.0,0.0,0.0894358734768189,1.2513030201180326e-05,0.0321501887815653
woG3,758,0.0317553834317893,,,,92.05249285697936,0.0163108617006266,0.0765928582089846,0.0063353350069221,0.0233358458432628,0.0,0.0,0.0885917659787858,1.2282278638255612e-05,0.0317553834317893
woG3,759,0.0317144160021524,,,,92.20539546012878,0.016258982437678,0.0766192205616685,0.0063365973688692,0.0232735382560945,0.0,0.0,0.0891856429945738,1.2426147252532492e-05,0.0317144160021524
woG3,760,0.0316905502504745,0.1056433022022247,22.87420399983724,0.8460469881693522,91.64666080474854,0.0162725008138623,0.0764677636936062,0.0063282766810725,0.023305947480143,0.0,0.0,0.0883435941927257,1.2289296369453676e-05,0.0316905502504745
woG3,761,0.0316625269984857,,,,91.66506290435792,0.0160804254949459,0.0774793409910358,0.0063967691451982,0.0232128806748106,0.0,0.0,0.089160370075556,1.2351563532312183e-05,0.0316625269984857
woG3,762,0.0308936687842866,,,,91.70535254478456,0.0156661165252205,0.0755719918696606,0.0062784567860825,0.0226952372363112,0.0,0.0,0.0881042180918767,1.2687080554317612e-05,0.0308936687842866
woG3,763,0.0317185114550053,,,,91.61764812469482,0.0162677936194861,0.0764369705661398,0.0063402072686824,0.0232425952009612,0.0,0.0,0.0904314869129266,1.2407724227213971e-05,0.0317185114550053
woG3,764,0.0319163330876436,,,,91.7931830883026,0.0163900613113016,0.0768463289151426,0.0063586093916664,0.0234244152079107,0.0,0.0,0.090365621795664,1.2588706080393003e-05,0.0319163330876436
woG3,765,0.0335554582234777,0.1071983538568019,22.617577616373698,0.8445727507273356,91.72799110412598,0.0177184042184934,0.0781604154188124,0.0064444069132269,0.0246913722548328,0.0,0.0,0.0907670762389898,1.1986717953396472e-05,0.0335554582234777
woG3,766,0.0316809209399536,,,,91.54177927970886,0.0162827612939061,0.0763687921352073,0.0063335983651369,0.0232773481059025,0.0,0.0,0.0881924160496621,1.2441640989089663e-05,0.0316809209399536
woG3,767,0.0313139685170083,,,,91.80542063713074,0.0159958206559913,0.0761080335398189,0.0063134627512152,0.0229882547234902,0.0,0.0,0.0873543427432658,1.2235439498448349e-05,0.0313139685170083
woG3,768,0.0312075683785999,,,,91.7053325176239,0.0159615147935196,0.0756680662514733,0.0062794736147568,0.0229247053016404,0.0,0.0,0.0873883953165324,1.2547691057460164e-05,0.0312075683785999
woG3,769,0.032123565200533,,,,91.65633893013,0.0166505079212613,0.0763497093661886,0.0063246847550216,0.0236408262986873,0.0,0.0,0.0906488212955291,1.2364094825693429e-05,0.032123565200533
woG3,770,0.0311826011624004,0.1046916646882891,23.03214314778646,0.8463912645975749,91.67752575874329,0.0159551316765366,0.0756407414303451,0.006280576943832,0.0229760396187422,0.0,0.0,0.0864562005201568,1.2189912599893988e-05,0.0311826011624004
woG3,771,0.0317348862738638,,,,91.57887959480286,0.0163283018227361,0.0763529172686279,0.0063363157773817,0.0233363409175491,0.0,0.0,0.0884899750779398,1.23762273689085e-05,0.0317348862738638
woG3,772,0.0317226401911895,,,,91.83140015602112,0.0163060055404412,0.0761670392067706,0.006303609350742,0.023255337487723,0.0,0.0,0.0907923602117378,1.2412080193116967e-05,0.0317226401911895
woG3,773,0.0315231757971351,,,,91.65474390983582,0.016173418466246,0.0760780279753638,0.0063112607763958,0.0232335455929402,0.0,0.0,0.0881840623609843,1.2504137868394e-05,0.0315231757971351
woG3,774,0.0308906760249958,,,,91.69434857368468,0.0156562236733123,0.0755690922502611,0.0062765283319244,0.022691837023394,0.0,0.0,0.0884895088059491,1.245529956068638e-05,0.0308906760249958
woG3,775,0.0307061216778686,0.1058776183053851,22.704329427083334,0.8481375853220622,91.6006600856781,0.0154969208400513,0.075626434849911,0.0062725032301863,0.0225098201943958,0.0,0.0,0.0875350377049113,1.2367081474170511e-05,0.0307061216778686
woG3,776,0.0314328250490495,,,,91.71094751358032,0.016154089263167,0.0756869106019129,0.0062855684587762,0.0231052442133182,0.0,0.0,0.0881437533764077,1.257294172260731e-05,0.0314328250490495
woG3,777,0.0312941605988584,,,,91.61469030380248,0.0160093627656336,0.0757276757818753,0.006283917111253,0.0229676544559417,0.0,0.0,0.0886958035961037,1.2200456959996945e-05,0.0312941605988584
woG3,778,0.0307828183514905,,,,91.72652864456175,0.0155911589056619,0.0753584328244944,0.0062677451947581,0.0226122558681813,0.0,0.0,0.0882701701408282,1.231732819936883e-05,0.0307828183514905
woG3,779,0.0312564004609575,,,,91.60963773727416,0.0159767666816345,0.0757274569058027,0.0062864129030771,0.0229529342232424,0.0,0.0,0.0884916494737883,1.26767984395205e-05,0.0312564004609575
woG3,780,0.0310555686563497,0.106015314348042,22.93116912841797,0.8448111216227213,91.66251635551453,0.0157902613969244,0.0756198934844282,0.0062775699017172,0.0228097053992821,0.0,0.0,0.0891772970007579,1.2168602771137777e-05,0.0310555686563497
woG3,781,0.0309192884835552,,,,91.7650785446167,0.0156871774844581,0.0755598217737479,0.0062631544309714,0.0226521636588407,0.0,0.0,0.0886341094604281,1.2440348198814674e-05,0.0309192884835552
woG3,782,0.0309806570685544,,,,91.57126235961914,0.0157764978119034,0.075119499300347,0.0062391686388749,0.0227647367483157,0.0,0.0,0.0901484718454665,1.271427469774061e-05,0.0309806570685544
woG3,783,0.0310491379961127,,,,91.70639514923096,0.0158324417902431,0.0754045335972895,0.0062702264842867,0.022850957660951,0.0,0.0,0.0882152464301859,1.2296482022038614e-05,0.0310491379961127
woG3,784,0.0309252410088894,,,,91.58128571510316,0.0157564706703434,0.0752731659373299,0.0062662697317017,0.0227536704604987,0.0,0.0,0.0872031984331666,1.2393073625772344e-05,0.0309252410088894
woG3,785,0.0310756500169146,0.1084072757512331,22.47233632405599,0.8461540699005127,91.59217071533205,0.0156668001312579,0.0767354139539062,0.0062889905940344,0.0228050955739177,0.0,0.0,0.0879778115109342,1.2423788448857909e-05,0.0310756500169146
woG3,786,0.0307681480361545,,,,91.67003464698792,0.0156029478081914,0.0753447999719713,0.006253509221171,0.0225909925829313,0.0,0.0,0.0871700375172935,1.242073900030381e-05,0.0307681480361545
woG3,787,0.0310107382991519,,,,91.6863453388214,0.015815724321015,0.0753263645484799,0.0062572382672949,0.0228194158722753,0.0,0.0,0.0878759467760559,1.2467666958797457e-05,0.0310107382991519
woG3,788,0.0319745459548029,,,,91.6759192943573,0.0165610555635734,0.0760972597559944,0.0062985582445122,0.0235174004690813,0.0,0.0,0.0901229428280083,1.2243039369953264e-05,0.0319745459548029
woG3,789,0.0313213969596096,,,,91.78562569618224,0.0160803483402142,0.0755476756174056,0.0062824774659467,0.0230747481090489,0.0,0.0,0.0874335393156917,1.2229799529881836e-05,0.0313213969596096
woG3,790,0.0314674217742486,0.1003324659541249,23.408331807454427,0.8498746077219645,91.52353763580322,0.0161073682219034,0.075990332443206,0.0063075777295915,0.0231018740470047,0.0,0.0,0.0898925715171899,1.2317718977971273e-05,0.0314674217742486
woG3,791,0.0310837074076054,,,,91.74908018112184,0.015881403967677,0.075331053284348,0.0062636682977441,0.0228457942940905,0.0,0.0,0.0880837474079405,1.23273411007638e-05,0.0310837074076054
woG3,792,0.0320158340189544,,,,91.7579312324524,0.016562404210267,0.0763518419422087,0.0063316834876771,0.0235083569757273,0.0,0.0,0.0901637952469411,1.24598568310744e-05,0.0320158340189544
woG3,793,0.0318147901018134,,,,91.65060472488403,0.0163940041417591,0.076382854922873,0.006302632895283,0.0233640329087855,0.0,0.0,0.0889488643981882,1.2583320975002934e-05,0.0318147901018134
woG3,794,0.0325440799237274,,,,91.76517367362976,0.0169143923329281,0.0774034623239861,0.0063923852743397,0.0238901647418493,0.0,0.0,0.089410601733405,1.2320603402699482e-05,0.0325440799237274
woG3,795,0.0311375755633487,0.1078576138243079,22.58214721679688,0.8484017054239908,91.7512218952179,0.0158872158709363,0.0757562156583442,0.006296175072107,0.0229046453767624,0.0,0.0,0.0869810678614456,1.251564903480122e-05,0.0311375755633487
woG3,796,0.0306790224658172,,,,91.90635657310486,0.0155998201750707,0.0748268913050166,0.006229291536433,0.0225790837688035,0.0,0.0,0.0868625991107499,1.2508200716999986e-05,0.0306790224658172
woG3,797,0.0310362103379896,,,,91.66444063186646,0.0159187640872646,0.0749216367963884,0.0062421957397314,0.0228544722662353,0.0,0.0,0.0869304956562939,1.2252314659179796e-05,0.0310362103379896
woG3,798,0.0305307775919066,,,,91.64196872711182,0.0154745466549132,0.0746135281734779,0.0062143423854083,0.0224779935584205,0.0,0.0,0.0877560731328901,1.2338388690072556e-05,0.0305307775919066
woG3,799,0.0310595523962964,,,,91.5439248085022,0.0159378193822674,0.0748982654243219,0.0062225628777819,0.0228460925463281,0.0,0.0,0.087402605466911,1.2514948413206249e-05,0.0310595523962964
woG3,800,0.0310849902968181,0.1075108293443918,22.73103841145833,0.8459037621815999,91.63140988349916,0.01588393877581,0.0754559831541092,0.0062748930039128,0.0229175006360059,0.0,0.0,0.0867692043577305,1.249930313272936e-05,0.0310849902968181
woG3,801,0.0307807869384767,,,,91.60314965248108,0.0156295836261916,0.0753611546070849,0.0062782727449094,0.0226301248719702,0.0,0.0,0.0861291050391852,1.2434246573051754e-05,0.0307807869384767
woG3,802,0.0306547350082241,,,,91.67133831977844,0.0155513451480474,0.0750363478895093,0.006238086347575,0.0225562516325077,0.0,0.0,0.0865704435702474,1.2412927426673606e-05,0.0306547350082241
woG3,803,0.0306757844404363,,,,91.79314088821413,0.0156166454716051,0.0747759879612531,0.0062258621338052,0.022597560910966,0.0,0.0,0.0861759067467246,1.245834127606595e-05,0.0306757844404363
woG3,804,0.0305539333093606,,,,91.62446641921996,0.0154586212068307,0.0748892768484647,0.0062343664696348,0.0224664085391969,0.0,0.0,0.0876384026325139,1.2144690907869984e-05,0.0305539333093606
woG3,805,0.0307418251043704,0.1072426047176122,22.773448181152343,0.8468176364898682,91.6066541671753,0.0155848038046941,0.0752871940370465,0.0062535054691624,0.0226118545902923,0.0,0.0,0.0871096838143516,1.2448839730992336e-05,0.0307418251043704
woG3,806,0.0309217490225297,,,,91.6069495677948,0.0157752042010304,0.0752258799115165,0.0062422763506622,0.0227111219199465,0.0,0.0,0.0866766550013276,1.2580842383220524e-05,0.0309217490225297
woG3,807,0.0308648710459715,,,,91.56354784965517,0.0157368203823561,0.074930373273912,0.0062544948848911,0.0227622726672619,0.0,0.0,0.0877330471440905,1.2671800251671467e-05,0.0308648710459715
woG3,808,0.0311877984003942,,,,91.64823651313782,0.0160368244148424,0.074799611920216,0.0062312711083681,0.0229945362347071,0.0,0.0,0.0889891020220811,1.2323261141688864e-05,0.0311877984003942
woG3,809,0.0312746432533518,,,,91.52429223060608,0.0160656955520637,0.0752482042937982,0.0062422314925943,0.0230186309848652,0.0,0.0,0.08839951620483,1.2428347332210928e-05,0.0312746432533518
woG3,810,0.0313869591832893,0.1059334333986043,22.76646525065104,0.8492691040039062,91.62264227867126,0.0161089336453769,0.0755656669374372,0.0062816556978237,0.0230775412675909,0.0,0.0,0.089138224018646,1.245413469327438e-05,0.0313869591832893
woG3,811,0.030798450982595,,,,92.26299357414246,0.0156736849715597,0.0749465979513574,0.0062347592988249,0.0226308429980131,0.0,0.0,0.0880221519924578,1.274309316858481e-05,0.030798450982595
woG3,812,0.0309730162996737,,,,91.68250966072084,0.0158022974434568,0.0752364484990229,0.0062711557724558,0.0228144654805665,0.0,0.0,0.0873206232170589,1.2359523961498088e-05,0.0309730162996737
woG3,813,0.0308282608013661,,,,92.13036060333252,0.0157109794023706,0.0749297117600675,0.0062343090387122,0.0226835375499041,0.0,0.0,0.0875650311469054,1.2522562681646509e-05,0.0308282608013661
woG3,814,0.031040006363001,,,,92.09704828262328,0.0159097553963666,0.0748095668730188,0.0062393867315297,0.0228758482949533,0.0,0.0,0.0883328125308283,1.2234194155986509e-05,0.031040006363001
woG3,815,0.0312768962448004,0.1116034593433141,22.154464213053384,0.8457127730051677,91.84626865386964,0.0160398240063766,0.0753997188122546,0.0062756025362149,0.0230433224150758,0.0,0.0,0.0884872228823235,1.2387238595633092e-05,0.0312768962448004
woG3,816,0.0317220203883823,,,,91.71401190757751,0.0161604163481197,0.0775435874696637,0.0062914518658529,0.0232337237198333,0.0,0.0,0.0878335014290985,1.249818374017348e-05,0.0317220203883823
woG3,817,0.031769677095848,,,,92.14125347137453,0.016497402062609,0.0753428691723307,0.0062551719029663,0.0234014656104636,0.0,0.0,0.0892924277386704,1.201081236382776e-05,0.031769677095848
woG3,818,0.0338728453383826,,,,92.00953125953674,0.0181551744520175,0.0766248346352186,0.0063372675184404,0.0249753980515677,0.0,0.0,0.0954463411366841,1.2326804013659046e-05,0.0338728453383826
woG3,819,0.0340560665201456,,,,91.612464427948,0.0183010625607166,0.0772670961794306,0.0063688619192078,0.0250429385418041,0.0,0.0,0.0921468808636313,1.2341700549106388e-05,0.0340560665201456
woG3,820,0.038935331536121,0.1086424589157104,22.238761393229165,0.8444498538970947,91.6402063369751,0.0221313772814684,0.0811806047549013,0.0065728740625419,0.0284228174046414,0.0,0.0,0.1012137661703297,1.1902363357209274e-05,0.038935331536121
woG3,821,0.0414716724123134,,,,91.71672320365906,0.023685209926401,0.0856068842723721,0.0067959048186016,0.0301513574009791,0.0,0.0,0.1096702751810433,1.2003137790957108e-05,0.0414716724123134
woG3,822,0.0353352821386251,,,,91.67995619773863,0.0191923090959059,0.0788820596014867,0.0064662139496353,0.0259467080449227,0.0,0.0,0.0955747756801667,1.2132543529116832e-05,0.0353352821386251
woG3,823,0.0323865463743444,,,,91.66476678848268,0.0168859258171964,0.0765664040065202,0.0063564809989642,0.0238421946977738,0.0,0.0,0.0895169467558382,1.210318305872311e-05,0.0323865463743444
woG3,824,0.0308793092787754,,,,91.65500974655151,0.0157302875056496,0.0753275805809458,0.0062657586207277,0.0227233573534816,0.0,0.0,0.0859303303429337,1.2134074080766106e-05,0.0308793092787754
woG3,825,0.0304743944224519,0.1050836369395256,22.72626495361328,0.8491100470225016,92.101713180542,0.0153397140627513,0.0754793413349839,0.0062459947419215,0.0223456330246246,0.0,0.0,0.0856351751345591,1.250173602181691e-05,0.0304743944224519
woG3,826,0.0304826078173078,,,,91.63237929344176,0.0154133150277689,0.074684165051726,0.0062126179347883,0.0224026787690207,0.0,0.0,0.0881848606723742,1.255182822763924e-05,0.0304826078173078
woG3,827,0.0302938822595799,,,,91.6201524734497,0.0153135579140459,0.0743286546136512,0.0062001278131559,0.0223109035096207,0.0,0.0,0.0868010774987642,1.2577406866180956e-05,0.0302938822595799
woG3,828,0.029898618195267,,,,91.57517576217651,0.0149712376754547,0.0741752166239941,0.0061904599710718,0.021991871091247,0.0,0.0,0.0866049888742263,1.253950966279096e-05,0.029898618195267
woG3,829,0.0302664572220356,,,,91.57813811302184,0.0153789628281822,0.0739214987051291,0.0061817290185049,0.0223811588051622,0.0,0.0,0.0849783210480799,1.2348180624058427e-05,0.0302664572220356
woG3,830,0.0299503788443618,0.1033687386661768,22.98267923990885,0.8505096753438314,91.7283844947815,0.015106595632788,0.0738069380893081,0.0061682586016163,0.0220946090021094,0.0,0.0,0.0848317025076659,1.267284816841938e-05,0.0299503788443618
woG3,831,0.0299188178032636,,,,91.6280345916748,0.0150478554996432,0.0740181031774302,0.006200808955387,0.0220411051156335,0.0,0.0,0.0847396028579258,1.2555129348788215e-05,0.0299188178032636
woG3,832,0.0298592824122456,,,,91.6332664489746,0.0149742697793074,0.074165646658569,0.0062119757115352,0.022014123670085,0.0,0.0,0.0844156146660202,1.2442616342028904e-05,0.0298592824122456
woG3,833,0.0297948305540886,,,,91.69754147529602,0.0149768950555046,0.0737570162679328,0.0061653330616775,0.0219524238243332,0.0,0.0,0.0844897956388895,1.2628155917251744e-05,0.0297948305540886
woG3,834,0.0303310479846645,,,,91.56977558135986,0.0154361947607554,0.0740251125859432,0.0061933516246098,0.0224395030498748,0.0,0.0,0.0843065667011943,1.271921728663979e-05,0.0303310479846645
woG3,835,0.0299867020126004,0.1017700741067528,23.126066080729167,0.8530465443929036,91.33981966972352,0.0151117137694334,0.0739058984107658,0.0061717978430545,0.0220927376620715,0.0,0.0,0.0856484220836494,1.2592806507084956e-05,0.0299867020126004
woG3,836,0.0301573014375372,,,,91.54049229621889,0.0152674190104618,0.0739570347989191,0.0061878685373812,0.0222116238208579,0.0,0.0,0.0854939323101864,1.2482076506983844e-05,0.0301573014375372
woG3,837,0.0300865930001266,,,,91.64850544929504,0.0151434459372377,0.07439715354169,0.0062256970893225,0.0221595378882694,0.0,0.0,0.0849701253483529,1.2336486949326576e-05,0.0300865930001266
woG3,838,0.0299109018209283,,,,91.635648727417,0.0150942035080468,0.0737359557972579,0.0061617429200254,0.0220490107770826,0.0,0.0,0.084208537198481,1.2597249440427675e-05,0.0299109018209283
woG3,839,0.030352998860791,,,,91.6690638065338,0.0154165306098026,0.0740393903411802,0.0061772548456172,0.0223656372609929,0.0,0.0,0.0866160265124235,1.248092605318e-05,0.030352998860791
woG3,840,0.0305756718439401,0.1031677350401878,22.92366231282552,0.8504499435424805,91.6155288219452,0.0155732703899018,0.0741690519403238,0.0061873497105524,0.0225214982619051,0.0,0.0,0.0882916106369163,1.2356168613057285e-05,0.0305756718439401
woG3,841,0.0305098272768444,,,,91.47255063056946,0.0155290891034681,0.0744102123330851,0.0061988824669302,0.0224896216932989,0.0,0.0,0.0854983240610263,1.257491659243418e-05,0.0305098272768444
woG3,842,0.0303096692764856,,,,91.56336045265198,0.0153988229003963,0.0738837503996051,0.0061761432300611,0.0223471392404104,0.0,0.0,0.0865789757522403,1.2581592174604397e-05,0.0303096692764856
woG3,843,0.0302736981329126,,,,91.32813048362732,0.0153365225424287,0.0740059404099573,0.0061808643580154,0.0222781649485352,0.0,0.0,0.0872431065826142,1.2550804367668104e-05,0.0302736981329126
woG3,844,0.0304569962785625,,,,91.6228837966919,0.0155288009507367,0.0741263891829819,0.0061792309460856,0.0224438008974443,0.0,0.0,0.085232263980586,1.2575724108568288e-05,0.0304569962785625
woG3,845,0.0305566017470154,0.104594150558114,22.82738037109375,0.8494846820831299,91.46162939071657,0.0155895668020868,0.0739915419797428,0.00617690648708,0.0225368519237295,0.0,0.0,0.0878193541964302,1.2283986705778333e-05,0.0305566017470154
woG3,846,0.0306041356267743,,,,91.57148098945618,0.0154758175361718,0.0751268272517157,0.0062531508222894,0.0225596039433826,0.0,0.0,0.0870870205527934,1.2739495503191642e-05,0.0306041356267743
woG3,847,0.0300542042270058,,,,91.59914755821228,0.0151991355843597,0.0737314551580147,0.006177554994852,0.0221692368647724,0.0,0.0,0.0856404041901963,1.2507894027486322e-05,0.0300542042270058
woG3,848,0.0302514513557563,,,,91.68455100059508,0.0153610433573972,0.0736996526600884,0.0061660421073253,0.0223131062020166,0.0,0.0,0.0870991364182507,1.2628231762157803e-05,0.0302514513557563
woG3,849,0.0304763348101348,,,,91.6459939479828,0.0155484547502681,0.0740701311924418,0.0061850660388953,0.0224965204347352,0.0,0.0,0.0854131102287134,1.2291371378737245e-05,0.0304763348101348
woG3,850,0.0302851000403771,0.1040974361822009,22.86367848714193,0.8490844408671061,91.69017028808594,0.0153641724791072,0.0739588493206462,0.0061948418895881,0.022365852129325,0.0,0.0,0.0863982946840954,1.2365472882747369e-05,0.0302851000403771
woG3,851,0.0301309896663564,,,,91.43632221221924,0.0152603240500463,0.0737685634464514,0.0061918021252256,0.0222257821683268,0.0,0.0,0.085880140880825,1.2523960997960937e-05,0.0301309896663564
woG3,852,0.0303404258533579,,,,91.63703608512878,0.0153601004390931,0.0744459360349373,0.0062109925803255,0.0223178641000365,0.0,0.0,0.085866526013515,1.2585520760522589e-05,0.0303404258533579
woG3,853,0.0311457948056889,,,,91.75793027877808,0.0160179892402203,0.0747864940127388,0.0062275952774054,0.0229526366885812,0.0,0.0,0.0881059283665457,1.2197241358526735e-05,0.0311457948056889
woG3,854,0.0306062861422046,,,,91.64757919311523,0.0156063502043729,0.0741173146200961,0.0061766986780967,0.0225699630520138,0.0,0.0,0.0883890693152292,1.2492059623527076e-05,0.0306062861422046
woG3,855,0.0304702955343928,0.1001386186107993,23.28373819986979,0.8522668361663819,91.78929471969604,0.0154967172544632,0.0740096666773811,0.0061699702121989,0.0224509474699248,0.0,0.0,0.0883713459565502,1.2681414836340868e-05,0.0304702955343928
woG3,856,0.0304327737234655,,,,91.65403413772584,0.015524542928658,0.0737085786999249,0.0061587049057096,0.0224760338801463,0.0,0.0,0.0872894804619374,1.3624087546352558e-05,0.0304327737234655
woG3,857,0.0302585179566359,,,,91.69792914390564,0.0154094166488798,0.0735349415755662,0.0061682841251985,0.022361884405073,0.0,0.0,0.0860683928991927,1.271374057347189e-05,0.0302585179566359
woG3,858,0.0312134289625482,,,,91.65922713279724,0.0160742036265427,0.0748424935536306,0.0062194359526954,0.023003533574157,0.0,0.0,0.0880736297027009,1.238148241395325e-05,0.0312134289625482
woG3,859,0.0302948116737066,,,,91.90544414520264,0.0154206640484025,0.0737280352193801,0.0061739678551885,0.0223873170382786,0.0,0.0,0.0857566050482822,1.2600349624038643e-05,0.0302948116737066
woG3,860,0.0306684624586926,0.1036425959318876,22.905938212076823,0.8484092076619466,91.63817071914671,0.0157384774494977,0.0738951979113406,0.0061745383150753,0.0226610401248345,0.0,0.0,0.0861986119483338,1.2276310881315724e-05,0.0306684624586926
woG3,861,0.0306730780781048,,,,91.68101572990416,0.0157187800533825,0.0738744374181403,0.0061766907790309,0.0226641538797221,0.0,0.0,0.087551913392104,1.269051948756871e-05,0.0306730780781048
woG3,862,0.0305417274873031,,,,91.61386632919312,0.0155636715763782,0.0742649685163966,0.0061929522666194,0.0225109637363768,0.0,0.0,0.0863831205843169,1.2292425172094977e-05,0.0305417274873031
woG3,863,0.0303685285578497,,,,91.52859258651732,0.0155289104574772,0.0734219624370825,0.0061479330341499,0.0224299364204167,0.0,0.0,0.0862202747251655,1.2636011779473183e-05,0.0303685285578497
woG3,864,0.0306519408420216,,,,91.51170873641968,0.0157469770199329,0.0736633231405352,0.0061646043475656,0.0226727013445657,0.0,0.0,0.0866646293978222,1.262117214841978e-05,0.0306519408420216
woG3,865,0.0307190442213513,0.1091391518712043,22.177015686035155,0.8495007197062174,91.6735451221466,0.0157619784815145,0.0740706954823165,0.0061789269341522,0.0227098863144389,0.0,0.0,0.086030081219849,1.2224017841033864e-05,0.0307190442213513
woG3,866,0.0305423407250496,,,,91.66466546058656,0.0155500162423389,0.0743603203140321,0.0061978576952957,0.0225364169502844,0.0,0.0,0.0862671878249918,1.2617048068330964e-05,0.0305423407250496
woG3,867,0.0303719213201862,,,,91.6198902130127,0.0153620161390939,0.0745064308408831,0.0062064742497702,0.0224257577974043,0.0,0.0,0.086471596534257,1.241945732783165e-05,0.0303719213201862
woG3,868,0.0302434810666275,,,,91.72379302978516,0.0153875347669618,0.0735869324598156,0.0061615816714455,0.0223467708412618,0.0,0.0,0.0860979158858784,1.269673902445604e-05,0.0302434810666275
woG3,869,0.0307200314843508,,,,91.6390097141266,0.0157585111446678,0.0739366548960326,0.0061600876659093,0.0227126405177424,0.0,0.0,0.0872942247718084,1.2161256764247438e-05,0.0307200314843508
woG3,870,0.0303677550562825,0.1051753982901573,22.72076670328776,0.850691286722819,91.80078411102296,0.015479911767618,0.0735468219538204,0.0061508804296341,0.0224159622534376,0.0,0.0,0.0877438731735847,1.2154862233893676e-05,0.0303677550562825
woG3,871,0.0303252924416886,,,,91.63410568237305,0.0154949416574396,0.073274266524393,0.0061363499405503,0.0224018853203561,0.0,0.0,0.0870058593935653,1.2501696934160857e-05,0.0303252924416886
woG3,872,0.0307652614094683,,,,91.79307913780212,0.0157560440864352,0.0743138286911073,0.0062017872105123,0.0226769488854486,0.0,0.0,0.086888581422753,1.257707034499026e-05,0.0307652614094683
woG3,873,0.0301732398325302,,,,91.69453763961792,0.0153040727371441,0.0734706990054396,0.0061457370900258,0.0222522114540954,0.0,0.0,0.0880486449593159,1.2507595261126878e-05,0.0301732398325302
woG3,874,0.0304003411171133,,,,91.63795208930968,0.0154891708774156,0.0737412557250163,0.0061823280554906,0.0224967055770828,0.0,0.0,0.0870500423136304,1.2763335723252812e-05,0.0304003411171133
woG3,875,0.0302951609502073,0.1101951133459806,22.23551228841146,0.8459504604339599,91.8719925880432,0.0154810762414556,0.0732926667713728,0.0061422640545537,0.0223981385943708,0.0,0.0,0.0860548325676898,1.2338961372551182e-05,0.0302951609502073
woG3,876,0.0313023098393297,,,,91.65512561798096,0.0161930459902667,0.0746225670712893,0.0062256627849715,0.0230305665936015,0.0,0.0,0.0881011858277144,1.2604537199867772e-05,0.0313023098393297
woG3,877,0.030575294230805,,,,91.5390260219574,0.0156733180839018,0.0737892819232628,0.0061670019459284,0.0225546958276116,0.0,0.0,0.0860365661258091,1.2675432199991433e-05,0.030575294230805
woG3,878,0.0299073777573763,,,,91.74412298202516,0.0152039338651372,0.0729369086320283,0.0061182133170211,0.022099378854647,0.0,0.0,0.0844460753113275,1.2474719902707142e-05,0.0299073777573763
woG3,879,0.0300957865280206,,,,91.80755829811096,0.0153605593139397,0.0729873312301323,0.0061201038789462,0.0222599376603716,0.0,0.0,0.0850099035401324,1.290069333482728e-05,0.0300957865280206
woG3,880,0.0302536135814228,0.1053215768188238,22.956621805826824,0.8501123110453288,91.75657033920288,0.0153937499405297,0.0732912269772076,0.0061403296135946,0.0223431393168255,0.0,0.0,0.0885796725566758,1.18105866226913e-05,0.0302536135814228
woG3,881,0.0300120162304307,,,,91.71126866340636,0.0152740291640406,0.0729805817369554,0.0061270762044081,0.0222016168590329,0.0,0.0,0.0854144637763011,1.2690398549575938e-05,0.0300120162304307
woG3,882,0.0303723179872651,,,,91.50785946846008,0.0154897539845866,0.0734349205845692,0.0061413020861228,0.0224434278569504,0.0,0.0,0.0882331481600394,1.2333249186580369e-05,0.0303723179872651
woG3,883,0.029854648822888,,,,91.64262533187866,0.0151471268370381,0.0727269366139271,0.0061021313151405,0.0220683130634124,0.0,0.0,0.0863892110369977,1.2576635045627447e-05,0.029854648822888
woG3,884,0.0308894139149638,,,,91.74912118911745,0.0159564041074548,0.0735394314664309,0.0061494149687532,0.0228727894651963,0.0,0.0,0.0882339093101317,1.2293995353037894e-05,0.0308894139149638
woG3,885,0.034197041520574,0.1068574031814932,22.9225591023763,0.8453654925028483,91.68472814559937,0.0184697226208985,0.076513756494053,0.0063204889903303,0.0250846689383758,0.0,0.0,0.0963666679062804,1.2393310912611572e-05,0.034197041520574
woG3,886,0.0385727828032657,,,,91.68428230285645,0.0218900393801512,0.0803441893858987,0.0065087435354829,0.0282826619986139,0.0,0.0,0.1021470301097533,1.2371965126881057e-05,0.0385727828032657
woG3,887,0.033430720236702,,,,91.69381856918336,0.0178826892305715,0.0763775457124241,0.0062990688611982,0.0245952160693094,0.0,0.0,0.0904348967444212,1.3004984929606428e-05,0.033430720236702
woG3,888,0.0318596936823403,,,,91.73012733459473,0.0166319193715443,0.0749816972701275,0.0062477139557604,0.0235102033914356,0.0,0.0,0.0893596688163329,1.2422234582017782e-05,0.0318596936823403
woG3,889,0.031777563565945,,,,91.59980273246764,0.0166120118324141,0.074608601996156,0.0062401470724401,0.0234587246582644,0.0,0.0,0.0892715866326308,1.2405050121930682e-05,0.031777563565945
woG3,890,0.0320149320559423,0.1081165056675672,22.496082051595053,0.8460096041361491,91.51684474945068,0.0168323896550497,0.0746001962755547,0.0062112854717329,0.0236348208864448,0.0,0.0,0.0895519483773434,1.2347032328421345e-05,0.0320149320559423
woG3,891,0.0309265215316268,,,,91.6360409259796,0.01599837877009,0.0737147521777231,0.0061666969950387,0.0228933866792282,0.0,0.0,0.0865499590538808,1.2449422708029313e-05,0.0309265215316268
woG3,892,0.0299063073471188,,,,91.61356258392334,0.0151552554510045,0.0730523696688354,0.0061308896440066,0.0220722486570355,0.0,0.0,0.0860373508795851,1.2482039757773938e-05,0.0299063073471188
woG3,893,0.0296894072356526,,,,91.572740316391,0.0149981824024656,0.072935441478354,0.0061064855859721,0.0218947589794387,0.0,0.0,0.0846939176687451,1.2482529668299792e-05,0.0296894072356526
woG3,894,0.0299435569065027,,,,91.60664486885072,0.0152071666613709,0.073029306091246,0.0061215892373049,0.0221369718735823,0.0,0.0,0.0852416933010347,1.2284733491623242e-05,0.0299435569065027
woG3,895,0.0307680252847857,0.1029470693320036,22.907839965820312,0.852010440826416,91.81451225280762,0.0158131372748461,0.0739263227728546,0.0061976060110953,0.0227403551431708,0.0,0.0,0.0868351867758348,1.266322058318809e-05,0.0307680252847857
woG3,896,0.0299862348398224,,,,91.63161706924438,0.0152013924995773,0.0733214304095409,0.006154023990661,0.0221661403317187,0.0,0.0,0.0852754325529591,1.2645238566696104e-05,0.0299862348398224
woG3,897,0.0297230183009485,,,,91.6255476474762,0.0150435914316016,0.0727452049489881,0.0061036666691089,0.021958398235748,0.0,0.0,0.0852833347181316,1.2405042327029142e-05,0.0297230183009485
woG3,898,0.0299479570239782,,,,91.65043425559998,0.0152522873774659,0.0728034846118239,0.0061194707284544,0.0221722205322174,0.0,0.0,0.084763435448413,1.268093524555848e-05,0.0299479570239782
woG3,899,0.0298420744413723,,,,91.58221673965454,0.0151012023666598,0.0730881173102582,0.0061406099703162,0.0220861604406696,0.0,0.0,0.0851802068655608,1.2665552226089926e-05,0.0298420744413723
woG3,900,0.0294190274062948,0.1055317688733339,22.73999481201172,0.8507421334584554,91.66708445549013,0.0148466169360841,0.0723191260314378,0.0060781881720835,0.0217589955303634,0.0,0.0,0.0839893715303452,1.2487295899200867e-05,0.0294190274062948
woG3,901,0.0297724683082006,,,,91.5665843486786,0.015031560484442,0.0731481631271174,0.0061510762611984,0.0220159692308086,0.0,0.0,0.0849863428194991,1.2513305451503514e-05,0.0297724683082006
woG3,902,0.0294122423396491,,,,91.73165488243104,0.0148209147002609,0.0724801553077385,0.0060916973724503,0.0217286507278436,0.0,0.0,0.0838150558535192,1.2599540909393354e-05,0.0294122423396491
woG3,903,0.0293463952381347,,,,91.68860507011414,0.0147604936520095,0.072311803942821,0.0060830701421182,0.0216977660025118,0.0,0.0,0.0849515401804056,1.2532761853820447e-05,0.0293463952381347
woG3,904,0.0293378348874508,,,,91.61020278930664,0.0147479338739372,0.0725048804869417,0.0060835025906868,0.0216906965923968,0.0,0.0,0.0837306384394159,1.2502113435950367e-05,0.0293378348874508
woG3,905,0.0297094959857278,0.107300603762269,22.63647766113281,0.8485975901285807,91.63941979408264,0.0150852738803283,0.0724947354832633,0.0060954380009445,0.0219806215237276,0.0,0.0,0.0843328287458566,1.3323991123393253e-05,0.0297094959857278
woG3,906,0.0304205319462496,,,,91.55972385406494,0.01563444550027,0.0729027747130784,0.0061042023131807,0.0224946146281283,0.0,0.0,0.0872883677299393,1.234113252740704e-05,0.0304205319462496
woG3,907,0.0301710571635697,,,,91.6821961402893,0.0154239577622931,0.0728899279578787,0.0060978777187525,0.0222942544620667,0.0,0.0,0.0862525194944417,1.2545740094346995e-05,0.0301710571635697
woG3,908,0.0302190603383007,,,,91.80917978286745,0.0154796637915319,0.0727674125647935,0.0060984539917715,0.0223430048017838,0.0,0.0,0.0865897626356511,1.2630783390887592e-05,0.0302190603383007
woG3,909,0.0300884292476245,,,,91.75017070770264,0.0153729195446997,0.0727576525484929,0.0061140770558267,0.0222627659038197,0.0,0.0,0.0857506706913719,1.2271626401900056e-05,0.0300884292476245
woG3,910,0.0301333299273105,0.1071956176310777,22.63547770182292,0.8492284933725993,91.7851984500885,0.0153509895851621,0.0730144376637505,0.0061119448939399,0.0222393435685605,0.0,0.0,0.0872651640875417,1.2609212358993496e-05,0.0301333299273105
woG3,911,0.0297648966404013,,,,91.8295874595642,0.0151011691443988,0.0724726759019445,0.0060908341032193,0.0220138841980427,0.0,0.0,0.0863523238689684,1.2678970603327248e-05,0.0297648966404013
woG3,912,0.0298479115437777,,,,91.44600296020508,0.0151651373560555,0.0725842870649744,0.0061063829820877,0.022063616938034,0.0,0.0,0.0862299384946217,1.236567630877726e-05,0.0298479115437777
woG3,913,0.0298424883226512,,,,91.59838962554932,0.0151836922483854,0.0725648891730386,0.0060947741206246,0.0220550376479132,0.0,0.0,0.0852397451574196,1.258251116280203e-05,0.0298424883226512
woG3,914,0.0297690116662959,,,,91.87736439704896,0.015055072241936,0.0730256746049787,0.0061148128674564,0.0219914294229667,0.0,0.0,0.0847454449375633,1.2421725355656395e-05,0.0297690116662959
woG3,915,0.0295922828563412,0.1070201508700847,22.674241638183595,0.8484707355499268,92.2777853012085,0.0150068913983394,0.0723511669479432,0.0060788151086689,0.0219162721492227,0.0,0.0,0.0837674060622688,1.2538846631164658e-05,0.0295922828563412
woG3,916,0.0297951347759512,,,,91.55983209609984,0.0151502298893498,0.0724692901626962,0.0060883130130098,0.0220355875103077,0.0,0.0,0.0853562069537698,1.2426393290516535e-05,0.0297951347759512
woG3,917,0.0296063726981643,,,,91.50260758399963,0.0150226035582848,0.0723336285254994,0.0060759028801541,0.0219354420274373,0.0,0.0,0.0837483937073437,1.2606119963719904e-05,0.0296063726981643
woG3,918,0.0299722471839336,,,,91.69389581680298,0.0152711322928061,0.0726718247913923,0.0060917457267947,0.0221414496954225,0.0,0.0,0.0862155403392236,1.2663733157928907e-05,0.0299722471839336
woG3,919,0.0299677679956447,,,,91.78502464294434,0.0151927255964303,0.0732393509051838,0.0061267009959174,0.0221223421242149,0.0,0.0,0.0856446688842089,1.2329113729171608e-05,0.0299677679956447
woG3,920,0.0292339329378771,0.1066351160407066,22.76228230794271,0.8479941844940185,91.71872186660768,0.0147114413347644,0.0719166569045332,0.006051094694918,0.021618440380839,0.0,0.0,0.0851419824557226,1.2319162415479224e-05,0.0292339329378771
woG3,921,0.0295369575929934,,,,91.5605924129486,0.014943925656195,0.072308923865928,0.00609287165571,0.0218738584366978,0.0,0.0,0.0846007897472772,1.2498868556086589e-05,0.0295369575929934
woG3,922,0.0296731341447009,,,,91.7308464050293,0.0150818519416402,0.0723235079499541,0.0060812960737613,0.0220019344209891,0.0,0.0,0.0839204428809099,1.2710277291994032e-05,0.0296731341447009
woG3,923,0.0298183676710382,,,,91.6570770740509,0.0151433462399195,0.0726370107932169,0.0060953337672456,0.0220731926822393,0.0,0.0,0.0854360613605526,1.261494782063896e-05,0.0298183676710382
woG3,924,0.0301665676543947,,,,91.59008312225342,0.0153955152395685,0.0730843881114584,0.0061478325982623,0.0223193679722484,0.0,0.0,0.0857664113406275,1.2449645701778918e-05,0.0301665676543947
woG3,925,0.030454151271308,0.1043469635769724,22.98992513020833,0.8487614631652832,91.8447437286377,0.0156358325487521,0.0730462753381885,0.0061439567944034,0.0225287288366282,0.0,0.0,0.0875878573441114,1.2394265196843925e-05,0.030454151271308
woG3,926,0.0305768275999876,,,,92.18379974365234,0.0157369979977852,0.0731124066915668,0.0061506381617156,0.0226753892025864,0.0,0.0,0.0875638785970504,1.2788161646761011e-05,0.0305768275999876
woG3,927,0.0298540060576356,,,,92.05421018600464,0.0152060663877207,0.0725607456731014,0.0061074098205712,0.0221050616628566,0.0,0.0,0.0844964783211223,1.2257443276944444e-05,0.0298540060576356
woG3,928,0.0302218853908239,,,,91.8297290802002,0.0154867418507327,0.0726897584610298,0.0061252076965069,0.0224057857222,0.0,0.0,0.0866414313586276,1.27710128097057e-05,0.0302218853908239
woG3,929,0.0298658732446979,,,,91.7008490562439,0.0152211587601264,0.0722982912767128,0.0060869053666495,0.0221190716246845,0.0,0.0,0.0862988338607256,1.227478999775729e-05,0.0298658732446979
woG3,930,0.0301951143096704,0.1067214012145996,22.71078592936198,0.8476023991902669,91.60955810546876,0.0154730575006516,0.0726895752500315,0.0061053506071969,0.0223613267489632,0.0,0.0,0.0862160578492235,1.2530278339807154e-05,0.0301951143096704
woG3,931,0.0296059636948782,,,,91.84403800964355,0.0150514341219038,0.0721083903898958,0.0060682094820057,0.0219346048982172,0.0,0.0,0.0839982855393261,1.261490553409311e-05,0.0296059636948782
woG3,932,0.0293950850266169,,,,91.5685625076294,0.0148401694204352,0.0721595326408011,0.0060563242448432,0.0217238705620536,0.0,0.0,0.0845065500098662,1.2843349422150682e-05,0.0293950850266169
woG3,933,0.02981147156326,,,,91.6433925628662,0.0152261457634998,0.072115166754019,0.0060725283129598,0.0220960010850771,0.0,0.0,0.0848307671391817,1.2846416636228122e-05,0.02981147156326
woG3,934,0.0295704303874221,,,,91.54440259933472,0.0150456670671701,0.0718691637281511,0.0060561266040704,0.021919119545854,0.0,0.0,0.084395997928547,1.3264780431613305e-05,0.0295704303874221
woG3,935,0.0299687782210893,0.1054997313767671,22.908209737141927,0.8502845446268718,91.60902237892152,0.0152959260005564,0.0725465343623864,0.0061183636034762,0.0222627116122939,0.0,0.0,0.0851905526074229,1.2568768236838586e-05,0.0299687782210893
woG3,936,0.0302620571503629,,,,91.64089465141296,0.0154431761914222,0.0732484440334507,0.0061429818943295,0.0223333704071577,0.0,0.0,0.0868834578050453,1.263040365363856e-05,0.0302620571503629
woG3,937,0.0296656693957868,,,,91.61605787277222,0.0150654108233017,0.0721607696814615,0.0060650939808883,0.0219716541469097,0.0,0.0,0.0857515281341115,1.2510556497093582e-05,0.0296656693957868
woG3,938,0.0297372129852654,,,,91.65785455703735,0.0151278299401651,0.0720490612944618,0.006073500861826,0.0219797358664943,0.0,0.0,0.0869922931382402,1.2356456439007062e-05,0.0297372129852654
woG3,939,0.0294163967253731,,,,91.66015887260436,0.0149068415287088,0.0717932464646511,0.00604797712886,0.0217946059085795,0.0,0.0,0.084723874376934,1.232032773007086e-05,0.0294163967253731
woG3,940,0.0295692551575723,0.1084920093417167,22.507005818684892,0.8484677791595459,91.7525601387024,0.0150713533636365,0.0716697769086869,0.0060538356631353,0.0219267561466845,0.0,0.0,0.0845237602403417,1.2744477345509984e-05,0.0295692551575723
woG3,941,0.0303243190569222,,,,91.69871187210084,0.0156098883751718,0.0724329933768413,0.0060939978079137,0.0225178370267519,0.0,0.0,0.0871614852889639,1.2509002856077394e-05,0.0303243190569222
woG3,942,0.0300972094820415,,,,91.60404419898988,0.015407125129685,0.0725539795687941,0.0060927539216507,0.0222766173957679,0.0,0.0,0.0860046475026451,1.2703843097642788e-05,0.0300972094820415
woG3,943,0.02964567118248,,,,91.60850954055786,0.0150847379957921,0.071987829247459,0.006057643194179,0.0219759575595132,0.0,0.0,0.0850836295390226,1.2680233874648586e-05,0.02964567118248
woG3,944,0.0294949121651102,,,,91.78310012817384,0.0149613101355975,0.0719606720033239,0.0060550966681759,0.0218755158855289,0.0,0.0,0.0843290060941801,1.2477779060173195e-05,0.0294949121651102
woG3,945,0.0298474282484318,0.1070903409272432,22.82321523030599,0.8476565996805827,91.66737651824953,0.0152233300471037,0.0721010746525936,0.0060876767536564,0.0221166637359706,0.0,0.0,0.0867547979731051,1.2380575276287803e-05,0.0298474282484318
woG3,946,0.0295868757348813,,,,91.56790900230408,0.0149899879546805,0.0723275962423105,0.0060908481226775,0.021958762298903,0.0,0.0,0.0843188969082519,1.2674238905177375e-05,0.0295868757348813
woG3,947,0.0295041798476557,,,,91.67225885391235,0.0150081059269484,0.0717653138715712,0.0060478038971358,0.0218930911868199,0.0,0.0,0.0838655688051806,1.2768050044141054e-05,0.0295041798476557
woG3,948,0.0299287782829315,,,,91.57790851593018,0.0153092002557193,0.0720868374480575,0.006090527854585,0.0222171016006928,0.0,0.0,0.086226553503485,1.2626965860198842e-05,0.0299287782829315
woG3,949,0.0296191505354936,,,,91.6902153491974,0.0150754410910923,0.071775344063024,0.0060694710710314,0.0219195032507547,0.0,0.0,0.0860123789762375,1.2603692418851911e-05,0.0296191505354936
woG3,950,0.0298771953637726,0.1062597753480076,22.858538309733078,0.8488403161366781,91.5581603050232,0.0152546736091131,0.0720169661475009,0.0060593742403949,0.0220923420637235,0.0,0.0,0.0874748136848211,1.243774166912186e-05,0.0298771953637726
woG3,951,0.0300154942469518,,,,91.42849683761597,0.0153325645359935,0.0725061746894336,0.0061087824430957,0.0222539649665599,0.0,0.0,0.0860559180012491,1.284820377280255e-05,0.0300154942469518
woG3,952,0.0296459503044359,,,,91.6513741016388,0.0151060858787205,0.0719247860986678,0.0060598353061397,0.0219834285605027,0.0,0.0,0.0844677670202294,1.249337820252716e-05,0.0296459503044359
woG3,953,0.0294431144463234,,,,91.63966774940492,0.01494942775729,0.0716695516812996,0.0060439320533063,0.0218418168255173,0.0,0.0,0.0846792518115434,1.2661500290892834e-05,0.0294431144463234
woG3,954,0.029497011121912,,,,91.68286895751952,0.014969815042053,0.0719086122317392,0.0060754889778823,0.0218474735414273,0.0,0.0,0.0844602778737173,1.2643483975313174e-05,0.029497011121912
woG3,955,0.0293770700418314,0.1066873408854007,22.682166544596356,0.8491428375244141,91.59855937957764,0.0149031150628064,0.0716099802587853,0.0060282251721278,0.0217788571522372,0.0,0.0,0.0844306402580171,1.2494908995838032e-05,0.0293770700418314
woG3,956,0.0296824596608515,,,,91.7132441997528,0.015108160964656,0.0721733379559438,0.0060691875291102,0.0219701638323117,0.0,0.0,0.0843549026329009,1.271171020711984e-05,0.0296824596608515
woG3,957,0.029270435836105,,,,91.56780791282654,0.0148390641390178,0.071388976495774,0.0060208034587138,0.0217263898354206,0.0,0.0,0.0841874823768119,1.2389736338250564e-05,0.029270435836105
woG3,958,0.029722754843533,,,,91.68492364883424,0.0151591617079665,0.0719952705453653,0.0060570050550044,0.0220354143606468,0.0,0.0,0.084924249619734,1.3382206586963234e-05,0.029722754843533
woG3,959,0.0298759893010385,,,,91.58530044555664,0.0152651472017169,0.0721199722563634,0.0060727486852556,0.0221543536887916,0.0,0.0,0.0858365410908323,1.2923631703949464e-05,0.0298759893010385
woG3,960,0.0296230791594649,0.1083905901759862,22.633206176757813,0.8449983119964599,91.60333442687988,0.0150867530037878,0.0717512593894708,0.006045105676243,0.0219518168539297,0.0,0.0,0.0857552820969311,1.3034305502724322e-05,0.0296230791594649
woG3,961,0.0300937349465293,,,,91.65523290634157,0.015426923665905,0.0721768008880927,0.0060728216185005,0.0223326340821556,0.0,0.0,0.0874957195864837,1.2471072385335667e-05,0.0300937349465293
woG3,962,0.0325262390962633,,,,91.71087622642516,0.0174137097783386,0.0736540389842674,0.0061435497243751,0.0240943073447732,0.0,0.0,0.0914787334069365,1.2621631993750366e-05,0.0325262390962633
woG3,963,0.0319450317927804,,,,91.6860761642456,0.0169053386408286,0.0736909210681915,0.0061747175660442,0.0236571749031055,0.0,0.0,0.0892309486316364,1.2585525336786209e-05,0.0319450317927804
woG3,964,0.0349520690372732,,,,91.66291999816896,0.0192610355262018,0.0759260439481891,0.0062702956578892,0.025790252272406,0.0,0.0,0.0962633724461813,1.2404159164782916e-05,0.0349520690372732
woG3,965,0.0353481360543213,0.1053597489371895,22.96707204182943,0.8481929779052735,91.70438885688782,0.019328505258824,0.0779386133444113,0.0064299388017627,0.0260897758340493,0.0,0.0,0.0960017985313153,1.239648035650618e-05,0.0353481360543213
woG3,966,0.0309705371037125,,,,91.53883910179138,0.0160444787260694,0.0735637218248648,0.0061761903343722,0.022899044937164,0.0,0.0,0.0875321100847642,1.2442432698759368e-05,0.0309705371037125
woG3,967,0.0296870925020976,,,,91.72230577468872,0.0150831045705031,0.0723340902172151,0.0060756811013323,0.0219736484291612,0.0,0.0,0.0846035862494199,1.2660132513797242e-05,0.0296870925020976
woG3,968,0.0293909194192192,,,,91.59825348854064,0.0149161118525462,0.0715077665985607,0.006032134608564,0.0217363429484797,0.0,0.0,0.0854000590558423,1.2679804587555464e-05,0.0293909194192192
woG3,969,0.0318217078895598,,,,91.70216846466064,0.0168122460561819,0.0735225086329413,0.0061607761213128,0.0235801350371148,0.0,0.0,0.0893254475515396,1.2632542996978565e-05,0.0318217078895598
woG3,970,0.0304010959006235,0.1064102780073881,22.6336669921875,0.847746483484904,91.69499683380128,0.0156622010695396,0.0727075416533673,0.0060953062875043,0.0224684847091309,0.0,0.0,0.0865198918541923,1.2124780669553104e-05,0.0304010959006235
woG3,971,0.0292168434129142,,,,91.62080025672913,0.0147823526936232,0.071520666118528,0.006024554398552,0.0216304706409573,0.0,0.0,0.0837299213973713,1.265560814352744e-05,0.0292168434129142
woG3,972,0.0290607474133616,,,,91.6464581489563,0.014653268545011,0.07146732289283,0.0060124517490965,0.0215033174522953,0.0,0.0,0.0833180736383942,1.3065367374461172e-05,0.0290607474133616
woG3,973,0.028865772864369,,,,91.825097322464,0.0145491418184437,0.0709841246487664,0.0059992784336514,0.0214121076660078,0.0,0.0,0.0827975427640266,1.285065307936522e-05,0.028865772864369
woG3,974,0.0294763038515067,,,,91.67921876907349,0.0149624823195646,0.0718131695614486,0.0060716891894117,0.0218463524885964,0.0,0.0,0.0845214387279797,1.2449877337337784e-05,0.0294763038515067
woG3,975,0.0291783430415098,0.1055965200066566,22.79596303304037,0.8494442303975424,91.79090976715088,0.014808573401304,0.0711278505012637,0.0060061622987363,0.0216812256601501,0.0,0.0,0.0832829397538157,1.2689244062156796e-05,0.0291783430415098
woG3,976,0.028995557672909,,,,91.82996892929076,0.0146182603584449,0.0713028937089638,0.0060154432144596,0.0214777106235994,0.0,0.0,0.0831374331514854,1.2508974056314646e-05,0.028995557672909
woG3,977,0.0290432252661615,,,,91.62238955497742,0.0146666724295889,0.0710687915809819,0.0059971871621693,0.0215433216348412,0.0,0.0,0.0846390886323862,1.2705077455575571e-05,0.0290432252661615
woG3,978,0.0289026462457707,,,,91.81738090515135,0.0145565270308832,0.0711577754528796,0.0060130939150961,0.0214515190006646,0.0,0.0,0.0827774803352649,1.266013877296529e-05,0.0289026462457707
woG3,979,0.0287604272121288,,,,91.77407312393188,0.0144486711818541,0.0710112945955307,0.0060031170552199,0.02135490447466,0.0,0.0,0.0825692905479523,1.2733189346990417e-05,0.0287604272121288
woG3,980,0.0289885324319122,0.1071259099990129,22.65248819986979,0.8480549335479737,91.68329787254332,0.0146224597835394,0.071127102511828,0.0060202682688526,0.0215136441631151,0.0,0.0,0.0837388207494723,1.2568441669367944e-05,0.0289885324319122
woG3,981,0.0293040936965434,,,,91.74541568756104,0.0148947310221732,0.0713353674919878,0.0060183327667964,0.0217643517038983,0.0,0.0,0.0833432042940718,1.2827863346079714e-05,0.0293040936965434
woG3,982,0.0295403213011192,,,,91.57155632972716,0.0150411963371224,0.0715897566959506,0.0060385174545474,0.0219543145465679,0.0,0.0,0.0851131448308464,1.273764223068294e-05,0.0295403213011192
woG3,983,0.0294659632395525,,,,91.71249222755432,0.0150315526521718,0.0712468169751714,0.0060342162023069,0.0219071528217831,0.0,0.0,0.0846491209307655,1.2223431986995542e-05,0.0294659632395525
woG3,984,0.0288842752209452,,,,91.51587677001952,0.0145482006482779,0.0710197345155184,0.006000431275499,0.0214270465228645,0.0,0.0,0.083439777223546,1.3319972615409683e-05,0.0288842752209452
woG3,985,0.0290212376562298,0.1080497801303863,22.570895385742187,0.8481108665466308,91.65834498405457,0.0146642197610535,0.0709939169102027,0.0060016886144113,0.0215452085707153,0.0,0.0,0.084205163459553,1.2585528286751617e-05,0.0290212376562298
woG3,986,0.0290337801895669,,,,91.76926565170288,0.014562719280175,0.0718459921782134,0.0060320742176387,0.0214640466328404,0.0,0.0,0.0837654355363767,1.2581133741200212e-05,0.0290337801895669
woG3,987,0.0290814213088301,,,,91.53810048103333,0.0147323728936006,0.071038541246633,0.0059946037973964,0.0215746321196316,0.0,0.0,0.0833719904366575,1.2643523067245053e-05,0.0290814213088301
woG3,988,0.0298204148401979,,,,91.77362847328186,0.015236192787463,0.0721011977703845,0.0060829308979426,0.0221661411561682,0.0,0.0,0.0845739603897587,1.2530592302166623e-05,0.0298204148401979
woG3,989,0.0293928306458182,,,,91.68512153625488,0.014956965073027,0.0713617914035672,0.0060265946419543,0.0218023789405334,0.0,0.0,0.0842975031767712,1.26176546920083e-05,0.0293928306458182
woG3,990,0.0291756442213644,0.1047757947817444,23.103813680013022,0.8485033512115479,91.6472465991974,0.0147873086503661,0.0712091316942308,0.0060100747982314,0.0216518655709433,0.0,0.0,0.0837093924828728,1.2471011116272736e-05,0.0291756442213644
woG3,991,0.0294683596394101,,,,91.73098874092102,0.0150124920211488,0.0714327302135405,0.0060365962162308,0.0218502686236847,0.0,0.0,0.0845489355689678,1.2802705399351009e-05,0.0294683596394101
woG3,992,0.0292180607583923,,,,91.72496891021729,0.0148126742283462,0.0711014011844259,0.0060180421731602,0.0216597822937564,0.0,0.0,0.0853181919235675,1.2765619873784029e-05,0.0292180607583923
woG3,993,0.0293864435287284,,,,91.72284650802612,0.0149520267961455,0.071277377058248,0.0060290754620046,0.0217719941445794,0.0,0.0,0.0849734652085138,1.2711939897513591e-05,0.0293864435287284
woG3,994,0.0291136045039432,,,,91.46780824661256,0.0147355707347026,0.071242591396707,0.0060125201249678,0.0215969259362118,0.0,0.0,0.0831569366034914,1.259049921423091e-05,0.0291136045039432
woG3,995,0.0290317130809436,0.1070737205445766,22.75182342529297,0.8458416144053141,91.64996242523192,0.0146463391768028,0.071175109167568,0.0059969513543469,0.021489328315451,0.0,0.0,0.0844993173892869,1.269168854763243e-05,0.0290317130809436
woG3,996,0.0290428789668395,,,,91.73599290847778,0.0146604146899991,0.0710905145426265,0.0060077792064088,0.0215647893377625,0.0,0.0,0.0846593942737481,1.2679012691508436e-05,0.0290428789668395
woG3,997,0.0292269978214238,,,,91.64923191070557,0.0147992177011414,0.0712329618266371,0.0060202734693732,0.0216683730727336,0.0,0.0,0.0854112975848991,1.2604915726739049e-05,0.0292269978214238
woG3,998,0.0291237483167501,,,,91.59090995788574,0.0147417454033723,0.0711355556230076,0.0060012825253251,0.0216166403327809,0.0,0.0,0.0841074261325793,1.2533883088426974e-05,0.0291237483167501
woG3,999,0.0294296921795753,,,,91.51322770118712,0.0149685681919704,0.0713254398986941,0.0060207592380675,0.0218294887177524,0.0,0.0,0.0857392337600715,1.2597123505757342e-05,0.0294296921795753
woG3,1000,0.0291937111922707,0.1071901842951774,22.64520111083984,0.8481891632080079,91.82661724090576,0.0148226652660819,0.0710304609087646,0.0060038551207265,0.021681655038026,0.0,0.0,0.0840812807017173,1.2571421047456277e-05,0.0291937111922707
